passenger_id,boarding_platform,left_behind_times
123575,214_2_0,0
126089,214_2_0,0
125917,214_2_0,0
21513,108_4_0,0
24119,108_4_0,0
24655,108_4_0,0
24479,108_4_0,0
106623,208_3_1,0
84882,202_2_1,0
83503,202_2_1,0
41162,113_2_1,0
233183,925_4_0,0
223426,922_4_1,0
224525,922_4_1,0
221705,922_4_1,0
222826,922_4_1,0
161559,316_3_0,0
162138,316_3_0,0
174438,321_3_1,0
167952,321_3_1,0
173472,321_3_1,0
169981,321_3_1,0
52926,116_3_1,0
159844,310_3_1,0
156883,310_3_1,0
158220,310_3_1,0
160447,310_3_1,0
101888,208_2_0,0
106803,208_3_0,0
218456,921_4_1,0
218654,921_4_1,0
148623,305_3_0,0
153588,305_3_0,0
25210,108_4_1,0
26508,108_4_1,0
23165,108_4_1,0
21318,108_4_1,0
94948,206_2_0,0
95310,206_2_0,0
94047,206_2_0,0
99967,206_2_0,0
99394,206_2_0,0
98306,206_2_0,0
100580,206_2_0,0
151062,305_4_0,0
154313,305_4_0,0
40824,113_1_1,0
46021,113_1_1,0
43633,113_1_1,0
41741,113_1_1,0
41161,113_1_1,0
104170,208_2_1,0
106990,208_2_1,0
42128,113_1_0,0
40629,113_1_0,0
57106,119_1_0,0
55446,119_1_0,0
55078,119_1_0,0
58075,119_1_0,0
58620,119_1_0,0
55973,119_1_0,0
60212,119_1_0,0
57107,119_1_0,0
54372,119_1_0,0
141162,303_3_1,0
145822,303_3_1,0
147702,303_3_1,0
141504,303_3_1,0
144489,303_3_1,0
145050,303_3_1,0
141666,303_3_1,0
34192,111_1_1,0
37053,111_1_1,0
38941,111_1_1,0
34954,111_1_1,0
35316,111_1_1,0
35145,111_1_1,0
36671,111_1_1,0
40055,111_1_1,0
37231,111_1_1,0
114665,213_2_0,0
114869,213_2_0,0
120058,213_2_0,0
119870,213_2_0,0
119685,213_2_0,0
119331,213_2_0,0
115969,213_2_0,0
196975,913_4_0,0
198460,913_4_0,0
199946,913_4_0,0
199757,913_4_0,0
201258,913_4_0,0
199014,913_4_0,0
195313,913_4_0,0
198241,913_4_0,0
197346,913_4_0,0
230051,925_4_1,0
229256,925_4_1,0
233005,925_4_1,0
233905,925_4_1,0
231324,925_4_1,0
230227,925_4_1,0
232627,925_4_1,0
22777,108_4_1,0
29117,110_1_0,0
29852,110_1_0,0
31426,110_1_0,0
27764,110_1_0,0
29688,110_1_0,0
28533,110_1_0,0
30990,110_1_0,0
27590,110_1_0,0
240095,926_4_0,0
235950,926_4_0,0
239365,926_4_0,0
238775,926_4_0,0
235185,926_4_0,0
240679,926_4_0,0
235951,926_4_0,0
240680,926_4_0,0
239163,926_4_0,0
240681,926_4_0,0
237752,926_4_0,0
239162,926_4_0,0
95865,206_2_1,0
96246,206_2_1,0
95673,206_2_1,0
61900,122_1_0,0
62454,122_1_0,0
62083,122_1_0,0
61901,122_1_0,0
65214,122_1_0,0
64275,122_1_0,0
66395,122_1_0,0
63920,122_1_0,0
66781,122_1_0,0
62452,122_1_0,0
65213,122_1_0,0
66212,122_1_0,0
61521,122_1_0,0
66780,122_1_0,0
65824,122_1_0,0
204541,918_4_1,0
204542,918_4_1,0
206366,918_4_1,0
202717,918_4_1,0
206740,918_4_1,0
205823,918_4_1,0
205824,918_4_1,0
204023,918_4_1,0
203489,918_4_1,0
205431,918_4_1,0
202165,918_4_1,0
203490,918_4_1,0
207472,918_4_1,0
204022,918_4_1,0
204359,918_4_1,0
10813,103_1_1,0
7724,103_1_1,0
11012,103_1_1,0
8346,103_1_1,0
7539,103_1_1,0
8347,103_1_1,0
7916,103_1_1,0
8539,103_1_1,0
7174,103_1_1,0
10812,103_1_1,0
7726,103_1_1,0
212624,919_4_0,0
208380,919_4_0,0
213620,919_4_0,0
210626,919_4_0,0
213225,919_4_0,0
208045,919_4_0,0
213019,919_4_0,0
213827,919_4_0,0
210990,919_4_0,0
212063,919_4_0,0
209139,919_4_0,0
214219,919_4_0,0
209489,919_4_0,0
208381,919_4_0,0
46959,113_2_0,0
43792,113_2_0,0
44947,113_2_0,0
18172,105_1_0,0
17983,105_1_0,0
15530,105_1_0,0
14998,105_1_0,0
19279,105_1_0,0
19644,105_1_0,0
13849,105_1_0,0
17453,105_1_0,0
18171,105_1_0,0
19088,105_1_0,0
14434,105_1_0,0
15748,105_1_0,0
60379,119_1_1,0
59228,119_1_1,0
57690,119_1_1,0
57692,119_1_1,0
15351,105_1_1,0
1295,101_1_1,0
4793,101_1_1,0
1827,101_1_1,0
6254,101_1_1,0
3502,101_1_1,0
4266,101_1_1,0
1294,101_1_1,0
4794,101_1_1,0
2776,101_1_1,0
4986,101_1_1,0
4792,101_1_1,0
5714,101_1_1,0
4985,101_1_1,0
3711,101_1_1,0
6423,101_1_1,0
4626,101_1_1,0
569,101_1_1,0
2956,101_1_1,0
568,101_1_1,0
131573,216_2_0,0
129153,216_2_0,0
131757,216_2_0,0
132485,216_2_0,0
132109,216_2_0,0
132860,216_2_0,0
128214,216_2_0,0
132656,216_2_0,0
130629,216_2_0,0
134020,216_2_0,0
131923,216_2_0,0
128393,216_2_0,0
10258,103_1_0,0
10428,103_1_0,0
9642,103_1_0,0
11829,103_1_0,0
90893,204_2_0,0
92341,204_2_0,0
93864,204_2_0,0
91794,204_2_0,0
90895,204_2_0,0
91085,204_2_0,0
89246,204_2_0,0
89424,204_2_0,0
90357,204_2_0,0
91960,204_2_0,0
93298,204_2_0,0
125745,214_2_1,0
123042,214_2_1,0
124123,214_2_1,0
122669,214_2_1,0
122847,214_2_1,0
125744,214_2_1,0
126294,214_2_1,0
122478,214_2_1,0
125576,214_2_1,0
126480,214_2_1,0
122848,214_2_1,0
121927,214_2_1,0
126680,214_2_1,0
123382,214_2_1,0
126873,214_2_1,0
121010,214_2_1,0
124845,214_2_1,0
127488,214_2_1,0
121747,214_2_1,0
124124,214_2_1,0
23357,108_1_0,0
22591,108_1_0,0
22048,108_1_0,0
26120,108_1_0,0
24658,108_1_0,0
26507,108_1_0,0
174437,321_3_0,0
174074,321_3_0,0
170904,321_3_0,0
172908,321_3_0,0
174436,321_3_0,0
170744,321_3_0,0
171088,321_3_0,0
170541,321_3_0,0
171810,321_3_0,0
171990,321_3_0,0
169777,321_3_0,0
173096,321_3_0,0
156884,310_3_0,0
157408,310_3_0,0
158608,310_3_0,0
160815,310_3_0,0
156325,310_3_0,0
154892,310_3_0,0
155970,310_3_0,0
160448,310_3_0,0
160987,310_3_0,0
39687,111_1_0,0
38003,111_1_0,0
34193,111_1_0,0
34407,111_1_0,0
35146,111_1_0,0
34408,111_1_0,0
38006,111_1_0,0
33625,111_1_0,0
195493,913_4_1,0
198847,913_4_1,0
194752,913_4_1,0
134207,216_2_1,0
87767,204_2_1,0
90358,204_2_1,0
33229,110_1_1,0
29115,110_1_1,0
28126,110_1_1,0
32151,110_1_1,0
28536,110_1_1,0
27944,110_1_1,0
163064,316_3_1,0
164670,316_3_1,0
164850,316_3_1,0
166830,316_3_1,0
161932,316_3_1,0
165940,316_3_1,0
163283,316_3_1,0
140973,219_2_0,0
136457,219_2_0,0
136068,219_2_0,0
140429,219_2_0,0
140430,219_2_0,0
136456,219_2_0,0
139723,219_2_0,0
139911,219_2_0,0
137254,219_2_0,0
140431,219_2_0,0
138975,219_2_0,0
135532,219_2_0,0
135701,219_2_0,0
139552,219_2_0,0
139909,219_2_0,0
137040,219_2_0,0
138977,219_2_0,0
137039,219_2_0,0
138049,219_2_0,0
139551,219_2_0,0
138048,219_2_0,0
140428,219_2_0,0
63730,122_1_1,0
62837,122_1_1,0
65605,122_1_1,0
71149,125_1_0,0
67325,125_1_0,0
67907,125_1_0,0
67707,125_1_0,0
73336,125_1_0,0
70162,125_1_0,0
67326,125_1_0,0
69782,125_1_0,0
68488,125_1_0,0
67906,125_1_0,0
72062,125_1_0,0
111997,210_2_1,0
109217,210_2_1,0
108325,210_2_1,0
113505,210_2_1,0
110344,210_2_1,0
113122,210_2_1,0
111035,210_2_1,0
112388,210_2_1,0
111449,210_2_1,0
108324,210_2_1,0
111996,210_2_1,0
113894,210_2_1,0
108128,210_2_1,0
113893,210_2_1,0
108869,210_2_1,0
149399,305_4_1,0
151604,305_4_1,0
150507,305_4_1,0
147871,305_4_1,0
149177,305_4_1,0
153757,305_4_1,0
152700,305_4_1,0
149938,305_4_1,0
151603,305_4_1,0
149176,305_4_1,0
14049,105_3_1,0
16871,105_3_1,0
13648,105_3_1,0
18544,105_3_1,0
74443,128_1_0,0
76894,128_1_0,0
76893,128_1_0,0
80643,128_1_0,0
74809,128_1_0,0
80268,128_1_0,0
75922,128_1_0,0
78023,128_1_0,0
79331,128_1_0,0
80442,128_1_0,0
74096,128_1_0,0
79502,128_1_0,0
74279,128_1_0,0
77080,128_1_0,0
75923,128_1_0,0
79330,128_1_0,0
80443,128_1_0,0
77631,128_1_0,0
75397,128_1_0,0
78392,128_1_0,0
76892,128_1_0,0
67327,125_1_1,0
122479,214_2_0,0
126479,214_2_0,0
122668,214_2_0,0
125743,214_2_0,0
127264,214_2_0,0
127487,214_2_0,0
126872,214_2_0,0
147701,303_3_0,0
141353,303_3_0,0
146756,303_3_0,0
144667,303_3_0,0
145049,303_3_0,0
145217,303_3_0,0
145823,303_3_0,0
144665,303_3_0,0
144110,303_3_0,0
147511,303_3_0,0
146759,303_3_0,0
142840,303_3_0,0
146757,303_3_0,0
144666,303_3_0,0
120841,213_2_1,0
120059,213_2_1,0
114468,213_2_1,0
119332,213_2_1,0
116329,213_2_1,0
115434,213_2_1,0
116874,213_2_1,0
115617,213_2_1,0
115618,213_2_1,0
119159,213_2_1,0
117824,213_2_1,0
201446,918_4_0,0
205620,918_4_0,0
202718,918_4_0,0
205822,918_4_0,0
202006,918_4_0,0
207671,918_4_0,0
151789,305_3_1,0
153057,305_3_1,0
149939,305_3_1,0
150296,305_3_1,0
94047,208_3_1,0
99967,208_3_1,0
99394,208_3_1,0
100580,208_3_1,0
103806,208_3_1,0
103622,208_3_1,0
106802,208_3_1,0
103624,208_3_1,0
106434,208_3_1,0
103623,208_3_1,0
103807,208_3_1,0
104371,208_3_1,0
103985,208_3_1,0
102254,208_3_1,0
100935,208_3_1,0
103415,208_3_1,0
105485,208_3_1,0
175428,325_3_0,0
179766,325_3_0,0
178991,325_3_0,0
176015,325_3_0,0
178286,325_3_0,0
179963,325_3_0,0
177884,325_3_0,0
178463,325_3_0,0
177159,325_3_0,0
176617,325_3_0,0
179185,325_3_0,0
176210,325_3_0,0
179184,325_3_0,0
177520,325_3_0,0
177158,325_3_0,0
176786,325_3_0,0
178099,325_3_0,0
176211,325_3_0,0
177326,325_3_0,0
177518,325_3_0,0
175429,325_3_0,0
13850,105_3_0,0
19089,105_3_0,0
19277,105_3_0,0
83309,202_2_1,0
85823,202_2_1,0
86735,202_2_1,0
84304,202_2_1,0
85633,202_2_1,0
84306,202_2_1,0
83131,202_2_1,0
86382,202_2_1,0
80988,202_2_1,0
82926,202_2_1,0
80825,202_2_1,0
42129,113_2_1,0
40823,113_2_1,0
40630,113_2_1,0
46556,113_2_1,0
46387,113_2_1,0
42910,113_2_1,0
41548,113_2_1,0
41932,113_2_1,0
42544,113_2_1,0
43111,113_2_1,0
45121,113_2_1,0
161162,316_3_0,0
163066,316_3_0,0
167008,316_3_0,0
162478,316_3_0,0
167540,316_3_0,0
167950,321_3_1,0
170160,321_3_1,0
173292,321_3_1,0
170542,321_3_1,0
171087,321_3_1,0
173471,321_3_1,0
169778,321_3_1,0
171595,321_3_1,0
174435,321_3_1,0
170354,321_3_1,0
169410,321_3_1,0
155969,310_3_1,0
158009,310_3_1,0
156326,310_3_1,0
158421,310_3_1,0
160635,310_3_1,0
160986,310_3_1,0
158223,310_3_1,0
220214,921_4_0,0
215824,921_4_0,0
216198,921_4_0,0
214915,921_4_0,0
215091,921_4_0,0
216199,921_4_0,0
217319,921_4_0,0
220015,921_4_0,0
220213,921_4_0,0
218655,921_4_0,0
217869,921_4_0,0
218069,921_4_0,0
218874,921_4_0,0
216751,921_4_0,0
219244,921_4_0,0
215659,921_4_0,0
220777,921_4_0,0
235375,926_4_1,0
236679,926_4_1,0
236508,926_4_1,0
239731,926_4_1,0
237001,926_4_1,0
239366,926_4_1,0
247343,928_4_0,0
244211,928_4_0,0
245687,928_4_0,0
245309,928_4_0,0
243865,928_4_0,0
244753,928_4_0,0
243461,928_4_0,0
244575,928_4_0,0
241851,928_4_0,0
245866,928_4_0,0
247524,928_4_0,0
248114,928_4_0,0
243462,928_4_0,0
244576,928_4_0,0
247342,928_4_0,0
245686,928_4_0,0
242553,928_4_0,0
242552,928_4_0,0
242358,928_4_0,0
243666,928_4_0,0
243463,928_4_0,0
242915,928_4_0,0
208577,919_4_1,0
211519,919_4_1,0
212430,919_4_1,0
214389,919_4_1,0
208213,919_4_1,0
212625,919_4_1,0
212431,919_4_1,0
213018,919_4_1,0
210421,919_4_1,0
47901,116_3_0,0
48906,116_3_0,0
52550,116_3_0,0
47161,116_3_0,0
50904,116_3_0,0
50906,116_3_0,0
52548,116_3_0,0
49071,116_3_0,0
52547,116_3_0,0
53285,116_3_0,0
49250,116_3_0,0
51113,116_3_0,0
189563,909_4_1,0
193624,909_4_1,0
194013,909_4_1,0
189560,909_4_1,0
189751,909_4_1,0
189561,909_4_1,0
192895,909_4_1,0
194549,909_4_1,0
194177,909_4_1,0
192118,909_4_1,0
190652,909_4_1,0
190829,909_4_1,0
189926,909_4_1,0
194011,909_4_1,0
194180,909_4_1,0
192896,909_4_1,0
192298,909_4_1,0
194179,909_4_1,0
191389,909_4_1,0
191214,909_4_1,0
95310,208_3_0,0
98306,208_3_0,0
106991,208_3_0,0
52549,116_1_0,0
47526,116_1_0,0
47525,116_1_0,0
37631,111_1_1,0
34953,111_1_1,0
37629,111_1_1,0
35509,111_1_1,0
37230,111_1_1,0
34955,111_1_1,0
38004,111_1_1,0
36134,111_1_1,0
34590,111_1_1,0
35318,111_1_1,0
35714,111_1_1,0
46960,113_1_0,0
226331,922_4_1,0
221706,922_4_1,0
225791,922_4_1,0
226859,922_4_1,0
221533,922_4_1,0
224346,922_4_1,0
222484,922_4_1,0
225436,922_4_1,0
222095,922_4_1,0
223427,922_4_1,0
222824,922_4_1,0
224524,922_4_1,0
221898,922_4_1,0
225437,922_4_1,0
227433,922_4_1,0
226175,922_4_1,0
223796,922_4_1,0
225792,922_4_1,0
234441,925_4_0,0
233720,925_4_0,0
232803,925_4_0,0
230576,925_4_0,0
228364,925_4_0,0
232253,925_4_0,0
230575,925_4_0,0
230947,925_4_0,0
231869,925_4_0,0
234620,925_4_0,0
234619,925_4_0,0
233721,925_4_0,0
229070,925_4_0,0
232049,925_4_0,0
26675,108_4_0,0
25390,108_4_0,0
20939,108_4_0,0
26674,108_4_0,0
24657,108_4_0,0
21695,108_4_0,0
22243,108_4_0,0
26305,108_4_0,0
26676,108_4_0,0
21134,108_4_0,0
26304,108_4_0,0
25208,108_4_0,0
22426,108_4_0,0
22049,108_4_0,0
22777,305_3_0,0
150506,305_3_0,0
148259,305_3_0,0
152881,305_3_0,0
151061,305_3_0,0
58269,119_1_0,0
53856,119_1_0,0
58270,119_1_0,0
58619,119_1_0,0
55264,119_1_0,0
55620,119_1_0,0
57691,119_1_0,0
59011,119_1_0,0
58074,119_1_0,0
55445,119_1_0,0
60380,119_1_0,0
56170,119_1_0,0
57290,119_1_0,0
56938,119_1_0,0
59227,119_1_0,0
26505,108_1_1,0
100148,206_2_0,0
99580,206_2_0,0
100149,206_2_0,0
98305,206_2_0,0
99225,206_2_0,0
96757,206_2_0,0
95672,206_2_0,0
99224,206_2_0,0
99968,206_2_0,0
97941,206_2_0,0
98111,206_2_0,0
99223,206_2_0,0
103206,208_2_1,0
27038,110_1_0,0
30236,110_1_0,0
30793,110_1_0,0
27037,110_1_0,0
30023,110_1_0,0
28740,110_1_0,0
30413,110_1_0,0
27765,110_1_0,0
29851,110_1_0,0
27232,110_1_0,0
27943,110_1_0,0
27419,110_1_0,0
28534,110_1_0,0
28535,110_1_0,0
224877,922_4_0,0
226486,922_4_0,0
227051,922_4_0,0
222668,922_4_0,0
220597,921_4_1,0
218873,921_4_1,0
220962,921_4_1,0
216565,921_4_1,0
217870,921_4_1,0
220419,921_4_1,0
143948,303_3_1,0
141351,303_3_1,0
146758,303_3_1,0
147307,303_3_1,0
142452,303_3_1,0
146025,303_3_1,0
142653,303_3_1,0
145418,303_3_1,0
146395,303_3_1,0
142453,303_3_1,0
146217,303_3_1,0
144857,303_3_1,0
146026,303_3_1,0
145417,303_3_1,0
147510,303_3_1,0
146755,303_3_1,0
145218,303_3_1,0
65215,122_1_0,0
66044,122_1_0,0
61522,122_1_0,0
66960,122_1_0,0
61312,122_1_0,0
63547,122_1_0,0
60947,122_1_0,0
64870,122_1_0,0
61902,122_1_0,0
62084,122_1_0,0
61711,122_1_0,0
66782,122_1_0,0
63729,122_1_0,0
62640,122_1_0,0
62639,122_1_0,0
64480,122_1_0,0
56741,119_1_1,0
18915,105_1_0,0
17604,105_1_0,0
12561,103_1_1,0
7352,103_1_1,0
12929,103_1_1,0
10260,103_1_1,0
13099,103_1_1,0
7538,103_1_1,0
12218,103_1_1,0
11211,103_1_1,0
11011,103_1_1,0
7725,103_1_1,0
11415,103_1_1,0
11212,103_1_1,0
9641,103_1_1,0
10050,103_1_1,0
10259,103_1_1,0
114868,213_2_0,0
115970,213_2_0,0
115435,213_2_0,0
115807,213_2_0,0
115249,213_2_0,0
114270,213_2_0,0
119869,213_2_0,0
115250,213_2_0,0
115050,213_2_0,0
120439,213_2_0,0
115051,213_2_0,0
114664,213_2_0,0
115433,213_2_0,0
94949,206_2_1,0
94244,206_2_1,0
25209,108_4_1,0
20937,108_4_1,0
183978,329_3_0,0
181971,329_3_0,0
182902,329_3_0,0
183618,329_3_0,0
181973,329_3_0,0
181605,329_3_0,0
183103,329_3_0,0
187142,329_3_0,0
183280,329_3_0,0
186222,329_3_0,0
184525,329_3_0,0
181402,329_3_0,0
184338,329_3_0,0
183802,329_3_0,0
183617,329_3_0,0
183801,329_3_0,0
185299,329_3_0,0
183456,329_3_0,0
184729,329_3_0,0
187673,329_3_0,0
181792,329_3_0,0
186959,329_3_0,0
185653,329_3_0,0
181403,329_3_0,0
13851,105_1_1,0
176421,325_3_1,0
177328,325_3_1,0
177327,325_3_1,0
175237,325_3_1,0
180526,325_3_1,0
179378,325_3_1,0
180525,325_3_1,0
179962,325_3_1,0
159844,305_4_0,0
160447,305_4_0,0
148066,305_4_0,0
153960,305_4_0,0
150682,305_4_0,0
150508,305_4_0,0
150130,305_4_0,0
149940,305_4_0,0
150505,305_4_0,0
152127,305_4_0,0
153959,305_4_0,0
3709,101_1_1,0
1828,101_1_1,0
2777,101_1_1,0
907,101_1_1,0
4627,101_1_1,0
3710,101_1_1,0
395,101_1_1,0
4265,101_1_1,0
6089,101_1_1,0
4087,101_1_1,0
3900,101_1_1,0
209,101_1_1,0
3899,101_1_1,0
2957,101_1_1,0
10612,103_1_0,0
35317,111_1_0,0
39508,111_1_0,0
38005,111_1_0,0
37630,111_1_0,0
6422,101_1_0,0
1646,101_1_0,0
3902,101_1_0,0
29852,113_2_0,0
43447,113_2_0,0
43287,113_2_0,0
46765,113_2_0,0
41547,113_2_0,0
46020,113_2_0,0
40427,113_2_0,0
46961,113_2_0,0
31617,110_1_1,0
29116,110_1_1,0
28929,110_1_1,0
30412,110_1_1,0
30411,110_1_1,0
29299,110_1_1,0
29117,113_2_1,0
29688,113_2_1,0
229071,925_4_1,0
229635,925_4_1,0
233007,925_4_1,0
229637,925_4_1,0
231509,925_4_1,0
234621,925_4_1,0
230745,925_4_1,0
229636,925_4_1,0
233006,925_4_1,0
198240,913_4_0,0
197347,913_4_0,0
199012,913_4_0,0
199013,913_4_0,0
197874,913_4_0,0
199945,913_4_0,0
199758,913_4_0,0
199015,913_4_0,0
199200,913_4_0,0
196048,913_4_0,0
197873,913_4_0,0
198242,913_4_0,0
196976,913_4_0,0
198459,913_4_0,0
195677,913_4_0,0
198846,913_4_0,0
60745,122_1_1,0
67135,122_1_1,0
60948,122_1_1,0
66601,122_1_1,0
62451,122_1_1,0
66213,122_1_1,0
123760,214_2_1,0
122306,214_2_1,0
125577,214_2_1,0
126090,214_2_1,0
124488,214_2_1,0
121212,214_2_1,0
123041,214_2_1,0
125016,214_2_1,0
125198,214_2_1,0
125400,214_2_1,0
122846,214_2_1,0
121211,214_2_1,0
124651,214_2_1,0
123576,214_2_1,0
126088,214_2_1,0
26506,108_4_1,0
73721,125_1_0,0
70963,125_1_0,0
71718,125_1_0,0
68490,125_1_0,0
71312,125_1_0,0
67706,125_1_0,0
68489,125_1_0,0
67705,125_1_0,0
68121,125_1_0,0
68858,125_1_0,0
71147,125_1_0,0
71717,125_1_0,0
73521,125_1_0,0
237398,926_4_0,0
237753,926_4_0,0
235376,926_4_0,0
236680,926_4_0,0
234818,926_4_0,0
235377,926_4_0,0
236130,926_4_0,0
239730,926_4_0,0
237961,926_4_0,0
239543,926_4_0,0
237593,926_4_0,0
238774,926_4_0,0
93092,204_2_0,0
93296,204_2_0,0
89612,204_2_0,0
93494,204_2_0,0
92163,204_2_0,0
90894,204_2_0,0
90164,204_2_0,0
91455,204_2_0,0
91962,204_2_0,0
89245,204_2_0,0
91083,204_2_0,0
89082,204_2_0,0
91795,204_2_0,0
88346,204_2_0,0
91084,204_2_0,0
89244,204_2_0,0
93297,204_2_0,0
91255,204_2_0,0
91082,204_2_0,0
127829,216_2_0,0
129321,216_2_0,0
134021,216_2_0,0
132108,216_2_0,0
131021,216_2_0,0
131574,216_2_0,0
132484,216_2_0,0
131758,216_2_0,0
131572,216_2_0,0
133225,216_2_0,0
134022,216_2_0,0
130252,216_2_0,0
132483,216_2_0,0
133048,216_2_0,0
128392,216_2_0,0
131020,216_2_0,0
127830,216_2_0,0
128027,216_2_0,0
132657,216_2_0,0
19279,108_4_0,0
19644,108_4_0,0
19088,108_4_0,0
128955,216_2_1,0
91456,204_2_1,0
157260,310_3_0,0
157407,310_3_0,0
157067,310_3_0,0
154891,310_3_0,0
159666,310_3_0,0
155058,310_3_0,0
158607,310_3_0,0
154697,310_3_0,0
156518,310_3_0,0
158222,310_3_0,0
159667,310_3_0,0
155971,310_3_0,0
154696,310_3_0,0
159316,310_3_0,0
173095,321_3_0,0
173869,321_3_0,0
168504,321_3_0,0
169775,321_3_0,0
170161,321_3_0,0
172720,321_3_0,0
169776,321_3_0,0
170543,321_3_0,0
172357,321_3_0,0
170353,321_3_0,0
172907,321_3_0,0
164305,316_3_1,0
167185,316_3_1,0
163067,316_3_1,0
165753,316_3_1,0
163921,316_3_1,0
167007,316_3_1,0
162313,316_3_1,0
165399,316_3_1,0
164115,316_3_1,0
162838,316_3_1,0
161933,316_3_1,0
165571,316_3_1,0
137875,219_2_0,0
137662,219_2_0,0
135899,219_2_0,0
134984,219_2_0,0
135702,219_2_0,0
138614,219_2_0,0
136274,219_2_0,0
135342,219_2_0,0
138050,219_2_0,0
138976,219_2_0,0
138978,219_2_0,0
140086,219_2_0,0
135900,219_2_0,0
139910,219_2_0,0
140972,219_2_0,0
139355,219_2_0,0
140975,219_2_0,0
134983,219_2_0,0
137041,219_2_0,0
140974,219_2_0,0
138787,219_2_0,0
72640,125_1_1,0
76124,128_1_0,0
78582,128_1_0,0
80644,128_1_0,0
77440,128_1_0,0
75203,128_1_0,0
76123,128_1_0,0
79503,128_1_0,0
75921,128_1_0,0
80267,128_1_0,0
78775,128_1_0,0
74808,128_1_0,0
79131,128_1_0,0
76505,128_1_0,0
202164,918_4_1,0
202166,918_4_1,0
203830,918_4_1,0
204895,918_4_1,0
202912,918_4_1,0
204358,918_4_1,0
206190,918_4_1,0
202167,918_4_1,0
201630,918_4_1,0
208044,919_4_0,0
210422,919_4_0,0
208046,919_4_0,0
210423,919_4_0,0
208382,919_4_0,0
210989,919_4_0,0
213619,919_4_0,0
212062,919_4_0,0
14635,105_3_1,0
15172,105_3_1,0
16715,105_3_1,0
18739,105_3_1,0
18543,105_3_1,0
18914,105_3_1,0
17805,105_3_1,0
109613,210_2_1,0
109790,210_2_1,0
110680,210_2_1,0
110851,210_2_1,0
113711,210_2_1,0
112192,210_2_1,0
109216,210_2_1,0
112389,210_2_1,0
108695,210_2_1,0
111234,210_2_1,0
110345,210_2_1,0
111828,210_2_1,0
108129,210_2_1,0
110346,210_2_1,0
110343,210_2_1,0
113712,210_2_1,0
111995,210_2_1,0
109969,210_2_1,0
108326,210_2_1,0
111448,210_2_1,0
112930,210_2_1,0
111233,210_2_1,0
109425,210_2_1,0
197154,913_4_1,0
197152,913_4_1,0
195676,913_4_1,0
197691,913_4_1,0
197153,913_4_1,0
109614,210_2_0,0
113312,210_2_0,0
125015,214_2_0,0
123040,214_2_0,0
123947,214_2_0,0
141352,303_3_0,0
142451,303_3_0,0
144490,303_3_0,0
145621,303_3_0,0
147509,303_3_0,0
143377,303_3_0,0
147703,303_3_0,0
145825,303_3_0,0
146940,303_3_0,0
116328,213_2_1,0
120842,213_2_1,0
120060,213_2_1,0
118394,213_2_1,0
115049,213_2_1,0
120644,213_2_1,0
118965,213_2_1,0
119686,213_2_1,0
114867,213_2_1,0
119873,213_2_1,0
120231,213_2_1,0
10428,105_3_0,0
18170,105_3_0,0
19278,105_3_0,0
19276,105_3_0,0
19092,105_3_0,0
14636,105_3_0,0
16146,105_3_0,0
18176,105_3_0,0
19091,105_3_0,0
19093,105_3_0,0
92341,208_3_1,0
93864,208_3_1,0
91085,208_3_1,0
93298,208_3_1,0
100148,208_3_1,0
99580,208_3_1,0
100149,208_3_1,0
99225,208_3_1,0
99224,208_3_1,0
99968,208_3_1,0
97941,208_3_1,0
99223,208_3_1,0
103625,208_3_1,0
106801,208_3_1,0
100749,208_3_1,0
105486,208_3_1,0
104913,208_3_1,0
105089,208_3_1,0
103414,208_3_1,0
103207,208_3_1,0
104735,208_3_1,0
100748,208_3_1,0
105680,208_3_1,0
107187,208_3_1,0
104372,208_3_1,0
104171,208_3_1,0
151788,305_4_1,0
152128,305_4_1,0
152518,305_4_1,0
152336,305_4_1,0
150864,305_4_1,0
149570,305_4_1,0
150295,305_4_1,0
148808,305_4_1,0
152130,305_4_1,0
153058,305_4_1,0
149401,305_4_1,0
150131,305_4_1,0
48100,116_1_0,0
50517,116_1_0,0
52545,116_1_0,0
49070,116_1_0,0
49776,116_1_0,0
49966,116_1_0,0
49777,116_1_0,0
52546,116_1_0,0
50905,116_1_0,0
47900,116_1_0,0
50700,116_1_0,0
50516,116_1_0,0
47723,116_1_0,0
52378,116_1_0,0
48101,116_1_0,0
50907,116_1_0,0
51997,116_1_0,0
50147,116_1_0,0
48102,116_1_0,0
48280,116_1_0,0
51662,116_1_0,0
48907,116_1_0,0
49622,116_1_0,0
50702,116_1_0,0
166294,316_3_0,0
164851,316_3_0,0
164306,316_3_0,0
163065,316_3_0,0
166296,316_3_0,0
44009,113_2_1,0
46198,113_2_1,0
45302,113_2_1,0
44576,113_2_1,0
46555,113_2_1,0
43288,113_2_1,0
87250,202_2_1,0
83504,202_2_1,0
86580,202_2_1,0
80987,202_2_1,0
86736,202_2_1,0
85824,202_2_1,0
81518,202_2_1,0
81162,202_2_1,0
81517,202_2_1,0
82261,202_2_1,0
83310,202_2_1,0
82069,202_2_1,0
86383,202_2_1,0
84305,202_2_1,0
82586,202_2_1,0
23357,113_2_0,0
30236,113_2_0,0
30023,113_2_0,0
30413,113_2_0,0
29851,113_2_0,0
173473,321_3_1,0
172719,321_3_1,0
171089,321_3_1,0
167951,321_3_1,0
174235,321_3_1,0
174236,321_3_1,0
172909,321_3_1,0
169411,321_3_1,0
168880,321_3_1,0
177519,325_3_0,0
179562,325_3_0,0
176785,325_3_0,0
177521,325_3_0,0
180700,325_3_0,0
178810,325_3_0,0
30990,116_3_1,0
51115,116_3_1,0
53660,116_3_1,0
39324,111_1_1,0
34406,111_1_1,0
35716,111_1_1,0
34782,111_1_1,0
35917,111_1_1,0
35715,111_1_1,0
36289,111_1_1,0
39325,111_1_1,0
34956,111_1_1,0
38748,111_1_1,0
34012,111_1_1,0
40234,111_1_1,0
37054,111_1_1,0
38749,111_1_1,0
38008,111_1_1,0
54550,119_1_0,0
54899,119_1_0,0
54731,119_1_0,0
55077,119_1_0,0
58448,119_1_0,0
55447,119_1_0,0
57888,119_1_0,0
154698,310_3_1,0
160243,310_3_1,0
158221,310_3_1,0
159129,310_3_1,0
156885,310_3_1,0
154700,310_3_1,0
155059,310_3_1,0
159317,310_3_1,0
31426,116_3_0,0
38003,116_3_0,0
38006,116_3_0,0
100937,208_2_0,0
204718,918_4_0,0
202007,918_4_0,0
202549,918_4_0,0
202914,918_4_0,0
204024,918_4_0,0
207672,918_4_0,0
202913,918_4_0,0
201447,918_4_0,0
205825,918_4_0,0
202008,918_4_0,0
206191,918_4_0,0
30991,110_1_0,0
33230,110_1_0,0
27040,110_1_0,0
30416,110_1_0,0
28741,110_1_0,0
31968,110_1_0,0
33419,110_1_0,0
28743,110_1_0,0
91794,208_3_0,0
89246,208_3_0,0
89424,208_3_0,0
91960,208_3_0,0
98305,208_3_0,0
95672,208_3_0,0
98111,208_3_0,0
26303,108_1_1,0
24656,108_1_1,0
21512,108_1_1,0
20938,108_1_1,0
23558,108_1_1,0
24312,108_1_1,0
23168,108_1_1,0
26510,108_1_1,0
26307,108_1_1,0
196975,305_3_0,0
199757,305_3_0,0
199014,305_3_0,0
197346,305_3_0,0
149402,305_3_0,0
152519,305_3_0,0
148067,305_3_0,0
151963,305_3_0,0
99969,206_2_0,0
95122,206_2_0,0
98861,206_2_0,0
100150,206_2_0,0
99393,206_2_0,0
96962,206_2_0,0
97350,206_2_0,0
95502,206_2_0,0
96963,206_2_0,0
94048,206_2_0,0
97552,206_2_0,0
99395,206_2_0,0
61899,122_1_0,0
66961,122_1_0,0
66394,122_1_0,0
62453,122_1_0,0
63548,122_1_0,0
61525,122_1_0,0
61139,122_1_0,0
67136,122_1_0,0
65825,122_1_0,0
60746,122_1_0,0
63360,122_1_0,0
63550,122_1_0,0
63921,122_1_0,0
60950,122_1_0,0
63362,122_1_0,0
66045,122_1_0,0
62641,122_1_0,0
64871,122_1_0,0
66214,122_1_0,0
221172,921_4_0,0
219433,921_4_0,0
216750,921_4_0,0
218254,921_4_0,0
215477,921_4_0,0
215476,921_4_0,0
214916,921_4_0,0
215475,921_4_0,0
218656,921_4_0,0
215480,921_4_0,0
216567,921_4_0,0
218255,921_4_0,0
216034,921_4_0,0
11010,103_1_1,0
11210,103_1_1,0
10261,103_1_1,0
12562,103_1_1,0
8715,103_1_1,0
6624,103_1_1,0
11213,103_1_1,0
12401,103_1_1,0
7917,103_1_1,0
10614,103_1_1,0
239544,926_4_1,0
239911,926_4_1,0
239545,926_4_1,0
240477,926_4_1,0
239367,926_4_1,0
238183,926_4_1,0
235767,926_4_1,0
240098,926_4_1,0
238386,926_4_1,0
237962,926_4_1,0
235768,926_4_1,0
237201,926_4_1,0
237399,926_4_1,0
245685,928_4_0,0
245131,928_4_0,0
245684,928_4_0,0
242735,928_4_0,0
247904,928_4_0,0
242359,928_4_0,0
245310,928_4_0,0
246613,928_4_0,0
241852,928_4_0,0
246236,928_4_0,0
247344,928_4_0,0
242916,928_4_0,0
242918,928_4_0,0
243464,928_4_0,0
244047,928_4_0,0
14836,105_1_0,0
17984,105_1_0,0
18741,105_1_0,0
18916,105_1_0,0
14435,105_1_0,0
15945,105_1_0,0
59643,119_1_1,0
56172,119_1_1,0
208379,919_4_1,0
213419,919_4_1,0
209853,919_4_1,0
208579,919_4_1,0
211880,919_4_1,0
209854,919_4_1,0
212432,919_4_1,0
210425,919_4_1,0
211714,919_4_1,0
211175,919_4_1,0
208383,919_4_1,0
211881,919_4_1,0
193830,909_4_1,0
189184,909_4_1,0
190830,909_4_1,0
189562,909_4_1,0
192695,909_4_1,0
193257,909_4_1,0
189927,909_4_1,0
194012,909_4_1,0
190446,909_4_1,0
194178,909_4_1,0
189750,909_4_1,0
192485,909_4_1,0
191782,909_4_1,0
194361,909_4_1,0
190831,909_4_1,0
192696,909_4_1,0
189185,909_4_1,0
193625,909_4_1,0
191580,909_4_1,0
150506,208_2_1,0
104914,208_2_1,0
101496,208_2_1,0
101497,208_2_1,0
141163,303_3_1,0
144309,303_3_1,0
144491,303_3_1,0
145219,303_3_1,0
141667,303_3_1,0
143564,303_3_1,0
15750,105_1_1,0
17807,105_1_1,0
5536,101_1_1,0
3901,101_1_1,0
567,101_1_1,0
3133,101_1_1,0
6421,101_1_1,0
2385,101_1_1,0
2778,101_1_1,0
1481,101_1_1,0
3315,101_1_1,0
4091,101_1_1,0
2779,101_1_1,0
1479,101_1_1,0
570,101_1_1,0
2780,101_1_1,0
3314,101_1_1,0
26509,108_1_0,0
24311,108_1_0,0
23166,108_1_0,0
21136,108_1_0,0
21873,108_1_0,0
21320,108_1_0,0
20368,108_1_0,0
120230,213_2_0,0
118795,213_2_0,0
116494,213_2_0,0
119872,213_2_0,0
115253,213_2_0,0
119333,213_2_0,0
226684,922_4_1,0
225236,922_4_1,0
226332,922_4_1,0
224523,922_4_1,0
222278,922_4_1,0
227232,922_4_1,0
222094,922_4_1,0
225992,922_4_1,0
227997,922_4_1,0
221897,922_4_1,0
225048,922_4_1,0
226485,922_4_1,0
222825,922_4_1,0
222827,922_4_1,0
225239,922_4_1,0
225237,922_4_1,0
225612,922_4_1,0
226487,922_4_1,0
234622,925_4_0,0
230228,925_4_0,0
231680,925_4_0,0
233182,925_4_0,0
233366,925_4_0,0
233004,925_4_0,0
229257,925_4_0,0
228699,925_4_0,0
233907,925_4_0,0
228529,925_4_0,0
230746,925_4_0,0
230052,925_4_0,0
228365,925_4_0,0
229848,925_4_0,0
228886,925_4_0,0
40233,111_1_0,0
34194,111_1_0,0
39688,111_1_0,0
36860,111_1_0,0
18915,108_4_0,0
24480,108_4_0,0
30237,110_1_1,0
27946,110_1_1,0
27591,110_1_1,0
27234,110_1_1,0
27233,110_1_1,0
97352,206_2_1,0
95866,206_2_1,0
184151,329_3_0,0
181972,329_3_0,0
182535,329_3_0,0
185654,329_3_0,0
186389,329_3_0,0
186223,329_3_0,0
186958,329_3_0,0
187834,329_3_0,0
183979,329_3_0,0
187311,329_3_0,0
185300,329_3_0,0
187312,329_3_0,0
187835,329_3_0,0
186575,329_3_0,0
182730,329_3_0,0
181974,329_3_0,0
186961,329_3_0,0
186224,329_3_0,0
184526,329_3_0,0
64100,122_1_1,0
71148,125_1_0,0
68320,125_1_0,0
73522,125_1_0,0
69781,125_1_0,0
70964,125_1_0,0
73922,125_1_0,0
71516,125_1_0,0
71314,125_1_0,0
71517,125_1_0,0
73165,125_1_0,0
68322,125_1_0,0
73164,125_1_0,0
67518,125_1_0,0
174652,325_3_1,0
179767,325_3_1,0
175019,325_3_1,0
176787,325_3_1,0
176212,325_3_1,0
176980,325_3_1,0
176619,325_3_1,0
177692,325_3_1,0
175650,325_3_1,0
178287,325_3_1,0
179187,325_3_1,0
177161,325_3_1,0
174653,325_3_1,0
177886,325_3_1,0
41551,113_2_1,0
41163,113_2_1,0
42332,113_2_1,0
44383,113_2_1,0
42130,113_2_1,0
40825,113_2_1,0
45837,113_2_1,0
220420,921_4_1,0
215827,921_4_1,0
215294,921_4_1,0
215478,921_4_1,0
70559,125_1_1,0
67909,125_1_1,0
71889,125_1_1,0
75396,128_1_0,0
74613,128_1_0,0
76696,128_1_0,0
75007,128_1_0,0
75006,128_1_0,0
79688,128_1_0,0
76506,128_1_0,0
79874,128_1_0,0
76695,128_1_0,0
79689,128_1_0,0
74611,128_1_0,0
227609,922_4_0,0
225793,922_4_0,0
227233,922_4_0,0
93674,204_2_0,0
87603,204_2_0,0
91961,204_2_0,0
87768,204_2_0,0
87427,204_2_0,0
92901,204_2_0,0
88717,204_2_0,0
91457,204_2_0,0
88718,204_2_0,0
89798,204_2_0,0
90534,204_2_0,0
90896,204_2_0,0
89084,204_2_0,0
90166,204_2_0,0
90165,204_2_0,0
88912,204_2_0,0
91256,204_2_0,0
88348,204_2_0,0
125019,214_2_1,0
121011,214_2_1,0
125578,214_2_1,0
124305,214_2_1,0
122307,214_2_1,0
121013,214_2_1,0
125020,214_2_1,0
126091,214_2_1,0
124126,214_2_1,0
124125,214_2_1,0
126874,214_2_1,0
123043,214_2_1,0
127266,214_2_1,0
123578,214_2_1,0
121012,214_2_1,0
121748,214_2_1,0
123577,214_2_1,0
129152,216_2_0,0
129906,216_2_0,0
131022,216_2_0,0
129905,216_2_0,0
130831,216_2_0,0
128030,216_2_0,0
128958,216_2_0,0
128028,216_2_0,0
131759,216_2_0,0
128029,216_2_0,0
128957,216_2_0,0
131575,216_2_0,0
128395,216_2_0,0
128579,216_2_0,0
132861,216_2_0,0
89425,204_2_1,0
173676,321_3_0,0
169599,321_3_0,0
173098,321_3_0,0
168505,321_3_0,0
172910,321_3_0,0
171090,321_3_0,0
167954,321_3_0,0
173870,321_3_0,0
139356,219_2_0,0
136861,219_2_0,0
135901,219_2_0,0
136273,219_2_0,0
135700,219_2_0,0
137663,219_2_0,0
140254,219_2_0,0
134594,219_2_0,0
136276,219_2_0,0
137043,219_2_0,0
139357,219_2_0,0
137465,219_2_0,0
137042,219_2_0,0
138225,219_2_0,0
139169,219_2_0,0
134592,219_2_0,0
140782,219_2_0,0
134593,219_2_0,0
138979,219_2_0,0
138051,219_2_0,0
137045,219_2_0,0
139358,219_2_0,0
167543,316_3_1,0
162479,316_3_1,0
167761,316_3_1,0
167541,316_3_1,0
165236,316_3_1,0
164490,316_3_1,0
166661,316_3_1,0
162839,316_3_1,0
164489,316_3_1,0
167365,316_3_1,0
164491,316_3_1,0
165754,316_3_1,0
163708,316_3_1,0
164307,316_3_1,0
165061,316_3_1,0
160817,310_3_0,0
155421,310_3_0,0
155781,310_3_0,0
157068,310_3_0,0
160042,310_3_0,0
154500,310_3_0,0
158010,310_3_0,0
160636,310_3_0,0
155420,310_3_0,0
160816,310_3_0,0
160635,305_4_0,0
160986,305_4_0,0
148810,305_4_0,0
153961,305_4_0,0
148624,305_4_0,0
150865,305_4_0,0
152337,305_4_0,0
150297,305_4_0,0
11829,108_4_1,0
25761,108_4_1,0
22975,108_4_1,0
22427,108_4_1,0
20554,108_4_1,0
23167,108_4_1,0
20366,108_4_1,0
22593,108_4_1,0
232428,925_4_1,0
230748,925_4_1,0
231325,925_4_1,0
232050,925_4_1,0
233722,925_4_1,0
231681,925_4_1,0
231510,925_4_1,0
233906,925_4_1,0
18374,105_3_1,0
17061,105_3_1,0
15174,105_3_1,0
15173,105_3_1,0
18545,105_3_1,0
16348,105_3_1,0
14436,105_3_1,0
19090,105_3_1,0
13466,105_3_1,0
18173,105_3_1,0
13649,105_3_1,0
238963,926_4_0,0
236131,926_4_0,0
240891,926_4_0,0
239164,926_4_0,0
197348,913_4_0,0
196799,913_4_0,0
197157,913_4_0,0
197876,913_4_0,0
199201,913_4_0,0
198245,913_4_0,0
197156,913_4_0,0
200871,913_4_0,0
197877,913_4_0,0
195134,913_4_0,0
198028,913_4_0,0
199554,913_4_0,0
200870,913_4_0,0
198640,913_4_0,0
198849,913_4_0,0
197518,913_4_0,0
200329,913_4_0,0
197155,913_4_0,0
200689,913_4_0,0
114094,210_2_1,0
109426,210_2_1,0
113313,210_2_1,0
109971,210_2_1,0
113315,210_2_1,0
112749,210_2_1,0
109970,210_2_1,0
113316,210_2_1,0
109615,210_2_1,0
112748,210_2_1,0
108130,210_2_1,0
108871,210_2_1,0
112390,210_2_1,0
112574,210_2_1,0
113314,210_2_1,0
110681,210_2_1,0
110682,210_2_1,0
110519,210_2_1,0
111998,210_2_1,0
108696,210_2_1,0
94948,113_1_1,0
42911,113_1_1,0
46962,113_1_1,0
44010,113_1_1,0
41549,113_1_1,0
46965,113_1_1,0
41550,113_1_1,0
45303,113_1_1,0
45468,113_1_1,0
44384,113_1_1,0
52729,116_1_0,0
48704,116_1_0,0
52730,116_1_0,0
47724,116_1_0,0
50701,116_1_0,0
52927,116_1_0,0
52928,116_1_0,0
52552,116_1_0,0
50518,116_1_0,0
48103,116_1_0,0
53661,116_1_0,0
50519,116_1_0,0
51499,116_1_0,0
51661,116_1_0,0
51825,116_1_0,0
50319,116_1_0,0
47340,116_1_0,0
110347,210_2_0,0
107745,210_2_0,0
114093,210_2_0,0
127063,214_2_0,0
121384,214_2_0,0
126295,214_2_0,0
127267,214_2_0,0
122849,214_2_0,0
125017,214_2_0,0
122670,214_2_0,0
121928,214_2_0,0
213828,919_4_0,0
210627,919_4_0,0
210797,919_4_0,0
214007,919_4_0,0
210057,919_4_0,0
213226,919_4_0,0
214008,919_4_0,0
213621,919_4_0,0
210629,919_4_0,0
210246,919_4_0,0
214563,919_4_0,0
213227,919_4_0,0
109614,113_1_0,0
43289,113_1_0,0
205070,918_4_1,0
206367,918_4_1,0
203280,918_4_1,0
205621,918_4_1,0
204188,918_4_1,0
206946,918_4_1,0
202719,918_4_1,0
207860,918_4_1,0
206193,918_4_1,0
147145,303_3_0,0
141668,303_3_0,0
144668,303_3_0,0
146577,303_3_0,0
141505,303_3_0,0
145824,303_3_0,0
145421,303_3_0,0
142454,303_3_0,0
56366,119_1_0,0
54900,119_1_0,0
55448,119_1_0,0
59644,119_1_0,0
54552,119_1_0,0
59847,119_1_0,0
60029,119_1_0,0
57889,119_1_0,0
120232,213_2_1,0
116137,213_2_1,0
115971,213_2_1,0
116330,213_2_1,0
118232,213_2_1,0
117451,213_2_1,0
118587,213_2_1,0
114271,213_2_1,0
114469,213_2_1,0
39877,111_1_1,0
38750,111_1_1,0
35718,111_1_1,0
35319,111_1_1,0
37818,111_1_1,0
38368,111_1_1,0
37055,111_1_1,0
36672,111_1_1,0
34958,111_1_1,0
36862,111_1_1,0
38564,111_1_1,0
34957,111_1_1,0
36475,111_1_1,0
51824,116_1_1,0
93092,208_3_1,0
93296,208_3_1,0
93494,208_3_1,0
91083,208_3_1,0
91084,208_3_1,0
93297,208_3_1,0
91255,208_3_1,0
91082,208_3_1,0
99969,208_3_1,0
100150,208_3_1,0
99393,208_3_1,0
94048,208_3_1,0
99395,208_3_1,0
103626,208_3_1,0
103417,208_3_1,0
107188,208_3_1,0
102840,208_3_1,0
102067,208_3_1,0
105090,208_3_1,0
103808,208_3_1,0
102068,208_3_1,0
103986,208_3_1,0
103987,208_3_1,0
101889,208_3_1,0
178641,325_3_0,0
178809,325_3_0,0
179186,325_3_0,0
176213,325_3_0,0
179768,325_3_0,0
174831,325_3_0,0
175430,325_3_0,0
175238,325_3_0,0
180346,325_3_0,0
177887,325_3_0,0
30416,113_2_0,0
36860,113_2_0,0
25937,108_1_1,0
24659,108_1_1,0
20743,108_1_1,0
33081,110_1_0,0
30238,110_1_0,0
33418,110_1_0,0
33082,110_1_0,0
13650,105_3_1,0
15749,105_3_1,0
16346,105_3_1,0
16347,105_3_1,0
163922,316_3_0,0
166476,316_3_0,0
166295,316_3_0,0
83715,202_2_1,0
86581,202_2_1,0
85069,202_2_1,0
86384,202_2_1,0
86390,202_2_1,0
81519,202_2_1,0
82070,202_2_1,0
86185,202_2_1,0
86387,202_2_1,0
82262,202_2_1,0
86385,202_2_1,0
84095,202_2_1,0
84307,202_2_1,0
82587,202_2_1,0
84308,202_2_1,0
81520,202_2_1,0
80989,202_2_1,0
85634,202_2_1,0
86388,202_2_1,0
153962,305_3_1,0
148809,305_3_1,0
149771,305_3_1,0
148068,305_3_1,0
149770,305_3_1,0
152520,305_3_1,0
173293,321_3_1,0
173097,321_3_1,0
172911,321_3_1,0
172912,321_3_1,0
174237,321_3_1,0
50320,116_3_1,0
52551,116_3_1,0
24658,116_3_0,0
38005,116_3_0,0
154701,310_3_1,0
155422,310_3_1,0
160245,310_3_1,0
158970,310_3_1,0
154699,310_3_1,0
158224,310_3_1,0
158777,310_3_1,0
158422,310_3_1,0
155423,310_3_1,0
194753,913_4_1,0
198244,913_4_1,0
199384,913_4_1,0
65038,122_1_0,0
63361,122_1_0,0
63922,122_1_0,0
66396,122_1_0,0
62838,122_1_0,0
64276,122_1_0,0
66602,122_1_0,0
61903,122_1_0,0
65217,122_1_0,0
66603,122_1_0,0
65037,122_1_0,0
60949,122_1_0,0
61313,122_1_0,0
63731,122_1_0,0
59646,119_1_1,0
92163,208_3_0,0
91455,208_3_0,0
91962,208_3_0,0
89245,208_3_0,0
89082,208_3_0,0
91795,208_3_0,0
89244,208_3_0,0
98861,208_3_0,0
95502,208_3_0,0
10262,103_1_1,0
10814,103_1_1,0
11624,103_1_1,0
6625,103_1_1,0
7175,103_1_1,0
12930,103_1_1,0
13101,103_1_1,0
8888,103_1_1,0
8716,103_1_1,0
10051,103_1_1,0
12931,103_1_1,0
11830,103_1_1,0
7918,103_1_1,0
12400,103_1_1,0
13100,103_1_1,0
18917,105_1_0,0
18373,105_1_0,0
20017,105_1_0,0
15751,105_1_0,0
18740,105_1_1,0
4988,101_1_1,0
4987,101_1_1,0
5184,101_1_1,0
2014,101_1_1,0
2211,101_1_1,0
211,101_1_1,0
20,101_1_1,0
5715,101_1_1,0
1092,101_1_1,0
4090,101_1_1,0
3503,101_1_1,0
5368,101_1_1,0
738,101_1_1,0
3134,101_1_1,0
4267,101_1_1,0
397,101_1_1,0
2570,101_1_1,0
1296,101_1_1,0
5911,101_1_1,0
4795,101_1_1,0
210,101_1_1,0
152521,305_4_1,0
151428,305_4_1,0
197347,305_3_0,0
199012,305_3_0,0
199013,305_3_0,0
199758,305_3_0,0
199015,305_3_0,0
199200,305_3_0,0
196048,305_3_0,0
196976,305_3_0,0
22593,305_3_0,0
9277,103_1_0,0
9643,103_1_0,0
24660,108_1_0,0
21135,108_1_0,0
24120,108_1_0,0
21874,108_1_0,0
99971,206_2_0,0
95311,206_2_0,0
97354,206_2_0,0
98862,206_2_0,0
97351,206_2_0,0
95123,206_2_0,0
98676,206_2_0,0
98112,206_2_0,0
96247,206_2_0,0
97353,206_2_0,0
96059,206_2_0,0
4088,101_1_1,0
4089,101_1_1,0
908,101_1_1,0
38943,111_1_0,0
34783,111_1_0,0
33627,111_1_0,0
33626,111_1_0,0
38007,111_1_0,0
156883,208_2_1,0
196975,208_2_1,0
197346,208_2_1,0
30418,110_1_1,0
29853,110_1_1,0
31618,110_1_1,0
28325,110_1_1,0
31780,110_1_1,0
31779,110_1_1,0
30414,110_1_1,0
27592,110_1_1,0
144308,303_3_1,0
143008,303_3_1,0
147513,303_3_1,0
146760,303_3_1,0
147308,303_3_1,0
143758,303_3_1,0
147705,303_3_1,0
141506,303_3_1,0
141508,303_3_1,0
147704,303_3_1,0
146939,303_3_1,0
61140,122_1_1,0
63549,122_1_1,0
69027,125_1_0,0
72641,125_1_0,0
70164,125_1_0,0
69598,125_1_0,0
72801,125_1_0,0
67329,125_1_0,0
70370,125_1_0,0
68321,125_1_0,0
72446,125_1_0,0
69223,125_1_0,0
71888,125_1_0,0
72064,125_1_0,0
73166,125_1_0,0
67908,125_1_0,0
70163,125_1_0,0
202168,918_4_0,0
206572,918_4_0,0
202371,918_4_0,0
201807,918_4_0,0
204543,918_4_0,0
202169,918_4_0,0
75399,128_1_0,0
77441,128_1_0,0
74444,128_1_0,0
74612,128_1_0,0
75742,128_1_0,0
77081,128_1_0,0
75204,128_1_0,0
80444,128_1_0,0
79332,128_1_0,0
76697,128_1_0,0
76694,128_1_0,0
75398,128_1_0,0
80269,128_1_0,0
75584,128_1_0,0
77243,128_1_0,0
114870,213_2_0,0
119871,213_2_0,0
115252,213_2_0,0
67328,125_1_1,0
69224,125_1_1,0
71518,125_1_1,0
193068,909_4_1,0
189753,909_4_1,0
192898,909_4_1,0
190832,909_4_1,0
191579,909_4_1,0
192119,909_4_1,0
191947,909_4_1,0
188223,909_4_1,0
194362,909_4_1,0
189928,909_4_1,0
193260,909_4_1,0
192299,909_4_1,0
190447,909_4_1,0
194363,909_4_1,0
194014,909_4_1,0
192899,909_4_1,0
188224,909_4_1,0
190448,909_4_1,0
193258,909_4_1,0
189380,909_4_1,0
188805,909_4_1,0
241476,926_4_1,0
240684,926_4_1,0
237594,926_4_1,0
237754,926_4_1,0
241067,926_4_1,0
238964,926_4_1,0
235568,926_4_1,0
240096,926_4_1,0
238604,926_4_1,0
240478,926_4_1,0
241475,926_4_1,0
237963,926_4_1,0
240683,926_4_1,0
237200,926_4_1,0
241068,926_4_1,0
239368,926_4_1,0
236681,926_4_1,0
186390,329_3_0,0
185481,329_3_0,0
184527,329_3_0,0
182168,329_3_0,0
187143,329_3_0,0
185482,329_3_0,0
183104,329_3_0,0
184917,329_3_0,0
187481,329_3_0,0
183980,329_3_0,0
186768,329_3_0,0
182170,329_3_0,0
185655,329_3_0,0
184528,329_3_0,0
181977,329_3_0,0
187674,329_3_0,0
186960,329_3_0,0
244048,928_4_0,0
242736,928_4_0,0
244577,928_4_0,0
241855,928_4_0,0
242920,928_4_0,0
246429,928_4_0,0
244213,928_4_0,0
241853,928_4_0,0
244400,928_4_0,0
246043,928_4_0,0
244951,928_4_0,0
241854,928_4_0,0
247704,928_4_0,0
242917,928_4_0,0
245501,928_4_0,0
247345,928_4_0,0
247346,928_4_0,0
217497,921_4_0,0
215661,921_4_0,0
216035,921_4_0,0
215092,921_4_0,0
216752,921_4_0,0
220964,921_4_0,0
217498,921_4_0,0
216200,921_4_0,0
217871,921_4_0,0
218256,921_4_0,0
216944,921_4_0,0
216393,921_4_0,0
220421,921_4_0,0
215660,921_4_0,0
215295,921_4_0,0
219814,921_4_0,0
220963,921_4_0,0
216392,921_4_0,0
220779,921_4_0,0
220778,921_4_0,0
212626,919_4_1,0
210796,919_4_1,0
211347,919_4_1,0
210628,919_4_1,0
210058,919_4_1,0
208578,919_4_1,0
214220,919_4_1,0
213420,919_4_1,0
175431,325_3_1,0
177885,325_3_1,0
177329,325_3_1,0
177160,325_3_1,0
175815,325_3_1,0
174651,325_3_1,0
175814,325_3_1,0
176016,325_3_1,0
98307,206_2_1,0
99970,206_2_1,0
40631,113_2_0,0
45122,113_2_0,0
43793,113_2_0,0
41742,113_2_0,0
46022,113_2_0,0
42912,113_2_0,0
41362,113_2_0,0
40979,113_2_0,0
40632,113_2_0,0
43634,113_2_0,0
43448,113_2_0,0
46200,113_2_0,0
46964,113_2_0,0
40429,113_2_0,0
44577,113_2_0,0
42718,113_2_0,0
46963,113_2_0,0
88351,204_2_0,0
88716,204_2_0,0
89974,204_2_0,0
91086,204_2_0,0
92342,204_2_0,0
91796,204_2_0,0
88349,204_2_0,0
93495,204_2_0,0
92164,204_2_0,0
92514,204_2_0,0
89083,204_2_0,0
88152,204_2_0,0
91257,204_2_0,0
89613,204_2_0,0
90710,204_2_0,0
89614,204_2_0,0
89247,204_2_0,0
18916,108_4_0,0
26677,108_4_0,0
21319,108_4_0,0
24313,108_4_0,0
20367,108_4_0,0
25032,108_4_0,0
26306,108_4_0,0
123944,214_2_1,0
123946,214_2_1,0
125918,214_2_1,0
124489,214_2_1,0
121749,214_2_1,0
125199,214_2_1,0
126681,214_2_1,0
123383,214_2_1,0
123579,214_2_1,0
126296,214_2_1,0
123384,214_2_1,0
124652,214_2_1,0
233008,925_4_0,0
231682,925_4_0,0
229457,925_4_0,0
229847,925_4_0,0
229258,925_4_0,0
233367,925_4_0,0
231326,925_4_0,0
228887,925_4_0,0
231683,925_4_0,0
229844,925_4_0,0
229846,925_4_0,0
230747,925_4_0,0
231511,925_4_0,0
234623,925_4_0,0
229845,925_4_0,0
227998,922_4_1,0
226334,922_4_1,0
226860,922_4_1,0
225438,922_4_1,0
226685,922_4_1,0
223591,922_4_1,0
227608,922_4_1,0
225050,922_4_1,0
226333,922_4_1,0
226861,922_4_1,0
227234,922_4_1,0
223998,922_4_1,0
226177,922_4_1,0
226176,922_4_1,0
225049,922_4_1,0
222994,922_4_1,0
223797,922_4_1,0
128216,216_2_0,0
132299,216_2_0,0
127831,216_2_0,0
133810,216_2_0,0
131577,216_2_0,0
128769,216_2_0,0
131201,216_2_0,0
132862,216_2_0,0
131387,216_2_0,0
128580,216_2_0,0
133227,216_2_0,0
134023,216_2_0,0
128396,216_2_0,0
130630,216_2_0,0
129907,216_2_0,0
128768,216_2_0,0
131925,216_2_0,0
128394,216_2_0,0
130452,216_2_0,0
130255,216_2_0,0
133431,216_2_0,0
131924,216_2_0,0
128956,216_2_0,0
130254,216_2_0,0
129508,216_2_0,0
132486,216_2_0,0
133226,216_2_0,0
130631,216_2_0,0
134788,219_2_0,0
138052,219_2_0,0
135902,219_2_0,0
139724,219_2_0,0
137466,219_2_0,0
139912,219_2_0,0
140432,219_2_0,0
138422,219_2_0,0
137046,219_2_0,0
137044,219_2_0,0
134787,219_2_0,0
135703,219_2_0,0
134985,219_2_0,0
134595,219_2_0,0
138980,219_2_0,0
135161,219_2_0,0
137255,219_2_0,0
135533,219_2_0,0
137256,219_2_0,0
136458,219_2_0,0
139170,219_2_0,0
139553,219_2_0,0
169245,321_3_0,0
168146,321_3_0,0
169982,321_3_0,0
173675,321_3_0,0
172913,321_3_0,0
168676,321_3_0,0
170544,321_3_0,0
164308,316_3_1,0
165941,316_3_1,0
163068,316_3_1,0
162314,316_3_1,0
167366,316_3_1,0
167542,316_3_1,0
161560,316_3_1,0
164116,316_3_1,0
133606,216_2_1,0
128215,216_2_1,0
129154,216_2_1,0
160244,310_3_0,0
155780,310_3_0,0
156886,310_3_0,0
160988,310_3_0,0
160041,310_3_0,0
155233,310_3_0,0
154893,310_3_0,0
160989,310_3_0,0
154501,310_3_0,0
157807,310_3_0,0
156696,310_3_0,0
107745,113_1_1,0
46199,113_1_1,0
218875,921_4_1,0
221173,921_4_1,0
221332,921_4_1,0
215825,921_4_1,0
156325,116_1_0,0
155970,116_1_0,0
89246,116_1_0,0
89424,116_1_0,0
95672,116_1_0,0
48486,116_1_0,0
50149,116_1_0,0
52379,116_1_0,0
52553,116_1_0,0
50148,116_1_0,0
49778,116_1_0,0
51114,116_1_0,0
48487,116_1_0,0
226335,922_4_0,0
225238,922_4_0,0
40428,113_1_0,0
50908,116_1_1,0
37232,111_1_1,0
36861,111_1_1,0
35918,111_1_1,0
35717,111_1_1,0
39138,111_1_1,0
36673,111_1_1,0
38563,111_1_1,0
38942,111_1_1,0
36135,111_1_1,0
40056,111_1_1,0
16716,105_3_1,0
19645,105_3_1,0
18174,105_3_1,0
15946,105_3_1,0
16872,105_3_1,0
14637,105_3_1,0
17605,105_3_1,0
17806,105_3_1,0
18175,105_3_1,0
109791,210_2_1,0
108506,210_2_1,0
111829,210_2_1,0
111450,210_2_1,0
110148,210_2_1,0
107533,210_2_1,0
108870,210_2_1,0
109616,210_2_1,0
110852,210_2_1,0
109218,210_2_1,0
112391,210_2_1,0
110348,210_2_1,0
59645,119_1_0,0
59431,119_1_0,0
57291,119_1_0,0
58449,119_1_0,0
57694,119_1_0,0
59642,119_1_0,0
56559,119_1_0,0
56171,119_1_0,0
53857,119_1_0,0
54044,119_1_0,0
55449,119_1_0,0
55079,119_1_0,0
57887,119_1_0,0
54551,119_1_0,0
59430,119_1_0,0
57292,119_1_0,0
54043,119_1_0,0
10612,108_4_1,0
18741,108_4_1,0
25762,108_4_1,0
22778,108_4_1,0
22592,108_4_1,0
160243,305_4_0,0
155059,305_4_0,0
147701,305_4_0,0
146756,305_4_0,0
144667,305_4_0,0
144665,305_4_0,0
147511,305_4_0,0
146759,305_4_0,0
146757,305_4_0,0
144666,305_4_0,0
151961,305_4_0,0
148260,305_4_0,0
151962,305_4_0,0
150509,305_4_0,0
149769,305_4_0,0
152129,305_4_0,0
150683,305_4_0,0
148987,305_4_0,0
152882,305_4_0,0
153963,305_4_0,0
152522,305_4_0,0
151230,305_4_0,0
148069,305_4_0,0
151063,305_4_0,0
149400,305_4_0,0
148986,305_4_0,0
153412,305_4_0,0
153964,305_4_0,0
153589,305_4_0,0
153758,305_4_0,0
30415,110_1_0,0
31229,110_1_0,0
32715,110_1_0,0
28742,110_1_0,0
30417,110_1_0,0
27039,110_1_0,0
28127,110_1_0,0
27945,110_1_0,0
127489,214_2_0,0
123945,214_2_0,0
121558,214_2_0,0
125018,214_2_0,0
127265,214_2_0,0
126481,214_2_0,0
124306,214_2_0,0
116136,213_2_1,0
118796,213_2_1,0
115251,213_2_1,0
118397,213_2_1,0
118395,213_2_1,0
115619,213_2_1,0
120061,213_2_1,0
118396,213_2_1,0
117452,213_2_1,0
145419,303_3_0,0
145420,303_3_0,0
143563,303_3_0,0
142049,303_3_0,0
147144,303_3_0,0
147512,303_3_0,0
141507,303_3_0,0
146941,303_3_0,0
142246,303_3_0,0
143562,303_3_0,0
143009,303_3_0,0
145827,303_3_0,0
61524,122_1_0,0
66604,122_1_0,0
65216,122_1_0,0
63029,122_1_0,0
61904,122_1_0,0
61523,122_1_0,0
61527,122_1_0,0
60580,122_1_0,0
66963,122_1_0,0
9278,103_1_1,0
9094,103_1_1,0
9459,103_1_1,0
8131,103_1_1,0
10613,103_1_1,0
6990,103_1_1,0
12932,103_1_1,0
7727,103_1_1,0
8132,103_1_1,0
7353,103_1_1,0
7541,103_1_1,0
57693,119_1_1,0
60213,119_1_1,0
59432,119_1_1,0
58623,119_1_1,0
58271,119_1_1,0
40980,113_2_1,0
43112,113_2_1,0
42720,113_2_1,0
42913,113_2_1,0
41364,113_2_1,0
43636,113_2_1,0
45838,113_2_1,0
44196,113_2_1,0
83505,202_2_1,0
82927,202_2_1,0
86389,202_2_1,0
82928,202_2_1,0
83311,202_2_1,0
85068,202_2_1,0
83132,202_2_1,0
81723,202_2_1,0
87251,202_2_1,0
86737,202_2_1,0
86909,202_2_1,0
85825,202_2_1,0
82426,202_2_1,0
84683,202_2_1,0
83506,202_2_1,0
81886,202_2_1,0
86582,202_2_1,0
80990,202_2_1,0
86386,202_2_1,0
84504,202_2_1,0
83716,202_2_1,0
83133,202_2_1,0
84885,202_2_1,0
198640,305_3_1,0
93674,208_3_1,0
87603,208_3_1,0
87768,208_3_1,0
87427,208_3_1,0
92901,208_3_1,0
91256,208_3_1,0
99971,208_3_1,0
101696,208_3_1,0
102255,208_3_1,0
104736,208_3_1,0
100936,208_3_1,0
107186,208_3_1,0
103416,208_3_1,0
104373,208_3_1,0
105285,208_3_1,0
105681,208_3_1,0
106038,208_3_1,0
104545,208_3_1,0
103021,208_3_1,0
3902,108_4_1,0
26511,108_4_1,0
229458,925_4_1,0
230749,925_4_1,0
232254,925_4_1,0
231870,925_4_1,0
179380,325_3_0,0
175018,325_3_0,0
178100,325_3_0,0
177162,325_3_0,0
176618,325_3_0,0
177693,325_3_0,0
179379,325_3_0,0
178640,325_3_0,0
178464,325_3_0,0
177691,325_3_0,0
174834,325_3_0,0
169246,321_3_1,0
168677,321_3_1,0
169247,321_3_1,0
172358,321_3_1,0
167953,321_3_1,0
168324,321_3_1,0
171596,321_3_1,0
172360,321_3_1,0
172359,321_3_1,0
6422,108_4_0,0
18917,108_4_0,0
20017,108_4_0,0
9277,105_3_0,0
163512,316_3_0,0
164310,316_3_0,0
165756,316_3_0,0
163284,316_3_0,0
200869,913_4_0,0
201058,913_4_0,0
199016,913_4_0,0
196977,913_4_0,0
196978,913_4_0,0
199759,913_4_0,0
197875,913_4_0,0
197878,913_4_0,0
198848,913_4_0,0
199947,913_4_0,0
200868,913_4_0,0
198243,913_4_0,0
197692,913_4_0,0
199017,913_4_0,0
200510,913_4_0,0
236509,926_4_0,0
240278,926_4_0,0
240682,926_4_0,0
238385,926_4_0,0
240097,926_4_0,0
239732,926_4_0,0
10258,113_2_0,0
9642,113_2_0,0
23166,113_2_0,0
30238,113_2_0,0
30991,116_3_1,0
52731,116_3_1,0
49623,116_3_1,0
49967,116_3_1,0
50321,116_3_1,0
158011,310_3_1,0
158609,310_3_1,0
156698,310_3_1,0
156519,310_3_1,0
156697,310_3_1,0
155783,310_3_1,0
1090,101_1_1,0
396,101_1_1,0
1297,101_1_1,0
1480,101_1_1,0
5910,101_1_1,0
5183,101_1_1,0
1091,101_1_1,0
1298,101_1_1,0
3713,101_1_1,0
5913,101_1_1,0
154698,105_1_1,0
154700,105_1_1,0
13651,105_1_1,0
15752,105_1_1,0
18172,116_3_0,0
17983,116_3_0,0
18171,116_3_0,0
11013,103_1_0,0
144110,208_2_0,0
103419,208_2_0,0
106039,208_2_0,0
101697,208_2_0,0
103208,208_2_0,0
2017,101_1_1,0
2213,101_1_1,0
5537,101_1_1,0
36290,111_1_0,0
37233,111_1_0,0
36137,111_1_0,0
91961,208_3_0,0
88717,208_3_0,0
91457,208_3_0,0
88718,208_3_0,0
89084,208_3_0,0
88912,208_3_0,0
95311,208_3_0,0
98862,208_3_0,0
98676,208_3_0,0
98112,208_3_0,0
96059,208_3_0,0
101698,208_3_0,0
209852,919_4_0,0
210798,919_4_0,0
210424,919_4_0,0
208939,919_4_0,0
214564,919_4_0,0
211522,919_4_0,0
210630,919_4_0,0
211349,919_4_0,0
208940,919_4_0,0
208941,919_4_0,0
202369,918_4_1,0
201808,918_4_1,0
206573,918_4_1,0
206571,918_4_1,0
206192,918_4_1,0
202370,918_4_1,0
206574,918_4_1,0
207473,918_4_1,0
206741,918_4_1,0
207859,918_4_1,0
202170,918_4_1,0
202172,918_4_1,0
204719,918_4_1,0
202373,918_4_1,0
207141,918_4_1,0
207311,918_4_1,0
203491,918_4_1,0
31231,110_1_1,0
27594,110_1_1,0
29301,110_1_1,0
31621,110_1_1,0
27041,110_1_1,0
28744,110_1_1,0
197348,305_3_0,0
197157,305_3_0,0
199201,305_3_0,0
197156,305_3_0,0
199554,305_3_0,0
197518,305_3_0,0
197155,305_3_0,0
149941,305_3_0,0
148071,305_3_0,0
151429,305_3_0,0
70165,125_1_0,0
68491,125_1_0,0
72063,125_1_0,0
72445,125_1_0,0
71313,125_1_0,0
67709,125_1_0,0
67708,125_1_0,0
67910,125_1_0,0
72065,125_1_0,0
72802,125_1_0,0
72998,125_1_0,0
68124,125_1_0,0
61713,122_1_1,0
64102,122_1_1,0
66048,122_1_1,0
63923,122_1_1,0
197347,208_2_1,0
196976,208_2_1,0
22593,208_2_1,0
103629,208_2_1,0
103420,208_2_1,0
195495,913_4_1,0
197521,913_4_1,0
77442,128_1_0,0
80098,128_1_0,0
75583,128_1_0,0
80097,128_1_0,0
80645,128_1_0,0
80646,128_1_0,0
80270,128_1_0,0
74280,128_1_0,0
76698,128_1_0,0
76326,128_1_0,0
78393,128_1_0,0
79691,128_1_0,0
75205,128_1_0,0
75924,128_1_0,0
96417,206_2_0,0
98502,206_2_0,0
97943,206_2_0,0
96592,206_2_0,0
98308,206_2_0,0
99039,206_2_0,0
95674,206_2_0,0
99972,206_2_0,0
95867,206_2_0,0
147707,303_3_1,0
146942,303_3_1,0
142457,303_3_1,0
146762,303_3_1,0
147706,303_3_1,0
141164,303_3_1,0
142247,303_3_1,0
115972,213_2_0,0
119874,213_2_0,0
115810,213_2_0,0
118398,213_2_0,0
118967,213_2_0,0
115052,213_2_0,0
117827,213_2_0,0
114272,213_2_0,0
120233,213_2_0,0
153059,305_4_1,0
150511,305_4_1,0
152701,305_4_1,0
153590,305_4_1,0
148988,305_4_1,0
178288,325_3_1,0
179769,325_3_1,0
180158,325_3_1,0
176018,325_3_1,0
177522,325_3_1,0
177164,325_3_1,0
180348,325_3_1,0
175433,325_3_1,0
177523,325_3_1,0
181232,325_3_1,0
176981,325_3_1,0
181976,329_3_0,0
186574,329_3_0,0
184152,329_3_0,0
182169,329_3_0,0
181975,329_3_0,0
185656,329_3_0,0
184339,329_3_0,0
181978,329_3_0,0
183281,329_3_0,0
182171,329_3_0,0
186769,329_3_0,0
181979,329_3_0,0
184730,329_3_0,0
185124,329_3_0,0
185483,329_3_0,0
185301,329_3_0,0
184340,329_3_0,0
94578,206_2_1,0
204544,918_4_0,0
36290,113_2_1,0
36137,113_2_1,0
40826,113_2_1,0
45470,113_2_1,0
42333,113_2_1,0
41552,113_2_1,0
44579,113_2_1,0
44950,113_2_1,0
43114,113_2_1,0
44949,113_2_1,0
41934,113_2_1,0
41936,113_2_1,0
42334,113_2_1,0
45305,113_2_1,0
30415,113_2_0,0
30417,113_2_0,0
37233,113_2_0,0
126297,214_2_1,0
126483,214_2_1,0
122308,214_2_1,0
126682,214_2_1,0
125746,214_2_1,0
121016,214_2_1,0
124127,214_2_1,0
123045,214_2_1,0
121015,214_2_1,0
156518,116_1_0,0
155971,116_1_0,0
149402,116_1_0,0
89245,116_1_0,0
89082,116_1_0,0
89244,116_1_0,0
95502,116_1_0,0
53472,116_1_0,0
49434,116_1_0,0
47527,116_1_0,0
49968,116_1_0,0
47902,116_1_0,0
88346,113_1_1,0
45644,113_1_1,0
43113,113_1_1,0
130253,216_2_0,0
131576,216_2_0,0
131023,216_2_0,0
132658,216_2_0,0
133049,216_2_0,0
130256,216_2_0,0
130834,216_2_0,0
133811,216_2_0,0
128397,216_2_0,0
127833,216_2_0,0
128960,216_2_0,0
133432,216_2_0,0
128398,216_2_0,0
132110,216_2_0,0
129155,216_2_0,0
89615,204_2_0,0
88350,204_2_0,0
88347,204_2_0,0
91087,204_2_0,0
93496,204_2_0,0
92513,204_2_0,0
91258,204_2_0,0
90360,204_2_0,0
89799,204_2_0,0
89086,204_2_0,0
88153,204_2_0,0
91798,204_2_0,0
89085,204_2_0,0
87428,204_2_0,0
92902,204_2_0,0
90897,204_2_0,0
59229,119_1_0,0
58625,119_1_0,0
54553,119_1_0,0
60030,119_1_0,0
58829,119_1_0,0
55265,119_1_0,0
54901,119_1_0,0
57696,119_1_0,0
55267,119_1_0,0
58621,119_1_0,0
59012,119_1_0,0
57293,119_1_0,0
53858,119_1_0,0
57697,119_1_0,0
58828,119_1_0,0
93093,204_2_1,0
131025,216_2_1,0
160043,310_3_0,0
158778,310_3_0,0
158012,310_3_0,0
159845,310_3_0,0
156523,310_3_0,0
154894,310_3_0,0
156155,310_3_0,0
160991,310_3_0,0
158971,310_3_0,0
157603,310_3_0,0
154896,310_3_0,0
160990,310_3_0,0
157808,310_3_0,0
158611,310_3_0,0
160449,310_3_0,0
155060,310_3_0,0
156520,310_3_0,0
174238,321_3_0,0
168678,321_3_0,0
171091,321_3_0,0
172176,321_3_0,0
173474,321_3_0,0
171991,321_3_0,0
171253,321_3_0,0
172721,321_3_0,0
168506,321_3_0,0
169601,321_3_0,0
166832,316_3_1,0
163709,316_3_1,0
162315,316_3_1,0
161163,316_3_1,0
161750,316_3_1,0
164311,316_3_1,0
166133,316_3_1,0
166132,316_3_1,0
162316,316_3_1,0
165755,316_3_1,0
167009,316_3_1,0
244212,928_4_0,0
245132,928_4_0,0
243283,928_4_0,0
246614,928_4_0,0
246042,928_4_0,0
243284,928_4_0,0
243465,928_4_0,0
245688,928_4_0,0
245133,928_4_0,0
243466,928_4_0,0
242919,928_4_0,0
245690,928_4_0,0
245689,928_4_0,0
247705,928_4_0,0
243866,928_4_0,0
243667,928_4_0,0
242554,928_4_0,0
241856,928_4_0,0
242360,928_4_0,0
246237,928_4_0,0
245502,928_4_0,0
242922,928_4_0,0
245312,928_4_0,0
243467,928_4_0,0
245135,928_4_0,0
242921,928_4_0,0
244952,928_4_0,0
242737,928_4_0,0
215662,921_4_0,0
216753,921_4_0,0
215479,921_4_0,0
220422,921_4_0,0
215826,921_4_0,0
216566,921_4_0,0
214721,921_4_0,0
220780,921_4_0,0
217872,921_4_0,0
220423,921_4_0,0
215094,921_4_0,0
219817,921_4_0,0
219048,921_4_0,0
219816,921_4_0,0
219046,921_4_0,0
219245,921_4_0,0
215664,921_4_0,0
236133,926_4_1,0
236310,926_4_1,0
239369,926_4_1,0
238776,926_4_1,0
241282,926_4_1,0
236132,926_4_1,0
235016,926_4_1,0
239912,926_4_1,0
238184,926_4_1,0
238777,926_4_1,0
239546,926_4_1,0
241069,926_4_1,0
239913,926_4_1,0
235952,926_4_1,0
240099,926_4_1,0
136275,219_2_0,0
138788,219_2_0,0
140255,219_2_0,0
135160,219_2_0,0
138423,219_2_0,0
135343,219_2_0,0
137047,219_2_0,0
140783,219_2_0,0
134789,219_2_0,0
137664,219_2_0,0
137876,219_2_0,0
135903,219_2_0,0
138981,219_2_0,0
139359,219_2_0,0
134407,219_2_0,0
139554,219_2_0,0
34959,111_1_1,0
34960,111_1_1,0
37235,111_1_1,0
39510,111_1_1,0
39140,111_1_1,0
39878,111_1_1,0
35921,111_1_1,0
158222,116_1_1,0
50322,116_1_1,0
52197,116_1_1,0
51998,116_1_1,0
193069,909_4_1,0
192897,909_4_1,0
189381,909_4_1,0
193259,909_4_1,0
190109,909_4_1,0
189752,909_4_1,0
193071,909_4_1,0
188032,909_4_1,0
193261,909_4_1,0
190110,909_4_1,0
192300,909_4_1,0
191949,909_4_1,0
192301,909_4_1,0
193070,909_4_1,0
188407,909_4_1,0
189564,909_4_1,0
188031,909_4_1,0
191020,909_4_1,0
189382,909_4_1,0
190450,909_4_1,0
188608,909_4_1,0
192120,909_4_1,0
190449,909_4_1,0
192900,909_4_1,0
46201,113_1_0,0
44580,113_1_0,0
44385,113_1_0,0
212825,919_4_1,0
210631,919_4_1,0
211715,919_4_1,0
212823,919_4_1,0
209680,919_4_1,0
211520,919_4_1,0
20940,108_1_1,0
23955,108_1_1,0
21514,108_1_1,0
23559,108_1_1,0
26309,108_1_1,0
24314,108_1_1,0
25391,108_1_1,0
26678,108_1_1,0
24834,108_1_1,0
22594,108_1_1,0
23764,108_1_1,0
25939,108_1_1,0
21137,108_1_1,0
22779,108_1_1,0
26853,110_1_0,0
30994,110_1_0,0
31427,110_1_0,0
31620,110_1_0,0
30993,110_1_0,0
31230,110_1_0,0
32900,110_1_0,0
29300,110_1_0,0
30239,110_1_0,0
27042,110_1_0,0
29506,110_1_0,0
31969,110_1_0,0
31619,110_1_0,0
113896,210_2_1,0
109793,210_2_1,0
109972,210_2_1,0
113895,210_2_1,0
109219,210_2_1,0
109040,210_2_1,0
112392,210_2_1,0
113123,210_2_1,0
108508,210_2_1,0
112575,210_2_1,0
111999,210_2_1,0
112193,210_2_1,0
112576,210_2_1,0
108872,210_2_1,0
113898,210_2_1,0
108507,210_2_1,0
111830,210_2_1,0
113124,210_2_1,0
109041,210_2_1,0
111235,210_2_1,0
112750,210_2_1,0
223219,922_4_1,0
226488,922_4_1,0
227052,922_4_1,0
222097,922_4_1,0
222669,922_4_1,0
224527,922_4_1,0
224526,922_4_1,0
221708,922_4_1,0
222096,922_4_1,0
224702,922_4_1,0
227793,922_4_1,0
224347,922_4_1,0
223428,922_4_1,0
221707,922_4_1,0
225240,922_4_1,0
225052,922_4_1,0
223220,922_4_1,0
17986,105_3_1,0
16350,105_3_1,0
16874,105_3_1,0
13852,105_3_1,0
14838,105_3_1,0
15753,105_3_1,0
14050,105_3_1,0
14052,105_3_1,0
19468,105_3_1,0
16717,105_3_1,0
16349,105_3_1,0
17454,105_3_1,0
17607,105_3_1,0
233554,925_4_0,0
232804,925_4_0,0
230229,925_4_0,0
232628,925_4_0,0
233184,925_4_0,0
230751,925_4_0,0
228367,925_4_0,0
228888,925_4_0,0
230577,925_4_0,0
229260,925_4_0,0
233368,925_4_0,0
233009,925_4_0,0
232255,925_4_0,0
229459,925_4_0,0
232629,925_4_0,0
234624,925_4_0,0
232256,925_4_0,0
232429,925_4_0,0
60749,122_1_0,0
60747,122_1_0,0
60748,122_1_0,0
62841,122_1_0,0
65412,122_1_0,0
62840,122_1_0,0
66046,122_1_0,0
66964,122_1_0,0
61712,122_1_0,0
66962,122_1_0,0
66047,122_1_0,0
66217,122_1_0,0
64101,122_1_0,0
64481,122_1_0,0
60579,122_1_0,0
62839,122_1_0,0
14837,105_1_0,0
17808,105_1_0,0
17062,105_1_0,0
56560,119_1_1,0
58451,119_1_1,0
57695,119_1_1,0
58626,119_1_1,0
11831,103_1_1,0
11416,103_1_1,0
11417,103_1_1,0
7728,103_1_1,0
9095,103_1_1,0
8348,103_1_1,0
7354,103_1_1,0
9280,103_1_1,0
12220,103_1_1,0
7176,103_1_1,0
219815,921_4_1,0
217320,921_4_1,0
215093,921_4_1,0
122851,214_2_0,0
126298,214_2_0,0
122672,214_2_0,0
126482,214_2_0,0
123580,214_2_0,0
125401,214_2_0,0
122309,214_2_0,0
121751,214_2_0,0
154701,105_1_1,0
154699,105_1_1,0
14051,105_1_1,0
116138,213_2_1,0
117826,213_2_1,0
114872,213_2_1,0
120440,213_2_1,0
115809,213_2_1,0
116875,213_2_1,0
117828,213_2_1,0
116495,213_2_1,0
118020,213_2_1,0
115254,213_2_1,0
118966,213_2_1,0
114874,213_2_1,0
114470,213_2_1,0
120062,213_2_1,0
222828,922_4_0,0
7540,103_1_0,0
12219,103_1_0,0
145051,303_3_0,0
147146,303_3_0,0
146396,303_3_0,0
142052,303_3_0,0
144859,303_3_0,0
147310,303_3_0,0
147309,303_3_0,0
142053,303_3_0,0
142249,303_3_0,0
141510,303_3_0,0
144670,303_3_0,0
143949,303_3_0,0
141165,303_3_0,0
143185,303_3_0,0
26679,108_1_0,0
23954,108_1_0,0
4990,101_1_1,0
5371,101_1_1,0
5914,101_1_1,0
4797,101_1_1,0
3504,101_1_1,0
2015,101_1_1,0
2212,101_1_1,0
3714,101_1_1,0
399,101_1_1,0
4989,101_1_1,0
1482,101_1_1,0
212,101_1_1,0
398,101_1_1,0
18177,105_3_0,0
85070,202_2_1,0
81887,202_2_1,0
85826,202_2_1,0
81522,202_2_1,0
82427,202_2_1,0
82768,202_2_1,0
85635,202_2_1,0
86391,202_2_1,0
81725,202_2_1,0
85465,202_2_1,0
85827,202_2_1,0
84096,202_2_1,0
86738,202_2_1,0
84505,202_2_1,0
81523,202_2_1,0
81888,202_2_1,0
84097,202_2_1,0
165237,316_3_0,0
164671,316_3_0,0
163513,316_3_0,0
161751,316_3_0,0
41363,113_2_1,0
44948,113_2_1,0
43635,113_2_1,0
44578,113_2_1,0
43794,113_2_1,0
42335,113_2_1,0
41933,113_2_1,0
46766,113_2_1,0
45123,113_2_1,0
113505,208_3_1,0
113122,208_3_1,0
111449,208_3_1,0
113894,208_3_1,0
113893,208_3_1,0
91086,208_3_1,0
92342,208_3_1,0
93495,208_3_1,0
92514,208_3_1,0
91257,208_3_1,0
97943,208_3_1,0
99039,208_3_1,0
99972,208_3_1,0
101310,208_3_1,0
103022,208_3_1,0
103628,208_3_1,0
103627,208_3_1,0
101699,208_3_1,0
104737,208_3_1,0
105844,208_3_1,0
102655,208_3_1,0
102256,208_3_1,0
148263,305_3_1,0
148261,305_3_1,0
152702,305_3_1,0
153965,305_3_1,0
150510,305_3_1,0
154314,305_3_1,0
150512,305_3_1,0
148625,305_3_1,0
180347,325_3_0,0
175432,325_3_0,0
175651,325_3_0,0
174833,325_3_0,0
181231,325_3_0,0
176788,325_3_0,0
1829,101_1_1,0
2016,101_1_1,0
32343,110_1_1,0
33231,110_1_1,0
27767,110_1_1,0
37819,111_1_0,0
35920,111_1_0,0
39328,111_1_0,0
169060,321_3_1,0
169600,321_3_1,0
171255,321_3_1,0
171254,321_3_1,0
172722,321_3_1,0
65411,122_1_1,0
61526,122_1_1,0
66215,122_1_1,0
72447,125_1_0,0
72448,125_1_0,0
68324,125_1_0,0
73923,125_1_0,0
70168,125_1_0,0
68323,125_1_0,0
68123,125_1_0,0
73338,125_1_0,0
72067,125_1_0,0
71315,125_1_0,0
69783,125_1_0,0
71150,125_1_0,0
70166,125_1_0,0
69400,125_1_0,0
71890,125_1_0,0
70560,125_1_0,0
103989,208_2_0,0
104915,208_2_0,0
160245,305_4_0,0
144490,305_4_0,0
147509,305_4_0,0
147703,305_4_0,0
146940,305_4_0,0
148811,305_4_0,0
151964,305_4_0,0
148435,305_4_0,0
38007,116_3_0,0
51500,116_3_0,0
53286,116_3_0,0
156521,310_3_1,0
157602,310_3_1,0
156522,310_3_1,0
156153,310_3_1,0
156157,310_3_1,0
155589,310_3_1,0
159668,310_3_1,0
158423,310_3_1,0
156154,310_3_1,0
24121,108_4_1,0
75744,128_1_0,0
78963,128_1_0,0
74099,128_1_0,0
79132,128_1_0,0
75586,128_1_0,0
77443,128_1_0,0
76507,128_1_0,0
80445,128_1_0,0
75743,128_1_0,0
79690,128_1_0,0
74098,128_1_0,0
74810,128_1_0,0
80647,128_1_0,0
74811,128_1_0,0
78776,128_1_0,0
74616,128_1_0,0
72260,125_1_1,0
70167,125_1_1,0
88716,208_3_0,0
91796,208_3_0,0
92164,208_3_0,0
89083,208_3_0,0
89247,208_3_0,0
98502,208_3_0,0
98308,208_3_0,0
95674,208_3_0,0
95867,208_3_0,0
103418,208_3_0,0
103988,208_3_0,0
201259,913_4_0,0
196979,913_4_0,0
199386,913_4_0,0
198461,913_4_0,0
200332,913_4_0,0
197349,913_4_0,0
196228,913_4_0,0
198641,913_4_0,0
195853,913_4_0,0
200872,913_4_0,0
196049,913_4_0,0
199202,913_4_0,0
197519,913_4_0,0
200690,913_4_0,0
200330,913_4_0,0
198248,913_4_0,0
198246,913_4_0,0
197351,913_4_0,0
196229,913_4_0,0
199760,913_4_0,0
197350,913_4_0,0
194754,913_4_0,0
197879,913_4_0,0
198247,913_4_0,0
198031,913_4_0,0
196417,913_4_0,0
237002,926_4_0,0
236837,926_4_0,0
240685,926_4_0,0
235770,926_4_0,0
239165,926_4_0,0
236510,926_4_0,0
199016,305_3_0,0
196977,305_3_0,0
196978,305_3_0,0
199759,305_3_0,0
197692,305_3_0,0
199017,305_3_0,0
151791,305_3_0,0
153591,305_3_0,0
148264,305_3_0,0
25763,108_4_1,0
22976,108_4_1,0
20370,108_4_1,0
228177,925_4_1,0
232257,925_4_1,0
230948,925_4_1,0
234109,925_4_1,0
228700,925_4_1,0
228366,925_4_1,0
96249,206_2_0,0
97355,206_2_0,0
96593,206_2_0,0
99973,206_2_0,0
99782,206_2_0,0
95312,206_2_0,0
98863,206_2_0,0
99040,206_2_0,0
97553,206_2_0,0
94418,206_2_0,0
96758,206_2_0,0
97356,206_2_0,0
97942,206_2_0,0
156885,208_2_1,0
143377,208_2_1,0
197348,208_2_1,0
197157,208_2_1,0
197156,208_2_1,0
197155,208_2_1,0
103630,208_2_1,0
107189,208_2_1,0
101701,208_2_1,0
106232,208_2_1,0
141858,303_3_1,0
142051,303_3_1,0
145623,303_3_1,0
145423,303_3_1,0
141509,303_3_1,0
146397,303_3_1,0
143950,303_3_1,0
141669,303_3_1,0
144669,303_3_1,0
145052,303_3_1,0
143378,303_3_1,0
146761,303_3_1,0
145422,303_3_1,0
146763,303_3_1,0
142050,303_3_1,0
204720,918_4_1,0
207474,918_4_1,0
203492,918_4_1,0
201449,918_4_1,0
202173,918_4_1,0
203281,918_4_1,0
203831,918_4_1,0
203663,918_4_1,0
202171,918_4_1,0
207861,918_4_1,0
202916,918_4_1,0
202374,918_4_1,0
202372,918_4_1,0
202915,918_4_1,0
206743,918_4_1,0
203832,918_4_1,0
210059,919_4_0,0
213422,919_4_0,0
208748,919_4_0,0
214010,919_4_0,0
208580,919_4_0,0
212064,919_4_0,0
212824,919_4_0,0
209681,919_4_0,0
211176,919_4_0,0
211348,919_4_0,0
117825,213_2_0,0
117650,213_2_0,0
119336,213_2_0,0
114666,213_2_0,0
119160,213_2_0,0
115808,213_2_0,0
120647,213_2_0,0
114873,213_2_0,0
118797,213_2_0,0
120645,213_2_0,0
88348,113_1_1,0
101697,113_1_1,0
43795,113_1_1,0
42131,113_1_1,0
40827,113_1_1,0
142840,116_1_0,0
89084,116_1_0,0
88912,116_1_0,0
96059,116_1_0,0
51826,116_1_0,0
50520,116_1_0,0
48104,116_1_0,0
47904,116_1_0,0
48705,116_1_0,0
47341,116_1_0,0
47903,116_1_0,0
96060,206_2_1,0
98309,206_2_1,0
96248,206_2_1,0
186225,329_3_0,0
187313,329_3_0,0
184918,329_3_0,0
182355,329_3_0,0
187314,329_3_0,0
183107,329_3_0,0
181606,329_3_0,0
183282,329_3_0,0
183106,329_3_0,0
187144,329_3_0,0
187145,329_3_0,0
187837,329_3_0,0
183803,329_3_0,0
181793,329_3_0,0
184341,329_3_0,0
187836,329_3_0,0
183105,329_3_0,0
176017,325_3_1,0
178811,325_3_1,0
175434,325_3_1,0
180527,325_3_1,0
177888,325_3_1,0
176020,325_3_1,0
178289,325_3_1,0
175816,325_3_1,0
175817,325_3_1,0
178101,325_3_1,0
176789,325_3_1,0
174832,325_3_1,0
181073,325_3_1,0
179964,325_3_1,0
176019,325_3_1,0
198029,913_4_1,0
196800,913_4_1,0
199385,913_4_1,0
196419,913_4_1,0
199948,913_4_1,0
200331,913_4_1,0
155421,116_1_1,0
158010,116_1_1,0
155420,116_1_1,0
49780,116_1_1,0
49779,116_1_1,0
51310,116_1_1,0
36476,111_1_1,0
35510,111_1_1,0
35720,111_1_1,0
37632,111_1_1,0
38209,111_1_1,0
34591,111_1_1,0
37056,111_1_1,0
36136,111_1_1,0
38369,111_1_1,0
39326,111_1_1,0
34961,111_1_1,0
40057,111_1_1,0
34784,111_1_1,0
37234,111_1_1,0
39141,111_1_1,0
35511,111_1_1,0
39139,111_1_1,0
39509,111_1_1,0
41164,113_1_0,0
58450,119_1_0,0
59230,119_1_0,0
55266,119_1_0,0
57108,119_1_0,0
56173,119_1_0,0
54732,119_1_0,0
56174,119_1_0,0
57109,119_1_0,0
29300,113_2_1,0
35920,113_2_1,0
30239,113_2_0,0
89426,204_2_0,0
93094,204_2_0,0
90361,204_2_0,0
89975,204_2_0,0
90711,204_2_0,0
90535,204_2_0,0
92165,204_2_0,0
90362,204_2_0,0
92712,204_2_0,0
92903,204_2_0,0
90899,204_2_0,0
91088,204_2_0,0
90898,204_2_0,0
91797,204_2_0,0
127832,216_2_0,0
130453,216_2_0,0
132863,216_2_0,0
130833,216_2_0,0
133228,216_2_0,0
132487,216_2_0,0
131926,216_2_0,0
133607,216_2_0,0
132111,216_2_0,0
131760,216_2_0,0
130454,216_2_0,0
130832,216_2_0,0
129707,216_2_0,0
133812,216_2_0,0
132300,216_2_0,0
128217,216_2_0,0
129509,216_2_0,0
131761,216_2_0,0
128582,216_2_0,0
32515,110_1_0,0
30602,110_1_0,0
30025,110_1_0,0
30026,110_1_0,0
29505,110_1_0,0
31970,110_1_0,0
27766,110_1_0,0
33232,110_1_0,0
30992,110_1_0,0
28128,110_1_0,0
126092,214_2_1,0
124490,214_2_1,0
125200,214_2_1,0
126877,214_2_1,0
121750,214_2_1,0
126875,214_2_1,0
125021,214_2_1,0
127268,214_2_1,0
127490,214_2_1,0
127269,214_2_1,0
122671,214_2_1,0
121929,214_2_1,0
126093,214_2_1,0
125579,214_2_1,0
125919,214_2_1,0
122850,214_2_1,0
149772,305_4_1,0
148265,305_4_1,0
147873,305_4_1,0
152338,305_4_1,0
153413,305_4_1,0
148070,305_4_1,0
151605,305_4_1,0
151606,305_4_1,0
25940,108_1_1,0
25579,108_1_1,0
25033,108_1_1,0
26122,108_1_1,0
26121,108_1_1,0
25938,108_1_1,0
164309,316_3_1,0
161935,316_3_1,0
161934,316_3_1,0
162480,316_3_1,0
163923,316_3_1,0
163710,316_3_1,0
163514,316_3_1,0
162841,316_3_1,0
162840,316_3_1,0
163069,316_3_1,0
164852,316_3_1,0
90359,204_2_1,0
92713,204_2_1,0
136459,219_2_0,0
135162,219_2_0,0
140610,219_2_0,0
137258,219_2_0,0
136862,219_2_0,0
136069,219_2_0,0
136460,219_2_0,0
134986,219_2_0,0
137257,219_2_0,0
136657,219_2_0,0
137467,219_2_0,0
139171,219_2_0,0
134790,219_2_0,0
134596,219_2_0,0
140609,219_2_0,0
135904,219_2_0,0
138053,219_2_0,0
140087,219_2_0,0
155061,310_3_0,0
155782,310_3_0,0
154895,310_3_0,0
155588,310_3_0,0
158013,310_3_0,0
156156,310_3_0,0
158610,310_3_0,0
159669,310_3_0,0
157409,310_3_0,0
157069,310_3_0,0
154502,310_3_0,0
159130,310_3_0,0
158225,310_3_0,0
158779,310_3_0,0
160818,310_3_0,0
131024,216_2_1,0
128770,216_2_1,0
131202,216_2_1,0
172177,321_3_0,0
171992,321_3_0,0
171597,321_3_0,0
171092,321_3_0,0
174439,321_3_0,0
171598,321_3_0,0
170905,321_3_0,0
174075,321_3_0,0
15175,105_1_0,0
17608,105_1_0,0
13853,105_1_0,0
17985,105_1_0,0
13854,105_1_0,0
19843,105_1_0,0
13467,105_1_0,0
14249,105_1_0,0
20018,105_1_0,0
14999,105_1_0,0
16147,105_1_0,0
17606,105_1_0,0
19646,105_1_0,0
15176,105_1_0,0
18179,105_1_0,0
18178,105_1_0,0
18742,105_1_0,0
16873,105_1_0,0
15352,105_1_0,0
12221,103_1_1,0
12752,103_1_1,0
13104,103_1_1,0
9279,103_1_1,0
11832,103_1_1,0
8889,103_1_1,0
6626,103_1_1,0
12933,103_1_1,0
13102,103_1_1,0
8717,103_1_1,0
13103,103_1_1,0
60581,122_1_0,0
63732,122_1_0,0
63030,122_1_0,0
64686,122_1_0,0
65410,122_1_0,0
66605,122_1_0,0
62267,122_1_0,0
61141,122_1_0,0
62642,122_1_0,0
66216,122_1_0,0
61314,122_1_0,0
66397,122_1_0,0
62268,122_1_0,0
60582,122_1_0,0
207312,918_4_0,0
206742,918_4_0,0
201809,918_4_0,0
201448,918_4_0,0
58624,119_1_1,0
109792,210_2_1,0
112931,210_2_1,0
111451,210_2_1,0
110149,210_2_1,0
113897,210_2_1,0
113713,210_2_1,0
111617,210_2_1,0
111452,210_2_1,0
111831,210_2_1,0
108131,210_2_1,0
113506,210_2_1,0
113317,210_2_1,0
107948,210_2_1,0
108327,210_2_1,0
16718,105_1_1,0
5370,101_1_1,0
3136,101_1_1,0
1830,101_1_1,0
21,101_1_1,0
3135,101_1_1,0
3137,101_1_1,0
4991,101_1_1,0
3712,101_1_1,0
4992,101_1_1,0
6255,101_1_1,0
5912,101_1_1,0
1831,101_1_1,0
909,101_1_1,0
2214,101_1_1,0
1647,101_1_1,0
1832,101_1_1,0
5369,101_1_1,0
8349,103_1_0,0
26308,108_1_0,0
20369,108_1_0,0
23169,108_1_0,0
113507,210_2_0,0
108873,210_2_0,0
111832,210_2_0,0
4796,101_1_1,0
29689,110_1_1,0
30024,110_1_1,0
33233,110_1_1,0
27593,110_1_1,0
32344,110_1_1,0
244402,928_4_0,0
245311,928_4_0,0
246430,928_4_0,0
244401,928_4_0,0
246615,928_4_0,0
246810,928_4_0,0
246980,928_4_0,0
247168,928_4_0,0
245134,928_4_0,0
244049,928_4_0,0
242738,928_4_0,0
243285,928_4_0,0
35919,111_1_0,0
34013,111_1_0,0
38565,111_1_0,0
39327,111_1_0,0
35719,111_1_0,0
235569,926_4_1,0
241477,926_4_1,0
240892,926_4_1,0
235378,926_4_1,0
235769,926_4_1,0
237003,926_4_1,0
240479,926_4_1,0
240279,926_4_1,0
238387,926_4_1,0
238965,926_4_1,0
213228,919_4_1,0
213421,919_4_1,0
214009,919_4_1,0
213829,919_4_1,0
213020,919_4_1,0
210799,919_4_1,0
209855,919_4_1,0
211716,919_4_1,0
208214,919_4_1,0
211521,919_4_1,0
212232,919_4_1,0
210247,919_4_1,0
213021,919_4_1,0
208384,919_4_1,0
218070,921_4_0,0
219626,921_4_0,0
215663,921_4_0,0
220965,921_4_0,0
219434,921_4_0,0
215481,921_4_0,0
216201,921_4_0,0
219047,921_4_0,0
219435,921_4_0,0
216754,921_4_0,0
190834,909_4_1,0
193262,909_4_1,0
188225,909_4_1,0
192698,909_4_1,0
191948,909_4_1,0
191950,909_4_1,0
192122,909_4_1,0
191215,909_4_1,0
192121,909_4_1,0
192697,909_4_1,0
190451,909_4_1,0
192699,909_4_1,0
188607,909_4_1,0
192901,909_4_1,0
193627,909_4_1,0
190833,909_4_1,0
189754,909_4_1,0
191390,909_4_1,0
193626,909_4_1,0
189929,909_4_1,0
194015,909_4_1,0
119335,213_2_1,0
117253,213_2_1,0
120646,213_2_1,0
119875,213_2_1,0
115436,213_2_1,0
118588,213_2_1,0
114871,213_2_1,0
119334,213_2_1,0
71519,125_1_0,0
69401,125_1_0,0
67911,125_1_0,0
73337,125_1_0,0
72999,125_1_0,0
68122,125_1_0,0
67912,125_1_0,0
72066,125_1_0,0
69029,125_1_0,0
143759,303_3_0,0
143951,303_3_0,0
142456,303_3_0,0
145622,303_3_0,0
142248,303_3_0,0
146398,303_3_0,0
143379,303_3_0,0
142455,303_3_0,0
141166,303_3_0,0
144858,303_3_0,0
145826,303_3_0,0
143760,303_3_0,0
146578,303_3_0,0
145424,303_3_0,0
125580,214_2_0,0
126876,214_2_0,0
123761,214_2_0,0
121014,214_2_0,0
124653,214_2_0,0
123044,214_2_0,0
126484,214_2_0,0
127065,214_2_0,0
62265,122_1_1,0
62266,122_1_1,0
65826,122_1_1,0
62455,122_1_1,0
113711,208_3_1,0
111234,208_3_1,0
113712,208_3_1,0
111448,208_3_1,0
112930,208_3_1,0
111233,208_3_1,0
91087,208_3_1,0
93496,208_3_1,0
92513,208_3_1,0
91258,208_3_1,0
87428,208_3_1,0
92902,208_3_1,0
99973,208_3_1,0
99782,208_3_1,0
99040,208_3_1,0
94418,208_3_1,0
97942,208_3_1,0
105682,208_3_1,0
103024,208_3_1,0
103023,208_3_1,0
101129,208_3_1,0
101700,208_3_1,0
101890,208_3_1,0
105843,208_3_1,0
106231,208_3_1,0
105091,208_3_1,0
102257,208_3_1,0
148262,305_3_1,0
153414,305_3_1,0
151790,305_3_1,0
147872,305_3_1,0
152523,305_3_1,0
149178,305_3_1,0
149180,305_3_1,0
152526,305_3_1,0
152524,305_3_1,0
148812,305_3_1,0
149179,305_3_1,0
179770,325_3_0,0
181074,325_3_0,0
179188,325_3_0,0
180701,325_3_0,0
177163,325_3_0,0
179381,325_3_0,0
175239,325_3_0,0
180159,325_3_0,0
179563,325_3_0,0
173294,321_3_1,0
173099,321_3_1,0
173677,321_3_1,0
170906,321_3_1,0
169412,321_3_1,0
173100,321_3_1,0
169413,321_3_1,0
79333,128_1_0,0
79692,128_1_0,0
74617,128_1_0,0
80271,128_1_0,0
74812,128_1_0,0
74445,128_1_0,0
75587,128_1_0,0
75400,128_1_0,0
75745,128_1_0,0
74097,128_1_0,0
74614,128_1_0,0
77822,128_1_0,0
78215,128_1_0,0
74615,128_1_0,0
74100,128_1_0,0
76125,128_1_0,0
75585,128_1_0,0
74618,128_1_0,0
75207,128_1_0,0
45469,113_2_0,0
41165,113_2_0,0
42719,113_2_0,0
41935,113_2_0,0
45304,113_2_0,0
40829,113_2_0,0
42337,113_2_0,0
73167,125_1_1,0
222995,922_4_1,0
223798,922_4_1,0
222670,922_4_1,0
223593,922_4_1,0
223594,922_4_1,0
226489,922_4_1,0
222486,922_4_1,0
228000,922_4_1,0
222279,922_4_1,0
223592,922_4_1,0
225051,922_4_1,0
222485,922_4_1,0
227999,922_4_1,0
226337,922_4_1,0
225993,922_4_1,0
226336,922_4_1,0
225613,922_4_1,0
221902,922_4_1,0
222996,922_4_1,0
224530,922_4_1,0
225439,922_4_1,0
221710,922_4_1,0
19844,105_3_0,0
14250,105_3_0,0
231130,925_4_0,0
228531,925_4_0,0
229849,925_4_0,0
230230,925_4_0,0
229259,925_4_0,0
228530,925_4_0,0
230750,925_4_0,0
233723,925_4_0,0
229460,925_4_0,0
229072,925_4_0,0
230418,925_4_0,0
231132,925_4_0,0
232432,925_4_0,0
228701,925_4_0,0
229462,925_4_0,0
234278,925_4_0,0
22244,108_4_0,0
24661,108_4_0,0
25212,108_4_0,0
22977,108_4_0,0
22052,108_4_0,0
21696,108_4_0,0
165400,316_3_0,0
162139,316_3_0,0
163711,316_3_0,0
166831,316_3_0,0
163070,316_3_0,0
162318,316_3_0,0
164313,316_3_0,0
163712,316_3_0,0
166477,316_3_0,0
165238,316_3_0,0
165942,316_3_0,0
84310,202_2_1,0
87072,202_2_1,0
82588,202_2_1,0
84883,202_2_1,0
87252,202_2_1,0
84309,202_2_1,0
87071,202_2_1,0
84684,202_2_1,0
85464,202_2_1,0
83507,202_2_1,0
83900,202_2_1,0
86583,202_2_1,0
84685,202_2_1,0
81724,202_2_1,0
82929,202_2_1,0
82071,202_2_1,0
81524,202_2_1,0
81521,202_2_1,0
84506,202_2_1,0
86739,202_2_1,0
82263,202_2_1,0
83717,202_2_1,0
83312,202_2_1,0
84884,202_2_1,0
85466,202_2_1,0
86740,202_2_1,0
82769,202_2_1,0
17984,116_3_0,0
24660,116_3_0,0
31229,116_3_0,0
52380,116_3_0,0
52196,116_3_0,0
51116,116_3_0,0
49781,116_3_0,0
50150,116_3_0,0
50521,116_3_0,0
48908,116_3_0,0
47532,116_3_0,0
49782,116_3_0,0
51117,116_3_0,0
48281,116_3_0,0
197692,208_2_0,0
104173,208_2_0,0
102259,208_2_0,0
155234,310_3_1,0
160450,310_3_1,0
156887,310_3_1,0
160451,310_3_1,0
160452,310_3_1,0
44580,116_3_1,0
224528,922_4_0,0
223429,922_4_0,0
221709,922_4_0,0
215095,921_4_1,0
218877,921_4_1,0
218876,921_4_1,0
220215,921_4_1,0
221334,921_4_1,0
214722,921_4_1,0
89086,208_3_0,0
91798,208_3_0,0
89085,208_3_0,0
95312,208_3_0,0
98863,208_3_0,0
196979,305_3_0,0
199386,305_3_0,0
197349,305_3_0,0
196049,305_3_0,0
199202,305_3_0,0
197519,305_3_0,0
197351,305_3_0,0
199760,305_3_0,0
197350,305_3_0,0
153227,305_3_0,0
196977,208_2_1,0
196978,208_2_1,0
106233,208_2_1,0
105092,208_2_1,0
147145,305_4_0,0
141668,305_4_0,0
144668,305_4_0,0
146577,305_4_0,0
142049,305_4_0,0
147144,305_4_0,0
147512,305_4_0,0
146941,305_4_0,0
142246,305_4_0,0
151607,305_4_0,0
154315,305_4_0,0
97554,206_2_0,0
94950,206_2_0,0
94577,206_2_0,0
99396,206_2_0,0
94419,206_2_0,0
98310,206_2_0,0
96061,206_2_0,0
99041,206_2_0,0
97750,206_2_0,0
99974,206_2_0,0
100377,206_2_0,0
97751,206_2_0,0
96251,206_2_0,0
98864,206_2_0,0
97748,206_2_0,0
95870,206_2_0,0
99397,206_2_0,0
97135,206_2_0,0
149941,116_1_0,0
89083,116_1_0,0
89247,116_1_0,0
95674,116_1_0,0
95867,116_1_0,0
47531,116_1_0,0
50910,116_1_0,0
53102,116_1_0,0
53473,116_1_0,0
145053,303_3_1,0
147710,303_3_1,0
142054,303_3_1,0
142458,303_3_1,0
146943,303_3_1,0
146218,303_3_1,0
143565,303_3_1,0
147709,303_3_1,0
142654,303_3_1,0
142841,303_3_1,0
144112,303_3_1,0
42546,113_1_1,0
42132,113_1_1,0
44386,113_1_1,0
45306,113_1_1,0
46203,113_1_1,0
116496,213_2_0,0
114668,213_2_0,0
116877,213_2_0,0
116878,213_2_0,0
114875,213_2_0,0
119876,213_2_0,0
23956,108_4_0,0
25213,108_4_0,0
25941,108_4_0,0
58622,119_1_0,0
59231,119_1_0,0
55080,119_1_0,0
55270,119_1_0,0
55974,119_1_0,0
54902,119_1_0,0
59848,119_1_0,0
55806,119_1_0,0
56561,119_1_0,0
57891,119_1_0,0
57890,119_1_0,0
54556,119_1_0,0
57892,119_1_0,0
54373,119_1_0,0
59232,119_1_0,0
55269,119_1_0,0
55804,119_1_0,0
35721,111_1_1,0
34785,111_1_1,0
34410,111_1_1,0
36674,111_1_1,0
38371,111_1_1,0
35320,111_1_1,0
35513,111_1_1,0
34014,111_1_1,0
34409,111_1_1,0
36138,111_1_1,0
40235,111_1_1,0
155233,116_1_1,0
157807,116_1_1,0
48909,116_1_1,0
48106,116_1_1,0
235186,926_4_0,0
236311,926_4_0,0
237400,926_4_0,0
240280,926_4_0,0
236841,926_4_0,0
235380,926_4_0,0
238778,926_4_0,0
235953,926_4_0,0
237964,926_4_0,0
232430,925_4_1,0
230950,925_4_1,0
234110,925_4_1,0
234279,925_4_1,0
200873,913_4_0,0
196606,913_4_0,0
195494,913_4_0,0
196980,913_4_0,0
201260,913_4_0,0
194957,913_4_0,0
198030,913_4_0,0
196418,913_4_0,0
197520,913_4_0,0
199761,913_4_0,0
197880,913_4_0,0
198850,913_4_0,0
200874,913_4_0,0
198462,913_4_0,0
200512,913_4_0,0
195854,913_4_0,0
196420,913_4_0,0
199762,913_4_0,0
198249,913_4_0,0
200692,913_4_0,0
178291,325_3_1,0
179965,325_3_1,0
178642,325_3_1,0
175652,325_3_1,0
178645,325_3_1,0
181404,329_3_0,0
182536,329_3_0,0
183619,329_3_0,0
182172,329_3_0,0
185125,329_3_0,0
185123,329_3_0,0
184731,329_3_0,0
182903,329_3_0,0
185657,329_3_0,0
184919,329_3_0,0
186962,329_3_0,0
184153,329_3_0,0
182537,329_3_0,0
181794,329_3_0,0
185303,329_3_0,0
187838,329_3_0,0
182173,329_3_0,0
181607,329_3_0,0
185128,329_3_0,0
33083,110_1_0,0
32345,110_1_0,0
29302,110_1_0,0
28537,110_1_0,0
28931,110_1_0,0
30029,110_1_0,0
30995,110_1_0,0
33420,110_1_0,0
32516,110_1_0,0
30794,110_1_0,0
30241,110_1_0,0
28539,110_1_0,0
97136,206_2_1,0
95125,206_2_1,0
22979,108_1_1,0
9643,113_2_0,0
30025,113_2_0,0
30026,113_2_0,0
46767,113_2_0,0
40430,113_2_0,0
42338,113_2_0,0
40981,113_2_0,0
214565,919_4_0,0
212627,919_4_0,0
211177,919_4_0,0
210801,919_4_0,0
210060,919_4_0,0
208386,919_4_0,0
214222,919_4_0,0
213424,919_4_0,0
213830,919_4_0,0
213831,919_4_0,0
205826,918_4_1,0
204025,918_4_1,0
207673,918_4_1,0
202376,918_4_1,0
202175,918_4_1,0
202375,918_4_1,0
207674,918_4_1,0
202176,918_4_1,0
203835,918_4_1,0
202377,918_4_1,0
202174,918_4_1,0
203099,918_4_1,0
202011,918_4_1,0
203833,918_4_1,0
204360,918_4_1,0
205622,918_4_1,0
35919,113_2_1,0
35719,113_2_1,0
127834,216_2_0,0
128959,216_2_0,0
127661,216_2_0,0
128581,216_2_0,0
132113,216_2_0,0
130456,216_2_0,0
132112,216_2_0,0
134024,216_2_0,0
130632,216_2_0,0
132489,216_2_0,0
128031,216_2_0,0
127662,216_2_0,0
131026,216_2_0,0
123762,214_2_1,0
126094,214_2_1,0
123763,214_2_1,0
124654,214_2_1,0
123046,214_2_1,0
126683,214_2_1,0
121752,214_2_1,0
123582,214_2_1,0
123385,214_2_1,0
121214,214_2_1,0
124492,214_2_1,0
122127,214_2_1,0
123764,214_2_1,0
121931,214_2_1,0
121017,214_2_1,0
123948,214_2_1,0
60382,119_1_1,0
56742,119_1_1,0
13652,105_1_0,0
19469,105_1_0,0
18546,105_1_0,0
88543,204_2_0,0
90536,204_2_0,0
92515,204_2_0,0
92714,204_2_0,0
88352,204_2_0,0
89801,204_2_0,0
93866,204_2_0,0
88719,204_2_0,0
90900,204_2_0,0
93498,204_2_0,0
91612,204_2_0,0
89977,204_2_0,0
91459,204_2_0,0
9868,103_1_1,0
8891,103_1_1,0
12222,103_1_1,0
7356,103_1_1,0
12403,103_1_1,0
12934,103_1_1,0
13105,103_1_1,0
9096,103_1_1,0
7919,103_1_1,0
9869,103_1_1,0
10263,103_1_1,0
10615,103_1_1,0
9461,103_1_1,0
8133,103_1_1,0
11625,103_1_1,0
10617,103_1_1,0
8350,103_1_1,0
6992,103_1_1,0
8351,103_1_1,0
13268,103_1_1,0
60751,122_1_0,0
62842,122_1_0,0
62456,122_1_0,0
66218,122_1_0,0
61142,122_1_0,0
66783,122_1_0,0
66398,122_1_0,0
64687,122_1_0,0
63363,122_1_0,0
62269,122_1_0,0
174440,321_3_0,0
174240,321_3_0,0
171093,321_3_0,0
170162,321_3_0,0
173102,321_3_0,0
171256,321_3_0,0
169602,321_3_0,0
172536,321_3_0,0
171429,321_3_0,0
168325,321_3_0,0
170545,321_3_0,0
169414,321_3_0,0
168679,321_3_0,0
172535,321_3_0,0
173101,321_3_0,0
26123,108_1_0,0
21139,108_1_0,0
20941,108_1_0,0
24836,108_1_0,0
198642,913_4_1,0
197882,913_4_1,0
199387,913_4_1,0
197881,913_4_1,0
201263,913_4_1,0
197883,913_4_1,0
128583,216_2_1,0
128033,216_2_1,0
4994,101_1_1,0
3903,101_1_1,0
739,101_1_1,0
5372,101_1_1,0
4093,101_1_1,0
3904,101_1_1,0
4268,101_1_1,0
5915,101_1_1,0
2018,101_1_1,0
8542,103_1_0,0
8540,103_1_0,0
165239,316_3_1,0
163925,316_3_1,0
166297,316_3_1,0
164312,316_3_1,0
161164,316_3_1,0
167546,316_3_1,0
163926,316_3_1,0
162141,316_3_1,0
163071,316_3_1,0
166833,316_3_1,0
164673,316_3_1,0
162653,316_3_1,0
167545,316_3_1,0
162482,316_3_1,0
138226,219_2_0,0
137878,219_2_0,0
138983,219_2_0,0
139174,219_2_0,0
140257,219_2_0,0
139914,219_2_0,0
139555,219_2_0,0
137877,219_2_0,0
137668,219_2_0,0
138982,219_2_0,0
134988,219_2_0,0
139725,219_2_0,0
140089,219_2_0,0
139173,219_2_0,0
137670,219_2_0,0
139915,219_2_0,0
155235,310_3_0,0
154504,310_3_0,0
157070,310_3_0,0
160638,310_3_0,0
158226,310_3_0,0
160819,310_3_0,0
158612,310_3_0,0
156888,310_3_0,0
154503,310_3_0,0
156158,310_3_0,0
160993,310_3_0,0
32901,110_1_1,0
30795,110_1_1,0
33234,110_1_1,0
28538,110_1_1,0
31232,110_1_1,0
36675,111_1_0,0
37058,111_1_0,0
37820,111_1_0,0
60750,122_1_1,0
60752,122_1_1,0
159668,305_4_1,0
153415,305_4_1,0
153760,305_4_1,0
152704,305_4_1,0
148266,305_4_1,0
154151,305_4_1,0
152883,305_4_1,0
152703,305_4_1,0
19647,105_3_1,0
110853,210_2_1,0
107949,210_2_1,0
113125,210_2_1,0
109617,210_2_1,0
108329,210_2_1,0
107747,210_2_1,0
110857,210_2_1,0
113509,210_2_1,0
113508,210_2_1,0
112751,210_2_1,0
73339,125_1_0,0
67913,125_1_0,0
68660,125_1_0,0
70371,125_1_0,0
68325,125_1_0,0
70561,125_1_0,0
70967,125_1_0,0
71151,125_1_0,0
73340,125_1_0,0
69225,125_1_0,0
68326,125_1_0,0
69030,125_1_0,0
69784,125_1_1,0
79135,128_1_0,0
78216,128_1_0,0
79335,128_1_0,0
74813,128_1_0,0
78395,128_1_0,0
75925,128_1_0,0
76126,128_1_0,0
76328,128_1_0,0
79504,128_1_0,0
76896,128_1_0,0
77632,128_1_0,0
76327,128_1_0,0
79693,128_1_0,0
76127,128_1_0,0
78583,128_1_0,0
76699,128_1_0,0
75008,128_1_0,0
146579,303_3_0,0
144111,303_3_0,0
142842,303_3_0,0
142055,303_3_0,0
145220,303_3_0,0
147311,303_3_0,0
142250,303_3_0,0
145828,303_3_0,0
142459,303_3_0,0
143186,303_3_0,0
116698,213_2_1,0
114667,213_2_1,0
116697,213_2_1,0
119500,213_2_1,0
115811,213_2_1,0
116696,213_2_1,0
117256,213_2_1,0
120235,213_2_1,0
117455,213_2_1,0
120234,213_2_1,0
117062,213_2_1,0
116139,213_2_1,0
115053,213_2_1,0
120236,213_2_1,0
127491,214_2_0,0
122673,214_2_0,0
125581,214_2_0,0
125920,214_2_0,0
123583,214_2_0,0
124846,214_2_0,0
127270,214_2_0,0
202720,918_4_0,0
202721,918_4_0,0
202010,918_4_0,0
205433,918_4_0,0
201631,918_4_0,0
202551,918_4_0,0
85071,202_2_1,0
84311,202_2_1,0
80991,202_2_1,0
83902,202_2_1,0
84507,202_2_1,0
82930,202_2_1,0
84315,202_2_1,0
84313,202_2_1,0
84686,202_2_1,0
86003,202_2_1,0
82428,202_2_1,0
84509,202_2_1,0
81525,202_2_1,0
85636,202_2_1,0
86004,202_2_1,0
84886,202_2_1,0
87074,202_2_1,0
83901,202_2_1,0
86910,202_2_1,0
83903,202_2_1,0
175818,325_3_0,0
174654,325_3_0,0
179565,325_3_0,0
178290,325_3_0,0
176021,325_3_0,0
179771,325_3_0,0
177165,325_3_0,0
198641,305_3_1,0
153759,305_3_1,0
151430,305_3_1,0
164672,316_3_0,0
162654,316_3_0,0
167763,316_3_0,0
161367,316_3_0,0
163072,316_3_0,0
167187,316_3_0,0
162319,316_3_0,0
164853,316_3_0,0
161937,316_3_0,0
162140,316_3_0,0
17609,105_3_0,0
13468,105_3_0,0
114094,208_3_1,0
113313,208_3_1,0
113315,208_3_1,0
112749,208_3_1,0
113316,208_3_1,0
112748,208_3_1,0
112574,208_3_1,0
113314,208_3_1,0
93094,208_3_1,0
92712,208_3_1,0
92903,208_3_1,0
91088,208_3_1,0
94577,208_3_1,0
99396,208_3_1,0
94419,208_3_1,0
99041,208_3_1,0
97750,208_3_1,0
99974,208_3_1,0
100377,208_3_1,0
97751,208_3_1,0
97748,208_3_1,0
99397,208_3_1,0
106234,208_3_1,0
102258,208_3_1,0
104172,208_3_1,0
106435,208_3_1,0
103209,208_3_1,0
103421,208_3_1,0
102842,208_3_1,0
104738,208_3_1,0
102843,208_3_1,0
104739,208_3_1,0
104546,208_3_1,0
107190,208_3_1,0
173476,321_3_1,0
173475,321_3_1,0
168680,321_3_1,0
171599,321_3_1,0
170163,321_3_1,0
44197,113_2_1,0
45125,113_2_1,0
41937,113_2_1,0
42545,113_2_1,0
45307,113_2_1,0
41743,113_2_1,0
45124,113_2_1,0
42336,113_2_1,0
40828,113_2_1,0
41553,113_2_1,0
240101,926_4_1,0
235017,926_4_1,0
237595,926_4_1,0
237401,926_4_1,0
237755,926_4_1,0
239914,926_4_1,0
236840,926_4_1,0
237596,926_4_1,0
236839,926_4_1,0
239166,926_4_1,0
240102,926_4_1,0
235379,926_4_1,0
246811,928_4_0,0
241857,928_4_0,0
245691,928_4_0,0
242740,928_4_0,0
244214,928_4_0,0
246239,928_4_0,0
245313,928_4_0,0
242557,928_4_0,0
248117,928_4_0,0
245503,928_4_0,0
243287,928_4_0,0
243868,928_4_0,0
243286,928_4_0,0
245314,928_4_0,0
246238,928_4_0,0
248115,928_4_0,0
247706,928_4_0,0
244403,928_4_0,0
244050,928_4_0,0
247525,928_4_0,0
30994,116_3_1,0
30993,116_3_1,0
37819,116_3_1,0
47342,116_3_1,0
53662,116_3_1,0
48488,116_3_1,0
49436,116_3_1,0
49624,116_3_1,0
50323,116_3_1,0
47163,116_3_1,0
49435,116_3_1,0
52381,116_3_1,0
53663,116_3_1,0
53287,116_3_1,0
51663,116_3_1,0
48107,116_3_1,0
47165,116_3_1,0
47529,116_3_1,0
210426,919_4_1,0
213423,919_4_1,0
214391,919_4_1,0
212628,919_4_1,0
208942,919_4_1,0
213623,919_4_1,0
18373,116_3_0,0
31427,116_3_0,0
31620,116_3_0,0
31230,116_3_0,0
31619,116_3_0,0
38565,116_3_0,0
190452,909_4_1,0
190276,909_4_1,0
191021,909_4_1,0
188033,909_4_1,0
194365,909_4_1,0
190275,909_4_1,0
188227,909_4_1,0
189565,909_4_1,0
189566,909_4_1,0
189005,909_4_1,0
188609,909_4_1,0
191783,909_4_1,0
194018,909_4_1,0
190111,909_4_1,0
193072,909_4_1,0
190112,909_4_1,0
191391,909_4_1,0
160992,310_3_1,0
154702,310_3_1,0
155784,310_3_1,0
156699,310_3_1,0
105845,208_2_0,0
220967,921_4_0,0
219049,921_4_0,0
217135,921_4_0,0
218257,921_4_0,0
217692,921_4_0,0
218459,921_4_0,0
221335,921_4_0,0
216568,921_4_0,0
220966,921_4_0,0
215482,921_4_0,0
218458,921_4_0,0
216038,921_4_0,0
221337,921_4_0,0
215484,921_4_0,0
219246,921_4_0,0
221338,921_4_0,0
217499,921_4_0,0
219050,921_4_0,0
89426,208_3_0,0
92165,208_3_0,0
91797,208_3_0,0
98310,208_3_0,0
96061,208_3_0,0
98864,208_3_0,0
95870,208_3_0,0
12219,108_4_0,0
19843,108_4_0,0
20018,108_4_0,0
19646,108_4_0,0
26512,108_4_0,0
22978,108_4_0,0
21140,108_4_0,0
24835,108_4_0,0
25214,108_4_0,0
22053,108_4_0,0
26680,108_4_0,0
25765,108_4_0,0
22595,108_4_0,0
152525,305_3_0,0
148267,305_3_0,0
153226,305_3_0,0
151231,305_3_0,0
231512,925_4_0,0
228368,925_4_0,0
231871,925_4_0,0
232630,925_4_0,0
232258,925_4_0,0
233369,925_4_0,0
232052,925_4_0,0
233724,925_4_0,0
229261,925_4_0,0
234442,925_4_0,0
231131,925_4_0,0
156523,116_1_0,0
156155,116_1_0,0
156520,116_1_0,0
89086,116_1_0,0
89085,116_1_0,0
50151,116_1_0,0
88351,113_1_1,0
88349,113_1_1,0
88152,113_1_1,0
46202,113_1_1,0
46557,113_1_1,0
221904,922_4_1,0
227795,922_4_1,0
221903,922_4_1,0
225241,922_4_1,0
226178,922_4_1,0
221900,922_4_1,0
227053,922_4_1,0
221901,922_4_1,0
223999,922_4_1,0
225614,922_4_1,0
226490,922_4_1,0
227235,922_4_1,0
225616,922_4_1,0
227611,922_4_1,0
222829,922_4_1,0
227054,922_4_1,0
223221,922_4_1,0
222487,922_4_1,0
227794,922_4_1,0
224529,922_4_1,0
158012,116_1_1,0
157603,116_1_1,0
157808,116_1_1,0
47530,116_1_1,0
49625,116_1_1,0
37436,111_1_1,0
38944,111_1_1,0
36863,111_1_1,0
39511,111_1_1,0
33628,111_1_1,0
36477,111_1_1,0
34411,111_1_1,0
35722,111_1_1,0
34195,111_1_1,0
36139,111_1_1,0
39879,111_1_1,0
36676,111_1_1,0
38370,111_1_1,0
35512,111_1_1,0
156698,208_2_1,0
156697,208_2_1,0
143563,208_2_1,0
143562,208_2_1,0
196979,208_2_1,0
197349,208_2_1,0
197351,208_2_1,0
197350,208_2_1,0
103025,208_2_1,0
54554,119_1_0,0
55805,119_1_0,0
57893,119_1_0,0
59647,119_1_0,0
58627,119_1_0,0
60031,119_1_0,0
54903,119_1_0,0
108873,113_1_0,0
111832,113_1_0,0
97945,206_2_0,0
96759,206_2_0,0
97944,206_2_0,0
96594,206_2_0,0
99783,206_2_0,0
95869,206_2_0,0
95126,206_2_0,0
96418,206_2_0,0
100581,206_2_0,0
100376,206_2_0,0
95675,206_2_0,0
95124,206_2_0,0
224878,922_4_0,0
225615,922_4_0,0
26514,108_1_1,0
146580,303_3_1,0
141860,303_3_1,0
30028,110_1_0,0
32717,110_1_0,0
32716,110_1_0,0
30996,110_1_0,0
27235,110_1_0,0
30604,110_1_0,0
29690,110_1_0,0
28540,110_1_0,0
27044,110_1_0,0
27595,110_1_0,0
32347,110_1_0,0
30997,110_1_0,0
30027,110_1_0,0
30605,110_1_0,0
218258,921_4_1,0
217873,921_4_1,0
221336,921_4_1,0
215483,921_4_1,0
216202,921_4_1,0
218457,921_4_1,0
221174,921_4_1,0
216756,921_4_1,0
117255,213_2_0,0
117254,213_2_0,0
117454,213_2_0,0
115973,213_2_0,0
118968,213_2_0,0
117830,213_2_0,0
119877,213_2_0,0
114471,213_2_0,0
117829,213_2_0,0
115437,213_2_0,0
119161,213_2_0,0
175435,325_3_1,0
178993,325_3_1,0
175240,325_3_1,0
178643,325_3_1,0
179190,325_3_1,0
178992,325_3_1,0
175022,325_3_1,0
180162,325_3_1,0
179564,325_3_1,0
181075,325_3_1,0
180160,325_3_1,0
14638,105_1_0,0
15947,105_1_0,0
17063,105_1_0,0
17810,105_1_0,0
15754,105_1_0,0
19094,105_1_0,0
18918,105_1_0,0
15353,105_1_0,0
17809,105_1_0,0
17811,105_1_0,0
61315,122_1_0,0
64483,122_1_0,0
61528,122_1_0,0
61714,122_1_0,0
63364,122_1_0,0
65039,122_1_0,0
61316,122_1_0,0
96250,206_2_1,0
99975,206_2_1,0
18742,108_4_1,0
18546,108_4_1,0
25580,108_4_1,0
160450,305_4_0,0
160451,305_4_0,0
160452,305_4_0,0
147146,305_4_0,0
142052,305_4_0,0
144859,305_4_0,0
147310,305_4_0,0
147309,305_4_0,0
142053,305_4_0,0
142249,305_4_0,0
144670,305_4_0,0
149571,305_4_0,0
147874,305_4_0,0
184154,329_3_0,0
185127,329_3_0,0
186770,329_3_0,0
185302,329_3_0,0
186041,329_3_0,0
183283,329_3_0,0
184342,329_3_0,0
185658,329_3_0,0
182732,329_3_0,0
186771,329_3_0,0
182174,329_3_0,0
182538,329_3_0,0
186042,329_3_0,0
182731,329_3_0,0
186226,329_3_0,0
55975,119_1_1,0
60032,119_1_1,0
58830,119_1_1,0
55268,119_1_1,0
7355,103_1_1,0
9281,103_1_1,0
8541,103_1_1,0
11833,103_1_1,0
10429,103_1_1,0
8890,103_1_1,0
12402,103_1_1,0
10815,103_1_1,0
8352,103_1_1,0
7542,103_1_1,0
10053,103_1_1,0
8353,103_1_1,0
10616,103_1_1,0
6810,103_1_0,0
29302,113_2_1,0
28931,113_2_1,0
1833,101_1_1,0
1648,101_1_1,0
4092,101_1_1,0
1093,101_1_1,0
2958,101_1_1,0
23,101_1_1,0
4798,101_1_1,0
22,101_1_1,0
4628,101_1_1,0
4094,101_1_1,0
5716,101_1_1,0
2386,101_1_1,0
26513,108_1_0,0
25034,108_1_0,0
22428,108_1_0,0
17062,113_2_0,0
23169,113_2_0,0
30029,113_2_0,0
30241,113_2_0,0
36675,113_2_0,0
37058,113_2_0,0
37059,111_1_0,0
34196,111_1_0,0
39329,111_1_0,0
37057,111_1_0,0
39689,111_1_0,0
35321,111_1_0,0
39512,111_1_0,0
131027,216_2_0,0
132301,216_2_0,0
133433,216_2_0,0
131764,216_2_0,0
129511,216_2_0,0
128032,216_2_0,0
130835,216_2_0,0
131578,216_2_0,0
134208,216_2_0,0
134209,216_2_0,0
128771,216_2_0,0
133051,216_2_0,0
129510,216_2_0,0
127663,216_2_0,0
132659,216_2_0,0
129322,216_2_0,0
133434,216_2_0,0
130455,216_2_0,0
133050,216_2_0,0
25211,108_4_1,0
4458,101_1_0,0
1299,101_1_0,0
4993,101_1_0,0
229850,925_4_1,0
228889,925_4_1,0
229463,925_4_1,0
234111,925_4_1,0
229461,925_4_1,0
232431,925_4_1,0
232051,925_4_1,0
230578,925_4_1,0
27236,110_1_1,0
30240,110_1_1,0
28930,110_1_1,0
30603,110_1_1,0
27045,110_1_1,0
27043,110_1_1,0
125748,214_2_1,0
124307,214_2_1,0
121559,214_2_1,0
125747,214_2_1,0
124491,214_2_1,0
121930,214_2_1,0
121213,214_2_1,0
124493,214_2_1,0
123581,214_2_1,0
238966,926_4_0,0
240100,926_4_0,0
236838,926_4_0,0
238779,926_4_0,0
235954,926_4_0,0
195496,913_4_0,0
194755,913_4_0,0
201262,913_4_0,0
196801,913_4_0,0
198851,913_4_0,0
194756,913_4_0,0
194958,913_4_0,0
195855,913_4_0,0
196981,913_4_0,0
195857,913_4_0,0
200511,913_4_0,0
200334,913_4_0,0
199203,913_4_0,0
196050,913_4_0,0
200333,913_4_0,0
199018,913_4_0,0
200134,913_4_0,0
196607,913_4_0,0
201261,913_4_0,0
200133,913_4_0,0
200875,913_4_0,0
88154,204_2_0,0
91458,204_2_0,0
92516,204_2_0,0
89800,204_2_0,0
93865,204_2_0,0
89427,204_2_0,0
89976,204_2_0,0
93299,204_2_0,0
92166,204_2_0,0
89087,204_2_0,0
93867,204_2_0,0
87953,204_2_0,0
93095,204_2_0,0
19469,108_4_0,0
128399,216_2_1,0
167186,316_3_1,0
163924,316_3_1,0
162481,316_3_1,0
165402,316_3_1,0
163286,316_3_1,0
165063,316_3_1,0
163515,316_3_1,0
164492,316_3_1,0
165062,316_3_1,0
165401,316_3_1,0
167762,316_3_1,0
161561,316_3_1,0
162483,316_3_1,0
165064,316_3_1,0
161936,316_3_1,0
162320,316_3_1,0
60951,122_1_1,0
159846,310_3_0,0
154897,310_3_0,0
159670,310_3_0,0
158613,310_3_0,0
160637,310_3_0,0
158780,310_3_0,0
156524,310_3_0,0
169983,321_3_0,0
172361,321_3_0,0
170907,321_3_0,0
174239,321_3_0,0
173295,321_3_0,0
174441,321_3_0,0
168326,321_3_0,0
173678,321_3_0,0
69031,125_1_0,0
70966,125_1_0,0
73924,125_1_0,0
72068,125_1_0,0
70744,125_1_0,0
70743,125_1_0,0
70746,125_1_0,0
72069,125_1_0,0
73168,125_1_0,0
72449,125_1_0,0
69978,125_1_0,0
70745,125_1_0,0
70965,125_1_0,0
72070,125_1_0,0
69028,125_1_0,0
71316,125_1_0,0
71719,125_1_0,0
67914,125_1_0,0
137666,219_2_0,0
135534,219_2_0,0
137665,219_2_0,0
135535,219_2_0,0
136277,219_2_0,0
135163,219_2_0,0
139556,219_2_0,0
138227,219_2_0,0
136278,219_2_0,0
134597,219_2_0,0
140088,219_2_0,0
135704,219_2_0,0
139913,219_2_0,0
137667,219_2_0,0
139361,219_2_0,0
140784,219_2_0,0
137669,219_2_0,0
140976,219_2_0,0
140256,219_2_0,0
134987,219_2_0,0
137879,219_2_0,0
139172,219_2_0,0
136658,219_2_0,0
135347,219_2_0,0
135346,219_2_0,0
135345,219_2_0,0
135344,219_2_0,0
139360,219_2_0,0
139726,219_2_0,0
74281,128_1_0,0
78777,128_1_0,0
78217,128_1_0,0
78778,128_1_0,0
78024,128_1_0,0
76895,128_1_0,0
78218,128_1_0,0
79134,128_1_0,0
75401,128_1_0,0
79133,128_1_0,0
78025,128_1_0,0
79875,128_1_0,0
80099,128_1_0,0
77823,128_1_0,0
79876,128_1_0,0
75206,128_1_0,0
74101,128_1_0,0
76508,128_1_0,0
202012,918_4_1,0
201810,918_4_1,0
207313,918_4_1,0
206194,918_4_1,0
207863,918_4_1,0
205432,918_4_1,0
201633,918_4_1,0
207475,918_4_1,0
205827,918_4_1,0
205246,918_4_1,0
207862,918_4_1,0
203493,918_4_1,0
204896,918_4_1,0
202009,918_4_1,0
201632,918_4_1,0
202550,918_4_1,0
207675,918_4_1,0
203664,918_4_1,0
203834,918_4_1,0
208581,919_4_0,0
211523,919_4_0,0
208385,919_4_0,0
212065,919_4_0,0
214392,919_4_0,0
209490,919_4_0,0
213622,919_4_0,0
211524,919_4_0,0
211178,919_4_0,0
214390,919_4_0,0
213229,919_4_0,0
214221,919_4_0,0
209140,919_4_0,0
212233,919_4_0,0
210800,919_4_0,0
211525,919_4_0,0
209856,919_4_0,0
212433,919_4_0,0
107746,210_2_1,0
110855,210_2_1,0
109220,210_2_1,0
113899,210_2_1,0
109794,210_2_1,0
108328,210_2_1,0
108697,210_2_1,0
109973,210_2_1,0
110856,210_2_1,0
108698,210_2_1,0
107534,210_2_1,0
112577,210_2_1,0
111236,210_2_1,0
112000,210_2_1,0
112752,210_2_1,0
111833,210_2_1,0
113126,210_2_1,0
109042,210_2_1,0
113714,210_2_1,0
110854,210_2_1,0
113715,210_2_1,0
109221,210_2_1,0
18375,105_3_1,0
15000,105_3_1,0
199019,913_4_1,0
200691,913_4_1,0
195856,913_4_1,0
109222,210_2_0,0
109427,210_2_0,0
119162,213_2_1,0
117456,213_2_1,0
120648,213_2_1,0
117453,213_2_1,0
116876,213_2_1,0
117063,213_2_1,0
115625,213_2_1,0
119506,213_2_1,0
115057,213_2_1,0
116332,213_2_1,0
120845,213_2_1,0
118234,213_2_1,0
118235,213_2_1,0
120846,213_2_1,0
114278,213_2_1,0
117258,213_2_1,0
127064,214_2_0,0
122852,214_2_0,0
124128,214_2_0,0
125582,214_2_0,0
121753,214_2_0,0
127071,214_2_0,0
126686,214_2_0,0
147708,303_3_0,0
142460,303_3_0,0
147147,303_3_0,0
144492,303_3_0,0
143010,303_3_0,0
141859,303_3_0,0
142251,303_3_0,0
142062,303_3_0,0
146765,303_3_0,0
147316,303_3_0,0
145056,303_3_0,0
145629,303_3_0,0
144314,303_3_0,0
141864,303_3_0,0
141868,303_3_0,0
144113,303_3_0,0
147717,303_3_0,0
146396,305_4_1,0
149773,305_4_1,0
148626,305_4_1,0
148072,305_4_1,0
152531,305_4_1,0
150299,305_4_1,0
153595,305_4_1,0
148820,305_4_1,0
153593,305_4_1,0
151064,305_4_1,0
153232,305_4_1,0
151439,305_4_1,0
149576,305_4_1,0
148819,305_4_1,0
148440,305_4_1,0
149578,305_4_1,0
148816,305_4_1,0
153970,305_4_1,0
169984,321_3_1,0
171600,321_3_1,0
171811,321_3_1,0
174076,321_3_1,0
174246,321_3_1,0
174247,321_3_1,0
174079,321_3_1,0
173107,321_3_1,0
167957,321_3_1,0
172366,321_3_1,0
170746,321_3_1,0
171604,321_3_1,0
168884,321_3_1,0
170747,321_3_1,0
169990,321_3_1,0
167963,321_3_1,0
169988,321_3_1,0
168509,321_3_1,0
16873,113_2_0,0
30028,113_2_0,0
30027,113_2_0,0
37059,113_2_0,0
37057,113_2_0,0
43115,113_2_0,0
40633,113_2_0,0
43116,113_2_0,0
44951,113_2_0,0
44393,113_2_0,0
40833,113_2_0,0
41939,113_2_0,0
46562,113_2_0,0
45654,113_2_0,0
41747,113_2_0,0
45126,113_2_0,0
46393,113_2_0,0
40831,113_2_0,0
111450,208_3_1,0
92515,208_3_1,0
92714,208_3_1,0
93866,208_3_1,0
93498,208_3_1,0
97945,208_3_1,0
97944,208_3_1,0
99783,208_3_1,0
100581,208_3_1,0
100376,208_3_1,0
102844,208_3_1,0
101312,208_3_1,0
101311,208_3_1,0
102841,208_3_1,0
104547,208_3_1,0
101892,208_3_1,0
105487,208_3_1,0
107191,208_3_1,0
103990,208_3_1,0
106624,208_3_1,0
105488,208_3_1,0
101891,208_3_1,0
102069,208_3_1,0
102657,208_3_1,0
104375,208_3_1,0
107195,208_3_1,0
106238,208_3_1,0
105495,208_3_1,0
101705,208_3_1,0
103028,208_3_1,0
100938,208_3_1,0
102456,208_3_1,0
101708,208_3_1,0
102075,208_3_1,0
106042,208_3_1,0
106625,208_3_1,0
101133,208_3_1,0
103213,208_3_1,0
103030,208_3_1,0
101893,208_3_1,0
29690,113_2_1,0
81889,202_2_1,0
85828,202_2_1,0
84314,202_2_1,0
85270,202_2_1,0
84312,202_2_1,0
81726,202_2_1,0
81350,202_2_1,0
87073,202_2_1,0
83134,202_2_1,0
84508,202_2_1,0
81895,202_2_1,0
81532,202_2_1,0
81360,202_2_1,0
85074,202_2_1,0
83721,202_2_1,0
83508,202_2_1,0
85470,202_2_1,0
83137,202_2_1,0
87078,202_2_1,0
80827,202_2_1,0
85472,202_2_1,0
81733,202_2_1,0
83139,202_2_1,0
80826,202_2_1,0
85830,202_2_1,0
80997,202_2_1,0
180528,325_3_0,0
178644,325_3_0,0
179189,325_3_0,0
175021,325_3_0,0
174835,325_3_0,0
177695,325_3_0,0
180161,325_3_0,0
176214,325_3_0,0
175020,325_3_0,0
177694,325_3_0,0
174657,325_3_0,0
179569,325_3_0,0
180352,325_3_0,0
178649,325_3_0,0
180888,325_3_0,0
176982,325_3_0,0
176628,325_3_0,0
179776,325_3_0,0
179969,325_3_0,0
179775,325_3_0,0
175824,325_3_0,0
179191,325_3_0,0
181084,325_3_0,0
180892,325_3_0,0
15538,105_3_1,0
20020,105_3_1,0
14440,105_3_1,0
18382,105_3_1,0
17071,105_3_1,0
13470,105_3_1,0
19651,105_3_1,0
19101,105_3_1,0
15179,105_3_1,0
20028,105_3_1,0
14057,105_3_1,0
19648,105_3_1,0
163285,316_3_0,0
162317,316_3_0,0
167544,316_3_0,0
162148,316_3_0,0
161572,316_3_0,0
165946,316_3_0,0
165573,316_3_0,0
163074,316_3_0,0
167016,316_3_0,0
167769,316_3_0,0
161165,316_3_0,0
161167,316_3_0,0
167010,316_3_0,0
167771,316_3_0,0
166665,316_3_0,0
161569,316_3_0,0
164856,316_3_0,0
164122,316_3_0,0
161566,316_3_0,0
163289,316_3_0,0
161370,316_3_0,0
30992,116_3_1,0
30995,116_3_1,0
37820,116_3_1,0
50522,116_3_1,0
52929,116_3_1,0
47162,116_3_1,0
50909,116_3_1,0
47164,116_3_1,0
53664,116_3_1,0
47528,116_3_1,0
47905,116_3_1,0
50523,116_3_1,0
48105,116_3_1,0
49256,116_3_1,0
52734,116_3_1,0
47347,116_3_1,0
50153,116_3_1,0
48915,116_3_1,0
51314,116_3_1,0
51120,116_3_1,0
50524,116_3_1,0
52737,116_3_1,0
48284,116_3_1,0
51311,116_3_1,0
51832,116_3_1,0
47348,116_3_1,0
53665,116_3_1,0
53103,116_3_1,0
49973,116_3_1,0
51827,116_3_1,0
48916,116_3_1,0
51830,116_3_1,0
52932,116_3_1,0
155062,310_3_1,0
156700,310_3_1,0
157412,310_3_1,0
157815,310_3_1,0
154707,310_3_1,0
158783,310_3_1,0
157075,310_3_1,0
157814,310_3_1,0
157605,310_3_1,0
158973,310_3_1,0
160643,310_3_1,0
159133,310_3_1,0
155592,310_3_1,0
156160,310_3_1,0
157265,310_3_1,0
157410,310_3_1,0
159489,310_3_1,0
156527,310_3_1,0
155594,310_3_1,0
159491,310_3_1,0
159319,310_3_1,0
156164,310_3_1,0
155063,310_3_1,0
157261,310_3_1,0
156895,310_3_1,0
160998,310_3_1,0
160045,310_3_1,0
88350,113_1_1,0
88347,113_1_1,0
88153,113_1_1,0
46390,113_1_1,0
42551,113_1_1,0
45646,113_1_1,0
45127,113_1_1,0
46027,113_1_1,0
42136,113_1_1,0
46026,113_1_1,0
46970,113_1_1,0
44952,113_1_1,0
46391,113_1_1,0
43638,113_1_1,0
11013,116_3_0,0
17808,116_3_0,0
111832,116_3_0,0
106437,208_2_0,0
102848,208_2_0,0
102849,208_2_0,0
105686,208_2_0,0
103631,208_2_0,0
105496,208_2_0,0
143009,116_1_0,0
156156,116_1_0,0
89426,116_1_0,0
96061,116_1_0,0
95870,116_1_0,0
37236,111_1_1,0
37633,111_1_1,0
33826,111_1_1,0
33633,111_1_1,0
34019,111_1_1,0
39516,111_1_1,0
39517,111_1_1,0
39696,111_1_1,0
36478,111_1_1,0
38211,111_1_1,0
37061,111_1_1,0
35148,111_1_1,0
35518,111_1_1,0
34199,111_1_1,0
204897,918_4_0,0
203494,918_4_0,0
204550,918_4_0,0
202918,918_4_0,0
203670,918_4_0,0
206010,918_4_0,0
203496,918_4_0,0
205832,918_4_0,0
207145,918_4_0,0
202917,918_4_0,0
202722,918_4_0,0
203841,918_4_0,0
203669,918_4_0,0
204362,918_4_0,0
204721,918_4_0,0
202724,918_4_0,0
202381,918_4_0,0
206196,918_4_0,0
205828,918_4_0,0
206370,918_4_0,0
201816,918_4_0,0
204552,918_4_0,0
207676,918_4_0,0
203838,918_4_0,0
202382,918_4_0,0
202552,918_4_0,0
201635,918_4_0,0
206954,918_4_0,0
201640,918_4_0,0
204366,918_4_0,0
205437,918_4_0,0
205249,918_4_0,0
205434,918_4_0,0
155588,116_1_1,0
158013,116_1_1,0
158225,116_1_1,0
51118,116_1_1,0
53294,116_1_1,0
88719,208_3_0,0
91612,208_3_0,0
91459,208_3_0,0
95869,208_3_0,0
95675,208_3_0,0
105853,208_3_0,0
104917,208_3_0,0
103424,208_3_0,0
104740,208_3_0,0
104180,208_3_0,0
58272,119_1_0,0
55621,119_1_0,0
55450,119_1_0,0
60381,119_1_0,0
54555,119_1_0,0
55807,119_1_0,0
57894,119_1_0,0
59013,119_1_0,0
55081,119_1_0,0
57294,119_1_0,0
56939,119_1_0,0
57699,119_1_0,0
57698,119_1_0,0
58273,119_1_0,0
56563,119_1_0,0
56748,119_1_0,0
57700,119_1_0,0
55275,119_1_0,0
59651,119_1_0,0
57114,119_1_0,0
58278,119_1_0,0
54374,119_1_0,0
55808,119_1_0,0
56564,119_1_0,0
54735,119_1_0,0
54907,119_1_0,0
58835,119_1_0,0
56374,119_1_0,0
54208,119_1_0,0
54378,119_1_0,0
55453,119_1_0,0
55980,119_1_0,0
57896,119_1_0,0
55455,119_1_0,0
55809,119_1_0,0
59849,119_1_0,0
54205,119_1_0,0
55276,119_1_0,0
55279,119_1_0,0
57112,119_1_0,0
54376,119_1_0,0
44587,113_1_0,0
42727,113_1_0,0
46209,113_1_0,0
40434,113_1_0,0
44954,113_1_0,0
40634,113_1_0,0
196980,305_3_0,0
197520,305_3_0,0
199761,305_3_0,0
199762,305_3_0,0
149580,305_3_0,0
151435,305_3_0,0
150522,305_3_0,0
152339,305_3_0,0
148442,305_3_0,0
148073,305_3_0,0
151072,305_3_0,0
150691,305_3_0,0
150692,305_3_0,0
153764,305_3_0,0
148268,305_3_0,0
150521,305_3_0,0
149181,305_3_0,0
152528,305_3_0,0
147878,305_3_0,0
150135,305_3_0,0
151238,305_3_0,0
148627,305_3_0,0
20942,108_1_1,0
21138,108_1_1,0
22050,108_1_1,0
24662,108_1_1,0
20943,108_1_1,0
22051,108_1_1,0
26310,108_1_1,0
25764,108_1_1,0
22250,108_1_1,0
21882,108_1_1,0
20205,108_1_1,0
24130,108_1_1,0
20950,108_1_1,0
26681,108_1_1,0
21697,108_1_1,0
22602,108_1_1,0
20564,108_1_1,0
26516,108_1_1,0
24484,108_1_1,0
22783,108_1_1,0
21705,108_1_1,0
23173,108_1_1,0
24319,108_1_1,0
21143,108_1_1,0
24839,108_1_1,0
25769,108_1_1,0
22597,108_1_1,0
26515,108_1_1,0
23766,108_1_1,0
20948,108_1_1,0
21326,108_1_1,0
25770,108_1_1,0
25582,108_1_1,0
22781,108_1_1,0
21147,108_1_1,0
23360,108_1_1,0
20744,108_1_1,0
22248,108_1_1,0
23765,108_1_1,0
20745,108_1_1,0
23170,108_1_1,0
25037,108_1_1,0
25041,108_1_1,0
25395,108_1_1,0
25772,108_1_1,0
24666,108_1_1,0
20747,108_1_1,0
21148,108_1_1,0
25585,108_1_1,0
24318,108_1_1,0
26686,108_1_1,0
31428,110_1_0,0
27046,110_1_0,0
30030,110_1_0,0
32346,110_1_0,0
28326,110_1_0,0
31622,110_1_0,0
29118,110_1_0,0
31781,110_1_0,0
32350,110_1_0,0
32903,110_1_0,0
28934,110_1_0,0
30610,110_1_0,0
32721,110_1_0,0
27238,110_1_0,0
32353,110_1_0,0
31430,110_1_0,0
30607,110_1_0,0
30796,110_1_0,0
32904,110_1_0,0
32153,110_1_0,0
30609,110_1_0,0
30245,110_1_0,0
31790,110_1_0,0
30797,110_1_0,0
32722,110_1_0,0
32354,110_1_0,0
30246,110_1_0,0
30424,110_1_0,0
32352,110_1_0,0
29862,110_1_0,0
30035,110_1_0,0
31782,110_1_0,0
32351,110_1_0,0
28933,110_1_0,0
33084,110_1_0,0
27596,110_1_0,0
28541,110_1_0,0
32521,110_1_0,0
32522,110_1_0,0
31003,110_1_0,0
30244,110_1_0,0
27237,110_1_0,0
31784,110_1_0,0
28937,110_1_0,0
31976,110_1_0,0
31783,110_1_0,0
30998,110_1_0,0
30034,110_1_0,0
31000,110_1_0,0
31005,110_1_0,0
32718,110_1_0,0
244578,928_4_0,0
244754,928_4_0,0
244579,928_4_0,0
242556,928_4_0,0
241656,928_4_0,0
248116,928_4_0,0
246044,928_4_0,0
243867,928_4_0,0
243104,928_4_0,0
242010,928_4_0,0
246045,928_4_0,0
244215,928_4_0,0
241655,928_4_0,0
242739,928_4_0,0
246982,928_4_0,0
242555,928_4_0,0
246981,928_4_0,0
245867,928_4_0,0
246819,928_4_0,0
244405,928_4_0,0
244585,928_4_0,0
241858,928_4_0,0
241662,928_4_0,0
244954,928_4_0,0
243292,928_4_0,0
244957,928_4_0,0
243107,928_4_0,0
248120,928_4_0,0
247530,928_4_0,0
246626,928_4_0,0
244219,928_4_0,0
246047,928_4_0,0
247527,928_4_0,0
247348,928_4_0,0
245316,928_4_0,0
247707,928_4_0,0
242361,928_4_0,0
246049,928_4_0,0
245873,928_4_0,0
243873,928_4_0,0
245507,928_4_0,0
243468,928_4_0,0
247169,928_4_0,0
244583,928_4_0,0
244056,928_4_0,0
244761,928_4_0,0
245692,928_4_0,0
244217,928_4_0,0
245874,928_4_0,0
247174,928_4_0,0
241862,928_4_0,0
244055,928_4_0,0
245139,928_4_0,0
247173,928_4_0,0
245505,928_4_0,0
246622,928_4_0,0
243871,928_4_0,0
216945,921_4_0,0
221333,921_4_0,0
216755,921_4_0,0
216037,921_4_0,0
219247,921_4_0,0
217874,921_4_0,0
216036,921_4_0,0
217136,921_4_0,0
216402,921_4_0,0
220968,921_4_0,0
218073,921_4_0,0
218658,921_4_0,0
216204,921_4_0,0
215668,921_4_0,0
221339,921_4_0,0
216574,921_4_0,0
219818,921_4_0,0
214727,921_4_0,0
219820,921_4_0,0
218657,921_4_0,0
217695,921_4_0,0
216398,921_4_0,0
215302,921_4_0,0
215297,921_4_0,0
217322,921_4_0,0
216571,921_4_0,0
217693,921_4_0,0
218261,921_4_0,0
215097,921_4_0,0
217875,921_4_0,0
218263,921_4_0,0
219822,921_4_0,0
217138,921_4_0,0
220969,921_4_0,0
220782,921_4_0,0
216403,921_4_0,0
215485,921_4_0,0
100375,206_2_0,0
95868,206_2_0,0
95313,206_2_0,0
97749,206_2_0,0
94758,206_2_0,0
100151,206_2_0,0
94951,206_2_0,0
96422,206_2_0,0
95873,206_2_0,0
97142,206_2_0,0
96253,206_2_0,0
94053,206_2_0,0
96070,206_2_0,0
95871,206_2_0,0
98311,206_2_0,0
100379,206_2_0,0
94420,206_2_0,0
96597,206_2_0,0
95133,206_2_0,0
99407,206_2_0,0
96069,206_2_0,0
95506,206_2_0,0
96260,206_2_0,0
95128,206_2_0,0
99403,206_2_0,0
97752,206_2_0,0
97556,206_2_0,0
97754,206_2_0,0
99981,206_2_0,0
95131,206_2_0,0
99786,206_2_0,0
97946,206_2_0,0
95314,206_2_0,0
95876,206_2_0,0
95130,206_2_0,0
97948,206_2_0,0
95505,206_2_0,0
98868,206_2_0,0
94424,206_2_0,0
94057,206_2_0,0
96598,206_2_0,0
94251,206_2_0,0
98314,206_2_0,0
98684,206_2_0,0
98685,206_2_0,0
99980,206_2_0,0
97555,206_2_0,0
97560,206_2_0,0
94422,206_2_0,0
98117,206_2_0,0
96762,206_2_0,0
98686,206_2_0,0
97138,206_2_0,0
97950,206_2_0,0
100582,206_2_0,0
96257,206_2_0,0
96421,206_2_0,0
94953,206_2_0,0
99582,206_2_0,0
99785,206_2_0,0
99400,206_2_0,0
94247,206_2_0,0
96595,206_2_0,0
100380,206_2_0,0
96063,206_2_0,0
102659,208_2_1,0
103212,208_2_1,0
101317,208_2_1,0
106438,208_2_1,0
105851,208_2_1,0
106996,208_2_1,0
105290,208_2_1,0
104176,208_2_1,0
101702,208_2_1,0
101314,208_2_1,0
100754,208_2_1,0
105491,208_2_1,0
101316,208_2_1,0
104183,208_2_1,0
101501,208_2_1,0
241478,926_4_1,0
236842,926_4_1,0
240686,926_4_1,0
239167,926_4_1,0
238967,926_4_1,0
240103,926_4_1,0
241283,926_4_1,0
234823,926_4_1,0
241291,926_4_1,0
239733,926_4_1,0
237202,926_4_1,0
235955,926_4_1,0
238975,926_4_1,0
239734,926_4_1,0
241285,926_4_1,0
236134,926_4_1,0
237759,926_4_1,0
238974,926_4_1,0
237207,926_4_1,0
236843,926_4_1,0
239735,926_4_1,0
235020,926_4_1,0
235021,926_4_1,0
239370,926_4_1,0
235775,926_4_1,0
237758,926_4_1,0
238605,926_4_1,0
236515,926_4_1,0
236135,926_4_1,0
237009,926_4_1,0
238976,926_4_1,0
236511,926_4_1,0
235957,926_4_1,0
241482,926_4_1,0
239172,926_4_1,0
239170,926_4_1,0
238968,926_4_1,0
235772,926_4_1,0
236315,926_4_1,0
240105,926_4_1,0
237008,926_4_1,0
235383,926_4_1,0
235189,926_4_1,0
239917,926_4_1,0
236848,926_4_1,0
239375,926_4_1,0
239550,926_4_1,0
238784,926_4_1,0
237760,926_4_1,0
236321,926_4_1,0
237205,926_4_1,0
194016,909_4_1,0
193444,909_4_1,0
188228,909_4_1,0
188226,909_4_1,0
190835,909_4_1,0
194364,909_4_1,0
194017,909_4_1,0
193628,909_4_1,0
191951,909_4_1,0
189755,909_4_1,0
192486,909_4_1,0
193263,909_4_1,0
191952,909_4_1,0
191025,909_4_1,0
189386,909_4_1,0
189010,909_4_1,0
192134,909_4_1,0
193269,909_4_1,0
189190,909_4_1,0
191581,909_4_1,0
190279,909_4_1,0
189391,909_4_1,0
189930,909_4_1,0
193629,909_4_1,0
194366,909_4_1,0
192129,909_4_1,0
191022,909_4_1,0
191957,909_4_1,0
189570,909_4_1,0
191958,909_4_1,0
188613,909_4_1,0
193265,909_4_1,0
188230,909_4_1,0
191219,909_4_1,0
188229,909_4_1,0
193073,909_4_1,0
192700,909_4_1,0
188806,909_4_1,0
191789,909_4_1,0
189763,909_4_1,0
191953,909_4_1,0
190114,909_4_1,0
191217,909_4_1,0
191024,909_4_1,0
190839,909_4_1,0
189008,909_4_1,0
194022,909_4_1,0
189759,909_4_1,0
190454,909_4_1,0
190836,909_4_1,0
193831,909_4_1,0
190840,909_4_1,0
189935,909_4_1,0
191392,909_4_1,0
193080,909_4_1,0
189569,909_4_1,0
191956,909_4_1,0
190281,909_4_1,0
192308,909_4_1,0
194369,909_4_1,0
191588,909_4_1,0
190661,909_4_1,0
190113,909_4_1,0
208749,919_4_1,0
208047,919_4_1,0
214011,919_4_1,0
212826,919_4_1,0
210249,919_4_1,0
212070,919_4_1,0
208750,919_4_1,0
208221,919_4_1,0
211888,919_4_1,0
214226,919_4_1,0
209494,919_4_1,0
211885,919_4_1,0
210251,919_4_1,0
212827,919_4_1,0
211355,919_4_1,0
208051,919_4_1,0
211718,919_4_1,0
209500,919_4_1,0
211532,919_4_1,0
208388,919_4_1,0
212629,919_4_1,0
212630,919_4_1,0
214013,919_4_1,0
212437,919_4_1,0
211531,919_4_1,0
212239,919_4_1,0
208054,919_4_1,0
210430,919_4_1,0
209146,919_4_1,0
214228,919_4_1,0
214568,919_4_1,0
208049,919_4_1,0
208946,919_4_1,0
209690,919_4_1,0
209492,919_4_1,0
208219,919_4_1,0
210805,919_4_1,0
214018,919_4_1,0
209858,919_4_1,0
210806,919_4_1,0
212633,919_4_1,0
210991,919_4_1,0
209857,919_4_1,0
213030,919_4_1,0
208756,919_4_1,0
211528,919_4_1,0
214397,919_4_1,0
213628,919_4_1,0
213025,919_4_1,0
214566,919_4_1,0
210636,919_4_1,0
209497,919_4_1,0
66606,122_1_0,0
64482,122_1_0,0
64689,122_1_0,0
63041,122_1_0,0
65044,122_1_0,0
62272,122_1_0,0
60956,122_1_0,0
66400,122_1_0,0
65610,122_1_0,0
64876,122_1_0,0
63370,122_1_0,0
66972,122_1_0,0
64872,122_1_0,0
62464,122_1_0,0
64492,122_1_0,0
63927,122_1_0,0
64875,122_1_0,0
61907,122_1_0,0
66971,122_1_0,0
65829,122_1_0,0
64485,122_1_0,0
61320,122_1_0,0
62461,122_1_0,0
64283,122_1_0,0
61906,122_1_0,0
60583,122_1_0,0
63551,122_1_0,0
61321,122_1_0,0
60955,122_1_0,0
65222,122_1_0,0
66613,122_1_0,0
61534,122_1_0,0
64108,122_1_0,0
61532,122_1_0,0
63733,122_1_0,0
62648,122_1_0,0
65611,122_1_0,0
63211,122_1_0,0
62846,122_1_0,0
60753,122_1_0,0
62646,122_1_0,0
66401,122_1_0,0
66219,122_1_0,0
63369,122_1_0,0
61535,122_1_0,0
61146,122_1_0,0
62650,122_1_0,0
66610,122_1_0,0
64488,122_1_0,0
65414,122_1_0,0
61530,122_1_0,0
63558,122_1_0,0
60758,122_1_0,0
63037,122_1_0,0
64104,122_1_0,0
65608,122_1_0,0
64688,122_1_0,0
56176,119_1_1,0
55090,119_1_1,0
54203,119_1_1,0
56565,119_1_1,0
54558,119_1_1,0
59850,119_1_1,0
55278,119_1_1,0
55981,119_1_1,0
54046,119_1_1,0
59234,119_1_1,0
60039,119_1_1,0
55083,119_1_1,0
59433,119_1_1,0
55082,119_1_1,0
55084,119_1_1,0
54050,119_1_1,0
53861,119_1_1,0
54375,119_1_1,0
58277,119_1_1,0
60035,119_1_1,0
58630,119_1_1,0
55451,119_1_1,0
15949,105_1_0,0
20025,105_1_0,0
18183,105_1_0,0
19850,105_1_0,0
18553,105_1_0,0
14640,105_1_0,0
17610,105_1_0,0
17258,105_1_0,0
15184,105_1_0,0
18379,105_1_0,0
16719,105_1_0,0
15535,105_1_0,0
14254,105_1_0,0
16148,105_1_0,0
13656,105_1_0,0
14842,105_1_0,0
17813,105_1_0,0
16153,105_1_0,0
14441,105_1_0,0
19288,105_1_0,0
18185,105_1_0,0
17067,105_1_0,0
20027,105_1_0,0
18376,105_1_0,0
19847,105_1_0,0
13856,105_1_0,0
15755,105_1_0,0
19474,105_1_0,0
18921,105_1_0,0
14647,105_1_0,0
20029,105_1_0,0
14642,105_1_0,0
20024,105_1_0,0
18380,105_1_0,0
18378,105_1_0,0
16353,105_1_0,0
15004,105_1_0,0
14252,105_1_0,0
17455,105_1_0,0
6991,103_1_1,0
6627,103_1_1,0
9644,103_1_1,0
8718,103_1_1,0
9460,103_1_1,0
12019,103_1_1,0
10052,103_1_1,0
7922,103_1_1,0
6629,103_1_1,0
8724,103_1_1,0
9099,103_1_1,0
13272,103_1_1,0
10821,103_1_1,0
9282,103_1_1,0
7729,103_1_1,0
8136,103_1_1,0
10819,103_1_1,0
9873,103_1_1,0
9284,103_1_1,0
13112,103_1_1,0
10438,103_1_1,0
10434,103_1_1,0
7179,103_1_1,0
9097,103_1_1,0
7924,103_1_1,0
8360,103_1_1,0
12229,103_1_1,0
9104,103_1_1,0
13278,103_1_1,0
9462,103_1_1,0
9645,103_1_1,0
7926,103_1_1,0
9872,103_1_1,0
9647,103_1_1,0
7545,103_1_1,0
12935,103_1_1,0
13271,103_1_1,0
9100,103_1_1,0
8894,103_1_1,0
9649,103_1_1,0
7920,103_1_1,0
10056,103_1_1,0
7737,103_1_1,0
10435,103_1_1,0
6994,103_1_1,0
12025,103_1_1,0
9465,103_1_1,0
10057,103_1_1,0
8898,103_1_1,0
8356,103_1_1,0
9283,103_1_1,0
11016,103_1_1,0
8140,103_1_1,0
8546,103_1_1,0
12939,103_1_1,0
9646,103_1_1,0
7544,103_1_1,0
8362,103_1_1,0
12226,103_1_1,0
12224,103_1_1,0
144671,303_3_1,0
141356,303_3_1,0
142463,303_3_1,0
146769,303_3_1,0
144676,303_3_1,0
143955,303_3_1,0
143013,303_3_1,0
147314,303_3_1,0
145058,303_3_1,0
144675,303_3_1,0
143956,303_3_1,0
143191,303_3_1,0
145830,303_3_1,0
141354,303_3_1,0
144115,303_3_1,0
147312,303_3_1,0
143763,303_3_1,0
143762,303_3_1,0
142061,303_3_1,0
146219,303_3_1,0
143187,303_3_1,0
141671,303_3_1,0
143380,303_3_1,0
146945,303_3_1,0
141513,303_3_1,0
142658,303_3_1,0
143570,303_3_1,0
143954,303_3_1,0
142845,303_3_1,0
145630,303_3_1,0
143566,303_3_1,0
145624,303_3_1,0
141173,303_3_1,0
144118,303_3_1,0
146405,303_3_1,0
141865,303_3_1,0
141170,303_3_1,0
142252,303_3_1,0
141357,303_3_1,0
145222,303_3_1,0
146764,303_3_1,0
142256,303_3_1,0
144116,303_3_1,0
143190,303_3_1,0
142657,303_3_1,0
141174,303_3_1,0
141866,303_3_1,0
144121,303_3_1,0
115440,213_2_0,0
116498,213_2_0,0
114277,213_2_0,0
115813,213_2_0,0
114669,213_2_0,0
115259,213_2_0,0
116499,213_2_0,0
119687,213_2_0,0
116144,213_2_0,0
118400,213_2_0,0
119883,213_2_0,0
115819,213_2_0,0
118403,213_2_0,0
119881,213_2_0,0
115980,213_2_0,0
118592,213_2_0,0
119502,213_2_0,0
117257,213_2_0,0
114671,213_2_0,0
116700,213_2_0,0
120446,213_2_0,0
120843,213_2_0,0
119342,213_2_0,0
119692,213_2_0,0
120065,213_2_0,0
117260,213_2_0,0
116884,213_2_0,0
120652,213_2_0,0
118798,213_2_0,0
115817,213_2_0,0
120242,213_2_0,0
114676,213_2_0,0
120238,213_2_0,0
115621,213_2_0,0
120445,213_2_0,0
117652,213_2_0,0
119341,213_2_0,0
116882,213_2_0,0
115815,213_2_0,0
117459,213_2_0,0
115056,213_2_0,0
117065,213_2_0,0
114670,213_2_0,0
116142,213_2_0,0
120063,213_2_0,0
120241,213_2_0,0
116140,213_2_0,0
116701,213_2_0,0
115624,213_2_0,0
117834,213_2_0,0
20021,105_1_1,0
16876,105_1_1,0
19845,105_1_1,0
13657,105_1_1,0
14641,105_1_1,0
17814,105_1_1,0
14439,105_1_1,0
17991,105_1_1,0
14839,105_1_1,0
18184,105_1_1,0
17266,105_1_1,0
18555,105_1_1,0
14054,105_1_1,0
8547,103_1_0,0
12937,103_1_0,0
10433,103_1_0,0
10272,103_1_0,0
7732,103_1_0,0
19094,108_4_0,0
18918,108_4_0,0
20375,108_4_0,0
26313,108_4_0,0
22599,108_4_0,0
26685,108_4_0,0
20206,108_4_0,0
22782,108_4_0,0
23771,108_4_0,0
25583,108_4_0,0
22785,108_4_0,0
22435,108_4_0,0
20562,108_4_0,0
22056,108_4_0,0
25392,108_4_0,0
24664,108_4_0,0
20952,108_4_0,0
23959,108_4_0,0
22249,108_4_0,0
21517,108_4_0,0
21328,108_4_0,0
25942,108_4_0,0
22983,108_4_0,0
20373,108_4_0,0
20945,108_4_0,0
231872,925_4_0,0
229638,925_4_0,0
233185,925_4_0,0
230949,925_4_0,0
230053,925_4_0,0
232631,925_4_0,0
229465,925_4_0,0
229651,925_4_0,0
231693,925_4_0,0
233727,925_4_0,0
234627,925_4_0,0
230055,925_4_0,0
232260,925_4_0,0
233909,925_4_0,0
230753,925_4_0,0
228703,925_4_0,0
229642,925_4_0,0
229272,925_4_0,0
230057,925_4_0,0
232435,925_4_0,0
233372,925_4_0,0
231688,925_4_0,0
233729,925_4_0,0
232633,925_4_0,0
234112,925_4_0,0
231875,925_4_0,0
228181,925_4_0,0
229469,925_4_0,0
229643,925_4_0,0
233370,925_4_0,0
229073,925_4_0,0
233189,925_4_0,0
229270,925_4_0,0
230056,925_4_0,0
229855,925_4_0,0
234448,925_4_0,0
234447,925_4_0,0
229466,925_4_0,0
229271,925_4_0,0
231134,925_4_0,0
230579,925_4_0,0
233730,925_4_0,0
229641,925_4_0,0
233728,925_4_0,0
231515,925_4_0,0
230231,925_4_0,0
233193,925_4_0,0
229639,925_4_0,0
231140,925_4_0,0
228532,925_4_0,0
228892,925_4_0,0
230419,925_4_0,0
230953,925_4_0,0
233012,925_4_0,0
231136,925_4_0,0
232261,925_4_0,0
228706,925_4_0,0
232811,925_4_0,0
231686,925_4_0,0
231690,925_4_0,0
234628,925_4_0,0
229653,925_4_0,0
230954,925_4_0,0
232632,925_4_0,0
233192,925_4_0,0
234117,925_4_0,0
233010,925_4_0,0
231687,925_4_0,0
234446,925_4_0,0
232807,925_4_0,0
230580,925_4_0,0
234283,925_4_0,0
229852,925_4_0,0
224177,922_4_1,0
227796,922_4_1,0
227610,922_4_1,0
226179,922_4_1,0
226338,922_4_1,0
224703,922_4_1,0
222671,922_4_1,0
225794,922_4_1,0
227434,922_4_1,0
227435,922_4_1,0
221899,922_4_1,0
224176,922_4_1,0
222997,922_4_1,0
227057,922_4_1,0
222488,922_4_1,0
228002,922_4_1,0
221911,922_4_1,0
222284,922_4_1,0
227444,922_4_1,0
222281,922_4_1,0
224004,922_4_1,0
222491,922_4_1,0
222104,922_4_1,0
227799,922_4_1,0
227239,922_4_1,0
223432,922_4_1,0
226339,922_4_1,0
226691,922_4_1,0
225997,922_4_1,0
224183,922_4_1,0
226343,922_4_1,0
227805,922_4_1,0
223006,922_4_1,0
227439,922_4_1,0
225245,922_4_1,0
226348,922_4_1,0
227803,922_4_1,0
222838,922_4_1,0
225799,922_4_1,0
221909,922_4_1,0
224351,922_4_1,0
225618,922_4_1,0
227059,922_4_1,0
224705,922_4_1,0
223434,922_4_1,0
221540,922_4_1,0
226347,922_4_1,0
225440,922_4_1,0
224706,922_4_1,0
227056,922_4_1,0
224534,922_4_1,0
221718,922_4_1,0
224354,922_4_1,0
225800,922_4_1,0
224349,922_4_1,0
224884,922_4_1,0
226688,922_4_1,0
227440,922_4_1,0
226695,922_4_1,0
225994,922_4_1,0
224532,922_4_1,0
222492,922_4_1,0
226340,922_4_1,0
223004,922_4_1,0
222839,922_4_1,0
221907,922_4_1,0
225619,922_4_1,0
225441,922_4_1,0
224882,922_4_1,0
227806,922_4_1,0
223430,922_4_1,0
224531,922_4_1,0
224348,922_4_1,0
221717,922_4_1,0
224003,922_4_1,0
227246,922_4_1,0
226181,922_4_1,0
227055,922_4_1,0
225443,922_4_1,0
224881,922_4_1,0
3316,101_1_1,0
24,101_1_1,0
5717,101_1_1,0
3317,101_1_1,0
213,101_1_1,0
1100,101_1_1,0
6427,101_1_1,0
6090,101_1_1,0
1305,101_1_1,0
3718,101_1_1,0
1308,101_1_1,0
2783,101_1_1,0
4460,101_1_1,0
5722,101_1_1,0
4998,101_1_1,0
1306,101_1_1,0
1652,101_1_1,0
5375,101_1_1,0
1651,101_1_1,0
5539,101_1_1,0
740,101_1_1,0
6428,101_1_1,0
6095,101_1_1,0
4799,101_1_1,0
1840,101_1_1,0
4997,101_1_1,0
1653,101_1_1,0
911,101_1_1,0
912,101_1_1,0
5724,101_1_1,0
2387,101_1_1,0
5373,101_1_1,0
2782,101_1_1,0
5538,101_1_1,0
5544,101_1_1,0
1095,101_1_1,0
4097,101_1_1,0
3143,101_1_1,0
573,101_1_1,0
910,101_1_1,0
915,101_1_1,0
2572,101_1_1,0
1309,101_1_1,0
2388,101_1_1,0
4096,101_1_1,0
2023,101_1_1,0
1300,101_1_1,0
2787,101_1_1,0
4270,101_1_1,0
4804,101_1_1,0
2789,101_1_1,0
1486,101_1_1,0
6092,101_1_1,0
6093,101_1_1,0
1650,101_1_1,0
1654,101_1_1,0
4632,101_1_1,0
5919,101_1_1,0
5378,101_1_1,0
916,101_1_1,0
5719,101_1_1,0
1094,101_1_1,0
5187,101_1_1,0
2571,101_1_1,0
3322,101_1_1,0
1835,101_1_1,0
1655,101_1_1,0
6425,101_1_1,0
32518,110_1_1,0
31788,110_1_1,0
31971,110_1_1,0
29122,110_1_1,0
29508,110_1_1,0
33422,110_1_1,0
28335,110_1_1,0
27240,110_1_1,0
27951,110_1_1,0
27420,110_1_1,0
28129,110_1_1,0
30031,110_1_1,0
27248,110_1_1,0
33242,110_1_1,0
28327,110_1_1,0
27424,110_1_1,0
31787,110_1_1,0
29306,110_1_1,0
29120,110_1_1,0
30033,110_1_1,0
26855,110_1_1,0
28545,110_1_1,0
27239,110_1_1,0
28133,110_1_1,0
30037,110_1_1,0
28130,110_1_1,0
33238,110_1_1,0
30243,110_1_1,0
33425,110_1_1,0
178652,325_3_1,0
179780,325_3_1,0
174837,325_3_1,0
174656,325_3_1,0
175436,325_3_1,0
180168,325_3_1,0
176026,325_3_1,0
180349,325_3_1,0
179193,325_3_1,0
177524,325_3_1,0
177895,325_3_1,0
179384,325_3_1,0
178105,325_3_1,0
176792,325_3_1,0
176626,325_3_1,0
176983,325_3_1,0
175822,325_3_1,0
176219,325_3_1,0
176223,325_3_1,0
176987,325_3_1,0
174836,325_3_1,0
177696,325_3_1,0
178813,325_3_1,0
180165,325_3_1,0
178108,325_3_1,0
176217,325_3_1,0
180350,325_3_1,0
179388,325_3_1,0
179779,325_3_1,0
175656,325_3_1,0
181233,325_3_1,0
177697,325_3_1,0
177336,325_3_1,0
176986,325_3_1,0
181085,325_3_1,0
180167,325_3_1,0
178109,325_3_1,0
174662,325_3_1,0
177894,325_3_1,0
179194,325_3_1,0
179387,325_3_1,0
177167,325_3_1,0
179774,325_3_1,0
176221,325_3_1,0
175437,325_3_1,0
177897,325_3_1,0
174839,325_3_1,0
177890,325_3_1,0
175243,325_3_1,0
176222,325_3_1,0
175654,325_3_1,0
174841,325_3_1,0
181080,325_3_1,0
177337,325_3_1,0
175655,325_3_1,0
176624,325_3_1,0
179968,325_3_1,0
38215,111_1_0,0
38014,111_1_0,0
39149,111_1_0,0
35514,111_1_0,0
34792,111_1_0,0
38372,111_1_0,0
35724,111_1_0,0
36484,111_1_0,0
36864,111_1_0,0
38751,111_1_0,0
40236,111_1_0,0
39885,111_1_0,0
33632,111_1_0,0
35149,111_1_0,0
34791,111_1_0,0
33631,111_1_0,0
39881,111_1_0,0
34786,111_1_0,0
35515,111_1_0,0
35723,111_1_0,0
39694,111_1_0,0
39695,111_1_0,0
185126,329_3_0,0
183981,329_3_0,0
186576,329_3_0,0
181980,329_3_0,0
187675,329_3_0,0
185312,329_3_0,0
184738,329_3_0,0
185833,329_3_0,0
186230,329_3_0,0
186394,329_3_0,0
184737,329_3_0,0
181802,329_3_0,0
186966,329_3_0,0
187146,329_3_0,0
186045,329_3_0,0
186396,329_3_0,0
184734,329_3_0,0
183807,329_3_0,0
184531,329_3_0,0
183624,329_3_0,0
186395,329_3_0,0
183804,329_3_0,0
185310,329_3_0,0
186773,329_3_0,0
184921,329_3_0,0
187840,329_3_0,0
186235,329_3_0,0
187485,329_3_0,0
182356,329_3_0,0
184345,329_3_0,0
183460,329_3_0,0
183808,329_3_0,0
184158,329_3_0,0
185307,329_3_0,0
186399,329_3_0,0
184533,329_3_0,0
184348,329_3_0,0
181411,329_3_0,0
186776,329_3_0,0
181800,329_3_0,0
184160,329_3_0,0
186044,329_3_0,0
185308,329_3_0,0
184736,329_3_0,0
181407,329_3_0,0
181410,329_3_0,0
182177,329_3_0,0
182543,329_3_0,0
182905,329_3_0,0
182735,329_3_0,0
184349,329_3_0,0
186964,329_3_0,0
187681,329_3_0,0
187482,329_3_0,0
183464,329_3_0,0
187683,329_3_0,0
186050,329_3_0,0
181408,329_3_0,0
184350,329_3_0,0
186228,329_3_0,0
183627,329_3_0,0
184532,329_3_0,0
182733,329_3_0,0
187679,329_3_0,0
186046,329_3_0,0
183108,329_3_0,0
186231,329_3_0,0
186778,329_3_0,0
183621,329_3_0,0
182547,329_3_0,0
185311,329_3_0,0
184926,329_3_0,0
183623,329_3_0,0
182736,329_3_0,0
96765,206_2_1,0
96761,206_2_1,0
98678,206_2_1,0
94956,206_2_1,0
99045,206_2_1,0
97755,206_2_1,0
99398,206_2_1,0
94250,206_2_1,0
99784,206_2_1,0
98113,206_2_1,0
97949,206_2_1,0
100163,206_2_1,0
96427,206_2_1,0
96423,206_2_1,0
94954,206_2_1,0
100381,206_2_1,0
94427,206_2_1,0
95877,206_2_1,0
96071,206_2_1,0
98313,206_2_1,0
98680,206_2_1,0
100162,206_2_1,0
72265,125_1_0,0
71723,125_1_0,0
70567,125_1_0,0
70752,125_1_0,0
67719,125_1_0,0
67923,125_1_0,0
72642,125_1_0,0
71722,125_1_0,0
68494,125_1_0,0
72073,125_1_0,0
67519,125_1_0,0
68327,125_1_0,0
71320,125_1_0,0
72452,125_1_0,0
67918,125_1_0,0
67919,125_1_0,0
71895,125_1_0,0
72645,125_1_0,0
68859,125_1_0,0
68497,125_1_0,0
71523,125_1_0,0
67915,125_1_0,0
73528,125_1_0,0
69032,125_1_0,0
69601,125_1_0,0
70172,125_1_0,0
68498,125_1_0,0
69987,125_1_0,0
73524,125_1_0,0
71522,125_1_0,0
71317,125_1_0,0
69605,125_1_0,0
67717,125_1_0,0
70376,125_1_0,0
69981,125_1_0,0
69407,125_1_0,0
71521,125_1_0,0
69786,125_1_0,0
68493,125_1_0,0
69986,125_1_0,0
67718,125_1_0,0
68668,125_1_0,0
69226,125_1_0,0
67710,125_1_0,0
67917,125_1_0,0
67334,125_1_0,0
73344,125_1_0,0
69791,125_1_0,0
67520,125_1_0,0
69036,125_1_0,0
73349,125_1_0,0
73722,125_1_0,0
68662,125_1_0,0
71720,125_1_0,0
68495,125_1_0,0
69410,125_1_0,0
67715,125_1_0,0
70755,125_1_0,0
73347,125_1_0,0
68664,125_1_0,0
72806,125_1_0,0
68663,125_1_0,0
69402,125_1_0,0
69983,125_1_0,0
69787,125_1_0,0
69979,125_1_0,0
72450,125_1_0,0
71152,125_1_0,0
72451,125_1_0,0
72803,125_1_0,0
72263,125_1_0,0
72266,125_1_0,0
67713,125_1_0,0
72646,125_1_0,0
73000,125_1_0,0
46776,113_2_0,0
41366,113_2_0,0
44755,113_2_0,0
43641,113_2_0,0
40836,113_2_0,0
44387,113_2_0,0
45472,113_2_0,0
46564,113_2_0,0
43806,113_2_0,0
42917,113_2_0,0
42339,113_2_0,0
44391,113_2_0,0
46024,113_2_0,0
45471,113_2_0,0
40983,113_2_0,0
46773,113_2_0,0
44582,113_2_0,0
43800,113_2_0,0
41940,113_2_0,0
40835,113_2_0,0
43798,113_2_0,0
40832,113_2_0,0
42342,113_2_0,0
45308,113_2_0,0
46030,113_2_0,0
40986,113_2_0,0
42135,113_2_0,0
42552,113_2_0,0
43637,113_2_0,0
43644,113_2_0,0
42340,113_2_0,0
40988,113_2_0,0
46968,113_2_0,0
45842,113_2_0,0
45128,113_2_0,0
45473,113_2_0,0
41365,113_2_0,0
46561,113_2_0,0
43453,113_2_0,0
41554,113_2_0,0
46392,113_2_0,0
40830,113_2_0,0
218466,921_4_1,0
217325,921_4_1,0
220424,921_4_1,0
217877,921_4_1,0
218883,921_4_1,0
219052,921_4_1,0
221177,921_4_1,0
215666,921_4_1,0
218462,921_4_1,0
216397,921_4_1,0
219630,921_4_1,0
217880,921_4_1,0
217139,921_4_1,0
216758,921_4_1,0
221341,921_4_1,0
216206,921_4_1,0
220223,921_4_1,0
219819,921_4_1,0
216045,921_4_1,0
220781,921_4_1,0
216044,921_4_1,0
215665,921_4_1,0
215486,921_4_1,0
219249,921_4_1,0
214724,921_4_1,0
215099,921_4_1,0
216041,921_4_1,0
216946,921_4_1,0
215298,921_4_1,0
214919,921_4_1,0
220219,921_4_1,0
216043,921_4_1,0
215828,921_4_1,0
220970,921_4_1,0
64280,122_1_1,0
66966,122_1_1,0
60953,122_1_1,0
65417,122_1_1,0
64484,122_1_1,0
61536,122_1_1,0
66051,122_1_1,0
63553,122_1_1,0
63040,122_1_1,0
66973,122_1_1,0
63209,122_1_1,0
64486,122_1_1,0
63556,122_1_1,0
65043,122_1_1,0
64279,122_1_1,0
60757,122_1_1,0
66786,122_1_1,0
65042,122_1_1,0
62458,122_1_1,0
62271,122_1_1,0
223007,922_4_0,0
222103,922_4_0,0
222830,922_4_0,0
225797,922_4_0,0
225246,922_4_0,0
126490,214_2_1,0
123220,214_2_1,0
127272,214_2_1,0
123949,214_2_1,0
126684,214_2_1,0
122675,214_2_1,0
124134,214_2_1,0
122857,214_2_1,0
123049,214_2_1,0
123950,214_2_1,0
126302,214_2_1,0
127271,214_2_1,0
121022,214_2_1,0
126885,214_2_1,0
125922,214_2_1,0
125755,214_2_1,0
124140,214_2_1,0
125023,214_2_1,0
121754,214_2_1,0
122677,214_2_1,0
127067,214_2_1,0
127275,214_2_1,0
123218,214_2_1,0
126486,214_2_1,0
126487,214_2_1,0
123951,214_2_1,0
124138,214_2_1,0
123767,214_2_1,0
126491,214_2_1,0
126879,214_2_1,0
123765,214_2_1,0
125201,214_2_1,0
122480,214_2_1,0
124310,214_2_1,0
122858,214_2_1,0
124847,214_2_1,0
122481,214_2_1,0
122128,214_2_1,0
125206,214_2_1,0
121386,214_2_1,0
125026,214_2_1,0
121023,214_2_1,0
123387,214_2_1,0
125751,214_2_1,0
124656,214_2_1,0
121385,214_2_1,0
122135,214_2_1,0
126878,214_2_1,0
122859,214_2_1,0
125921,214_2_1,0
121757,214_2_1,0
125585,214_2_1,0
125022,214_2_1,0
123222,214_2_1,0
123389,214_2_1,0
127066,214_2_1,0
127494,214_2_1,0
121756,214_2_1,0
125205,214_2_1,0
123048,214_2_1,0
124501,214_2_1,0
121387,214_2_1,0
127274,214_2_1,0
127069,214_2_1,0
122855,214_2_1,0
122133,214_2_1,0
123217,214_2_1,0
122856,214_2_1,0
122674,214_2_1,0
121018,214_2_1,0
70756,125_1_1,0
68328,125_1_1,0
70562,125_1_1,0
70175,125_1_1,0
69982,125_1_1,0
68666,125_1_1,0
72643,125_1_1,0
132488,216_2_0,0
127836,216_2_0,0
131762,216_2_0,0
127835,216_2_0,0
131763,216_2_0,0
128586,216_2_0,0
131203,216_2_0,0
131769,216_2_0,0
130258,216_2_0,0
129327,216_2_0,0
134035,216_2_0,0
128405,216_2_0,0
131390,216_2_0,0
131204,216_2_0,0
134211,216_2_0,0
131766,216_2_0,0
132116,216_2_0,0
132490,216_2_0,0
129515,216_2_0,0
128773,216_2_0,0
130461,216_2_0,0
130259,216_2_0,0
132118,216_2_0,0
132114,216_2_0,0
132865,216_2_0,0
133611,216_2_0,0
133229,216_2_0,0
129161,216_2_0,0
127837,216_2_0,0
129160,216_2_0,0
129325,216_2_0,0
132664,216_2_0,0
128037,216_2_0,0
132663,216_2_0,0
131932,216_2_0,0
133058,216_2_0,0
130261,216_2_0,0
129157,216_2_0,0
130635,216_2_0,0
127844,216_2_0,0
132661,216_2_0,0
129708,216_2_0,0
128403,216_2_0,0
133441,216_2_0,0
133814,216_2_0,0
129323,216_2_0,0
133442,216_2_0,0
127843,216_2_0,0
129514,216_2_0,0
128961,216_2_0,0
131765,216_2_0,0
129710,216_2_0,0
131768,216_2_0,0
127664,216_2_0,0
132866,216_2_0,0
127848,216_2_0,0
128220,216_2_0,0
130634,216_2_0,0
128963,216_2_0,0
128219,216_2_0,0
134213,216_2_0,0
133437,216_2_0,0
130260,216_2_0,0
127846,216_2_0,0
131770,216_2_0,0
132303,216_2_0,0
132660,216_2_0,0
128221,216_2_0,0
131931,216_2_0,0
127667,216_2_0,0
128585,216_2_0,0
128401,216_2_0,0
132665,216_2_0,0
133440,216_2_0,0
131032,216_2_0,0
133436,216_2_0,0
131391,216_2_0,0
128962,216_2_0,0
131934,216_2_0,0
80100,128_1_0,0
78394,128_1_0,0
80272,128_1_0,0
79334,128_1_0,0
78399,128_1_0,0
77445,128_1_0,0
79694,128_1_0,0
78782,128_1_0,0
75929,128_1_0,0
75592,128_1_0,0
74446,128_1_0,0
75590,128_1_0,0
78396,128_1_0,0
78585,128_1_0,0
78783,128_1_0,0
80650,128_1_0,0
79138,128_1_0,0
77825,128_1_0,0
79142,128_1_0,0
79339,128_1_0,0
79342,128_1_0,0
78402,128_1_0,0
76333,128_1_0,0
76513,128_1_0,0
75009,128_1_0,0
79698,128_1_0,0
78966,128_1_0,0
75210,128_1_0,0
77831,128_1_0,0
74821,128_1_0,0
77641,128_1_0,0
74104,128_1_0,0
78028,128_1_0,0
79336,128_1_0,0
75403,128_1_0,0
77639,128_1_0,0
76129,128_1_0,0
75591,128_1_0,0
77830,128_1_0,0
78968,128_1_0,0
75016,128_1_0,0
75589,128_1_0,0
79143,128_1_0,0
78227,128_1_0,0
80449,128_1_0,0
76509,128_1_0,0
74819,128_1_0,0
79136,128_1_0,0
78967,128_1_0,0
79696,128_1_0,0
74815,128_1_0,0
77633,128_1_0,0
78228,128_1_0,0
80105,128_1_0,0
78780,128_1_0,0
79512,128_1_0,0
74814,128_1_0,0
75927,128_1_0,0
78027,128_1_0,0
79505,128_1_0,0
74623,128_1_0,0
74619,128_1_0,0
76516,128_1_0,0
74622,128_1_0,0
79337,128_1_0,0
78588,128_1_0,0
76902,128_1_0,0
78397,128_1_0,0
76128,128_1_0,0
79697,128_1_0,0
74447,128_1_0,0
75588,128_1_0,0
78964,128_1_0,0
78589,128_1_0,0
75020,128_1_0,0
76702,128_1_0,0
77638,128_1_0,0
77828,128_1_0,0
75405,128_1_0,0
77637,128_1_0,0
79508,128_1_0,0
74816,128_1_0,0
75013,128_1_0,0
78221,128_1_0,0
76331,128_1_0,0
80282,128_1_0,0
93497,204_2_0,0
89088,204_2_0,0
93300,204_2_0,0
90537,204_2_0,0
89616,204_2_0,0
87771,204_2_0,0
89429,204_2_0,0
93505,204_2_0,0
88722,204_2_0,0
92718,204_2_0,0
88356,204_2_0,0
92171,204_2_0,0
89250,204_2_0,0
93098,204_2_0,0
93500,204_2_0,0
92715,204_2_0,0
93869,204_2_0,0
90371,204_2_0,0
92909,204_2_0,0
89251,204_2_0,0
90168,204_2_0,0
93502,204_2_0,0
90167,204_2_0,0
89432,204_2_0,0
92170,204_2_0,0
91460,204_2_0,0
89622,204_2_0,0
88720,204_2_0,0
91800,204_2_0,0
91613,204_2_0,0
92520,204_2_0,0
87609,204_2_0,0
87772,204_2_0,0
92519,204_2_0,0
93303,204_2_0,0
89621,204_2_0,0
90541,204_2_0,0
92343,204_2_0,0
90901,204_2_0,0
88916,204_2_0,0
89620,204_2_0,0
93301,204_2_0,0
91964,204_2_0,0
91462,204_2_0,0
92910,204_2_0,0
87605,204_2_0,0
87433,204_2_0,0
89248,204_2_0,0
88359,204_2_0,0
90366,204_2_0,0
87606,204_2_0,0
88721,204_2_0,0
93503,204_2_0,0
88913,204_2_0,0
93100,204_2_0,0
93101,204_2_0,0
90902,204_2_0,0
90712,204_2_0,0
88546,204_2_0,0
92344,204_2_0,0
90714,204_2_0,0
87959,204_2_0,0
93096,204_2_0,0
92172,204_2_0,0
93103,204_2_0,0
91970,204_2_0,0
91622,204_2_0,0
91968,204_2_0,0
89984,204_2_0,0
93097,204_2_0,0
90172,204_2_0,0
90368,204_2_0,0
91803,204_2_0,0
91966,204_2_0,0
93870,204_2_0,0
87775,204_2_0,0
90369,204_2_0,0
92517,204_2_0,0
89618,204_2_0,0
91259,204_2_0,0
89802,204_2_0,0
91615,204_2_0,0
87956,204_2_0,0
93678,204_2_0,0
92518,204_2_0,0
89982,204_2_0,0
89804,204_2_0,0
92169,204_2_0,0
92906,204_2_0,0
89617,204_2_1,0
88354,204_2_1,0
92719,204_2_1,0
88360,204_2_1,0
93675,204_2_1,0
91965,204_2_1,0
20557,108_4_1,0
20750,108_4_1,0
22054,108_4_1,0
23957,108_4_1,0
21142,108_4_1,0
20563,108_4_1,0
24483,108_4_1,0
23365,108_4_1,0
25036,108_4_1,0
20559,108_4_1,0
22434,108_4_1,0
25586,108_4_1,0
21144,108_4_1,0
23363,108_4_1,0
23171,108_4_1,0
24663,108_4_1,0
20561,108_4_1,0
20374,108_4_1,0
26126,108_4_1,0
20560,108_4_1,0
22985,108_4_1,0
22784,108_4_1,0
22982,108_4_1,0
22246,108_4_1,0
26314,108_4_1,0
20944,108_4_1,0
170169,321_3_0,0
168684,321_3_0,0
168328,321_3_0,0
170745,321_3_0,0
169989,321_3_0,0
169604,321_3_0,0
170164,321_3_0,0
173871,321_3_0,0
172367,321_3_0,0
173477,321_3_0,0
173876,321_3_0,0
169787,321_3_0,0
173108,321_3_0,0
174446,321_3_0,0
168681,321_3_0,0
168510,321_3_0,0
171430,321_3_0,0
173105,321_3_0,0
170168,321_3_0,0
173298,321_3_0,0
170911,321_3_0,0
173679,321_3_0,0
168885,321_3_0,0
170914,321_3_0,0
169782,321_3_0,0
168688,321_3_0,0
169789,321_3_0,0
172179,321_3_0,0
172180,321_3_0,0
167956,321_3_0,0
174080,321_3_0,0
173682,321_3_0,0
170549,321_3_0,0
169254,321_3_0,0
169248,321_3_0,0
171995,321_3_0,0
167964,321_3_0,0
169986,321_3_0,0
172368,321_3_0,0
168685,321_3_0,0
170167,321_3_0,0
168682,321_3_0,0
171603,321_3_0,0
172000,321_3_0,0
168886,321_3_0,0
168329,321_3_0,0
171993,321_3_0,0
169784,321_3_0,0
170546,321_3_0,0
172917,321_3_0,0
173103,321_3_0,0
168148,321_3_0,0
169065,321_3_0,0
172915,321_3_0,0
169251,321_3_0,0
171097,321_3_0,0
173112,321_3_0,0
170173,321_3_0,0
168683,321_3_0,0
172723,321_3_0,0
173481,321_3_0,0
172539,321_3_0,0
172919,321_3_0,0
169785,321_3_0,0
173109,321_3_0,0
172538,321_3_0,0
170165,321_3_0,0
170356,321_3_0,0
174242,321_3_0,0
172365,321_3_0,0
172724,321_3_0,0
169417,321_3_0,0
171601,321_3_0,0
172362,321_3_0,0
171997,321_3_0,0
173297,321_3_0,0
172540,321_3_0,0
136070,219_2_0,0
140258,219_2_0,0
135164,219_2_0,0
136867,219_2_0,0
136659,219_2_0,0
134413,219_2_0,0
137053,219_2_0,0
140789,219_2_0,0
135166,219_2_0,0
137048,219_2_0,0
139179,219_2_0,0
134409,219_2_0,0
137671,219_2_0,0
134599,219_2_0,0
135349,219_2_0,0
135541,219_2_0,0
135538,219_2_0,0
139730,219_2_0,0
138228,219_2_0,0
139178,219_2_0,0
139175,219_2_0,0
136463,219_2_0,0
139365,219_2_0,0
140977,219_2_0,0
134410,219_2_0,0
140435,219_2_0,0
137676,219_2_0,0
134415,219_2_0,0
136660,219_2_0,0
134601,219_2_0,0
137677,219_2_0,0
138615,219_2_0,0
137054,219_2_0,0
134796,219_2_0,0
137673,219_2_0,0
136071,219_2_0,0
138616,219_2_0,0
135908,219_2_0,0
136868,219_2_0,0
136874,219_2_0,0
138238,219_2_0,0
138431,219_2_0,0
136866,219_2_0,0
139560,219_2_0,0
140611,219_2_0,0
134991,219_2_0,0
136869,219_2_0,0
140613,219_2_0,0
140978,219_2_0,0
139559,219_2_0,0
137260,219_2_0,0
138236,219_2_0,0
137679,219_2_0,0
139918,219_2_0,0
138432,219_2_0,0
135909,219_2_0,0
134992,219_2_0,0
139367,219_2_0,0
140262,219_2_0,0
137468,219_2_0,0
136864,219_2_0,0
136870,219_2_0,0
140433,219_2_0,0
134990,219_2_0,0
138232,219_2_0,0
140979,219_2_0,0
134598,219_2_0,0
140259,219_2_0,0
136871,219_2_0,0
134994,219_2_0,0
137472,219_2_0,0
138424,219_2_0,0
138796,219_2_0,0
134414,219_2_0,0
137263,219_2_0,0
134408,219_2_0,0
135911,219_2_0,0
138792,219_2_0,0
135540,219_2_0,0
134032,216_2_1,0
133438,216_2_1,0
131209,216_2_1,0
129162,216_2_1,0
129512,216_2_1,0
127838,216_2_1,0
130096,216_2_1,0
155981,310_3_0,0
155425,310_3_0,0
158614,310_3_0,0
159320,310_3_0,0
155978,310_3_0,0
155595,310_3_0,0
155240,310_3_0,0
158782,310_3_0,0
158233,310_3_0,0
156163,310_3_0,0
159671,310_3_0,0
160247,310_3_0,0
154505,310_3_0,0
157262,310_3_0,0
160454,310_3_0,0
160455,310_3_0,0
160647,310_3_0,0
157264,310_3_0,0
155787,310_3_0,0
158229,310_3_0,0
155238,310_3_0,0
154899,310_3_0,0
156329,310_3_0,0
155241,310_3_0,0
159490,310_3_0,0
158431,310_3_0,0
160640,310_3_0,0
156336,310_3_0,0
158975,310_3_0,0
158020,310_3_0,0
157071,310_3_0,0
155593,310_3_0,0
159672,310_3_0,0
156331,310_3_0,0
156703,310_3_0,0
160050,310_3_0,0
154508,310_3_0,0
155245,310_3_0,0
160642,310_3_0,0
156335,310_3_0,0
159321,310_3_0,0
159134,310_3_0,0
159676,310_3_0,0
155972,310_3_0,0
160052,310_3_0,0
155426,310_3_0,0
160996,310_3_0,0
158427,310_3_0,0
155789,310_3_0,0
159847,310_3_0,0
159318,310_3_0,0
158015,310_3_0,0
155788,310_3_0,0
158426,310_3_0,0
158784,310_3_0,0
160249,310_3_0,0
159488,310_3_0,0
155237,310_3_0,0
160248,310_3_0,0
154898,310_3_0,0
155244,310_3_0,0
160646,310_3_0,0
160246,310_3_0,0
157072,310_3_0,0
155980,310_3_0,0
158016,310_3_0,0
156890,310_3_0,0
158786,310_3_0,0
155239,310_3_0,0
158428,310_3_0,0
160992,305_4_0,0
142248,305_4_0,0
144858,305_4_0,0
146578,305_4_0,0
153967,305_4_0,0
151239,305_4_0,0
149573,305_4_0,0
151067,305_4_0,0
152530,305_4_0,0
154320,305_4_0,0
149942,305_4_0,0
153416,305_4_0,0
151434,305_4_0,0
150866,305_4_0,0
150684,305_4_0,0
152886,305_4_0,0
148443,305_4_0,0
148631,305_4_0,0
151792,305_4_0,0
150519,305_4_0,0
150871,305_4_0,0
153062,305_4_0,0
154317,305_4_0,0
150513,305_4_0,0
148815,305_4_0,0
148821,305_4_0,0
148438,305_4_0,0
152529,305_4_0,0
152889,305_4_0,0
152706,305_4_0,0
149184,305_4_0,0
151611,305_4_0,0
151233,305_4_0,0
149574,305_4_0,0
150869,305_4_0,0
151236,305_4_0,0
148439,305_4_0,0
152343,305_4_0,0
150516,305_4_0,0
149572,305_4_0,0
148813,305_4_0,0
151610,305_4_0,0
152705,305_4_0,0
149404,305_4_0,0
148818,305_4_0,0
151437,305_4_0,0
151069,305_4_0,0
150138,305_4_0,0
149403,305_4_0,0
152710,305_4_0,0
153060,305_4_0,0
152884,305_4_0,0
148629,305_4_0,0
152709,305_4_0,0
148077,305_4_0,0
151235,305_4_0,0
148989,305_4_0,0
151793,305_4_0,0
151070,305_4_0,0
150514,305_4_0,0
148814,305_4_0,0
148630,305_4_0,0
161369,316_3_1,0
166664,316_3_1,0
166304,316_3_1,0
162488,316_3_1,0
165065,316_3_1,0
162145,316_3_1,0
161940,316_3_1,0
162144,316_3_1,0
166834,316_3_1,0
161567,316_3_1,0
163075,316_3_1,0
164128,316_3_1,0
164123,316_3_1,0
164677,316_3_1,0
166479,316_3_1,0
163930,316_3_1,0
163932,316_3_1,0
167373,316_3_1,0
163073,316_3_1,0
163927,316_3_1,0
167188,316_3_1,0
161573,316_3_1,0
166663,316_3_1,0
165412,316_3_1,0
163296,316_3_1,0
162845,316_3_1,0
164124,316_3_1,0
165241,316_3_1,0
163291,316_3_1,0
162486,316_3_1,0
162842,316_3_1,0
165408,316_3_1,0
164126,316_3_1,0
164119,316_3_1,0
163929,316_3_1,0
166480,316_3_1,0
163715,316_3_1,0
161938,316_3_1,0
161571,316_3_1,0
163292,316_3_1,0
166483,316_3_1,0
166302,316_3_1,0
165759,316_3_1,0
166837,316_3_1,0
161941,316_3_1,0
165071,316_3_1,0
165575,316_3_1,0
164314,316_3_1,0
167551,316_3_1,0
162322,316_3_1,0
163713,316_3_1,0
164675,316_3_1,0
162321,316_3_1,0
163290,316_3_1,0
162143,316_3_1,0
167012,316_3_1,0
166484,316_3_1,0
161171,316_3_1,0
165069,316_3_1,0
167372,316_3_1,0
161562,316_3_1,0
165407,316_3_1,0
165410,316_3_1,0
165411,316_3_1,0
165405,316_3_1,0
165243,316_3_1,0
161755,316_3_1,0
167017,316_3_1,0
166662,316_3_1,0
167015,316_3_1,0
20951,108_4_1,0
26316,108_4_1,0
25394,108_4_1,0
21880,108_4_1,0
26518,108_4_1,0
20946,108_4_1,0
21881,108_4_1,0
23358,108_4_1,0
20953,108_4_1,0
24129,108_4_1,0
21876,108_4_1,0
19287,105_3_1,0
15185,105_3_1,0
19283,105_3_1,0
13469,105_3_1,0
15181,105_3_1,0
19848,105_3_1,0
16150,105_3_1,0
16877,105_3_1,0
15532,105_3_1,0
16721,105_3_1,0
20026,105_3_1,0
17066,105_3_1,0
15001,105_3_1,0
17612,105_3_1,0
16878,105_3_1,0
19284,105_3_1,0
16538,105_3_1,0
17267,105_3_1,0
16539,105_3_1,0
15354,105_3_1,0
16152,105_3_1,0
20023,105_3_1,0
18552,105_3_1,0
19846,105_3_1,0
13855,105_3_1,0
15177,105_3_1,0
15948,105_3_1,0
17989,105_3_1,0
18547,105_3_1,0
17263,105_3_1,0
15756,105_3_1,0
15760,105_3_1,0
17614,105_3_1,0
17259,105_3_1,0
14644,105_3_1,0
19649,105_3_1,0
15182,105_3_1,0
14442,105_3_1,0
18181,105_3_1,0
19282,105_3_1,0
15356,105_3_1,0
14646,105_3_1,0
239371,926_4_0,0
236318,926_4_0,0
237965,926_4_0,0
237006,926_4_0,0
241287,926_4_0,0
238972,926_4_0,0
239169,926_4_0,0
239376,926_4_0,0
240693,926_4_0,0
239377,926_4_0,0
238187,926_4_0,0
237969,926_4_0,0
240895,926_4_0,0
238388,926_4_0,0
235573,926_4_0,0
241480,926_4_0,0
239175,926_4_0,0
241075,926_4_0,0
241284,926_4_0,0
237203,926_4_0,0
240694,926_4_0,0
236844,926_4_0,0
239547,926_4_0,0
236314,926_4_0,0
235023,926_4_0,0
238783,926_4_0,0
237404,926_4_0,0
235018,926_4_0,0
236845,926_4_0,0
234819,926_4_0,0
235384,926_4_0,0
240688,926_4_0,0
235958,926_4_0,0
238973,926_4_0,0
236684,926_4_0,0
240695,926_4_0,0
241072,926_4_0,0
236312,926_4_0,0
235193,926_4_0,0
237598,926_4_0,0
237601,926_4_0,0
237970,926_4_0,0
236849,926_4_0,0
237756,926_4_0,0
241294,926_4_0,0
239915,926_4_0,0
238969,926_4_0,0
240897,926_4_0,0
236137,926_4_0,0
241286,926_4_0,0
237010,926_4_0,0
240481,926_4_0,0
236320,926_4_0,0
241484,926_4_0,0
240898,926_4_0,0
235959,926_4_0,0
198649,913_4_0,0
201067,913_4_0,0
197160,913_4_0,0
197168,913_4_0,0
198252,913_4_0,0
195861,913_4_0,0
198857,913_4_0,0
199558,913_4_0,0
201059,913_4_0,0
197162,913_4_0,0
196422,913_4_0,0
196611,913_4_0,0
199026,913_4_0,0
198033,913_4_0,0
196230,913_4_0,0
195865,913_4_0,0
200877,913_4_0,0
200514,913_4_0,0
199952,913_4_0,0
196421,913_4_0,0
199557,913_4_0,0
197526,913_4_0,0
194962,913_4_0,0
200513,913_4_0,0
195498,913_4_0,0
198464,913_4_0,0
199949,913_4_0,0
195867,913_4_0,0
197529,913_4_0,0
199951,913_4_0,0
195137,913_4_0,0
194762,913_4_0,0
201071,913_4_0,0
196054,913_4_0,0
198646,913_4_0,0
199766,913_4_0,0
196982,913_4_0,0
196983,913_4_0,0
198647,913_4_0,0
195863,913_4_0,0
199954,913_4_0,0
198852,913_4_0,0
201268,913_4_0,0
194764,913_4_0,0
198466,913_4_0,0
196056,913_4_0,0
197699,913_4_0,0
199394,913_4_0,0
200881,913_4_0,0
195860,913_4_0,0
194757,913_4_0,0
200136,913_4_0,0
196609,913_4_0,0
195139,913_4_0,0
197353,913_4_0,0
198645,913_4_0,0
197161,913_4_0,0
194758,913_4_0,0
199022,913_4_0,0
196807,913_4_0,0
198032,913_4_0,0
195318,913_4_0,0
194761,913_4_0,0
199768,913_4_0,0
194959,913_4_0,0
197166,913_4_0,0
199556,913_4_0,0
198034,913_4_0,0
200339,913_4_0,0
197528,913_4_0,0
199764,913_4_0,0
195858,913_4_0,0
195680,913_4_0,0
197884,913_4_0,0
197888,913_4_0,0
199204,913_4_0,0
200519,913_4_0,0
197698,913_4_0,0
195321,913_4_0,0
200135,913_4_0,0
199024,913_4_0,0
197885,913_4_0,0
200878,913_4_0,0
201068,913_4_0,0
196423,913_4_0,0
201070,913_4_0,0
199561,913_4_0,0
198254,913_4_0,0
196614,913_4_0,0
200336,913_4_0,0
194960,913_4_0,0
201264,913_4_0,0
197172,913_4_0,0
198856,913_4_0,0
194967,913_4_0,0
196233,913_4_0,0
199020,913_4_0,0
195862,913_4_0,0
197159,913_4_0,0
200335,913_4_0,0
196612,913_4_0,0
198250,913_4_0,0
200880,913_4_0,0
199025,913_4_0,0
195136,913_4_0,0
110862,210_2_1,0
112198,210_2_1,0
108333,210_2_1,0
111620,210_2_1,0
111041,210_2_1,0
107751,210_2_1,0
111457,210_2_1,0
109618,210_2_1,0
110859,210_2_1,0
110151,210_2_1,0
108875,210_2_1,0
112758,210_2_1,0
113720,210_2_1,0
113128,210_2_1,0
112002,210_2_1,0
111456,210_2_1,0
107753,210_2_1,0
114095,210_2_1,0
111242,210_2_1,0
112578,210_2_1,0
112932,210_2_1,0
111621,210_2_1,0
113905,210_2_1,0
109977,210_2_1,0
109795,210_2_1,0
107540,210_2_1,0
109046,210_2_1,0
112934,210_2_1,0
112757,210_2_1,0
112753,210_2_1,0
113131,210_2_1,0
112579,210_2_1,0
109978,210_2_1,0
113901,210_2_1,0
109431,210_2_1,0
110689,210_2_1,0
113127,210_2_1,0
112933,210_2_1,0
114098,210_2_1,0
109979,210_2_1,0
108138,210_2_1,0
110351,210_2_1,0
109623,210_2_1,0
113718,210_2_1,0
107952,210_2_1,0
112394,210_2_1,0
109620,210_2_1,0
108514,210_2_1,0
107539,210_2_1,0
109974,210_2_1,0
109797,210_2_1,0
113518,210_2_1,0
107542,210_2_1,0
110152,210_2_1,0
113517,210_2_1,0
109976,210_2_1,0
113515,210_2_1,0
114099,210_2_1,0
111245,210_2_1,0
108702,210_2_1,0
110350,210_2_1,0
112936,210_2_1,0
112754,210_2_1,0
113511,210_2_1,0
108512,210_2_1,0
113900,210_2_1,0
107754,210_2_1,0
113902,210_2_1,0
109625,210_2_1,0
110685,210_2_1,0
112395,210_2_1,0
110858,210_2_1,0
113522,210_2_1,0
113510,210_2_1,0
111237,210_2_1,0
110155,210_2_1,0
111039,210_2_1,0
112005,210_2_1,0
107543,210_2_1,0
109230,210_2_1,0
108132,210_2_1,0
112195,210_2_1,0
110150,210_2_1,0
111618,210_2_1,0
110355,210_2_1,0
113716,210_2_1,0
113520,210_2_1,0
113129,210_2_1,0
109225,210_2_1,0
111037,210_2_1,0
113318,210_2_1,0
112196,210_2_1,0
109227,210_2_1,0
107537,210_2_1,0
112003,210_2_1,0
108701,210_2_1,0
107749,210_2_1,0
108331,210_2_1,0
112194,210_2_1,0
109430,210_2_1,0
110686,210_2_1,0
111042,210_2_1,0
107954,210_2_1,0
111243,210_2_1,0
112197,210_2_1,0
108509,210_2_1,0
111835,210_2_1,0
110354,210_2_1,0
114101,210_2_1,0
111036,210_2_1,0
109043,210_2_1,0
107756,210_2_1,0
111453,210_2_1,0
111241,210_2_1,0
110520,210_2_1,0
107950,210_2_1,0
111459,210_2_1,0
112935,210_2_1,0
109798,210_2_1,0
112580,210_2_1,0
108700,210_2_1,0
107953,210_2_1,0
110154,210_2_1,0
231135,925_4_1,0
234115,925_4_1,0
231519,925_4_1,0
229650,925_4_1,0
228371,925_4_1,0
229648,925_4_1,0
229265,925_4_1,0
229646,925_4_1,0
228372,925_4_1,0
230956,925_4_1,0
234626,925_4_1,0
229467,925_4_1,0
231874,925_4_1,0
229851,925_4_1,0
230584,925_4_1,0
233733,925_4_1,0
231514,925_4_1,0
228704,925_4_1,0
228890,925_4_1,0
232053,925_4_1,0
229652,925_4_1,0
234116,925_4_1,0
230236,925_4_1,0
232809,925_4_1,0
233734,925_4_1,0
111460,210_2_0,0
109226,210_2_0,0
108137,210_2_0,0
107535,210_2_0,0
111043,210_2_0,0
112937,210_2_0,0
214402,919_4_0,0
209491,919_4_0,0
214570,919_4_0,0
210633,919_4_0,0
213028,919_4_0,0
214571,919_4_0,0
212241,919_4_0,0
213835,919_4_0,0
213233,919_4_0,0
212829,919_4_0,0
212067,919_4_0,0
208389,919_4_0,0
210254,919_4_0,0
208584,919_4_0,0
210248,919_4_0,0
209689,919_4_0,0
213832,919_4_0,0
209691,919_4_0,0
208944,919_4_0,0
208222,919_4_0,0
212828,919_4_0,0
211884,919_4_0,0
214572,919_4_0,0
212071,919_4_0,0
214399,919_4_0,0
213023,919_4_0,0
210997,919_4_0,0
210996,919_4_0,0
212632,919_4_0,0
213837,919_4_0,0
212066,919_4_0,0
211181,919_4_0,0
211533,919_4_0,0
212237,919_4_0,0
214398,919_4_0,0
212634,919_4_0,0
211179,919_4_0,0
213022,919_4_0,0
212830,919_4_0,0
210253,919_4_0,0
208755,919_4_0,0
208583,919_4_0,0
208387,919_4_0,0
208393,919_4_0,0
209493,919_4_0,0
209332,919_4_0,0
211530,919_4_0,0
210255,919_4_0,0
209142,919_4_0,0
214227,919_4_0,0
213427,919_4_0,0
208215,919_4_0,0
211720,919_4_0,0
214223,919_4_0,0
208220,919_4_0,0
213026,919_4_0,0
209683,919_4_0,0
211350,919_4_0,0
208949,919_4_0,0
214395,919_4_0,0
213234,919_4_0,0
213836,919_4_0,0
208754,919_4_0,0
212236,919_4_0,0
213428,919_4_0,0
213839,919_4_0,0
211717,919_4_0,0
210995,919_4_0,0
212435,919_4_0,0
208947,919_4_0,0
210064,919_4_0,0
211886,919_4_0,0
212631,919_4_0,0
208585,919_4_0,0
211356,919_4_0,0
213834,919_4_0,0
214015,919_4_0,0
210062,919_4_0,0
213431,919_4_0,0
210252,919_4_0,0
212436,919_4_0,0
211721,919_4_0,0
94950,113_1_1,0
46768,113_1_1,0
46558,113_1_1,0
42134,113_1_1,0
44953,113_1_1,0
40636,113_1_1,0
43451,113_1_1,0
40639,113_1_1,0
46769,113_1_1,0
43450,113_1_1,0
43290,113_1_1,0
43796,113_1_1,0
44199,113_1_1,0
44586,113_1_1,0
46565,113_1_1,0
42133,113_1_1,0
46207,113_1_1,0
45647,113_1_1,0
45844,113_1_1,0
41744,113_1_1,0
45653,113_1_1,0
42726,113_1_1,0
46967,113_1_1,0
40985,113_1_1,0
40437,113_1_1,0
46204,113_1_1,0
43643,113_1_1,0
46566,113_1_1,0
41559,113_1_1,0
41369,113_1_1,0
41938,113_1_1,0
41171,113_1_1,0
44389,113_1_1,0
46029,113_1_1,0
41169,113_1_1,0
46563,113_1_1,0
44390,113_1_1,0
46389,113_1_1,0
43640,113_1_1,0
40984,113_1_1,0
42344,113_1_1,0
43291,113_1_1,0
43639,113_1_1,0
41558,113_1_1,0
126883,214_2_0,0
125024,214_2_0,0
127068,214_2_0,0
125202,214_2_0,0
124132,214_2_0,0
124849,214_2_0,0
121932,214_2_0,0
127492,214_2_0,0
125025,214_2_0,0
124498,214_2_0,0
121025,214_2_0,0
121392,214_2_0,0
122132,214_2_0,0
126687,214_2_0,0
127495,214_2_0,0
125588,214_2_0,0
124130,214_2_0,0
122134,214_2_0,0
124657,214_2_0,0
122861,214_2_0,0
124129,214_2_0,0
124139,214_2_0,0
124308,214_2_0,0
125403,214_2_0,0
123216,214_2_0,0
126301,214_2_0,0
122860,214_2_0,0
121564,214_2_0,0
125203,214_2_0,0
126884,214_2_0,0
121390,214_2_0,0
124135,214_2_0,0
123953,214_2_0,0
123587,214_2_0,0
122484,214_2_0,0
124852,214_2_0,0
126688,214_2_0,0
123585,214_2_0,0
126886,214_2_0,0
126685,214_2_0,0
124848,214_2_0,0
125584,214_2_0,0
125753,214_2_0,0
127070,214_2_0,0
121563,214_2_0,0
206011,918_4_1,0
207142,918_4_1,0
207481,918_4_1,0
205834,918_4_1,0
201454,918_4_1,0
205074,918_4_1,0
203495,918_4_1,0
201453,918_4_1,0
201452,918_4_1,0
206745,918_4_1,0
202725,918_4_1,0
207315,918_4_1,0
206577,918_4_1,0
204548,918_4_1,0
206580,918_4_1,0
203100,918_4_1,0
203837,918_4_1,0
202017,918_4_1,0
205247,918_4_1,0
206369,918_4_1,0
204723,918_4_1,0
202378,918_4_1,0
205626,918_4_1,0
201637,918_4_1,0
205624,918_4_1,0
204029,918_4_1,0
204367,918_4_1,0
205829,918_4_1,0
206948,918_4_1,0
204190,918_4_1,0
205075,918_4_1,0
204364,918_4_1,0
207677,918_4_1,0
204903,918_4_1,0
201811,918_4_1,0
205072,918_4_1,0
201634,918_4_1,0
204902,918_4_1,0
204363,918_4_1,0
202553,918_4_1,0
206579,918_4_1,0
205830,918_4_1,0
204899,918_4_1,0
201641,918_4_1,0
201451,918_4_1,0
206195,918_4_1,0
203668,918_4_1,0
203667,918_4_1,0
204030,918_4_1,0
203839,918_4_1,0
202013,918_4_1,0
205073,918_4_1,0
204193,918_4_1,0
202926,918_4_1,0
206371,918_4_1,0
205251,918_4_1,0
203104,918_4_1,0
204192,918_4_1,0
207476,918_4_1,0
205253,918_4_1,0
202723,918_4_1,0
204547,918_4_1,0
201813,918_4_1,0
207143,918_4_1,0
204898,918_4_1,0
205831,918_4_1,0
207314,918_4_1,0
205625,918_4_1,0
206009,918_4_1,0
203284,918_4_1,0
206575,918_4_1,0
203840,918_4_1,0
204900,918_4_1,0
205071,918_4_1,0
204546,918_4_1,0
201457,918_4_1,0
202925,918_4_1,0
207147,918_4_1,0
205833,918_4_1,0
207864,918_4_1,0
203106,918_4_1,0
206197,918_4_1,0
202728,918_4_1,0
201636,918_4_1,0
205835,918_4_1,0
206950,918_4_1,0
205252,918_4_1,0
119501,213_2_1,0
120651,213_2_1,0
114475,213_2_1,0
120442,213_2_1,0
115623,213_2_1,0
118589,213_2_1,0
119879,213_2_1,0
119878,213_2_1,0
119880,213_2_1,0
119689,213_2_1,0
118233,213_2_1,0
114280,213_2_1,0
116887,213_2_1,0
117831,213_2_1,0
116141,213_2_1,0
115812,213_2_1,0
119882,213_2_1,0
116879,213_2_1,0
117833,213_2_1,0
120653,213_2_1,0
114876,213_2_1,0
115620,213_2_1,0
115260,213_2_1,0
119165,213_2_1,0
120239,213_2_1,0
116333,213_2_1,0
114672,213_2_1,0
115442,213_2_1,0
117457,213_2_1,0
116500,213_2_1,0
119503,213_2_1,0
120441,213_2_1,0
119505,213_2_1,0
116143,213_2_1,0
115054,213_2_1,0
115978,213_2_1,0
114281,213_2_1,0
118594,213_2_1,0
114477,213_2_1,0
120444,213_2_1,0
118593,213_2_1,0
116497,213_2_1,0
116890,213_2_1,0
115441,213_2_1,0
116331,213_2_1,0
115974,213_2_1,0
116889,213_2_1,0
115814,213_2_1,0
117261,213_2_1,0
115055,213_2_1,0
119340,213_2_1,0
120064,213_2_1,0
115058,213_2_1,0
117651,213_2_1,0
143185,116_1_0,0
156158,116_1_0,0
95869,116_1_0,0
95675,116_1_0,0
50327,116_1_0,0
48108,116_1_0,0
52001,116_1_0,0
52000,116_1_0,0
49253,116_1_0,0
53290,116_1_0,0
47538,116_1_0,0
52554,116_1_0,0
53104,116_1_0,0
50708,116_1_0,0
52732,116_1_0,0
53475,116_1_0,0
48707,116_1_0,0
52738,116_1_0,0
52202,116_1_0,0
51671,116_1_0,0
49783,116_1_0,0
53476,116_1_0,0
51502,116_1_0,0
50912,116_1_0,0
52387,116_1_0,0
47535,116_1_0,0
48110,116_1_0,0
53292,116_1_0,0
47167,116_1_0,0
48112,116_1_0,0
48282,116_1_0,0
49440,116_1_0,0
50155,116_1_0,0
48489,116_1_0,0
52199,116_1_0,0
47169,116_1_0,0
49974,116_1_0,0
48913,116_1_0,0
52933,116_1_0,0
52382,116_1_0,0
49075,116_1_0,0
48709,116_1_0,0
49971,116_1_0,0
47536,116_1_0,0
51669,116_1_0,0
52555,116_1_0,0
48708,116_1_0,0
51667,116_1_0,0
50328,116_1_0,0
49074,116_1_0,0
49438,116_1_0,0
51503,116_1_0,0
49970,116_1_0,0
47344,116_1_0,0
52003,116_1_0,0
50156,116_1_0,0
53291,116_1_0,0
51999,116_1_0,0
47907,116_1_0,0
51831,116_1_0,0
48711,116_1_0,0
51504,116_1_0,0
52735,116_1_0,0
53289,116_1_0,0
48492,116_1_0,0
49785,116_1_0,0
51668,116_1_0,0
52733,116_1_0,0
53105,116_1_0,0
53666,116_1_0,0
47534,116_1_0,0
141175,303_3_0,0
144119,303_3_0,0
146404,303_3_0,0
146224,303_3_0,0
146953,303_3_0,0
142060,303_3_0,0
144679,303_3_0,0
145425,303_3_0,0
145627,303_3_0,0
144123,303_3_0,0
141359,303_3_0,0
145054,303_3_0,0
141674,303_3_0,0
147712,303_3_0,0
147154,303_3_0,0
142063,303_3_0,0
145829,303_3_0,0
147151,303_3_0,0
142056,303_3_0,0
146030,303_3_0,0
141677,303_3_0,0
142464,303_3_0,0
141167,303_3_0,0
143188,303_3_0,0
146944,303_3_0,0
145628,303_3_0,0
142057,303_3_0,0
144678,303_3_0,0
145057,303_3_0,0
146399,303_3_0,0
143567,303_3_0,0
144310,303_3_0,0
144122,303_3_0,0
147718,303_3_0,0
144673,303_3_0,0
142065,303_3_0,0
141518,303_3_0,0
145832,303_3_0,0
141871,303_3_0,0
143384,303_3_0,0
147516,303_3_0,0
144860,303_3_0,0
142844,303_3_0,0
146585,303_3_0,0
141861,303_3_0,0
141862,303_3_0,0
143382,303_3_0,0
143012,303_3_0,0
146948,303_3_0,0
142461,303_3_0,0
146027,303_3_0,0
147517,303_3_0,0
145833,303_3_0,0
147715,303_3_0,0
143192,303_3_0,0
141675,303_3_0,0
143011,303_3_0,0
143568,303_3_0,0
143764,303_3_0,0
141355,303_3_0,0
174448,321_3_1,0
167961,321_3_1,0
170913,321_3_1,0
170355,321_3_1,0
170172,321_3_1,0
173873,321_3_1,0
169064,321_3_1,0
169606,321_3_1,0
172178,321_3_1,0
169061,321_3_1,0
173480,321_3_1,0
172916,321_3_1,0
171606,321_3_1,0
168687,321_3_1,0
173683,321_3_1,0
173877,321_3_1,0
168147,321_3_1,0
173483,321_3_1,0
172920,321_3_1,0
169249,321_3_1,0
174244,321_3_1,0
171998,321_3_1,0
172185,321_3_1,0
169781,321_3_1,0
173111,321_3_1,0
174248,321_3_1,0
173110,321_3_1,0
167959,321_3_1,0
173875,321_3_1,0
30030,113_2_0,0
30245,113_2_0,0
30246,113_2_0,0
30424,113_2_0,0
29862,113_2_0,0
30035,113_2_0,0
30244,113_2_0,0
30034,113_2_0,0
36864,113_2_0,0
40638,113_2_0,0
46025,113_2_0,0
43797,113_2_0,0
43642,113_2_0,0
40834,113_2_0,0
46206,113_2_0,0
164679,316_3_0,0
167767,316_3_0,0
161564,316_3_0,0
165758,316_3_0,0
164676,316_3_0,0
162485,316_3_0,0
161568,316_3_0,0
161753,316_3_0,0
167371,316_3_0,0
164674,316_3_0,0
164121,316_3_0,0
166481,316_3_0,0
163288,316_3_0,0
163078,316_3_0,0
163076,316_3_0,0
165757,316_3_0,0
165404,316_3_0,0
165577,316_3_0,0
165576,316_3_0,0
166482,316_3_0,0
165240,316_3_0,0
166667,316_3_0,0
167770,316_3_0,0
164127,316_3_0,0
164854,316_3_0,0
164678,316_3_0,0
164680,316_3_0,0
161565,316_3_0,0
165944,316_3_0,0
155235,116_1_1,0
158226,116_1_1,0
48490,116_1_1,0
52934,116_1_1,0
48918,116_1_1,0
49072,116_1_1,0
47345,116_1_1,0
17992,105_3_0,0
15758,105_3_0,0
17611,105_3_0,0
19650,105_3_0,0
15536,105_3_0,0
13471,105_3_0,0
16537,105_3_0,0
19471,105_3_0,0
17065,105_3_0,0
13653,105_3_0,0
13473,105_3_0,0
18182,105_3_0,0
17260,105_3_0,0
17261,105_3_0,0
109222,113_1_0,0
109427,113_1_0,0
86916,202_2_1,0
84513,202_2_1,0
81166,202_2_1,0
84890,202_2_1,0
81527,202_2_1,0
84688,202_2_1,0
81355,202_2_1,0
81353,202_2_1,0
82075,202_2_1,0
83512,202_2_1,0
82431,202_2_1,0
87079,202_2_1,0
83316,202_2_1,0
87081,202_2_1,0
83511,202_2_1,0
86188,202_2_1,0
84317,202_2_1,0
84100,202_2_1,0
82935,202_2_1,0
81351,202_2_1,0
85073,202_2_1,0
83509,202_2_1,0
80994,202_2_1,0
86913,202_2_1,0
81167,202_2_1,0
83135,202_2_1,0
81536,202_2_1,0
81165,202_2_1,0
82938,202_2_1,0
81731,202_2_1,0
81528,202_2_1,0
84690,202_2_1,0
86743,202_2_1,0
83722,202_2_1,0
82433,202_2_1,0
87076,202_2_1,0
81896,202_2_1,0
85833,202_2_1,0
81533,202_2_1,0
83904,202_2_1,0
84687,202_2_1,0
83138,202_2_1,0
85272,202_2_1,0
82430,202_2_1,0
85640,202_2_1,0
86190,202_2_1,0
85072,202_2_1,0
87254,202_2_1,0
84098,202_2_1,0
86189,202_2_1,0
86911,202_2_1,0
84691,202_2_1,0
84099,202_2_1,0
81890,202_2_1,0
87256,202_2_1,0
85468,202_2_1,0
85081,202_2_1,0
81534,202_2_1,0
82264,202_2_1,0
86584,202_2_1,0
83141,202_2_1,0
82432,202_2_1,0
82429,202_2_1,0
86586,202_2_1,0
82074,202_2_1,0
81730,202_2_1,0
84889,202_2_1,0
81526,202_2_1,0
80996,202_2_1,0
81893,202_2_1,0
83318,202_2_1,0
83719,202_2_1,0
85638,202_2_1,0
80993,202_2_1,0
86186,202_2_1,0
85471,202_2_1,0
87253,202_2_1,0
84887,202_2_1,0
82936,202_2_1,0
82772,202_2_1,0
86392,202_2_1,0
83718,202_2_1,0
83720,202_2_1,0
86394,202_2_1,0
85832,202_2_1,0
86585,202_2_1,0
85273,202_2_1,0
81734,202_2_1,0
83723,202_2_1,0
85080,202_2_1,0
83140,202_2_1,0
81894,202_2_1,0
81735,202_2_1,0
86914,202_2_1,0
81892,202_2_1,0
56749,119_1_0,0
59650,119_1_0,0
55629,119_1_0,0
55087,119_1_0,0
60037,119_1_0,0
54557,119_1_0,0
55979,119_1_0,0
57507,119_1_0,0
58631,119_1_0,0
58455,119_1_0,0
59014,119_1_0,0
56566,119_1_0,0
54047,119_1_0,0
59016,119_1_0,0
57297,119_1_0,0
55811,119_1_0,0
56562,119_1_0,0
54737,119_1_0,0
57702,119_1_0,0
55272,119_1_0,0
55085,119_1_0,0
58275,119_1_0,0
56373,119_1_0,0
54206,119_1_0,0
55627,119_1_0,0
56371,119_1_0,0
58280,119_1_0,0
60040,119_1_0,0
58632,119_1_0,0
57296,119_1_0,0
55086,119_1_0,0
55271,119_1_0,0
58453,119_1_0,0
56942,119_1_0,0
57897,119_1_0,0
54733,119_1_0,0
54905,119_1_0,0
59237,119_1_0,0
55628,119_1_0,0
57110,119_1_0,0
56940,119_1_0,0
60215,119_1_0,0
54045,119_1_0,0
59439,119_1_0,0
57113,119_1_0,0
55092,119_1_0,0
57508,119_1_0,0
58456,119_1_0,0
58076,119_1_0,0
56368,119_1_0,0
55977,119_1_0,0
54204,119_1_0,0
58279,119_1_0,0
54904,119_1_0,0
54908,119_1_0,0
59851,119_1_0,0
56567,119_1_0,0
55277,119_1_0,0
60036,119_1_0,0
29118,113_2_1,0
28934,113_2_1,0
28933,113_2_1,0
28937,113_2_1,0
35724,113_2_1,0
36484,113_2_1,0
35723,113_2_1,0
175438,325_3_0,0
178467,325_3_0,0
178994,325_3_0,0
178103,325_3_0,0
177527,325_3_0,0
181076,325_3_0,0
180894,325_3_0,0
179568,325_3_0,0
179385,325_3_0,0
176216,325_3_0,0
181078,325_3_0,0
178646,325_3_0,0
180351,325_3_0,0
178104,325_3_0,0
177335,325_3_0,0
177889,325_3_0,0
175820,325_3_0,0
177166,325_3_0,0
177338,325_3_0,0
181081,325_3_0,0
181083,325_3_0,0
177699,325_3_0,0
178995,325_3_0,0
179195,325_3_0,0
174655,325_3_0,0
179566,325_3_0,0
180163,325_3_0,0
178102,325_3_0,0
175819,325_3_0,0
174660,325_3_0,0
176023,325_3_0,0
179966,325_3_0,0
180703,325_3_0,0
179777,325_3_0,0
175821,325_3_0,0
178648,325_3_0,0
179967,325_3_0,0
176793,325_3_0,0
174838,325_3_0,0
176622,325_3_0,0
180891,325_3_0,0
175657,325_3_0,0
176621,325_3_0,0
175439,325_3_0,0
176220,325_3_0,0
178465,325_3_0,0
174661,325_3_0,0
176620,325_3_0,0
180895,325_3_0,0
180164,325_3_0,0
176423,325_3_0,0
178110,325_3_0,0
179570,325_3_0,0
176218,325_3_0,0
176425,325_3_0,0
178466,325_3_0,0
178107,325_3_0,0
177525,325_3_0,0
113896,208_3_1,0
113895,208_3_1,0
113123,208_3_1,0
112575,208_3_1,0
112576,208_3_1,0
113898,208_3_1,0
113124,208_3_1,0
111235,208_3_1,0
112750,208_3_1,0
92516,208_3_1,0
93865,208_3_1,0
93299,208_3_1,0
93867,208_3_1,0
87953,208_3_1,0
93095,208_3_1,0
100375,208_3_1,0
97749,208_3_1,0
100151,208_3_1,0
94053,208_3_1,0
100379,208_3_1,0
94420,208_3_1,0
99407,208_3_1,0
99403,208_3_1,0
97752,208_3_1,0
97754,208_3_1,0
99981,208_3_1,0
99786,208_3_1,0
97946,208_3_1,0
97948,208_3_1,0
94424,208_3_1,0
94057,208_3_1,0
94251,208_3_1,0
99980,208_3_1,0
94422,208_3_1,0
97950,208_3_1,0
100582,208_3_1,0
99582,208_3_1,0
99785,208_3_1,0
99400,208_3_1,0
94247,208_3_1,0
100380,208_3_1,0
105096,208_3_1,0
106804,208_3_1,0
107373,208_3_1,0
101711,208_3_1,0
105095,208_3_1,0
106993,208_3_1,0
106992,208_3_1,0
101132,208_3_1,0
102072,208_3_1,0
103811,208_3_1,0
105286,208_3_1,0
105850,208_3_1,0
102665,208_3_1,0
102663,208_3_1,0
103813,208_3_1,0
106806,208_3_1,0
102073,208_3_1,0
100756,208_3_1,0
107375,208_3_1,0
102460,208_3_1,0
101131,208_3_1,0
102461,208_3_1,0
101318,208_3_1,0
102845,208_3_1,0
102459,208_3_1,0
103810,208_3_1,0
106626,208_3_1,0
102457,208_3_1,0
103425,208_3_1,0
105492,208_3_1,0
107377,208_3_1,0
103994,208_3_1,0
103214,208_3_1,0
104918,208_3_1,0
103996,208_3_1,0
105497,208_3_1,0
105099,208_3_1,0
101895,208_3_1,0
102664,208_3_1,0
101500,208_3_1,0
107374,208_3_1,0
104374,208_3_1,0
104178,208_3_1,0
106041,208_3_1,0
105849,208_3_1,0
106808,208_3_1,0
105094,208_3_1,0
105490,208_3_1,0
103991,208_3_1,0
105687,208_3_1,0
105847,208_3_1,0
102662,208_3_1,0
101498,208_3_1,0
104548,208_3_1,0
100753,208_3_1,0
107372,208_3_1,0
107376,208_3_1,0
103993,208_3_1,0
104185,208_3_1,0
105852,208_3_1,0
107192,208_3_1,0
105489,208_3_1,0
105685,208_3_1,0
102658,208_3_1,0
104174,208_3_1,0
147876,305_3_1,0
150872,305_3_1,0
150688,305_3_1,0
152885,305_3_1,0
150132,305_3_1,0
153422,305_3_1,0
152712,305_3_1,0
150690,305_3_1,0
150517,305_3_1,0
154152,305_3_1,0
149185,305_3_1,0
152132,305_3_1,0
153228,305_3_1,0
153230,305_3_1,0
152134,305_3_1,0
149944,305_3_1,0
150873,305_3_1,0
149575,305_3_1,0
152713,305_3_1,0
150868,305_3_1,0
148079,305_3_1,0
152888,305_3_1,0
152340,305_3_1,0
150518,305_3_1,0
151065,305_3_1,0
153594,305_3_1,0
154322,305_3_1,0
150134,305_3_1,0
148817,305_3_1,0
152341,305_3_1,0
150301,305_3_1,0
152708,305_3_1,0
153421,305_3_1,0
147877,305_3_1,0
149776,305_3_1,0
154319,305_3_1,0
152131,305_3_1,0
153762,305_3_1,0
36865,111_1_1,0
34018,111_1_1,0
37060,111_1_1,0
38948,111_1_1,0
35924,111_1_1,0
40240,111_1_1,0
38212,111_1_1,0
35925,111_1_1,0
33629,111_1_1,0
37822,111_1_1,0
34197,111_1_1,0
38009,111_1_1,0
37064,111_1_1,0
36481,111_1_1,0
34594,111_1_1,0
38376,111_1_1,0
39144,111_1_1,0
38012,111_1_1,0
40239,111_1_1,0
40062,111_1_1,0
35323,111_1_1,0
40238,111_1_1,0
39142,111_1_1,0
34963,111_1_1,0
34599,111_1_1,0
36479,111_1_1,0
37821,111_1_1,0
36292,111_1_1,0
37239,111_1_1,0
37634,111_1_1,0
40059,111_1_1,0
36680,111_1_1,0
37237,111_1_1,0
38569,111_1_1,0
34597,111_1_1,0
35147,111_1_1,0
36867,111_1_1,0
35727,111_1_1,0
33630,111_1_1,0
38214,111_1_1,0
34412,111_1_1,0
38568,111_1_1,0
36142,111_1_1,0
36678,111_1_1,0
39146,111_1_1,0
34413,111_1_1,0
39518,111_1_1,0
35728,111_1_1,0
36869,111_1_1,0
39691,111_1_1,0
34596,111_1_1,0
36483,111_1_1,0
35516,111_1_1,0
37438,111_1_1,0
39148,111_1_1,0
28747,110_1_0,0
28745,110_1_0,0
33423,110_1_0,0
31623,110_1_0,0
32158,110_1_0,0
28543,110_1_0,0
29304,110_1_0,0
33243,110_1_0,0
30425,110_1_0,0
31233,110_1_0,0
28936,110_1_0,0
30427,110_1_0,0
31004,110_1_0,0
28546,110_1_0,0
31002,110_1_0,0
30422,110_1_0,0
31972,110_1_0,0
30999,110_1_0,0
32519,110_1_0,0
31973,110_1_0,0
26856,110_1_0,0
27952,110_1_0,0
32905,110_1_0,0
31789,110_1_0,0
28132,110_1_0,0
28542,110_1_0,0
32155,110_1_0,0
29855,110_1_0,0
27241,110_1_0,0
27048,110_1_0,0
28331,110_1_0,0
27421,110_1_0,0
30606,110_1_0,0
28544,110_1_0,0
27246,110_1_0,0
29307,110_1_0,0
28136,110_1_0,0
30036,110_1_0,0
27769,110_1_0,0
31792,110_1_0,0
29854,110_1_0,0
33085,110_1_0,0
27422,110_1_0,0
27243,110_1_0,0
32520,110_1_0,0
31625,110_1_0,0
30608,110_1_0,0
31237,110_1_0,0
27770,110_1_0,0
27245,110_1_0,0
32906,110_1_0,0
28135,110_1_0,0
31429,110_1_0,0
28748,110_1_0,0
32348,110_1_0,0
27242,110_1_0,0
31235,110_1_0,0
30421,110_1_0,0
28334,110_1_0,0
29858,110_1_0,0
32152,110_1_0,0
27051,110_1_0,0
33426,110_1_0,0
154506,310_3_1,0
158230,310_3_1,0
157611,310_3_1,0
155427,310_3_1,0
155066,310_3_1,0
155064,310_3_1,0
158972,310_3_1,0
157073,310_3_1,0
160824,310_3_1,0
157813,310_3_1,0
155243,310_3_1,0
159136,310_3_1,0
154901,310_3_1,0
158429,310_3_1,0
159132,310_3_1,0
157074,310_3_1,0
157812,310_3_1,0
157609,310_3_1,0
155975,310_3_1,0
154704,310_3_1,0
158017,310_3_1,0
156891,310_3_1,0
156525,310_3_1,0
155242,310_3_1,0
154708,310_3_1,0
159131,310_3_1,0
154706,310_3_1,0
156889,310_3_1,0
160994,310_3_1,0
160997,310_3_1,0
155424,310_3_1,0
157608,310_3_1,0
156894,310_3_1,0
155982,310_3_1,0
158019,310_3_1,0
159322,310_3_1,0
158430,310_3_1,0
157413,310_3_1,0
156330,310_3_1,0
158231,310_3_1,0
155984,310_3_1,0
155786,310_3_1,0
160456,310_3_1,0
160044,310_3_1,0
154904,310_3_1,0
155428,310_3_1,0
158232,310_3_1,0
160995,310_3_1,0
155591,310_3_1,0
154703,310_3_1,0
158425,310_3_1,0
198855,913_4_1,0
196809,913_4_1,0
201064,913_4_1,0
199205,913_4_1,0
197358,913_4_1,0
195504,913_4_1,0
199560,913_4_1,0
200144,913_4_1,0
196425,913_4_1,0
201060,913_4_1,0
199392,913_4_1,0
199390,913_4_1,0
195864,913_4_1,0
196232,913_4_1,0
196808,913_4_1,0
195501,913_4_1,0
201066,913_4_1,0
197355,913_4_1,0
196803,913_4_1,0
201265,913_4_1,0
197695,913_4_1,0
196805,913_4_1,0
198036,913_4_1,0
197158,913_4_1,0
197165,913_4_1,0
200517,913_4_1,0
198251,913_4_1,0
197352,913_4_1,0
198255,913_4_1,0
200876,913_4_1,0
200140,913_4_1,0
200879,913_4_1,0
198648,913_4_1,0
197693,913_4_1,0
194968,913_4_1,0
24486,108_1_1,0
25035,108_1_1,0
25393,108_1_1,0
22601,108_1_1,0
25943,108_1_1,0
24840,108_1_1,0
26682,108_1_1,0
24316,108_1_1,0
26683,108_1_1,0
21701,108_1_1,0
24124,108_1_1,0
21325,108_1_1,0
21702,108_1_1,0
22596,108_1_1,0
22430,108_1_1,0
26517,108_1_1,0
24315,108_1_1,0
21703,108_1_1,0
23364,108_1_1,0
21700,108_1_1,0
21698,108_1_1,0
21516,108_1_1,0
25039,108_1_1,0
25768,108_1_1,0
25399,108_1_1,0
23770,108_1_1,0
24665,108_1_1,0
21706,108_1_1,0
23562,108_1_1,0
30996,116_3_1,0
30997,116_3_1,0
44587,116_3_1,0
51666,116_3_1,0
52384,116_3_1,0
50326,116_3_1,0
52385,116_3_1,0
17985,116_3_0,0
18179,116_3_0,0
18178,116_3_0,0
24836,116_3_0,0
44954,116_3_0,0
102265,208_2_0,0
103423,208_2_0,0
106239,208_2_0,0
91458,208_3_0,0
89427,208_3_0,0
92166,208_3_0,0
89087,208_3_0,0
95868,208_3_0,0
95313,208_3_0,0
95873,208_3_0,0
96070,208_3_0,0
95871,208_3_0,0
98311,208_3_0,0
96069,208_3_0,0
95506,208_3_0,0
95314,208_3_0,0
95876,208_3_0,0
95505,208_3_0,0
98868,208_3_0,0
98314,208_3_0,0
98684,208_3_0,0
98685,208_3_0,0
98117,208_3_0,0
98686,208_3_0,0
96063,208_3_0,0
111617,208_3_0,0
103992,208_3_0,0
107194,208_3_0,0
107193,208_3_0,0
105097,208_3_0,0
103809,208_3_0,0
105100,208_3_0,0
101704,208_3_0,0
103216,208_3_0,0
105848,208_3_0,0
106237,208_3_0,0
100751,208_3_0,0
101315,208_3_0,0
102656,208_3_0,0
63036,122_1_0,0
62463,122_1_0,0
63031,122_1_0,0
61144,122_1_0,0
65223,122_1_0,0
66968,122_1_0,0
63210,122_1_0,0
64877,122_1_0,0
65041,122_1_0,0
66050,122_1_0,0
60586,122_1_0,0
66974,122_1_0,0
66220,122_1_0,0
65607,122_1_0,0
63559,122_1_0,0
65413,122_1_0,0
64281,122_1_0,0
64873,122_1_0,0
61533,122_1_0,0
64103,122_1_0,0
64878,122_1_0,0
63366,122_1_0,0
64105,122_1_0,0
62847,122_1_0,0
64491,122_1_0,0
62644,122_1_0,0
65827,122_1_0,0
63734,122_1_0,0
65220,122_1_0,0
62645,122_1_0,0
66607,122_1_0,0
67139,122_1_0,0
62088,122_1_0,0
65416,122_1_0,0
67137,122_1_0,0
63924,122_1_0,0
62845,122_1_0,0
60584,122_1_0,0
60754,122_1_0,0
60952,122_1_0,0
63554,122_1_0,0
64106,122_1_0,0
61317,122_1_0,0
62273,122_1_0,0
67138,122_1_0,0
66053,122_1_0,0
63552,122_1_0,0
61145,122_1_0,0
65224,122_1_0,0
63735,122_1_0,0
62089,122_1_0,0
61319,122_1_0,0
62275,122_1_0,0
64278,122_1_0,0
61910,122_1_0,0
64490,122_1_0,0
63032,122_1_0,0
65830,122_1_0,0
61715,122_1_0,0
62087,122_1_0,0
62457,122_1_0,0
66399,122_1_0,0
66608,122_1_0,0
61143,122_1_0,0
66049,122_1_0,0
65606,122_1_0,0
66221,122_1_0,0
64690,122_1_0,0
62460,122_1_0,0
65040,122_1_0,0
62274,122_1_0,0
61318,122_1_0,0
66784,122_1_0,0
62270,122_1_0,0
61147,122_1_0,0
5540,101_1_1,0
5379,101_1_1,0
2967,101_1_1,0
1836,101_1_1,0
400,101_1_1,0
3906,101_1_1,0
1843,101_1_1,0
4098,101_1_1,0
4630,101_1_1,0
4805,101_1_1,0
5541,101_1_1,0
5543,101_1_1,0
4800,101_1_1,0
4631,101_1_1,0
913,101_1_1,0
1307,101_1_1,0
1099,101_1_1,0
914,101_1_1,0
4273,101_1_1,0
2964,101_1_1,0
3145,101_1_1,0
26,101_1_1,0
1837,101_1_1,0
3318,101_1_1,0
3325,101_1_1,0
5725,101_1_1,0
2968,101_1_1,0
2021,101_1_1,0
2966,101_1_1,0
741,101_1_1,0
6096,101_1_1,0
1304,101_1_1,0
6426,101_1_1,0
6094,101_1_1,0
4462,101_1_1,0
4633,101_1_1,0
5185,101_1_1,0
575,101_1_1,0
577,101_1_1,0
3324,101_1_1,0
3907,101_1_1,0
1096,101_1_1,0
4995,101_1_1,0
3505,101_1_1,0
6429,101_1_1,0
402,101_1_1,0
1834,101_1_1,0
1484,101_1_1,0
5718,101_1_1,0
1483,101_1_1,0
2961,101_1_1,0
1839,101_1_1,0
1301,101_1_1,0
1841,101_1_1,0
2389,101_1_1,0
4272,101_1_1,0
3715,101_1_1,0
6091,101_1_1,0
3140,101_1_1,0
3910,101_1_1,0
572,101_1_1,0
2020,101_1_1,0
4459,101_1_1,0
2785,101_1_1,0
1649,101_1_1,0
3717,101_1_1,0
917,101_1_1,0
1302,101_1_1,0
2969,101_1_1,0
3138,101_1_1,0
1102,101_1_1,0
2784,101_1_1,0
742,101_1_1,0
3321,101_1_1,0
2960,101_1_1,0
6258,101_1_1,0
2215,101_1_1,0
3507,101_1_1,0
5920,101_1_1,0
58834,119_1_1,0
55624,119_1_1,0
55088,119_1_1,0
55810,119_1_1,0
58274,119_1_1,0
54559,119_1_1,0
60384,119_1_1,0
59436,119_1_1,0
60385,119_1_1,0
54207,119_1_1,0
58628,119_1_1,0
56746,119_1_1,0
59648,119_1_1,0
59235,119_1_1,0
54736,119_1_1,0
57703,119_1_1,0
58629,119_1_1,0
12407,103_1_1,0
8545,103_1_1,0
10268,103_1_1,0
12941,103_1_1,0
6813,103_1_1,0
9101,103_1_1,0
12410,103_1_1,0
10431,103_1_1,0
9651,103_1_1,0
10269,103_1_1,0
13273,103_1_1,0
6630,103_1_1,0
7738,103_1_1,0
12022,103_1_1,0
13276,103_1_1,0
9106,103_1_1,0
8721,103_1_1,0
8725,103_1_1,0
9650,103_1_1,0
7357,103_1_1,0
8361,103_1_1,0
10437,103_1_1,0
8719,103_1_1,0
8897,103_1_1,0
11216,103_1_1,0
10618,103_1_1,0
6631,103_1_1,0
11418,103_1_1,0
11627,103_1_1,0
13110,103_1_1,0
12411,103_1_1,0
13107,103_1_1,0
7543,103_1_1,0
10818,103_1_1,0
11630,103_1_1,0
8139,103_1_1,0
10816,103_1_1,0
9098,103_1_1,0
8892,103_1_1,0
13270,103_1_1,0
7730,103_1_1,0
11019,103_1_1,0
10822,103_1_1,0
7927,103_1_1,0
12404,103_1_1,0
11629,103_1_1,0
11017,103_1_1,0
11839,103_1_1,0
9652,103_1_1,0
9103,103_1_1,0
7734,103_1_1,0
12406,103_1_1,0
7358,103_1_1,0
7178,103_1_1,0
12564,103_1_1,0
6993,103_1_1,0
6996,103_1_1,0
12565,103_1_1,0
6998,103_1_1,0
9467,103_1_1,0
12228,103_1_1,0
11838,103_1_1,0
12405,103_1_1,0
12940,103_1_1,0
6997,103_1_1,0
10619,103_1_1,0
9648,103_1_1,0
8355,103_1_1,0
10055,103_1_1,0
13106,103_1_1,0
10430,103_1_1,0
12020,103_1_1,0
13275,103_1_1,0
6817,103_1_1,0
10439,103_1_1,0
6811,103_1_1,0
9105,103_1_1,0
8357,103_1_1,0
12755,103_1_1,0
7736,103_1_1,0
13269,103_1_1,0
9463,103_1_1,0
12408,103_1_1,0
10265,103_1_1,0
7733,103_1_1,0
8134,103_1_1,0
9870,103_1_1,0
12753,103_1_1,0
6633,103_1_1,0
10440,103_1_1,0
6812,103_1_1,0
9653,103_1_1,0
13109,103_1_1,0
7923,103_1_1,0
12563,103_1_1,0
7921,103_1_1,0
10817,103_1_1,0
11018,103_1_1,0
10054,103_1_1,0
12223,103_1_1,0
12936,103_1_1,0
17988,105_1_0,0
18919,105_1_0,0
17615,105_1_0,0
18554,105_1_0,0
15355,105_1_0,0
19285,105_1_0,0
18180,105_1_0,0
18549,105_1_0,0
18550,105_1_0,0
16540,105_1_0,0
17815,105_1_0,0
16154,105_1_0,0
15759,105_1_0,0
19100,105_1_0,0
14437,105_1_0,0
15537,105_1_0,0
19849,105_1_0,0
17262,105_1_0,0
15533,105_1_0,0
17064,105_1_0,0
15178,105_1_0,0
17070,105_1_0,0
19280,105_1_0,0
196981,305_3_0,0
199203,305_3_0,0
196050,305_3_0,0
199018,305_3_0,0
148074,305_3_0,0
149186,305_3_0,0
151609,305_3_0,0
153229,305_3_0,0
153592,305_3_0,0
151071,305_3_0,0
149775,305_3_0,0
151432,305_3_0,0
153767,305_3_0,0
153419,305_3_0,0
152887,305_3_0,0
148080,305_3_0,0
148441,305_3_0,0
149945,305_3_0,0
150685,305_3_0,0
152890,305_3_0,0
152136,305_3_0,0
149774,305_3_0,0
149188,305_3_0,0
146398,305_4_1,0
159489,305_4_1,0
159491,305_4_1,0
4629,101_1_1,0
5916,101_1_1,0
5726,101_1_1,0
4269,101_1_1,0
5376,101_1_1,0
4801,101_1_1,0
1098,101_1_1,0
6257,101_1_1,0
744,101_1_1,0
1105,101_1_1,0
154702,105_1_1,0
19281,105_1_1,0
15357,105_1_1,0
15005,105_1_1,0
19475,105_1_1,0
17069,105_1_1,0
16723,105_1_1,0
97756,206_2_0,0
95315,206_2_0,0
99789,206_2_0,0
99790,206_2_0,0
96259,206_2_0,0
97141,206_2_0,0
94248,206_2_0,0
100161,206_2_0,0
95316,206_2_0,0
94423,206_2_0,0
99977,206_2_0,0
98118,206_2_0,0
99401,206_2_0,0
95875,206_2_0,0
99581,206_2_0,0
100160,206_2_0,0
97558,206_2_0,0
97557,206_2_0,0
96968,206_2_0,0
99978,206_2_0,0
97357,206_2_0,0
94253,206_2_0,0
96254,206_2_0,0
99229,206_2_0,0
98115,206_2_0,0
98681,206_2_0,0
98867,206_2_0,0
97753,206_2_0,0
96420,206_2_0,0
94245,206_2_0,0
97139,206_2_0,0
97759,206_2_0,0
96600,206_2_0,0
94955,206_2_0,0
94426,206_2_0,0
99787,206_2_0,0
96074,206_2_0,0
100159,206_2_0,0
94246,206_2_0,0
98677,206_2_0,0
96065,206_2_0,0
99405,206_2_0,0
100382,206_2_0,0
96075,206_2_0,0
97361,206_2_0,0
99231,206_2_0,0
99226,206_2_0,0
96969,206_2_0,0
96252,206_2_0,0
96419,206_2_0,0
98116,206_2_0,0
100167,206_2_0,0
96428,206_2_0,0
94761,206_2_0,0
100156,206_2_0,0
96066,206_2_0,0
95507,206_2_0,0
99399,206_2_0,0
97143,206_2_0,0
100155,206_2_0,0
95878,206_2_0,0
99406,206_2_0,0
97359,206_2_0,0
96072,206_2_0,0
94252,206_2_0,0
99044,206_2_0,0
94249,206_2_0,0
97757,206_2_0,0
96062,206_2_0,0
96073,206_2_0,0
100165,206_2_0,0
100153,206_2_0,0
96255,206_2_0,0
99583,206_2_0,0
100585,206_2_0,0
100583,206_2_0,0
96429,206_2_0,0
94760,206_2_0,0
97559,206_2_0,0
96766,206_2_0,0
94425,206_2_0,0
100164,206_2_0,0
100152,206_2_0,0
94580,206_2_0,0
100157,206_2_0,0
96760,206_2_0,0
96763,206_2_0,0
99042,206_2_0,0
97137,206_2_0,0
96258,206_2_0,0
98114,206_2_0,0
98866,206_2_0,0
100166,206_2_0,0
98119,206_2_0,0
96425,206_2_0,0
96068,206_2_0,0
100378,206_2_0,0
94421,206_2_0,0
100388,206_2_0,0
95874,206_2_0,0
95503,206_2_0,0
99976,206_2_0,0
95132,206_2_0,0
98503,206_2_0,0
97758,206_2_0,0
99982,206_2_0,0
100386,206_2_0,0
99979,206_2_0,0
95135,206_2_0,0
96067,206_2_0,0
96967,206_2_0,0
94952,206_2_0,0
13111,103_1_0,0
11215,103_1_0,0
13108,103_1_0,0
12225,103_1_0,0
12026,103_1_0,0
6995,103_1_0,0
6634,103_1_0,0
156887,208_2_1,0
143759,208_2_1,0
143379,208_2_1,0
143760,208_2_1,0
196980,208_2_1,0
150522,208_2_1,0
150521,208_2_1,0
150135,208_2_1,0
101313,208_2_1,0
104916,208_2_1,0
102071,208_2_1,0
100940,208_2_1,0
102260,208_2_1,0
100941,208_2_1,0
105494,208_2_1,0
105093,208_2_1,0
106439,208_2_1,0
103422,208_2_1,0
105854,208_2_1,0
101130,208_2_1,0
103995,208_2_1,0
102261,208_2_1,0
22431,108_1_0,0
24667,108_1_0,0
24123,108_1_0,0
23767,108_1_0,0
22055,108_1_0,0
24485,108_1_0,0
21145,108_1_0,0
24837,108_1_0,0
24841,108_1_0,0
21149,108_1_0,0
21323,108_1_0,0
26311,108_1_0,0
22980,108_1_0,0
25397,108_1_0,0
24126,108_1_0,0
21329,108_1_0,0
20372,108_1_0,0
22429,108_1_0,0
21875,108_1_0,0
21704,108_1_0,0
24125,108_1_0,0
22432,108_1_0,0
24320,108_1_0,0
202178,918_4_0,0
204191,918_4_0,0
203671,918_4_0,0
207866,918_4_0,0
204361,918_4_0,0
201455,918_4_0,0
203666,918_4_0,0
203283,918_4_0,0
201814,918_4_0,0
203287,918_4_0,0
206952,918_4_0,0
204549,918_4_0,0
206368,918_4_0,0
207478,918_4_0,0
202924,918_4_0,0
202921,918_4_0,0
207482,918_4_0,0
207869,918_4_0,0
202726,918_4_0,0
202922,918_4_0,0
203103,918_4_0,0
204027,918_4_0,0
206953,918_4_0,0
204551,918_4_0,0
202016,918_4_0,0
201638,918_4_0,0
205436,918_4_0,0
201456,918_4_0,0
207146,918_4_0,0
203672,918_4_0,0
203286,918_4_0,0
203498,918_4_0,0
207477,918_4_0,0
202180,918_4_0,0
206744,918_4_0,0
146582,303_3_1,0
141869,303_3_1,0
141171,303_3_1,0
147711,303_3_1,0
141863,303_3_1,0
145831,303_3_1,0
146772,303_3_1,0
142655,303_3_1,0
141870,303_3_1,0
146584,303_3_1,0
146401,303_3_1,0
141511,303_3_1,0
147315,303_3_1,0
145429,303_3_1,0
143761,303_3_1,0
142462,303_3_1,0
147514,303_3_1,0
141670,303_3_1,0
141516,303_3_1,0
141515,303_3_1,0
142656,303_3_1,0
146766,303_3_1,0
146031,303_3_1,0
141514,303_3_1,0
147150,303_3_1,0
141673,303_3_1,0
147714,303_3_1,0
147716,303_3_1,0
143765,303_3_1,0
146221,303_3_1,0
146947,303_3_1,0
146403,303_3_1,0
145426,303_3_1,0
146220,303_3_1,0
143953,303_3_1,0
141360,303_3_1,0
141867,303_3_1,0
141672,303_3_1,0
141517,303_3_1,0
141176,303_3_1,0
141676,303_3_1,0
144313,303_3_1,0
142253,303_3_1,0
146949,303_3_1,0
28932,110_1_1,0
27947,110_1_1,0
28750,110_1_1,0
29863,110_1_1,0
29123,110_1_1,0
31974,110_1_1,0
33236,110_1_1,0
31431,110_1_1,0
28935,110_1_1,0
32719,110_1_1,0
31624,110_1_1,0
27047,110_1_1,0
28332,110_1_1,0
27423,110_1_1,0
29507,110_1_1,0
28746,110_1_1,0
27244,110_1_1,0
29861,110_1_1,0
29305,110_1_1,0
33239,110_1_1,0
29511,110_1_1,0
31786,110_1_1,0
28328,110_1_1,0
32517,110_1_1,0
27948,110_1_1,0
29692,110_1_1,0
33424,110_1_1,0
27247,110_1_1,0
28547,110_1_1,0
31626,110_1_1,0
29303,110_1_1,0
32902,110_1_1,0
29124,110_1_1,0
29691,110_1_1,0
35517,111_1_0,0
38753,111_1_0,0
34198,111_1_0,0
34793,111_1_0,0
35725,111_1_0,0
37063,111_1_0,0
39145,111_1_0,0
37635,111_1_0,0
38567,111_1_0,0
39515,111_1_0,0
34598,111_1_0,0
33825,111_1_0,0
33827,111_1_0,0
39330,111_1_0,0
38946,111_1_0,0
36141,111_1_0,0
40237,111_1_0,0
38015,111_1_0,0
36293,111_1_0,0
37066,111_1_0,0
37065,111_1_0,0
34017,111_1_0,0
34790,111_1_0,0
36866,111_1_0,0
40060,111_1_0,0
36679,111_1_0,0
40061,111_1_0,0
36677,111_1_0,0
38755,111_1_0,0
39331,111_1_0,0
38213,111_1_0,0
39690,111_1_0,0
34962,111_1_0,0
39513,111_1_0,0
39333,111_1_0,0
38754,111_1_0,0
39693,111_1_0,0
38373,111_1_0,0
38375,111_1_0,0
39884,111_1_0,0
34794,111_1_0,0
34595,111_1_0,0
39334,111_1_0,0
34593,111_1_0,0
34788,111_1_0,0
36480,111_1_0,0
63212,122_1_1,0
61322,122_1_1,0
62643,122_1_1,0
62462,122_1_1,0
60585,122_1_1,0
64874,122_1_1,0
62459,122_1_1,0
63367,122_1_1,0
63736,122_1_1,0
65221,122_1_1,0
65219,122_1_1,0
62085,122_1_1,0
66052,122_1_1,0
63034,122_1_1,0
64277,122_1_1,0
64107,122_1_1,0
66965,122_1_1,0
63038,122_1_1,0
61909,122_1_1,0
66609,122_1_1,0
66967,122_1_1,0
61717,122_1_1,0
73169,125_1_0,0
69227,125_1_0,0
68132,125_1_0,0
72644,125_1_0,0
70973,125_1_0,0
67330,125_1_0,0
68661,125_1_0,0
69033,125_1_0,0
71891,125_1_0,0
69602,125_1_0,0
72261,125_1_0,0
67332,125_1_0,0
73723,125_1_0,0
68492,125_1_0,0
71525,125_1_0,0
68125,125_1_0,0
73925,125_1_0,0
69037,125_1_0,0
70375,125_1_0,0
67922,125_1_0,0
72074,125_1_0,0
71524,125_1_0,0
70374,125_1_0,0
70753,125_1_0,0
72804,125_1_0,0
68862,125_1_0,0
69792,125_1_0,0
67716,125_1_0,0
70373,125_1_0,0
73525,125_1_0,0
71153,125_1_0,0
70748,125_1_0,0
70173,125_1_0,0
73341,125_1_0,0
68499,125_1_0,0
69406,125_1_0,0
73343,125_1_0,0
69985,125_1_0,0
69789,125_1_0,0
69409,125_1_0,0
70757,125_1_0,0
71894,125_1_0,0
70170,125_1_0,0
70563,125_1_0,0
71721,125_1_0,0
68130,125_1_0,0
69035,125_1_0,0
73171,125_1_0,0
67916,125_1_0,0
68127,125_1_0,0
69604,125_1_0,0
68131,125_1_0,0
70565,125_1_0,0
73346,125_1_0,0
69794,125_1_0,0
67712,125_1_0,0
71321,125_1_0,0
70564,125_1_0,0
69408,125_1_0,0
70174,125_1_0,0
70176,125_1_0,0
69599,125_1_0,0
68133,125_1_0,0
68665,125_1_0,0
67920,125_1_0,0
71323,125_1_0,0
71520,125_1_0,0
67921,125_1_0,0
73726,125_1_0,0
71318,125_1_0,0
72072,125_1_0,0
67711,125_1_0,0
67333,125_1_0,0
73348,125_1_0,0
70372,125_1_0,0
73527,125_1_0,0
69603,125_1_0,0
67720,125_1_0,0
73526,125_1_0,0
70747,125_1_0,0
70751,125_1_0,0
71892,125_1_0,0
73724,125_1_0,0
70754,125_1_0,0
70972,125_1_0,0
68860,125_1_0,0
70971,125_1_0,0
69980,125_1_0,0
68496,125_1_0,0
69785,125_1_0,0
115981,213_2_0,0
119339,213_2_0,0
118590,213_2_0,0
115443,213_2_0,0
114279,213_2_0,0
114673,213_2_0,0
116501,213_2_0,0
118022,213_2_0,0
119163,213_2_0,0
118021,213_2_0,0
114675,213_2_0,0
116699,213_2_0,0
116885,213_2_0,0
116883,213_2_0,0
115976,213_2_0,0
115816,213_2_0,0
114274,213_2_0,0
118402,213_2_0,0
120443,213_2_0,0
119166,213_2_0,0
115257,213_2_0,0
119167,213_2_0,0
114674,213_2_0,0
118591,213_2_0,0
115258,213_2_0,0
119337,213_2_0,0
114474,213_2_0,0
115818,213_2_0,0
114273,213_2_0,0
115977,213_2_0,0
118023,213_2_0,0
119691,213_2_0,0
120844,213_2_0,0
115975,213_2_0,0
119688,213_2_0,0
117259,213_2_0,0
115438,213_2_0,0
119338,213_2_0,0
114473,213_2_0,0
118971,213_2_0,0
180531,325_3_1,0
178292,325_3_1,0
178815,325_3_1,0
177528,325_3_1,0
177698,325_3_1,0
177530,325_3_1,0
177332,325_3_1,0
181234,325_3_1,0
175024,325_3_1,0
177892,325_3_1,0
178293,325_3_1,0
174659,325_3_1,0
175025,325_3_1,0
176790,325_3_1,0
181236,325_3_1,0
180529,325_3_1,0
176422,325_3_1,0
176625,325_3_1,0
177340,325_3_1,0
175242,325_3_1,0
181235,325_3_1,0
179781,325_3_1,0
178469,325_3_1,0
177529,325_3_1,0
176988,325_3_1,0
180890,325_3_1,0
180889,325_3_1,0
178468,325_3_1,0
178647,325_3_1,0
179782,325_3_1,0
177334,325_3_1,0
177170,325_3_1,0
176025,325_3_1,0
180166,325_3_1,0
177339,325_3_1,0
175825,325_3_1,0
176022,325_3_1,0
177330,325_3_1,0
175028,325_3_1,0
176024,325_3_1,0
179778,325_3_1,0
176215,325_3_1,0
175653,325_3_1,0
217324,921_4_0,0
219824,921_4_0,0
215100,921_4_0,0
215101,921_4_0,0
216948,921_4_0,0
218463,921_4_0,0
221175,921_4_0,0
217694,921_4_0,0
216207,921_4_0,0
221178,921_4_0,0
221340,921_4_0,0
214918,921_4_0,0
216396,921_4_0,0
220783,921_4_0,0
217503,921_4_0,0
220426,921_4_0,0
216764,921_4_0,0
220020,921_4_0,0
219825,921_4_0,0
216399,921_4_0,0
219628,921_4_0,0
217502,921_4_0,0
214723,921_4_0,0
220600,921_4_0,0
216759,921_4_0,0
216573,921_4_0,0
216763,921_4_0,0
218879,921_4_0,0
216400,921_4_0,0
215096,921_4_0,0
220018,921_4_0,0
217137,921_4_0,0
218661,921_4_0,0
220427,921_4_0,0
216949,921_4_0,0
216203,921_4_0,0
216762,921_4_0,0
216572,921_4_0,0
218465,921_4_0,0
220224,921_4_0,0
216039,921_4_0,0
218467,921_4_0,0
215300,921_4_0,0
219439,921_4_0,0
221343,921_4_0,0
215299,921_4_0,0
215669,921_4_0,0
217323,921_4_0,0
218260,921_4_0,0
219627,921_4_0,0
217879,921_4_0,0
220225,921_4_0,0
216401,921_4_0,0
215301,921_4_0,0
218460,921_4_0,0
218878,921_4_0,0
218882,921_4_0,0
216208,921_4_0,0
218262,921_4_0,0
216205,921_4_0,0
219436,921_4_0,0
216570,921_4_0,0
217501,921_4_0,0
218880,921_4_0,0
216209,921_4_0,0
215667,921_4_0,0
214917,921_4_0,0
215296,921_4_0,0
218259,921_4_0,0
218881,921_4_0,0
216947,921_4_0,0
219821,921_4_0,0
217878,921_4_0,0
220425,921_4_0,0
219051,921_4_0,0
220016,921_4_0,0
220216,921_4_0,0
216757,921_4_0,0
220217,921_4_0,0
221342,921_4_0,0
218071,921_4_0,0
218884,921_4_0,0
219438,921_4_0,0
215670,921_4_0,0
216394,921_4_0,0
217876,921_4_0,0
242743,928_4_0,0
247911,928_4_0,0
243670,928_4_0,0
246812,928_4_0,0
243470,928_4_0,0
244953,928_4_0,0
245693,928_4_0,0
244757,928_4_0,0
247526,928_4_0,0
242363,928_4_0,0
246051,928_4_0,0
247710,928_4_0,0
242744,928_4_0,0
247172,928_4_0,0
247170,928_4_0,0
243668,928_4_0,0
247714,928_4_0,0
246624,928_4_0,0
246617,928_4_0,0
244218,928_4_0,0
243293,928_4_0,0
245871,928_4_0,0
248118,928_4_0,0
244760,928_4_0,0
242362,928_4_0,0
246432,928_4_0,0
241661,928_4_0,0
246242,928_4_0,0
243106,928_4_0,0
246988,928_4_0,0
248123,928_4_0,0
244955,928_4_0,0
247528,928_4_0,0
247910,928_4_0,0
247709,928_4_0,0
246987,928_4_0,0
246616,928_4_0,0
242747,928_4_0,0
245504,928_4_0,0
242202,928_4_0,0
242364,928_4_0,0
244582,928_4_0,0
247350,928_4_0,0
242012,928_4_0,0
242559,928_4_0,0
245315,928_4_0,0
243291,928_4_0,0
242745,928_4_0,0
246618,928_4_0,0
241863,928_4_0,0
248124,928_4_0,0
243289,928_4_0,0
246984,928_4_0,0
247349,928_4_0,0
242205,928_4_0,0
248122,928_4_0,0
241860,928_4_0,0
244758,928_4_0,0
245868,928_4_0,0
247906,928_4_0,0
246986,928_4_0,0
244581,928_4_0,0
246619,928_4_0,0
244956,928_4_0,0
246620,928_4_0,0
243105,928_4_0,0
245869,928_4_0,0
246623,928_4_0,0
242925,928_4_0,0
243108,928_4_0,0
247907,928_4_0,0
244057,928_4_0,0
245140,928_4_0,0
245137,928_4_0,0
247905,928_4_0,0
243288,928_4_0,0
243471,928_4_0,0
243671,928_4_0,0
242013,928_4_0,0
247909,928_4_0,0
246816,928_4_0,0
244584,928_4_0,0
246625,928_4_0,0
248121,928_4_0,0
248119,928_4_0,0
247347,928_4_0,0
245870,928_4_0,0
244052,928_4_0,0
247531,928_4_0,0
246985,928_4_0,0
246813,928_4_0,0
243872,928_4_0,0
241663,928_4_0,0
246815,928_4_0,0
244221,928_4_0,0
242741,928_4_0,0
244958,928_4_0,0
243290,928_4_0,0
245508,928_4_0,0
242560,928_4_0,0
242742,928_4_0,0
242924,928_4_0,0
247711,928_4_0,0
243109,928_4_0,0
247175,928_4_0,0
244756,928_4_0,0
244053,928_4_0,0
244755,928_4_0,0
241660,928_4_0,0
247708,928_4_0,0
243869,928_4_0,0
242746,928_4_0,0
243473,928_4_0,0
244222,928_4_0,0
246050,928_4_0,0
246240,928_4_0,0
246241,928_4_0,0
246627,928_4_0,0
247176,928_4_0,0
242923,928_4_0,0
245506,928_4_0,0
241657,928_4_0,0
247177,928_4_0,0
244404,928_4_0,0
247713,928_4_0,0
244580,928_4_0,0
244216,928_4_0,0
242011,928_4_0,0
246054,928_4_0,0
246818,928_4_0,0
246046,928_4_0,0
246817,928_4_0,0
70968,125_1_1,0
70749,125_1_1,0
70969,125_1_1,0
70171,125_1_1,0
71319,125_1_1,0
68128,125_1_1,0
72453,125_1_1,0
69034,125_1_1,0
69790,125_1_1,0
70169,125_1_1,0
68126,125_1_1,0
187147,329_3_0,0
186397,329_3_0,0
183622,329_3_0,0
182908,329_3_0,0
184157,329_3_0,0
184733,329_3_0,0
182539,329_3_0,0
186047,329_3_0,0
182540,329_3_0,0
183984,329_3_0,0
187484,329_3_0,0
185132,329_3_0,0
185486,329_3_0,0
181982,329_3_0,0
184739,329_3_0,0
183112,329_3_0,0
186048,329_3_0,0
183810,329_3_0,0
185133,329_3_0,0
182544,329_3_0,0
187841,329_3_0,0
181797,329_3_0,0
182178,329_3_0,0
184156,329_3_0,0
183982,329_3_0,0
185836,329_3_0,0
184920,329_3_0,0
184346,329_3_0,0
182541,329_3_0,0
183285,329_3_0,0
186577,329_3_0,0
182545,329_3_0,0
184353,329_3_0,0
184354,329_3_0,0
182907,329_3_0,0
186965,329_3_0,0
186234,329_3_0,0
184155,329_3_0,0
187678,329_3_0,0
183626,329_3_0,0
182542,329_3_0,0
184924,329_3_0,0
181795,329_3_0,0
181803,329_3_0,0
182357,329_3_0,0
185832,329_3_0,0
183628,329_3_0,0
184351,329_3_0,0
187150,329_3_0,0
184740,329_3_0,0
187839,329_3_0,0
185838,329_3_0,0
187486,329_3_0,0
184536,329_3_0,0
186578,329_3_0,0
182176,329_3_0,0
187682,329_3_0,0
185130,329_3_0,0
185662,329_3_0,0
184923,329_3_0,0
182546,329_3_0,0
183805,329_3_0,0
184530,329_3_0,0
182175,329_3_0,0
186393,329_3_0,0
185304,329_3_0,0
186398,329_3_0,0
184735,329_3_0,0
183806,329_3_0,0
187315,329_3_0,0
186775,329_3_0,0
186392,329_3_0,0
184352,329_3_0,0
185309,329_3_0,0
181796,329_3_0,0
187842,329_3_0,0
186969,329_3_0,0
182909,329_3_0,0
187317,329_3_0,0
187686,329_3_0,0
187319,329_3_0,0
183809,329_3_0,0
181409,329_3_0,0
187149,329_3_0,0
183284,329_3_0,0
183111,329_3_0,0
187680,329_3_0,0
184529,329_3_0,0
184535,329_3_0,0
183462,329_3_0,0
182910,329_3_0,0
181798,329_3_0,0
184922,329_3_0,0
183457,329_3_0,0
185484,329_3_0,0
183625,329_3_0,0
182358,329_3_0,0
183459,329_3_0,0
187677,329_3_0,0
185661,329_3_0,0
187483,329_3_0,0
186391,329_3_0,0
184347,329_3_0,0
183620,329_3_0,0
186970,329_3_0,0
183463,329_3_0,0
186968,329_3_0,0
186227,329_3_0,0
186963,329_3_0,0
183109,329_3_0,0
187684,329_3_0,0
183985,329_3_0,0
183458,329_3_0,0
187148,329_3_0,0
184343,329_3_0,0
185834,329_3_0,0
185306,329_3_0,0
185305,329_3_0,0
185660,329_3_0,0
187676,329_3_0,0
191584,909_4_1,0
193832,909_4_1,0
193632,909_4_1,0
188041,909_4_1,0
191585,909_4_1,0
194367,909_4_1,0
191027,909_4_1,0
189934,909_4_1,0
192701,909_4_1,0
194555,909_4_1,0
192489,909_4_1,0
191393,909_4_1,0
192124,909_4_1,0
189188,909_4_1,0
189571,909_4_1,0
188615,909_4_1,0
191959,909_4_1,0
188616,909_4_1,0
188231,909_4_1,0
188408,909_4_1,0
189387,909_4_1,0
188042,909_4_1,0
194553,909_4_1,0
188232,909_4_1,0
191218,909_4_1,0
190837,909_4_1,0
194020,909_4_1,0
190657,909_4_1,0
190280,909_4_1,0
192902,909_4_1,0
189756,909_4_1,0
193445,909_4_1,0
193083,909_4_1,0
192128,909_4_1,0
188809,909_4_1,0
192703,909_4_1,0
190458,909_4_1,0
194181,909_4_1,0
191583,909_4_1,0
194552,909_4_1,0
188409,909_4_1,0
191784,909_4_1,0
189191,909_4_1,0
188037,909_4_1,0
190455,909_4_1,0
189189,909_4_1,0
191586,909_4_1,0
190115,909_4_1,0
193447,909_4_1,0
193266,909_4_1,0
188610,909_4_1,0
189761,909_4_1,0
191582,909_4_1,0
194557,909_4_1,0
189568,909_4_1,0
191787,909_4_1,0
189385,909_4_1,0
188039,909_4_1,0
191788,909_4_1,0
193446,909_4_1,0
192305,909_4_1,0
190116,909_4_1,0
188034,909_4_1,0
194019,909_4_1,0
190659,909_4_1,0
191587,909_4_1,0
189195,909_4_1,0
192126,909_4_1,0
193636,909_4_1,0
189931,909_4_1,0
188617,909_4_1,0
191790,909_4_1,0
194556,909_4_1,0
190660,909_4_1,0
190459,909_4_1,0
189383,909_4_1,0
193077,909_4_1,0
190460,909_4_1,0
192487,909_4_1,0
189758,909_4_1,0
188040,909_4_1,0
190654,909_4_1,0
190453,909_4_1,0
189760,909_4_1,0
192123,909_4_1,0
188036,909_4_1,0
190461,909_4_1,0
192307,909_4_1,0
192490,909_4_1,0
193076,909_4_1,0
189006,909_4_1,0
192491,909_4_1,0
193074,909_4_1,0
192125,909_4_1,0
190656,909_4_1,0
194370,909_4_1,0
189193,909_4_1,0
190278,909_4_1,0
194368,909_4_1,0
193634,909_4_1,0
193075,909_4_1,0
191026,909_4_1,0
190277,909_4_1,0
192303,909_4_1,0
194182,909_4_1,0
194550,909_4_1,0
188038,909_4_1,0
190843,909_4_1,0
192304,909_4_1,0
188810,909_4_1,0
189932,909_4_1,0
190456,909_4_1,0
189762,909_4_1,0
189757,909_4_1,0
191785,909_4_1,0
189186,909_4_1,0
190457,909_4_1,0
193635,909_4_1,0
192133,909_4_1,0
189009,909_4_1,0
189390,909_4_1,0
192488,909_4_1,0
190841,909_4_1,0
188612,909_4_1,0
191023,909_4_1,0
189389,909_4_1,0
190842,909_4_1,0
193630,909_4_1,0
80446,128_1_0,0
80448,128_1_0,0
75015,128_1_0,0
76512,128_1_0,0
78226,128_1_0,0
75746,128_1_0,0
79340,128_1_0,0
76514,128_1_0,0
76904,128_1_0,0
75928,128_1_0,0
77088,128_1_0,0
77635,128_1_0,0
76130,128_1_0,0
74625,128_1_0,0
76898,128_1_0,0
74283,128_1_0,0
79880,128_1_0,0
75594,128_1_0,0
77640,128_1_0,0
75593,128_1_0,0
79137,128_1_0,0
77446,128_1_0,0
79877,128_1_0,0
79140,128_1_0,0
74103,128_1_0,0
77829,128_1_0,0
79343,128_1_0,0
75748,128_1_0,0
80281,128_1_0,0
80274,128_1_0,0
77824,128_1_0,0
80106,128_1_0,0
79695,128_1_0,0
75747,128_1_0,0
77087,128_1_0,0
76515,128_1_0,0
76897,128_1_0,0
78400,128_1_0,0
75751,128_1_0,0
80103,128_1_0,0
78584,128_1_0,0
75017,128_1_0,0
75752,128_1_0,0
78969,128_1_0,0
74450,128_1_0,0
79507,128_1_0,0
77083,128_1_0,0
74624,128_1_0,0
78786,128_1_0,0
79511,128_1_0,0
76329,128_1_0,0
80104,128_1_0,0
79509,128_1_0,0
76510,128_1_0,0
80447,128_1_0,0
77245,128_1_0,0
80276,128_1_0,0
76330,128_1_0,0
78026,128_1_0,0
74449,128_1_0,0
76703,128_1_0,0
80651,128_1_0,0
75014,128_1_0,0
76131,128_1_0,0
74106,128_1_0,0
77827,128_1_0,0
77444,128_1_0,0
75012,128_1_0,0
77084,128_1_0,0
76700,128_1_0,0
74621,128_1_0,0
78779,128_1_0,0
75019,128_1_0,0
76903,128_1_0,0
77244,128_1_0,0
80275,128_1_0,0
77832,128_1_0,0
74102,128_1_0,0
77447,128_1_0,0
75209,128_1_0,0
80101,128_1_0,0
78401,128_1_0,0
76701,128_1_0,0
75749,128_1_0,0
75018,128_1_0,0
75750,128_1_0,0
79141,128_1_0,0
74105,128_1_0,0
78787,128_1_0,0
76901,128_1_0,0
76132,128_1_0,0
80279,128_1_0,0
74448,128_1_0,0
79139,128_1_0,0
74817,128_1_0,0
80278,128_1_0,0
75402,128_1_0,0
240894,926_4_1,0
235188,926_4_1,0
235572,926_4_1,0
239174,926_4_1,0
240282,926_4_1,0
241290,926_4_1,0
237206,926_4_1,0
239177,926_4_1,0
235190,926_4_1,0
237966,926_4_1,0
237599,926_4_1,0
240484,926_4_1,0
240480,926_4_1,0
241073,926_4_1,0
235019,926_4_1,0
237757,926_4_1,0
238606,926_4_1,0
238970,926_4_1,0
241289,926_4_1,0
235773,926_4_1,0
236514,926_4_1,0
238785,926_4_1,0
236685,926_4_1,0
235571,926_4_1,0
238186,926_4_1,0
239372,926_4_1,0
239549,926_4_1,0
239378,926_4_1,0
235382,926_4_1,0
238185,926_4_1,0
236136,926_4_1,0
235022,926_4_1,0
240106,926_4_1,0
238971,926_4_1,0
241479,926_4_1,0
238190,926_4_1,0
234820,926_4_1,0
239176,926_4_1,0
239736,926_4_1,0
237761,926_4_1,0
239171,926_4_1,0
240687,926_4_1,0
236686,926_4_1,0
239168,926_4_1,0
238389,926_4_1,0
237968,926_4_1,0
239916,926_4_1,0
240284,926_4_1,0
239548,926_4_1,0
237204,926_4_1,0
236846,926_4_1,0
235194,926_4_1,0
240281,926_4_1,0
240690,926_4_1,0
235956,926_4_1,0
241288,926_4_1,0
236847,926_4_1,0
237762,926_4_1,0
240893,926_4_1,0
214225,919_4_1,0
210993,919_4_1,0
210427,919_4_1,0
210065,919_4_1,0
212438,919_4_1,0
211352,919_4_1,0
210632,919_4_1,0
213625,919_4_1,0
209688,919_4_1,0
209684,919_4_1,0
214012,919_4_1,0
208943,919_4_1,0
213031,919_4_1,0
209145,919_4_1,0
208945,919_4_1,0
213027,919_4_1,0
213833,919_4_1,0
210807,919_4_1,0
208053,919_4_1,0
208050,919_4_1,0
211351,919_4_1,0
211882,919_4_1,0
212439,919_4_1,0
210250,919_4_1,0
210803,919_4_1,0
214017,919_4_1,0
208753,919_4_1,0
211180,919_4_1,0
208391,919_4_1,0
209143,919_4_1,0
210429,919_4_1,0
208390,919_4_1,0
212434,919_4_1,0
210992,919_4_1,0
208752,919_4_1,0
212635,919_4_1,0
211883,919_4_1,0
212238,919_4_1,0
209687,919_4_1,0
210061,919_4_1,0
214224,919_4_1,0
213232,919_4_1,0
211182,919_4_1,0
208217,919_4_1,0
214394,919_4_1,0
209334,919_4_1,0
210634,919_4_1,0
209498,919_4_1,0
212440,919_4_1,0
209682,919_4_1,0
208582,919_4_1,0
208052,919_4_1,0
213029,919_4_1,0
209495,919_4_1,0
212441,919_4_1,0
209141,919_4_1,0
214401,919_4_1,0
211353,919_4_1,0
213840,919_4_1,0
214573,919_4_1,0
214393,919_4_1,0
214016,919_4_1,0
96964,206_2_1,0
99228,206_2_1,0
98316,206_2_1,0
98869,206_2_1,0
96965,206_2_1,0
100385,206_2_1,0
99791,206_2_1,0
98315,206_2_1,0
97947,206_2_1,0
99788,206_2_1,0
97358,206_2_1,0
94052,206_2_1,0
94759,206_2_1,0
96256,206_2_1,0
95317,206_2_1,0
100387,206_2_1,0
99227,206_2_1,0
97140,206_2_1,0
41167,113_2_1,0
45311,113_2_1,0
40989,113_2_1,0
44589,113_2_1,0
43645,113_2_1,0
40431,113_2_1,0
44388,113_2_1,0
42548,113_2_1,0
46388,113_2_1,0
46560,113_2_1,0
40637,113_2_1,0
44583,113_2_1,0
46023,113_2_1,0
46028,113_2_1,0
42137,113_2_1,0
45649,113_2_1,0
44011,113_2_1,0
44756,113_2_1,0
45309,113_2_1,0
46208,113_2_1,0
45841,113_2_1,0
45839,113_2_1,0
46966,113_2_1,0
41168,113_2_1,0
41560,113_2_1,0
45310,113_2_1,0
45840,113_2_1,0
41557,113_2_1,0
45843,113_2_1,0
41174,113_2_1,0
40432,113_2_1,0
42550,113_2_1,0
45651,113_2_1,0
45652,113_2_1,0
40837,113_2_1,0
41173,113_2_1,0
43802,113_2_1,0
41745,113_2_1,0
43803,113_2_1,0
40987,113_2_1,0
45645,113_2_1,0
44588,113_2_1,0
42722,113_2_1,0
43452,113_2_1,0
45847,113_2_1,0
46770,113_2_1,0
40635,113_2_1,0
45846,113_2_1,0
41746,113_2_1,0
44757,113_2_1,0
42916,113_2_1,0
46772,113_2_1,0
42725,113_2_1,0
43117,113_2_1,0
44581,113_2_1,0
46205,113_2_1,0
40435,113_2_1,0
5720,101_1_1,0
4996,101_1_1,0
2217,101_1_1,0
5721,101_1_1,0
6256,101_1_1,0
401,101_1_1,0
4271,101_1_1,0
2390,101_1_1,0
4803,101_1_1,0
5374,101_1_1,0
3506,101_1_1,0
4802,101_1_1,0
1104,101_1_1,0
2022,101_1_1,0
2019,101_1_1,0
3909,101_1_1,0
5186,101_1_1,0
4999,101_1_1,0
571,101_1_1,0
2963,101_1_1,0
2786,101_1_1,0
25,101_1_1,0
1485,101_1_1,0
4461,101_1_1,0
1097,101_1_1,0
2781,101_1_1,0
5918,101_1_1,0
3141,101_1_1,0
87769,204_2_0,0
89089,204_2_0,0
89623,204_2_0,0
87607,204_2_0,0
89979,204_2_0,0
93868,204_2_0,0
87954,204_2_0,0
90538,204_2_0,0
93679,204_2_0,0
90542,204_2_0,0
93102,204_2_0,0
88545,204_2_0,0
89433,204_2_0,0
89249,204_2_0,0
91619,204_2_0,0
87430,204_2_0,0
88918,204_2_0,0
88549,204_2_0,0
89619,204_2_0,0
90365,204_2_0,0
88551,204_2_0,0
92716,204_2_0,0
90372,204_2_0,0
92347,204_2_0,0
88725,204_2_0,0
89430,204_2_0,0
90370,204_2_0,0
91614,204_2_0,0
88548,204_2_0,0
90364,204_2_0,0
93872,204_2_0,0
88914,204_2_0,0
90540,204_2_0,0
91616,204_2_0,0
90367,204_2_0,0
91967,204_2_0,0
91971,204_2_0,0
93677,204_2_0,0
89090,204_2_0,0
88157,204_2_0,0
90713,204_2_0,0
88724,204_2_0,0
92904,204_2_0,0
88547,204_2_0,0
91963,204_2_0,0
93501,204_2_0,0
89431,204_2_0,0
89091,204_2_0,0
92717,204_2_0,0
91262,204_2_0,0
92174,204_2_0,0
93676,204_2_0,0
88156,204_2_0,0
91261,204_2_0,0
88357,204_2_0,0
87435,204_2_0,0
91089,204_2_0,0
87434,204_2_0,0
88726,204_2_0,0
89981,204_2_0,0
87955,204_2_0,0
93680,204_2_0,0
87958,204_2_0,0
92345,204_2_0,0
88919,204_2_0,0
91621,204_2_0,0
91799,204_2_0,0
91461,204_2_0,0
88915,204_2_0,0
93304,204_2_0,0
91260,204_2_0,0
91617,204_2_0,0
87608,204_2_0,0
91802,204_2_0,0
88358,204_2_0,0
89978,204_2_0,0
91969,204_2_0,0
88917,204_2_0,0
87770,204_2_0,0
93104,204_2_0,0
92168,204_2_0,0
93504,204_2_0,0
90169,204_2_0,0
93871,204_2_0,0
93506,204_2_0,0
89805,204_2_0,0
91618,204_2_0,0
89980,204_2_0,0
88155,204_2_0,0
87773,204_2_0,0
89093,204_2_0,0
90543,204_2_0,0
89428,204_2_0,0
87960,204_2_0,0
87429,204_2_0,0
91801,204_2_0,0
87604,204_2_0,0
92346,204_2_0,0
93302,204_2_0,0
129911,216_2_0,0
133813,216_2_0,0
129712,216_2_0,0
131930,216_2_0,0
129912,216_2_0,0
132304,216_2_0,0
127841,216_2_0,0
128584,216_2_0,0
127666,216_2_0,0
129913,216_2_0,0
134027,216_2_0,0
131208,216_2_0,0
130097,216_2_0,0
132115,216_2_0,0
127847,216_2_0,0
130257,216_2_0,0
128402,216_2_0,0
128965,216_2_0,0
132117,216_2_0,0
127845,216_2_0,0
128034,216_2_0,0
129709,216_2_0,0
133610,216_2_0,0
129909,216_2_0,0
129516,216_2_0,0
134029,216_2_0,0
134033,216_2_0,0
130462,216_2_0,0
130263,216_2_0,0
131206,216_2_0,0
131030,216_2_0,0
129513,216_2_0,0
128218,216_2_0,0
131031,216_2_0,0
128587,216_2_0,0
131210,216_2_0,0
131771,216_2_0,0
129324,216_2_0,0
134028,216_2_0,0
128035,216_2_0,0
129156,216_2_0,0
133609,216_2_0,0
129158,216_2_0,0
131205,216_2_0,0
133816,216_2_0,0
134026,216_2_0,0
132305,216_2_0,0
131929,216_2_0,0
131928,216_2_0,0
130637,216_2_0,0
129326,216_2_0,0
134034,216_2_0,0
127839,216_2_0,0
133815,216_2_0,0
133232,216_2_0,0
131389,216_2_0,0
130839,216_2_0,0
129328,216_2_0,0
130460,216_2_0,0
128404,216_2_0,0
130636,216_2_0,0
132119,216_2_0,0
128966,216_2_0,0
130095,216_2_0,0
133052,216_2_0,0
134030,216_2_0,0
134212,216_2_0,0
132864,216_2_0,0
130838,216_2_0,0
134025,216_2_0,0
127842,216_2_0,0
128038,216_2_0,0
129711,216_2_0,0
130457,216_2_0,0
131028,216_2_0,0
132491,216_2_0,0
130099,216_2_0,0
133231,216_2_0,0
133439,216_2_0,0
131767,216_2_0,0
133233,216_2_0,0
130262,216_2_0,0
128039,216_2_0,0
128036,216_2_0,0
128772,216_2_0,0
127665,216_2_0,0
131579,216_2_0,0
133057,216_2_0,0
128400,216_2_0,0
130836,216_2_0,0
131029,216_2_0,0
131388,216_2_0,0
132662,216_2_0,0
131207,216_2_0,0
133054,216_2_0,0
131927,216_2_0,0
222489,922_4_1,0
224000,922_4_1,0
223225,922_4_1,0
223000,922_4_1,0
226692,922_4_1,0
225798,922_4_1,0
223229,922_4_1,0
225247,922_4_1,0
223799,922_4_1,0
223599,922_4_1,0
225243,922_4_1,0
223003,922_4_1,0
227236,922_4_1,0
227244,922_4_1,0
225796,922_4_1,0
226000,922_4_1,0
226001,922_4_1,0
226491,922_4_1,0
226180,922_4_1,0
221711,922_4_1,0
222283,922_4_1,0
223801,922_4_1,0
227798,922_4_1,0
226341,922_4_1,0
227801,922_4_1,0
227616,922_4_1,0
227438,922_4_1,0
222676,922_4_1,0
227242,922_4_1,0
225248,922_4_1,0
224002,922_4_1,0
221910,922_4_1,0
225999,922_4_1,0
223002,922_4_1,0
226687,922_4_1,0
221537,922_4_1,0
221536,922_4_1,0
221912,922_4_1,0
227248,922_4_1,0
222833,922_4_1,0
224358,922_4_1,0
221535,922_4_1,0
223226,922_4_1,0
224704,922_4_1,0
224181,922_4_1,0
227441,922_4_1,0
227797,922_4_1,0
222672,922_4_1,0
224885,922_4_1,0
223598,922_4_1,0
226342,922_4_1,0
222674,922_4_1,0
222998,922_4_1,0
221908,922_4_1,0
225054,922_4_1,0
226182,922_4_1,0
226690,922_4_1,0
222836,922_4_1,0
224710,922_4_1,0
224880,922_4_1,0
222999,922_4_1,0
226862,922_4_1,0
223597,922_4_1,0
221714,922_4_1,0
222282,922_4_1,0
225057,922_4_1,0
225053,922_4_1,0
224180,922_4_1,0
223433,922_4_1,0
226694,922_4_1,0
221905,922_4_1,0
222490,922_4_1,0
222675,922_4_1,0
227442,922_4_1,0
226345,922_4_1,0
224879,922_4_1,0
225244,922_4_1,0
221716,922_4_1,0
222099,922_4_1,0
223005,922_4_1,0
227615,922_4_1,0
224355,922_4_1,0
227612,922_4_1,0
225055,922_4_1,0
224883,922_4_1,0
222832,922_4_1,0
224356,922_4_1,0
227238,922_4_1,0
227247,922_4_1,0
222494,922_4_1,0
227613,922_4_1,0
224186,922_4_1,0
222102,922_4_1,0
227058,922_4_1,0
226344,922_4_1,0
223227,922_4_1,0
222101,922_4_1,0
228001,922_4_1,0
222673,922_4_1,0
226689,922_4_1,0
222834,922_4_1,0
225444,922_4_1,0
221713,922_4_1,0
224707,922_4_1,0
224535,922_4_1,0
224178,922_4_1,0
225442,922_4_1,0
226693,922_4_1,0
227802,922_4_1,0
224711,922_4_1,0
224533,922_4_1,0
227614,922_4_1,0
224184,922_4_1,0
223431,922_4_1,0
221534,922_4_1,0
225995,922_4_1,0
227237,922_4_1,0
227245,922_4_1,0
228005,922_4_1,0
224709,922_4_1,0
223223,922_4_1,0
224352,922_4_1,0
226183,922_4_1,0
221906,922_4_1,0
223001,922_4_1,0
221712,922_4_1,0
222098,922_4_1,0
221715,922_4_1,0
222493,922_4_1,0
227241,922_4_1,0
223800,922_4_1,0
223224,922_4_1,0
224185,922_4_1,0
224182,922_4_1,0
20025,108_4_0,0
19850,108_4_0,0
19288,108_4_0,0
20027,108_4_0,0
19847,108_4_0,0
19474,108_4_0,0
18921,108_4_0,0
20029,108_4_0,0
20024,108_4_0,0
23560,108_4_0,0
20949,108_4_0,0
22981,108_4_0,0
23563,108_4_0,0
23359,108_4_0,0
20947,108_4_0,0
23366,108_4_0,0
20207,108_4_0,0
23172,108_4_0,0
20751,108_4_0,0
25766,108_4_0,0
21518,108_4_0,0
25767,108_4_0,0
22988,108_4_0,0
22245,108_4_0,0
21519,108_4_0,0
22780,108_4_0,0
25581,108_4_0,0
20371,108_4_0,0
21321,108_4_0,0
20954,108_4_0,0
22986,108_4_0,0
25398,108_4_0,0
26129,108_4_0,0
26128,108_4_0,0
21877,108_4_0,0
26127,108_4_0,0
26312,108_4_0,0
23362,108_4_0,0
25396,108_4_0,0
26125,108_4_0,0
23768,108_4_0,0
22057,108_4_0,0
25944,108_4_0,0
25038,108_4_0,0
24317,108_4_0,0
20558,108_4_0,0
23958,108_4_0,0
26684,108_4_0,0
21146,108_4_0,0
24838,108_4_0,0
26124,108_4_0,0
21515,108_4_0,0
23561,108_4_0,0
21324,108_4_0,0
24122,108_4_0,0
20556,108_4_0,0
20748,108_4_0,0
122313,214_2_1,0
126690,214_2_1,0
124496,214_2_1,0
124495,214_2_1,0
122311,214_2_1,0
121020,214_2_1,0
126689,214_2_1,0
123388,214_2_1,0
124309,214_2_1,0
125589,214_2_1,0
123221,214_2_1,0
125402,214_2_1,0
126299,214_2_1,0
125754,214_2_1,0
125406,214_2_1,0
124660,214_2_1,0
122854,214_2_1,0
124655,214_2_1,0
125027,214_2_1,0
122482,214_2_1,0
126881,214_2_1,0
121215,214_2_1,0
125583,214_2_1,0
121560,214_2_1,0
126488,214_2_1,0
123952,214_2_1,0
126095,214_2_1,0
121389,214_2_1,0
122310,214_2_1,0
123219,214_2_1,0
121758,214_2_1,0
121391,214_2_1,0
125405,214_2_1,0
124850,214_2_1,0
124499,214_2_1,0
121933,214_2_1,0
123586,214_2_1,0
125207,214_2_1,0
123050,214_2_1,0
125749,214_2_1,0
122676,214_2_1,0
121024,214_2_1,0
121755,214_2_1,0
124137,214_2_1,0
126096,214_2_1,0
126880,214_2_1,0
126489,214_2_1,0
124851,214_2_1,0
125750,214_2_1,0
125586,214_2_1,0
124136,214_2_1,0
124133,214_2_1,0
124494,214_2_1,0
123584,214_2_1,0
234114,925_4_0,0
229853,925_4_0,0
230233,925_4_0,0
234443,925_4_0,0
229074,925_4_0,0
233726,925_4_0,0
232805,925_4_0,0
230582,925_4_0,0
230583,925_4_0,0
233191,925_4_0,0
229263,925_4_0,0
228369,925_4_0,0
231138,925_4_0,0
231332,925_4_0,0
229269,925_4_0,0
231517,925_4_0,0
229076,925_4_0,0
228707,925_4_0,0
229266,925_4_0,0
233188,925_4_0,0
230054,925_4_0,0
231691,925_4_0,0
234445,925_4_0,0
233910,925_4_0,0
233731,925_4_0,0
234118,925_4_0,0
229858,925_4_0,0
231516,925_4_0,0
229262,925_4_0,0
230752,925_4_0,0
229640,925_4_0,0
228702,925_4_0,0
230585,925_4_0,0
229267,925_4_0,0
228534,925_4_0,0
231330,925_4_0,0
231518,925_4_0,0
231137,925_4_0,0
230754,925_4_0,0
229644,925_4_0,0
232433,925_4_0,0
231685,925_4_0,0
233371,925_4_0,0
231133,925_4_0,0
229464,925_4_0,0
234625,925_4_0,0
233195,925_4_0,0
228708,925_4_0,0
229856,925_4_0,0
233911,925_4_0,0
230952,925_4_0,0
231328,925_4_0,0
230957,925_4_0,0
231684,925_4_0,0
229268,925_4_0,0
228374,925_4_0,0
233190,925_4_0,0
228178,925_4_0,0
234630,925_4_0,0
228373,925_4_0,0
228179,925_4_0,0
228370,925_4_0,0
230951,925_4_0,0
229647,925_4_0,0
230581,925_4_0,0
233725,925_4_0,0
234631,925_4_0,0
231329,925_4_0,0
231692,925_4_0,0
232634,925_4_0,0
233560,925_4_0,0
232806,925_4_0,0
230234,925_4_0,0
233908,925_4_0,0
231689,925_4_0,0
229854,925_4_0,0
228533,925_4_0,0
233732,925_4_0,0
229645,925_4_0,0
231513,925_4_0,0
229264,925_4_0,0
228891,925_4_0,0
229468,925_4_0,0
233555,925_4_0,0
229857,925_4_0,0
230755,925_4_0,0
234282,925_4_0,0
234113,925_4_0,0
234449,925_4_0,0
232434,925_4_0,0
233011,925_4_0,0
233556,925_4_0,0
169985,321_3_0,0
174243,321_3_0,0
173872,321_3_0,0
172545,321_3_0,0
169415,321_3_0,0
174442,321_3_0,0
173478,321_3_0,0
172543,321_3_0,0
171812,321_3_0,0
170912,321_3_0,0
169252,321_3_0,0
172183,321_3_0,0
169788,321_3_0,0
172537,321_3_0,0
169416,321_3_0,0
172370,321_3_0,0
171994,321_3_0,0
169418,321_3_0,0
169062,321_3_0,0
169779,321_3_0,0
168507,321_3_0,0
169786,321_3_0,0
170547,321_3_0,0
169780,321_3_0,0
168881,321_3_0,0
171095,321_3_0,0
169603,321_3_0,0
173680,321_3_0,0
171607,321_3_0,0
169419,321_3_0,0
174444,321_3_0,0
171602,321_3_0,0
170171,321_3_0,0
169420,321_3_0,0
173104,321_3_0,0
168883,321_3_0,0
169066,321_3_0,0
173296,321_3_0,0
171096,321_3_0,0
168149,321_3_0,0
174077,321_3_0,0
167958,321_3_0,0
171813,321_3_0,0
168511,321_3_0,0
170748,321_3_0,0
173479,321_3_0,0
169605,321_3_0,0
169067,321_3_0,0
167955,321_3_0,0
172184,321_3_0,0
170908,321_3_0,0
172542,321_3_0,0
171094,321_3_0,0
169253,321_3_0,0
173482,321_3_0,0
172918,321_3_0,0
172544,321_3_0,0
174241,321_3_0,0
173878,321_3_0,0
168327,321_3_0,0
171814,321_3_0,0
171605,321_3_0,0
172541,321_3_0,0
169783,321_3_0,0
172363,321_3_0,0
172181,321_3_0,0
168508,321_3_0,0
168686,321_3_0,0
174443,321_3_0,0
172364,321_3_0,0
172182,321_3_0,0
174445,321_3_0,0
173874,321_3_0,0
170909,321_3_0,0
172914,321_3_0,0
170170,321_3_0,0
173879,321_3_0,0
160453,310_3_0,0
159674,310_3_0,0
157810,310_3_0,0
160048,310_3_0,0
156702,310_3_0,0
158974,310_3_0,0
160046,310_3_0,0
155236,310_3_0,0
160821,310_3_0,0
155983,310_3_0,0
154902,310_3_0,0
157411,310_3_0,0
155590,310_3_0,0
154509,310_3_0,0
159673,310_3_0,0
157607,310_3_0,0
155596,310_3_0,0
154900,310_3_0,0
156334,310_3_0,0
156159,310_3_0,0
159848,310_3_0,0
160645,310_3_0,0
159487,310_3_0,0
158018,310_3_0,0
158022,310_3_0,0
158234,310_3_0,0
157606,310_3_0,0
157612,310_3_0,0
156162,310_3_0,0
156892,310_3_0,0
159135,310_3_0,0
158781,310_3_0,0
160822,310_3_0,0
155976,310_3_0,0
156332,310_3_0,0
160823,310_3_0,0
160639,310_3_0,0
157610,310_3_0,0
159492,310_3_0,0
156701,310_3_0,0
160051,310_3_0,0
159675,310_3_0,0
160644,310_3_0,0
158227,310_3_0,0
156327,310_3_0,0
160047,310_3_0,0
155785,310_3_0,0
155977,310_3_0,0
159493,310_3_0,0
160049,310_3_0,0
158976,310_3_0,0
155973,310_3_0,0
154705,310_3_0,0
156328,310_3_0,0
156893,310_3_0,0
156526,310_3_0,0
160820,310_3_0,0
160641,310_3_0,0
154903,310_3_0,0
156161,310_3_0,0
158235,310_3_0,0
138794,219_2_0,0
140785,219_2_0,0
136464,219_2_0,0
139558,219_2_0,0
138056,219_2_0,0
138426,219_2_0,0
135348,219_2_0,0
136282,219_2_0,0
135356,219_2_0,0
137055,219_2_0,0
140090,219_2_0,0
138233,219_2_0,0
137471,219_2_0,0
138425,219_2_0,0
139363,219_2_0,0
139733,219_2_0,0
135537,219_2_0,0
139916,219_2_0,0
136872,219_2_0,0
139731,219_2_0,0
138234,219_2_0,0
140434,219_2_0,0
135539,219_2_0,0
138789,219_2_0,0
137680,219_2_0,0
139732,219_2_0,0
134600,219_2_0,0
138054,219_2_0,0
134794,219_2_0,0
134993,219_2_0,0
139364,219_2_0,0
136467,219_2_0,0
140263,219_2_0,0
137262,219_2_0,0
136865,219_2_0,0
138235,219_2_0,0
135350,219_2_0,0
138231,219_2_0,0
140261,219_2_0,0
138229,219_2_0,0
136281,219_2_0,0
139557,219_2_0,0
134989,219_2_0,0
137672,219_2_0,0
139176,219_2_0,0
134412,219_2_0,0
137049,219_2_0,0
135351,219_2_0,0
138617,219_2_0,0
136466,219_2_0,0
140787,219_2_0,0
140436,219_2_0,0
138790,219_2_0,0
138984,219_2_0,0
140612,219_2_0,0
140788,219_2_0,0
140786,219_2_0,0
135355,219_2_0,0
136863,219_2_0,0
136662,219_2_0,0
135165,219_2_0,0
134792,219_2_0,0
138427,219_2_0,0
138429,219_2_0,0
136461,219_2_0,0
137261,219_2_0,0
140982,219_2_0,0
139727,219_2_0,0
134416,219_2_0,0
135907,219_2_0,0
136661,219_2_0,0
137051,219_2_0,0
138428,219_2_0,0
139729,219_2_0,0
138618,219_2_0,0
139728,219_2_0,0
135707,219_2_0,0
136468,219_2_0,0
138986,219_2_0,0
135910,219_2_0,0
140981,219_2_0,0
138239,219_2_0,0
137469,219_2_0,0
137880,219_2_0,0
137052,219_2_0,0
140983,219_2_0,0
140264,219_2_0,0
135708,219_2_0,0
140980,219_2_0,0
137470,219_2_0,0
138795,219_2_0,0
138985,219_2_0,0
134411,219_2_0,0
134795,219_2_0,0
137674,219_2_0,0
138793,219_2_0,0
135167,219_2_0,0
135353,219_2_0,0
135357,219_2_0,0
136873,219_2_0,0
135536,219_2_0,0
135905,219_2_0,0
140790,219_2_0,0
139177,219_2_0,0
138055,219_2_0,0
136279,219_2_0,0
135705,219_2_0,0
137259,219_2_0,0
138237,219_2_0,0
135354,219_2_0,0
136465,219_2_0,0
135906,219_2_0,0
137881,219_2_0,0
138619,219_2_0,0
92905,204_2_1,0
88355,204_2_1,0
89092,204_2_1,0
88544,204_2_1,0
87957,204_2_1,0
91620,204_2_1,0
90539,204_2_1,0
89434,204_2_1,0
87774,204_2_1,0
88550,204_2_1,0
133435,216_2_1,0
134210,216_2_1,0
128964,216_2_1,0
133230,216_2_1,0
129517,216_2_1,0
164495,316_3_1,0
167768,316_3_1,0
161752,316_3_1,0
163077,316_3_1,0
167764,316_3_1,0
167766,316_3_1,0
166836,316_3_1,0
164494,316_3_1,0
165242,316_3_1,0
165574,316_3_1,0
166303,316_3_1,0
167368,316_3_1,0
165572,316_3_1,0
166305,316_3_1,0
164496,316_3_1,0
166137,316_3_1,0
166136,316_3_1,0
162487,316_3_1,0
163519,316_3_1,0
166134,316_3_1,0
165947,316_3_1,0
167374,316_3_1,0
163716,316_3_1,0
161368,316_3_1,0
162658,316_3_1,0
164857,316_3_1,0
161371,316_3_1,0
165403,316_3_1,0
165945,316_3_1,0
167549,316_3_1,0
161757,316_3_1,0
167548,316_3_1,0
163295,316_3_1,0
166298,316_3_1,0
166835,316_3_1,0
167367,316_3_1,0
162657,316_3_1,0
165943,316_3_1,0
161754,316_3_1,0
166300,316_3_1,0
161756,316_3_1,0
164493,316_3_1,0
162147,316_3_1,0
163293,316_3_1,0
161168,316_3_1,0
163931,316_3_1,0
167550,316_3_1,0
167013,316_3_1,0
163287,316_3_1,0
167552,316_3_1,0
167370,316_3_1,0
162655,316_3_1,0
166301,316_3_1,0
163516,316_3_1,0
164855,316_3_1,0
166138,316_3_1,0
162323,316_3_1,0
167547,316_3_1,0
164118,316_3_1,0
166839,316_3_1,0
165409,316_3_1,0
163718,316_3_1,0
163928,316_3_1,0
166485,316_3_1,0
162142,316_3_1,0
165406,316_3_1,0
165068,316_3_1,0
164117,316_3_1,0
161372,316_3_1,0
166299,316_3_1,0
167369,316_3_1,0
162484,316_3_1,0
167765,316_3_1,0
167014,316_3_1,0
162656,316_3_1,0
216042,921_4_1,0
218461,921_4_1,0
220019,921_4_1,0
221176,921_4_1,0
218660,921_4_1,0
219053,921_4_1,0
218464,921_4_1,0
220017,921_4_1,0
220599,921_4_1,0
216395,921_4_1,0
218072,921_4_1,0
221179,921_4_1,0
217321,921_4_1,0
218659,921_4_1,0
221344,921_4_1,0
220221,921_4_1,0
220428,921_4_1,0
217504,921_4_1,0
220222,921_4_1,0
220218,921_4_1,0
216040,921_4_1,0
216950,921_4_1,0
221345,921_4_1,0
214726,921_4_1,0
216760,921_4_1,0
227800,922_4_0,0
225242,922_4_0,0
225056,922_4_0,0
227436,922_4_0,0
225998,922_4_0,0
225795,922_4_0,0
228006,922_4_0,0
223595,922_4_0,0
227443,922_4_0,0
224179,922_4_0,0
225996,922_4_0,0
222831,922_4_0,0
224708,922_4_0,0
225058,922_4_0,0
222837,922_4_0,0
223435,922_4_0,0
222280,922_4_0,0
227240,922_4_0,0
227804,922_4_0,0
223222,922_4_0,0
221539,922_4_0,0
107755,210_2_1,0
109621,210_2_1,0
110524,210_2_1,0
113133,210_2_1,0
112006,210_2_1,0
109044,210_2_1,0
111619,210_2_1,0
113904,210_2_1,0
108876,210_2_1,0
110353,210_2_1,0
113519,210_2_1,0
107538,210_2_1,0
113319,210_2_1,0
113521,210_2_1,0
112756,210_2_1,0
108134,210_2_1,0
110523,210_2_1,0
110349,210_2_1,0
111455,210_2_1,0
110860,210_2_1,0
107536,210_2_1,0
113130,210_2_1,0
108510,210_2_1,0
110521,210_2_1,0
114100,210_2_1,0
113903,210_2_1,0
108332,210_2_1,0
108699,210_2_1,0
113514,210_2_1,0
109624,210_2_1,0
110522,210_2_1,0
111240,210_2_1,0
112200,210_2_1,0
108136,210_2_1,0
113132,210_2_1,0
107752,210_2_1,0
111837,210_2_1,0
109428,210_2_1,0
111044,210_2_1,0
111239,210_2_1,0
113512,210_2_1,0
107748,210_2_1,0
107951,210_2_1,0
109048,210_2_1,0
108135,210_2_1,0
108330,210_2_1,0
109619,210_2_1,0
107750,210_2_1,0
113719,210_2_1,0
108513,210_2_1,0
109228,210_2_1,0
111834,210_2_1,0
109224,210_2_1,0
111836,210_2_1,0
109049,210_2_1,0
109223,210_2_1,0
109622,210_2_1,0
112004,210_2_1,0
111244,210_2_1,0
107955,210_2_1,0
110683,210_2_1,0
112001,210_2_1,0
108703,210_2_1,0
113513,210_2_1,0
109045,210_2_1,0
109229,210_2_1,0
110153,210_2_1,0
109047,210_2_1,0
111454,210_2_1,0
109801,210_2_1,0
111038,210_2_1,0
110156,210_2_1,0
111458,210_2_1,0
112199,210_2_1,0
109975,210_2_1,0
108874,210_2_1,0
114096,210_2_1,0
110352,210_2_1,0
111040,210_2_1,0
108511,210_2_1,0
111622,210_2_1,0
110861,210_2_1,0
111238,210_2_1,0
113516,210_2_1,0
112755,210_2_1,0
113721,210_2_1,0
107541,210_2_1,0
113717,210_2_1,0
113722,210_2_1,0
110356,210_2_1,0
109800,210_2_1,0
114097,210_2_1,0
109796,210_2_1,0
110688,210_2_1,0
88352,113_1_1,0
108137,113_1_1,0
107535,113_1_1,0
44584,113_1_1,0
44753,113_1_1,0
41367,113_1_1,0
44392,113_1_1,0
43801,113_1_1,0
41172,113_1_1,0
41555,113_1_1,0
41166,113_1_1,0
43449,113_1_1,0
42547,113_1_1,0
44585,113_1_1,0
42341,113_1_1,0
42724,113_1_1,0
42343,113_1_1,0
43454,113_1_1,0
41170,113_1_1,0
44198,113_1_1,0
42915,113_1_1,0
42549,113_1_1,0
46775,113_1_1,0
46969,113_1_1,0
42914,113_1_1,0
40433,113_1_1,0
40436,113_1_1,0
40982,113_1_1,0
44955,113_1_1,0
43799,113_1_1,0
41556,113_1_1,0
42723,113_1_1,0
45648,113_1_1,0
46559,113_1_1,0
49788,116_1_0,0
50706,116_1_0,0
50704,116_1_0,0
52004,116_1_0,0
47726,116_1_0,0
50911,116_1_0,0
52201,116_1_0,0
48491,116_1_0,0
51313,116_1_0,0
51119,116_1_0,0
49787,116_1_0,0
52198,116_1_0,0
51664,116_1_0,0
51829,116_1_0,0
53288,116_1_0,0
49439,116_1_0,0
47725,116_1_0,0
49972,116_1_0,0
47166,116_1_0,0
53106,116_1_0,0
49251,116_1_0,0
52930,116_1_0,0
48710,116_1_0,0
49437,116_1_0,0
52736,116_1_0,0
48713,116_1_0,0
52931,116_1_0,0
49975,116_1_0,0
52002,116_1_0,0
53293,116_1_0,0
49627,116_1_0,0
47537,116_1_0,0
50707,116_1_0,0
48283,116_1_0,0
47533,116_1_0,0
50152,116_1_0,0
47906,116_1_0,0
50703,116_1_0,0
50154,116_1_0,0
49254,116_1_0,0
48914,116_1_0,0
49255,116_1_0,0
52386,116_1_0,0
49969,116_1_0,0
52388,116_1_0,0
51315,116_1_0,0
48911,116_1_0,0
50526,116_1_0,0
48912,116_1_0,0
48111,116_1_0,0
49077,116_1_0,0
53478,116_1_0,0
47168,116_1_0,0
48285,116_1_0,0
50329,116_1_0,0
48712,116_1_0,0
51312,116_1_0,0
49784,116_1_0,0
51665,116_1_0,0
49786,116_1_0,0
50914,116_1_0,0
48706,116_1_0,0
51121,116_1_0,0
51828,116_1_0,0
49628,116_1_0,0
51501,116_1_0,0
49076,116_1_0,0
49252,116_1_0,0
50705,116_1_0,0
51670,116_1_0,0
52383,116_1_0,0
48910,116_1_0,0
50525,116_1_0,0
51505,116_1_0,0
49073,116_1_0,0
49626,116_1_0,0
47346,116_1_0,0
53295,116_1_0,0
47727,116_1_0,0
53477,116_1_0,0
47728,116_1_0,0
47540,116_1_0,0
52200,116_1_0,0
48109,116_1_0,0
53474,116_1_0,0
50915,116_1_0,0
48917,116_1_0,0
50913,116_1_0,0
19652,105_3_1,0
13655,105_3_1,0
17265,105_3_1,0
13857,105_3_1,0
19286,105_3_1,0
19470,105_3_1,0
17990,105_3_1,0
19097,105_3_1,0
18745,105_3_1,0
20022,105_3_1,0
16151,105_3_1,0
20019,105_3_1,0
14643,105_3_1,0
18548,105_3_1,0
14058,105_3_1,0
17987,105_3_1,0
16536,105_3_1,0
14055,105_3_1,0
14251,105_3_1,0
18920,105_3_1,0
16875,105_3_1,0
14645,105_3_1,0
17456,105_3_1,0
16722,105_3_1,0
17613,105_3_1,0
18377,105_3_1,0
14639,105_3_1,0
19472,105_3_1,0
17616,105_3_1,0
13858,105_3_1,0
15757,105_3_1,0
19098,105_3_1,0
16879,105_3_1,0
16149,105_3_1,0
18744,105_3_1,0
19653,105_3_1,0
19099,105_3_1,0
19476,105_3_1,0
19096,105_3_1,0
18551,105_3_1,0
14056,105_3_1,0
15183,105_3_1,0
18743,105_3_1,0
14253,105_3_1,0
17812,105_3_1,0
13472,105_3_1,0
18381,105_3_1,0
15180,105_3_1,0
15531,105_3_1,0
16720,105_3_1,0
15002,105_3_1,0
14059,105_3_1,0
13654,105_3_1,0
14840,105_3_1,0
16155,105_3_1,0
15006,105_3_1,0
19095,105_3_1,0
16354,105_3_1,0
16352,105_3_1,0
14053,105_3_1,0
15003,105_3_1,0
14841,105_3_1,0
19473,105_3_1,0
17068,105_3_1,0
3320,101_1_1,0
1107,101_1_1,0
2218,101_1_1,0
4100,101_1_1,0
4095,101_1_1,0
1106,101_1_1,0
5542,101_1_1,0
2965,101_1_1,0
3908,101_1_1,0
27,101_1_1,0
1101,101_1_1,0
3139,101_1_1,0
5917,101_1_1,0
743,101_1_1,0
1108,101_1_1,0
3323,101_1_1,0
3142,101_1_1,0
1303,101_1_1,0
4101,101_1_1,0
2024,101_1_1,0
3716,101_1_1,0
2962,101_1_1,0
5000,101_1_1,0
574,101_1_1,0
2025,101_1_1,0
214,101_1_1,0
4102,101_1_1,0
1838,101_1_1,0
576,101_1_1,0
1103,101_1_1,0
3144,101_1_1,0
1842,101_1_1,0
3319,101_1_1,0
2216,101_1_1,0
2788,101_1_1,0
5377,101_1_1,0
4099,101_1_1,0
2959,101_1_1,0
6424,101_1_1,0
3905,101_1_1,0
5723,101_1_1,0
37241,111_1_1,0
37437,111_1_1,0
37240,111_1_1,0
38210,111_1_1,0
38374,111_1_1,0
35324,111_1_1,0
38013,111_1_1,0
34200,111_1_1,0
37823,111_1_1,0
35322,111_1_1,0
34787,111_1_1,0
37238,111_1_1,0
38016,111_1_1,0
37636,111_1_1,0
39332,111_1_1,0
39514,111_1_1,0
36291,111_1_1,0
35726,111_1_1,0
34414,111_1_1,0
38011,111_1_1,0
40058,111_1_1,0
34016,111_1_1,0
34592,111_1_1,0
39883,111_1_1,0
39880,111_1_1,0
34015,111_1_1,0
33823,111_1_1,0
38010,111_1_1,0
38566,111_1_1,0
39882,111_1_1,0
39147,111_1_1,0
38947,111_1_1,0
38945,111_1_1,0
39143,111_1_1,0
36868,111_1_1,0
35923,111_1_1,0
38752,111_1_1,0
37062,111_1_1,0
33824,111_1_1,0
35325,111_1_1,0
36482,111_1_1,0
34789,111_1_1,0
39692,111_1_1,0
35922,111_1_1,0
36140,111_1_1,0
54380,119_1_0,0
56943,119_1_0,0
58633,119_1_0,0
57895,119_1_0,0
55089,119_1_0,0
55452,119_1_0,0
60033,119_1_0,0
60216,119_1_0,0
56375,119_1_0,0
56744,119_1_0,0
55623,119_1_0,0
58077,119_1_0,0
58832,119_1_0,0
60214,119_1_0,0
53859,119_1_0,0
54202,119_1_0,0
57111,119_1_0,0
56745,119_1_0,0
57900,119_1_0,0
60383,119_1_0,0
56376,119_1_0,0
57701,119_1_0,0
54051,119_1_0,0
59438,119_1_0,0
58831,119_1_0,0
60386,119_1_0,0
54052,119_1_0,0
53862,119_1_0,0
56752,119_1_0,0
54379,119_1_0,0
55091,119_1_0,0
59015,119_1_0,0
54048,119_1_0,0
54909,119_1_0,0
60042,119_1_0,0
58078,119_1_0,0
55274,119_1_0,0
60387,119_1_0,0
55625,119_1_0,0
59236,119_1_0,0
55978,119_1_0,0
60041,119_1_0,0
56370,119_1_0,0
59434,119_1_0,0
60034,119_1_0,0
59437,119_1_0,0
54377,119_1_0,0
56372,119_1_0,0
56175,119_1_0,0
56367,119_1_0,0
53860,119_1_0,0
55976,119_1_0,0
59017,119_1_0,0
60038,119_1_0,0
56751,119_1_0,0
55273,119_1_0,0
57899,119_1_0,0
59852,119_1_0,0
58276,119_1_0,0
56743,119_1_0,0
58452,119_1_0,0
56750,119_1_0,0
54049,119_1_0,0
55626,119_1_0,0
55454,119_1_0,0
58833,119_1_0,0
55280,119_1_0,0
59649,119_1_0,0
56369,119_1_0,0
54906,119_1_0,0
57295,119_1_0,0
54201,119_1_0,0
56941,119_1_0,0
57898,119_1_0,0
59435,119_1_0,0
59233,119_1_0,0
55622,119_1_0,0
58454,119_1_0,0
56747,119_1_0,0
54738,119_1_0,0
53863,119_1_0,0
54734,119_1_0,0
155062,305_4_0,0
160643,305_4_0,0
155063,305_4_0,0
160998,305_4_0,0
160045,305_4_0,0
146579,305_4_0,0
142055,305_4_0,0
147311,305_4_0,0
142250,305_4_0,0
155066,305_4_0,0
155064,305_4_0,0
160824,305_4_0,0
160994,305_4_0,0
160997,305_4_0,0
160456,305_4_0,0
160044,305_4_0,0
160995,305_4_0,0
152711,305_4_0,0
153596,305_4_0,0
151436,305_4_0,0
151232,305_4_0,0
150867,305_4_0,0
149189,305_4_0,0
150300,305_4_0,0
148632,305_4_0,0
148628,305_4_0,0
148436,305_4_0,0
148437,305_4_0,0
152135,305_4_0,0
154316,305_4_0,0
149405,305_4_0,0
151966,305_4_0,0
148634,305_4_0,0
153231,305_4_0,0
152715,305_4_0,0
153423,305_4_0,0
150298,305_4_0,0
150520,305_4_0,0
151608,305_4_0,0
153765,305_4_0,0
154154,305_4_0,0
151237,305_4_0,0
150136,305_4_0,0
153418,305_4_0,0
148633,305_4_0,0
153420,305_4_0,0
153966,305_4_0,0
151234,305_4_0,0
151965,305_4_0,0
153969,305_4_0,0
149579,305_4_0,0
154318,305_4_0,0
153763,305_4_0,0
152707,305_4_0,0
152527,305_4_0,0
150133,305_4_0,0
151433,305_4_0,0
153417,305_4_0,0
153766,305_4_0,0
153968,305_4_0,0
151967,305_4_0,0
151068,305_4_0,0
148076,305_4_0,0
150137,305_4_0,0
149581,305_4_0,0
147875,305_4_0,0
149183,305_4_0,0
149182,305_4_0,0
151431,305_4_0,0
152714,305_4_0,0
149577,305_4_0,0
153061,305_4_0,0
148078,305_4_0,0
150515,305_4_0,0
154321,305_4_0,0
148075,305_4_0,0
150870,305_4_0,0
153063,305_4_0,0
149943,305_4_0,0
150686,305_4_0,0
153761,305_4_0,0
151066,305_4_0,0
154153,305_4_0,0
152342,305_4_0,0
151438,305_4_0,0
152133,305_4_0,0
148269,305_4_0,0
150689,305_4_0,0
150687,305_4_0,0
149187,305_4_0,0
47343,116_1_1,0
50324,116_1_1,0
51506,116_1_1,0
48919,116_1_1,0
52203,116_1_1,0
47539,116_1_1,0
50325,116_1_1,0
18553,108_4_1,0
22600,108_4_1,0
20746,108_4_1,0
25771,108_4_1,0
23960,108_4_1,0
22984,108_4_1,0
23769,108_4_1,0
21327,108_4_1,0
26315,108_4_1,0
20555,108_4_1,0
21699,108_4_1,0
24481,108_4_1,0
21879,108_4_1,0
25040,108_4_1,0
21878,108_4_1,0
24128,108_4_1,0
25587,108_4_1,0
21883,108_4_1,0
22598,108_4_1,0
22247,108_4_1,0
24482,108_4_1,0
25584,108_4_1,0
23361,108_4_1,0
21322,108_4_1,0
22987,108_4_1,0
24127,108_4_1,0
22433,108_4_1,0
20749,108_4_1,0
21141,108_4_1,0
22989,108_4_1,0
110684,210_2_0,0
110687,210_2_0,0
109799,210_2_0,0
110863,210_2_0,0
108133,210_2_0,0
112393,210_2_0,0
109429,210_2_0,0
109226,113_1_0,0
46771,113_1_0,0
43804,113_1_0,0
45650,113_1_0,0
41368,113_1_0,0
43805,113_1_0,0
45845,113_1_0,0
46774,113_1_0,0
44754,113_1_0,0
41370,113_1_0,0
42721,113_1_0,0
44758,113_1_0,0
22061,108_1_1,0
24670,108_1_1,0
20208,108_1_1,0
24134,108_1_1,0
22791,108_1_1,0
20961,108_1_1,0
22065,108_1_1,0
23367,108_1_1,0
21150,108_1_1,0
25777,108_1_1,0
114472,213_2_1,0
119504,213_2_1,0
115982,213_2_1,0
120650,213_2_1,0
115439,213_2_1,0
120447,213_2_1,0
114476,213_2_1,0
116888,213_2_1,0
117460,213_2_1,0
115255,213_2_1,0
120066,213_2_1,0
115256,213_2_1,0
114276,213_2_1,0
120649,213_2_1,0
119690,213_2_1,0
114877,213_2_1,0
114275,213_2_1,0
115622,213_2_1,0
117064,213_2_1,0
118799,213_2_1,0
116886,213_2_1,0
120237,213_2_1,0
115979,213_2_1,0
115261,213_2_1,0
118401,213_2_1,0
119693,213_2_1,0
114478,213_2_1,0
118969,213_2_1,0
117832,213_2_1,0
118399,213_2_1,0
120240,213_2_1,0
116880,213_2_1,0
117458,213_2_1,0
116881,213_2_1,0
118970,213_2_1,0
119164,213_2_1,0
119888,213_2_1,0
117076,213_2_1,0
114878,213_2_1,0
115449,213_2_1,0
121388,214_2_0,0
123588,214_2_0,0
122853,214_2_0,0
122678,214_2_0,0
121021,214_2_0,0
122483,214_2_0,0
123766,214_2_0,0
125204,214_2_0,0
124659,214_2_0,0
122131,214_2_0,0
121562,214_2_0,0
127273,214_2_0,0
121019,214_2_0,0
124658,214_2_0,0
122679,214_2_0,0
125752,214_2_0,0
124500,214_2_0,0
122312,214_2_0,0
126485,214_2_0,0
125404,214_2_0,0
121561,214_2_0,0
126300,214_2_0,0
124131,214_2_0,0
124853,214_2_0,0
124497,214_2_0,0
126882,214_2_0,0
125587,214_2_0,0
122129,214_2_0,0
127493,214_2_0,0
123047,214_2_0,0
122130,214_2_0,0
123386,214_2_0,0
123595,214_2_0,0
124857,214_2_0,0
121216,214_2_0,0
122317,214_2_0,0
121397,214_2_0,0
125214,214_2_0,0
124145,214_2_0,0
123959,214_2_0,0
124665,214_2_0,0
127277,214_2_0,0
127282,214_2_0,0
123392,214_2_0,0
125593,214_2_0,0
28330,110_1_0,0
31785,110_1_0,0
28329,110_1_0,0
29860,110_1_0,0
32154,110_1_0,0
27950,110_1_0,0
31238,110_1_0,0
29695,110_1_0,0
30612,110_1_0,0
27050,110_1_0,0
32157,110_1_0,0
28749,110_1_0,0
29859,110_1_0,0
29510,110_1_0,0
26858,110_1_0,0
30798,110_1_0,0
30426,110_1_0,0
26854,110_1_0,0
29856,110_1_0,0
27768,110_1_0,0
32724,110_1_0,0
27049,110_1_0,0
28134,110_1_0,0
30419,110_1_0,0
33241,110_1_0,0
26857,110_1_0,0
33235,110_1_0,0
27949,110_1_0,0
30032,110_1_0,0
31234,110_1_0,0
32156,110_1_0,0
29693,110_1_0,0
30420,110_1_0,0
29308,110_1_0,0
33237,110_1_0,0
29121,110_1_0,0
27771,110_1_0,0
28333,110_1_0,0
31236,110_1_0,0
31791,110_1_0,0
29857,110_1_0,0
32349,110_1_0,0
27597,110_1_0,0
29694,110_1_0,0
31001,110_1_0,0
32720,110_1_0,0
33240,110_1_0,0
29509,110_1_0,0
31975,110_1_0,0
33421,110_1_0,0
30611,110_1_0,0
31432,110_1_0,0
30423,110_1_0,0
29119,110_1_0,0
32723,110_1_0,0
28131,110_1_0,0
30242,110_1_0,0
32734,110_1_0,0
32163,110_1_0,0
29697,110_1_0,0
142064,303_3_0,0
147148,303_3_0,0
145221,303_3_0,0
142659,303_3_0,0
144114,303_3_0,0
144120,303_3_0,0
142255,303_3_0,0
144674,303_3_0,0
142466,303_3_0,0
145428,303_3_0,0
144493,303_3_0,0
145055,303_3_0,0
143957,303_3_0,0
142843,303_3_0,0
144861,303_3_0,0
141168,303_3_0,0
147153,303_3_0,0
146946,303_3_0,0
147515,303_3_0,0
143016,303_3_0,0
141169,303_3_0,0
144312,303_3_0,0
146583,303_3_0,0
143766,303_3_0,0
142254,303_3_0,0
146029,303_3_0,0
143015,303_3_0,0
141358,303_3_0,0
145223,303_3_0,0
146581,303_3_0,0
143952,303_3_0,0
143569,303_3_0,0
144311,303_3_0,0
142066,303_3_0,0
147149,303_3_0,0
142059,303_3_0,0
147713,303_3_0,0
143381,303_3_0,0
146028,303_3_0,0
143014,303_3_0,0
145427,303_3_0,0
146952,303_3_0,0
144672,303_3_0,0
146400,303_3_0,0
147152,303_3_0,0
146950,303_3_0,0
146402,303_3_0,0
144117,303_3_0,0
143383,303_3_0,0
144677,303_3_0,0
146223,303_3_0,0
145625,303_3_0,0
143189,303_3_0,0
147313,303_3_0,0
146767,303_3_0,0
146771,303_3_0,0
141512,303_3_0,0
145430,303_3_0,0
146951,303_3_0,0
146222,303_3_0,0
146770,303_3_0,0
146768,303_3_0,0
142465,303_3_0,0
147719,303_3_0,0
141172,303_3_0,0
145626,303_3_0,0
142058,303_3_0,0
147159,303_3_0,0
141683,303_3_0,0
142071,303_3_0,0
147524,303_3_0,0
147723,303_3_0,0
141363,303_3_0,0
169250,321_3_1,0
171996,321_3_1,0
172001,321_3_1,0
168330,321_3_1,0
174245,321_3_1,0
170749,321_3_1,0
167960,321_3_1,0
168882,321_3_1,0
170910,321_3_1,0
170548,321_3_1,0
168887,321_3_1,0
171999,321_3_1,0
170166,321_3_1,0
169063,321_3_1,0
172369,321_3_1,0
174447,321_3_1,0
167962,321_3_1,0
169987,321_3_1,0
174078,321_3_1,0
173106,321_3_1,0
173681,321_3_1,0
170175,321_3_1,0
168516,321_3_1,0
173880,321_3_1,0
167975,321_3_1,0
172926,321_3_1,0
173490,321_3_1,0
169069,321_3_1,0
169257,321_3_1,0
167970,321_3_1,0
169612,321_3_1,0
167966,321_3_1,0
172371,321_3_1,0
170358,321_3_1,0
168520,321_3_1,0
17063,113_2_0,0
30425,113_2_0,0
30427,113_2_0,0
30422,113_2_0,0
29855,113_2_0,0
30036,113_2_0,0
29854,113_2_0,0
30421,113_2_0,0
29858,113_2_0,0
37063,113_2_0,0
37066,113_2_0,0
37065,113_2_0,0
36866,113_2_0,0
36679,113_2_0,0
36677,113_2_0,0
45316,113_2_0,0
40442,113_2_0,0
46033,113_2_0,0
41373,113_2_0,0
45315,113_2_0,0
44205,113_2_0,0
43292,113_2_0,0
45474,113_2_0,0
41376,113_2_0,0
46394,113_2_0,0
42346,113_2_0,0
40843,113_2_0,0
46212,113_2_0,0
43118,113_2_0,0
44012,113_2_0,0
166135,316_3_0,0
165066,316_3_0,0
163518,316_3_0,0
165067,316_3_0,0
167011,316_3_0,0
161169,316_3_0,0
164125,316_3_0,0
163714,316_3_0,0
161166,316_3_0,0
162844,316_3_0,0
166478,316_3_0,0
161563,316_3_0,0
163717,316_3_0,0
161170,316_3_0,0
166838,316_3_0,0
161570,316_3_0,0
164315,316_3_0,0
166486,316_3_0,0
167772,316_3_0,0
163294,316_3_0,0
163517,316_3_0,0
165070,316_3_0,0
162843,316_3_0,0
162146,316_3_0,0
161939,316_3_0,0
164120,316_3_0,0
166666,316_3_0,0
167189,316_3_0,0
163082,316_3_0,0
163935,316_3_0,0
162149,316_3_0,0
162152,316_3_0,0
166143,316_3_0,0
162851,316_3_0,0
161943,316_3_0,0
167380,316_3_0,0
163933,316_3_0,0
163723,316_3_0,0
163079,316_3_0,0
162848,316_3_0,0
165246,316_3_0,0
161578,316_3_0,0
4993,108_4_1,0
18554,108_4_1,0
18549,108_4_1,0
18550,108_4_1,0
26130,108_4_1,0
23373,108_4_1,0
26319,108_4_1,0
23961,108_4_1,0
23964,108_4_1,0
22788,108_4_1,0
233194,925_4_1,0
233187,925_4_1,0
234281,925_4_1,0
230421,925_4_1,0
229075,925_4_1,0
233559,925_4_1,0
230420,925_4_1,0
228535,925_4_1,0
232810,925_4_1,0
230586,925_4_1,0
234280,925_4_1,0
229470,925_4_1,0
230235,925_4_1,0
233557,925_4_1,0
230232,925_4_1,0
231327,925_4_1,0
232259,925_4_1,0
231139,925_4_1,0
234444,925_4_1,0
228180,925_4_1,0
228375,925_4_1,0
233558,925_4_1,0
229649,925_4_1,0
231331,925_4_1,0
232808,925_4_1,0
233186,925_4_1,0
231873,925_4_1,0
228705,925_4_1,0
233373,925_4_1,0
234629,925_4_1,0
230955,925_4_1,0
232262,925_4_1,0
231523,925_4_1,0
233567,925_4_1,0
229081,925_4_1,0
232440,925_4_1,0
233572,925_4_1,0
228541,925_4_1,0
232438,925_4_1,0
230060,925_4_1,0
234458,925_4_1,0
233566,925_4_1,0
233561,925_4_1,0
231525,925_4_1,0
228711,925_4_1,0
230757,925_4_1,0
233568,925_4_1,0
231880,925_4_1,0
112931,208_3_1,0
111451,208_3_1,0
113897,208_3_1,0
113713,208_3_1,0
111452,208_3_1,0
113506,208_3_1,0
113317,208_3_1,0
107948,208_3_1,0
93497,208_3_1,0
93300,208_3_1,0
87771,208_3_1,0
93505,208_3_1,0
92718,208_3_1,0
93098,208_3_1,0
93500,208_3_1,0
92715,208_3_1,0
93869,208_3_1,0
92909,208_3_1,0
93502,208_3_1,0
92520,208_3_1,0
87609,208_3_1,0
87772,208_3_1,0
92519,208_3_1,0
93303,208_3_1,0
92343,208_3_1,0
93301,208_3_1,0
92910,208_3_1,0
87605,208_3_1,0
87433,208_3_1,0
87606,208_3_1,0
93503,208_3_1,0
93100,208_3_1,0
93101,208_3_1,0
92344,208_3_1,0
87959,208_3_1,0
93096,208_3_1,0
93103,208_3_1,0
93097,208_3_1,0
93870,208_3_1,0
87775,208_3_1,0
92517,208_3_1,0
91259,208_3_1,0
87956,208_3_1,0
93678,208_3_1,0
92518,208_3_1,0
92906,208_3_1,0
97756,208_3_1,0
99789,208_3_1,0
99790,208_3_1,0
94248,208_3_1,0
100161,208_3_1,0
94423,208_3_1,0
99977,208_3_1,0
99401,208_3_1,0
99581,208_3_1,0
100160,208_3_1,0
99978,208_3_1,0
94253,208_3_1,0
99229,208_3_1,0
97753,208_3_1,0
94245,208_3_1,0
97759,208_3_1,0
94426,208_3_1,0
99787,208_3_1,0
100159,208_3_1,0
94246,208_3_1,0
99405,208_3_1,0
100382,208_3_1,0
99231,208_3_1,0
99226,208_3_1,0
100167,208_3_1,0
100156,208_3_1,0
99399,208_3_1,0
100155,208_3_1,0
99406,208_3_1,0
94252,208_3_1,0
99044,208_3_1,0
94249,208_3_1,0
97757,208_3_1,0
100165,208_3_1,0
100153,208_3_1,0
99583,208_3_1,0
100585,208_3_1,0
100583,208_3_1,0
94425,208_3_1,0
100164,208_3_1,0
100152,208_3_1,0
94580,208_3_1,0
100157,208_3_1,0
99042,208_3_1,0
100166,208_3_1,0
100378,208_3_1,0
94421,208_3_1,0
100388,208_3_1,0
99976,208_3_1,0
97758,208_3_1,0
99982,208_3_1,0
100386,208_3_1,0
99979,208_3_1,0
101710,208_3_1,0
106807,208_3_1,0
100752,208_3_1,0
104177,208_3_1,0
105098,208_3_1,0
103211,208_3_1,0
100750,208_3_1,0
102458,208_3_1,0
101703,208_3_1,0
105287,208_3_1,0
104182,208_3_1,0
106241,208_3_1,0
105684,208_3_1,0
104179,208_3_1,0
105846,208_3_1,0
101499,208_3_1,0
103029,208_3_1,0
102263,208_3_1,0
102846,208_3_1,0
103633,208_3_1,0
105683,208_3_1,0
104181,208_3_1,0
106805,208_3_1,0
102070,208_3_1,0
105288,208_3_1,0
104919,208_3_1,0
100758,208_3_1,0
102264,208_3_1,0
105493,208_3_1,0
102074,208_3_1,0
103217,208_3_1,0
106236,208_3_1,0
102850,208_3_1,0
104376,208_3_1,0
106235,208_3_1,0
100755,208_3_1,0
106995,208_3_1,0
105289,208_3_1,0
101706,208_3_1,0
103027,208_3_1,0
106040,208_3_1,0
102847,208_3_1,0
105689,208_3_1,0
104549,208_3_1,0
106997,208_3_1,0
105688,208_3_1,0
102661,208_3_1,0
104184,208_3_1,0
103812,208_3_1,0
102660,208_3_1,0
100939,208_3_1,0
103026,208_3_1,0
104187,208_3_1,0
100757,208_3_1,0
103210,208_3_1,0
101707,208_3_1,0
101709,208_3_1,0
104175,208_3_1,0
103632,208_3_1,0
103997,208_3_1,0
106627,208_3_1,0
102262,208_3_1,0
104186,208_3_1,0
101894,208_3_1,0
106994,208_3_1,0
107378,208_3_1,0
106240,208_3_1,0
103215,208_3_1,0
106436,208_3_1,0
104921,208_3_1,0
103817,208_3_1,0
101508,208_3_1,0
106809,208_3_1,0
102670,208_3_1,0
104189,208_3_1,0
103814,208_3_1,0
105101,208_3_1,0
101721,208_3_1,0
105863,208_3_1,0
102463,208_3_1,0
102851,208_3_1,0
105856,208_3_1,0
103636,208_3_1,0
105104,208_3_1,0
102271,208_3_1,0
101503,208_3_1,0
101722,208_3_1,0
104382,208_3_1,0
101138,208_3_1,0
106635,208_3_1,0
235381,926_4_0,0
237600,926_4_0,0
236138,926_4_0,0
234822,926_4_0,0
239374,926_4_0,0
236513,926_4_0,0
238782,926_4_0,0
235776,926_4_0,0
239173,926_4_0,0
237403,926_4_0,0
240104,926_4_0,0
235191,926_4_0,0
239551,926_4_0,0
241483,926_4_0,0
240483,926_4_0,0
240691,926_4_0,0
235195,926_4_0,0
236319,926_4_0,0
241292,926_4_0,0
241074,926_4_0,0
241293,926_4_0,0
237597,926_4_0,0
238189,926_4_0,0
237005,926_4_0,0
239552,926_4_0,0
240692,926_4_0,0
241295,926_4_0,0
238781,926_4_0,0
236683,926_4_0,0
240896,926_4_0,0
240283,926_4_0,0
235196,926_4_0,0
235187,926_4_0,0
239919,926_4_0,0
239373,926_4_0,0
235774,926_4_0,0
238188,926_4_0,0
235570,926_4_0,0
236682,926_4_0,0
235771,926_4_0,0
237007,926_4_0,0
237967,926_4_0,0
235192,926_4_0,0
236313,926_4_0,0
240689,926_4_0,0
234821,926_4_0,0
241481,926_4_0,0
239918,926_4_0,0
238780,926_4_0,0
237402,926_4_0,0
240285,926_4_0,0
236316,926_4_0,0
241071,926_4_0,0
241070,926_4_0,0
240482,926_4_0,0
236512,926_4_0,0
236317,926_4_0,0
237004,926_4_0,0
236144,926_4_0,0
240901,926_4_0,0
240288,926_4_0,0
236687,926_4_0,0
238786,926_4_0,0
235778,926_4_0,0
240698,926_4_0,0
235780,926_4_0,0
237407,926_4_0,0
235962,926_4_0,0
236851,926_4_0,0
237212,926_4_0,0
235578,926_4_0,0
236521,926_4_0,0
15534,105_3_1,0
17264,105_3_1,0
14438,105_3_1,0
16351,105_3_1,0
15950,105_3_1,0
17816,105_3_1,0
15543,105_3_1,0
13859,105_3_1,0
13661,105_3_1,0
18187,105_3_1,0
18188,105_3_1,0
19103,105_3_1,0
20033,105_3_1,0
16881,105_3_1,0
87257,202_2_1,0
81358,202_2_1,0
83513,202_2_1,0
86741,202_2_1,0
85637,202_2_1,0
86007,202_2_1,0
83315,202_2_1,0
84514,202_2_1,0
87255,202_2_1,0
81535,202_2_1,0
81163,202_2_1,0
84888,202_2_1,0
86915,202_2_1,0
83905,202_2_1,0
84318,202_2_1,0
80998,202_2_1,0
85469,202_2_1,0
81352,202_2_1,0
81357,202_2_1,0
85079,202_2_1,0
85271,202_2_1,0
87082,202_2_1,0
81732,202_2_1,0
85829,202_2_1,0
85274,202_2_1,0
81354,202_2_1,0
80999,202_2_1,0
83510,202_2_1,0
81897,202_2_1,0
85075,202_2_1,0
83906,202_2_1,0
84319,202_2_1,0
83317,202_2_1,0
81531,202_2_1,0
80828,202_2_1,0
84101,202_2_1,0
86191,202_2_1,0
84510,202_2_1,0
86005,202_2_1,0
82931,202_2_1,0
85077,202_2_1,0
82073,202_2_1,0
85076,202_2_1,0
81359,202_2_1,0
87080,202_2_1,0
86006,202_2_1,0
83314,202_2_1,0
85078,202_2_1,0
87258,202_2_1,0
85467,202_2_1,0
82934,202_2_1,0
86742,202_2_1,0
84689,202_2_1,0
80995,202_2_1,0
81529,202_2_1,0
80992,202_2_1,0
84512,202_2_1,0
83313,202_2_1,0
86393,202_2_1,0
84316,202_2_1,0
86395,202_2_1,0
82434,202_2_1,0
82933,202_2_1,0
82072,202_2_1,0
83319,202_2_1,0
86918,202_2_1,0
81728,202_2_1,0
81356,202_2_1,0
86917,202_2_1,0
82771,202_2_1,0
81168,202_2_1,0
81164,202_2_1,0
87075,202_2_1,0
83136,202_2_1,0
86187,202_2_1,0
81727,202_2_1,0
82770,202_2_1,0
84320,202_2_1,0
81729,202_2_1,0
81898,202_2_1,0
85831,202_2_1,0
81530,202_2_1,0
85639,202_2_1,0
87077,202_2_1,0
82932,202_2_1,0
87083,202_2_1,0
82937,202_2_1,0
81891,202_2_1,0
82589,202_2_1,0
86912,202_2_1,0
84511,202_2_1,0
82943,202_2_1,0
86193,202_2_1,0
84698,202_2_1,0
84892,202_2_1,0
85474,202_2_1,0
82590,202_2_1,0
82435,202_2_1,0
80829,202_2_1,0
85473,202_2_1,0
85275,202_2_1,0
87265,202_2_1,0
83324,202_2_1,0
87268,202_2_1,0
87264,202_2_1,0
81902,202_2_1,0
81541,202_2_1,0
84325,202_2_1,0
81538,202_2_1,0
85087,202_2_1,0
84693,202_2_1,0
176427,325_3_0,0
179383,325_3_0,0
181082,325_3_0,0
174840,325_3_0,0
177526,325_3_0,0
178812,325_3_0,0
177896,325_3_0,0
175241,325_3_0,0
180702,325_3_0,0
180893,325_3_0,0
181077,325_3_0,0
176984,325_3_0,0
176629,325_3_0,0
180704,325_3_0,0
179382,325_3_0,0
177169,325_3_0,0
174842,325_3_0,0
179571,325_3_0,0
177168,325_3_0,0
175023,325_3_0,0
178106,325_3_0,0
177333,325_3_0,0
176623,325_3_0,0
179192,325_3_0,0
177891,325_3_0,0
176791,325_3_0,0
180530,325_3_0,0
176424,325_3_0,0
175440,325_3_0,0
179772,325_3_0,0
177893,325_3_0,0
177331,325_3_0,0
179783,325_3_0,0
178651,325_3_0,0
175823,325_3_0,0
176985,325_3_0,0
179567,325_3_0,0
179197,325_3_0,0
176426,325_3_0,0
174658,325_3_0,0
179773,325_3_0,0
175826,325_3_0,0
178814,325_3_0,0
177171,325_3_0,0
179386,325_3_0,0
175026,325_3_0,0
175027,325_3_0,0
178650,325_3_0,0
176627,325_3_0,0
181079,325_3_0,0
179196,325_3_0,0
175034,325_3_0,0
176224,325_3_0,0
180173,325_3_0,0
178474,325_3_0,0
176994,325_3_0,0
175454,325_3_0,0
177533,325_3_0,0
178473,325_3_0,0
179204,325_3_0,0
181237,325_3_0,0
175828,325_3_0,0
177904,325_3_0,0
198649,305_3_1,0
198646,305_3_1,0
198647,305_3_1,0
198645,305_3_1,0
151615,305_3_1,0
148991,305_3_1,0
148275,305_3_1,0
150305,305_3_1,0
149586,305_3_1,0
148636,305_3_1,0
150693,305_3_1,0
153974,305_3_1,0
150306,305_3_1,0
152140,305_3_1,0
151074,305_3_1,0
153771,305_3_1,0
148822,305_3_1,0
150524,305_3_1,0
11834,103_1_0,0
13279,103_1_0,0
8354,103_1_0,0
9466,103_1_0,0
8720,103_1_0,0
12023,103_1_0,0
10436,103_1_0,0
8135,103_1_0,0
9468,103_1_0,0
6628,103_1_0,0
8896,103_1_0,0
11014,103_1_0,0
13274,103_1_0,0
8544,103_1_0,0
8722,103_1_0,0
8137,103_1_0,0
12024,103_1_0,0
11628,103_1_0,0
10820,103_1_0,0
6815,103_1_0,0
10273,103_1_0,0
8359,103_1_0,0
12227,103_1_0,0
9655,103_1_0,0
12021,103_1_0,0
7735,103_1_0,0
8548,103_1_0,0
10432,103_1_0,0
12938,103_1_0,0
6818,103_1_0,0
8358,103_1_0,0
8138,103_1_0,0
10267,103_1_0,0
10264,103_1_0,0
12566,103_1_0,0
11836,103_1_0,0
8543,103_1_0,0
11835,103_1_0,0
8899,103_1_0,0
11837,103_1_0,0
9464,103_1_0,0
11214,103_1_0,0
8895,103_1_0,0
9102,103_1_0,0
11419,103_1_0,0
6814,103_1_0,0
12754,103_1_0,0
10271,103_1_0,0
7177,103_1_0,0
7731,103_1_0,0
7925,103_1_0,0
6816,103_1_0,0
10274,103_1_0,0
9654,103_1_0,0
8723,103_1_0,0
9871,103_1_0,0
10270,103_1_0,0
13277,103_1_0,0
8893,103_1_0,0
11626,103_1_0,0
11015,103_1_0,0
9285,103_1_0,0
10266,103_1_0,0
6632,103_1_0,0
11631,103_1_0,0
12409,103_1_0,0
7741,103_1_0,0
7360,103_1_0,0
8900,103_1_0,0
10278,103_1_0,0
8367,103_1_0,0
6636,103_1_0,0
12030,103_1_0,0
7547,103_1_0,0
11848,103_1_0,0
9660,103_1_0,0
13113,103_1_0,0
9471,103_1_0,0
12937,108_4_0,0
18919,108_4_0,0
19285,108_4_0,0
19100,108_4_0,0
19849,108_4_0,0
19280,108_4_0,0
29304,113_2_1,0
28936,113_2_1,0
29307,113_2_1,0
35725,113_2_1,0
36141,113_2_1,0
36293,113_2_1,0
36480,113_2_1,0
10433,105_3_0,0
200337,913_4_0,0
194966,913_4_0,0
199021,913_4_0,0
196052,913_4_0,0
199389,913_4_0,0
196053,913_4_0,0
196051,913_4_0,0
200518,913_4_0,0
198038,913_4_0,0
199388,913_4_0,0
200694,913_4_0,0
198644,913_4_0,0
195681,913_4_0,0
197696,913_4_0,0
199765,913_4_0,0
195859,913_4_0,0
201069,913_4_0,0
196804,913_4_0,0
200137,913_4_0,0
197354,913_4_0,0
199559,913_4_0,0
197522,913_4_0,0
197697,913_4_0,0
199555,913_4_0,0
199953,913_4_0,0
196802,913_4_0,0
195866,913_4_0,0
195500,913_4_0,0
195679,913_4_0,0
195314,913_4_0,0
198035,913_4_0,0
195135,913_4_0,0
198468,913_4_0,0
196424,913_4_0,0
196806,913_4_0,0
195502,913_4_0,0
196055,913_4_0,0
197164,913_4_0,0
200516,913_4_0,0
200693,913_4_0,0
199763,913_4_0,0
198037,913_4_0,0
199955,913_4_0,0
194964,913_4_0,0
198467,913_4_0,0
196231,913_4_0,0
198253,913_4_0,0
195499,913_4_0,0
195319,913_4_0,0
200138,913_4_0,0
201270,913_4_0,0
195316,913_4_0,0
197524,913_4_0,0
198465,913_4_0,0
200141,913_4_0,0
197694,913_4_0,0
199391,913_4_0,0
197167,913_4_0,0
195497,913_4_0,0
195320,913_4_0,0
199950,913_4_0,0
200143,913_4_0,0
201267,913_4_0,0
199023,913_4_0,0
200142,913_4_0,0
194963,913_4_0,0
197523,913_4_0,0
200515,913_4_0,0
199767,913_4_0,0
198854,913_4_0,0
194763,913_4_0,0
199393,913_4_0,0
198853,913_4_0,0
201065,913_4_0,0
197357,913_4_0,0
201266,913_4_0,0
200139,913_4_0,0
197170,913_4_0,0
197886,913_4_0,0
194961,913_4_0,0
199207,913_4_0,0
198463,913_4_0,0
195315,913_4_0,0
197171,913_4_0,0
199206,913_4_0,0
197356,913_4_0,0
195503,913_4_0,0
194759,913_4_0,0
197525,913_4_0,0
195138,913_4_0,0
201062,913_4_0,0
198643,913_4_0,0
196610,913_4_0,0
199395,913_4_0,0
196608,913_4_0,0
197169,913_4_0,0
197527,913_4_0,0
195678,913_4_0,0
201063,913_4_0,0
194760,913_4_0,0
200338,913_4_0,0
196613,913_4_0,0
195317,913_4_0,0
197887,913_4_0,0
196057,913_4_0,0
201269,913_4_0,0
201061,913_4_0,0
194965,913_4_0,0
197163,913_4_0,0
197173,913_4_0,0
200343,913_4_0,0
200696,913_4_0,0
198256,913_4_0,0
195144,913_4_0,0
197706,913_4_0,0
197710,913_4_0,0
200695,913_4_0,0
196426,913_4_0,0
196240,913_4_0,0
196247,913_4_0,0
196615,913_4_0,0
197178,913_4_0,0
197708,913_4_0,0
5380,101_1_1,0
2027,101_1_1,0
3513,101_1_1,0
748,101_1_1,0
6098,101_1_1,0
4634,101_1_1,0
5731,101_1_1,0
5190,101_1_1,0
6430,101_1_1,0
5381,101_1_1,0
216,101_1_1,0
579,101_1_1,0
31003,116_3_1,0
30998,116_3_1,0
31000,116_3_1,0
31005,116_3_1,0
52393,116_3_1,0
49796,116_3_1,0
52740,116_3_1,0
47542,116_3_1,0
47174,116_3_1,0
53299,116_3_1,0
51676,116_3_1,0
52558,116_3_1,0
53483,116_3_1,0
52557,116_3_1,0
47733,116_3_1,0
48115,116_3_1,0
48494,116_3_1,0
53111,116_3_1,0
47910,116_3_1,0
59023,119_1_1,0
59440,119_1_1,0
59655,119_1_1,0
59856,119_1_1,0
54387,119_1_1,0
58459,119_1_1,0
55812,119_1_1,0
56381,119_1_1,0
54743,119_1_1,0
55817,119_1_1,0
59027,119_1_1,0
57300,119_1_1,0
25034,116_3_0,0
31428,116_3_0,0
31622,116_3_0,0
31781,116_3_0,0
31430,116_3_0,0
31790,116_3_0,0
31782,116_3_0,0
31784,116_3_0,0
31783,116_3_0,0
38215,116_3_0,0
38014,116_3_0,0
38372,116_3_0,0
154507,310_3_1,0
157604,310_3_1,0
157613,310_3_1,0
157263,310_3_1,0
159677,310_3_1,0
158424,310_3_1,0
156333,310_3_1,0
155974,310_3_1,0
158228,310_3_1,0
158014,310_3_1,0
158021,310_3_1,0
157809,310_3_1,0
155429,310_3_1,0
158432,310_3_1,0
158785,310_3_1,0
155065,310_3_1,0
155979,310_3_1,0
157811,310_3_1,0
154519,310_3_1,0
158787,310_3_1,0
157417,310_3_1,0
159141,310_3_1,0
158797,310_3_1,0
156340,310_3_1,0
158619,310_3_1,0
159494,310_3_1,0
155791,310_3_1,0
158792,310_3_1,0
160253,310_3_1,0
154515,310_3_1,0
159144,310_3_1,0
158026,310_3_1,0
156531,310_3_1,0
160459,310_3_1,0
155248,310_3_1,0
160462,310_3_1,0
155990,310_3_1,0
157615,310_3_1,0
144111,208_2_0,0
103429,208_2_0,0
106811,208_2_0,0
102270,208_2_0,0
106630,208_2_0,0
106443,208_2_0,0
103032,208_2_0,0
102465,208_2_0,0
102076,208_2_0,0
63368,122_1_0,0
64489,122_1_0,0
60755,122_1_0,0
62649,122_1_0,0
63737,122_1_0,0
61718,122_1_0,0
63925,122_1_0,0
61531,122_1_0,0
64487,122_1_0,0
63557,122_1_0,0
65609,122_1_0,0
62843,122_1_0,0
62086,122_1_0,0
62651,122_1_0,0
63926,122_1_0,0
66612,122_1_0,0
61905,122_1_0,0
62465,122_1_0,0
66055,122_1_0,0
65415,122_1_0,0
60756,122_1_0,0
63555,122_1_0,0
64879,122_1_0,0
63033,122_1_0,0
65418,122_1_0,0
66054,122_1_0,0
61908,122_1_0,0
66969,122_1_0,0
63738,122_1_0,0
66785,122_1_0,0
65218,122_1_0,0
63039,122_1_0,0
63365,122_1_0,0
61716,122_1_0,0
61149,122_1_0,0
62647,122_1_0,0
61148,122_1_0,0
65828,122_1_0,0
66970,122_1_0,0
61529,122_1_0,0
60587,122_1_0,0
60954,122_1_0,0
64282,122_1_0,0
62844,122_1_0,0
63035,122_1_0,0
66611,122_1_0,0
65834,122_1_0,0
66225,122_1_0,0
65054,122_1_0,0
65613,122_1_0,0
64290,122_1_0,0
65232,122_1_0,0
66615,122_1_0,0
60763,122_1_0,0
63931,122_1_0,0
66230,122_1_0,0
64691,122_1_0,0
65833,122_1_0,0
63371,122_1_0,0
65233,122_1_0,0
66794,122_1_0,0
65045,122_1_0,0
61155,122_1_0,0
62852,122_1_0,0
64697,122_1_0,0
61327,122_1_0,0
66614,122_1_0,0
66617,122_1_0,0
65225,122_1_0,0
63930,122_1_0,0
18186,105_1_0,0
17074,105_1_0,0
14065,105_1_0,0
17618,105_1_0,0
17821,105_1_0,0
7181,103_1_1,0
10443,103_1_1,0
11633,103_1_1,0
7936,103_1_1,0
6637,103_1_1,0
11841,103_1_1,0
154707,105_1_1,0
16725,105_1_1,0
15955,105_1_1,0
17822,105_1_1,0
13861,105_1_1,0
18562,105_1_1,0
213230,919_4_0,0
214567,919_4_0,0
213626,919_4_0,0
209859,919_4_0,0
210994,919_4_0,0
208948,919_4_0,0
212234,919_4_0,0
208751,919_4_0,0
209333,919_4_0,0
211354,919_4_0,0
213024,919_4_0,0
214400,919_4_0,0
210802,919_4_0,0
210804,919_4_0,0
212069,919_4_0,0
208216,919_4_0,0
211887,919_4_0,0
210063,919_4_0,0
213430,919_4_0,0
211719,919_4_0,0
214014,919_4_0,0
214396,919_4_0,0
211529,919_4_0,0
212831,919_4_0,0
208048,919_4_0,0
211183,919_4_0,0
211526,919_4_0,0
213429,919_4_0,0
213838,919_4_0,0
209496,919_4_0,0
209499,919_4_0,0
212072,919_4_0,0
212832,919_4_0,0
209144,919_4_0,0
209331,919_4_0,0
210635,919_4_0,0
208218,919_4_0,0
212235,919_4_0,0
210428,919_4_0,0
214569,919_4_0,0
212240,919_4_0,0
213425,919_4_0,0
208392,919_4_0,0
213231,919_4_0,0
209335,919_4_0,0
213627,919_4_0,0
212068,919_4_0,0
208223,919_4_0,0
211534,919_4_0,0
213624,919_4_0,0
209686,919_4_0,0
213426,919_4_0,0
209685,919_4_0,0
211527,919_4_0,0
209695,919_4_0,0
211536,919_4_0,0
211361,919_4_0,0
213434,919_4_0,0
212637,919_4_0,0
214230,919_4_0,0
209502,919_4_0,0
210436,919_4_0,0
212447,919_4_0,0
210263,919_4_0,0
209861,919_4_0,0
209504,919_4_0,0
210437,919_4_0,0
210811,919_4_0,0
213039,919_4_0,0
213037,919_4_0,0
209511,919_4_0,0
210433,919_4_0,0
210072,919_4_0,0
213034,919_4_0,0
209507,919_4_0,0
212074,919_4_0,0
213036,919_4_0,0
210070,919_4_0,0
203665,918_4_1,0
206955,918_4_1,0
206951,918_4_1,0
206576,918_4_1,0
207679,918_4_1,0
201458,918_4_1,0
207678,918_4_1,0
205627,918_4_1,0
201639,918_4_1,0
201812,918_4_1,0
204545,918_4_1,0
203102,918_4_1,0
202383,918_4_1,0
207870,918_4_1,0
205076,918_4_1,0
206581,918_4_1,0
202919,918_4_1,0
201450,918_4_1,0
206582,918_4_1,0
202920,918_4_1,0
204901,918_4_1,0
204028,918_4_1,0
206947,918_4_1,0
202379,918_4_1,0
204189,918_4_1,0
202727,918_4_1,0
207868,918_4_1,0
205248,918_4_1,0
203282,918_4_1,0
206949,918_4_1,0
207479,918_4_1,0
202179,918_4_1,0
202177,918_4_1,0
206578,918_4_1,0
203499,918_4_1,0
201815,918_4_1,0
207867,918_4_1,0
204026,918_4_1,0
206746,918_4_1,0
205435,918_4_1,0
207144,918_4_1,0
203836,918_4_1,0
207865,918_4_1,0
204365,918_4_1,0
205623,918_4_1,0
202014,918_4_1,0
205250,918_4_1,0
202380,918_4_1,0
207480,918_4_1,0
202015,918_4_1,0
203285,918_4_1,0
203101,918_4_1,0
203105,918_4_1,0
204722,918_4_1,0
203497,918_4_1,0
202923,918_4_1,0
204554,918_4_1,0
206012,918_4_1,0
207149,918_4_1,0
202554,918_4_1,0
201817,918_4_1,0
205443,918_4_1,0
201818,918_4_1,0
206372,918_4_1,0
205446,918_4_1,0
201820,918_4_1,0
202181,918_4_1,0
204195,918_4_1,0
205836,918_4_1,0
206378,918_4_1,0
206959,918_4_1,0
204197,918_4_1,0
204200,918_4_1,0
202729,918_4_1,0
206376,918_4_1,0
206960,918_4_1,0
206747,918_4_1,0
205632,918_4_1,0
202932,918_4_1,0
203108,918_4_1,0
204198,918_4_1,0
205445,918_4_1,0
202730,918_4_1,0
207685,918_4_1,0
204196,918_4_1,0
25043,108_1_0,0
24494,108_1_0,0
22992,108_1_0,0
25401,108_1_0,0
23179,108_1_0,0
21708,108_1_0,0
21156,108_1_0,0
21884,108_1_0,0
22064,108_1_0,0
23567,108_1_0,0
22604,108_1_0,0
26521,108_1_0,0
22611,108_1_0,0
23776,108_1_0,0
89088,208_3_0,0
89429,208_3_0,0
88722,208_3_0,0
92171,208_3_0,0
89250,208_3_0,0
89251,208_3_0,0
89432,208_3_0,0
92170,208_3_0,0
91460,208_3_0,0
88720,208_3_0,0
91800,208_3_0,0
91613,208_3_0,0
88916,208_3_0,0
91964,208_3_0,0
91462,208_3_0,0
89248,208_3_0,0
88721,208_3_0,0
88913,208_3_0,0
92172,208_3_0,0
91970,208_3_0,0
91622,208_3_0,0
91968,208_3_0,0
91803,208_3_0,0
91966,208_3_0,0
91615,208_3_0,0
92169,208_3_0,0
95315,208_3_0,0
95316,208_3_0,0
98118,208_3_0,0
95875,208_3_0,0
98115,208_3_0,0
98681,208_3_0,0
98867,208_3_0,0
96074,208_3_0,0
98677,208_3_0,0
96065,208_3_0,0
96075,208_3_0,0
98116,208_3_0,0
96066,208_3_0,0
95507,208_3_0,0
95878,208_3_0,0
96072,208_3_0,0
96062,208_3_0,0
96073,208_3_0,0
98114,208_3_0,0
98866,208_3_0,0
98119,208_3_0,0
96068,208_3_0,0
95874,208_3_0,0
95503,208_3_0,0
98503,208_3_0,0
96067,208_3_0,0
105500,208_3_0,0
103036,208_3_0,0
101900,208_3_0,0
106633,208_3_0,0
103637,208_3_0,0
103821,208_3_0,0
39523,111_1_0,0
34604,111_1_0,0
37439,111_1_0,0
38573,111_1_0,0
39336,111_1_0,0
39702,111_1_0,0
37442,111_1_0,0
37441,111_1_0,0
37245,111_1_0,0
34021,111_1_0,0
34795,111_1_0,0
36144,111_1_0,0
38218,111_1_0,0
37443,111_1_0,0
38757,111_1_0,0
36485,111_1_0,0
38384,111_1_0,0
34417,111_1_0,0
36294,111_1_0,0
39525,111_1_0,0
34964,111_1_0,0
33634,111_1_0,0
36871,111_1_0,0
40245,111_1_0,0
39153,111_1_0,0
34600,111_1_0,0
38575,111_1_0,0
39152,111_1_0,0
35932,111_1_0,0
36689,111_1_0,0
33835,111_1_0,0
37242,111_1_0,0
34967,111_1_0,0
36682,111_1_0,0
40241,111_1_0,0
38762,111_1_0,0
38950,111_1_0,0
34423,111_1_0,0
3913,101_1_0,0
1313,101_1_0,0
921,101_1_0,0
2791,101_1_0,0
1848,101_1_0,0
3508,101_1_0,0
4275,101_1_0,0
5546,101_1_0,0
3509,101_1_0,0
1110,101_1_0,0
4639,101_1_0,0
3152,101_1_0,0
223,101_1_0,0
925,101_1_0,0
2220,101_1_0,0
5728,101_1_0,0
215,101_1_0,0
4110,101_1_0,0
4640,101_1_0,0
30046,110_1_1,0
33246,110_1_1,0
31242,110_1_1,0
29310,110_1_1,0
33248,110_1_1,0
27056,110_1_1,0
27600,110_1_1,0
29516,110_1_1,0
28139,110_1_1,0
32911,110_1_1,0
32733,110_1_1,0
28549,110_1_1,0
27431,110_1_1,0
32732,110_1_1,0
30247,110_1_1,0
28751,110_1_1,0
32727,110_1_1,0
31018,110_1_1,0
30617,110_1_1,0
30045,110_1_1,0
197160,305_3_0,0
197168,305_3_0,0
199558,305_3_0,0
197162,305_3_0,0
199026,305_3_0,0
199557,305_3_0,0
197526,305_3_0,0
197529,305_3_0,0
196054,305_3_0,0
199766,305_3_0,0
196982,305_3_0,0
196983,305_3_0,0
196056,305_3_0,0
197699,305_3_0,0
199394,305_3_0,0
197353,305_3_0,0
197161,305_3_0,0
199022,305_3_0,0
199768,305_3_0,0
197166,305_3_0,0
199556,305_3_0,0
197528,305_3_0,0
199764,305_3_0,0
199204,305_3_0,0
197698,305_3_0,0
199024,305_3_0,0
199561,305_3_0,0
197172,305_3_0,0
199020,305_3_0,0
197159,305_3_0,0
199025,305_3_0,0
152347,305_3_0,0
149190,305_3_0,0
150302,305_3_0,0
149583,305_3_0,0
151613,305_3_0,0
150523,305_3_0,0
153428,305_3_0,0
149587,305_3_0,0
154159,305_3_0,0
153602,305_3_0,0
154160,305_3_0,0
149948,305_3_0,0
149194,305_3_0,0
148826,305_3_0,0
147884,305_3_0,0
152344,305_3_0,0
151797,305_3_0,0
153973,305_3_0,0
150879,305_3_0,0
152895,305_3_0,0
150139,305_3_0,0
149952,305_3_0,0
148637,305_3_0,0
148640,305_3_0,0
148994,305_3_0,0
153601,305_3_0,0
99230,206_2_0,0
100154,206_2_0,0
96424,206_2_0,0
95127,206_2_0,0
95872,206_2_0,0
96596,206_2_0,0
99402,206_2_0,0
97144,206_2_0,0
98679,206_2_0,0
98312,206_2_0,0
94054,206_2_0,0
98687,206_2_0,0
95134,206_2_0,0
95318,206_2_0,0
99792,206_2_0,0
95129,206_2_0,0
98682,206_2_0,0
94049,206_2_0,0
100384,206_2_0,0
96064,206_2_0,0
96599,206_2_0,0
94055,206_2_0,0
96764,206_2_0,0
96426,206_2_0,0
98683,206_2_0,0
96601,206_2_0,0
99404,206_2_0,0
100383,206_2_0,0
95677,206_2_0,0
100158,206_2_0,0
94579,206_2_0,0
98865,206_2_0,0
94056,206_2_0,0
100584,206_2_0,0
94050,206_2_0,0
95676,206_2_0,0
95504,206_2_0,0
94051,206_2_0,0
99043,206_2_0,0
97360,206_2_0,0
96966,206_2_0,0
95682,206_2_0,0
97368,206_2_0,0
97762,206_2_0,0
94762,206_2_0,0
99236,206_2_0,0
98507,206_2_0,0
96077,206_2_0,0
95320,206_2_0,0
96970,206_2_0,0
100591,206_2_0,0
94962,206_2_0,0
99795,206_2_0,0
98877,206_2_0,0
94581,206_2_0,0
96603,206_2_0,0
99411,206_2_0,0
94257,206_2_0,0
96263,206_2_0,0
94585,206_2_0,0
99986,206_2_0,0
94584,206_2_0,0
100168,206_2_0,0
97364,206_2_0,0
96604,206_2_0,0
98318,206_2_0,0
96767,206_2_0,0
95319,206_2_0,0
98323,206_2_0,0
99985,206_2_0,0
99590,206_2_0,0
98320,206_2_0,0
94583,206_2_0,0
94265,206_2_0,0
94958,206_2_0,0
94261,206_2_0,0
94258,206_2_0,0
198653,913_4_1,0
197359,913_4_1,0
199775,913_4_1,0
200520,913_4_1,0
196988,913_4_1,0
196234,913_4_1,0
195145,913_4_1,0
196621,913_4_1,0
196617,913_4_1,0
198474,913_4_1,0
198471,913_4_1,0
201074,913_4_1,0
199401,913_4_1,0
200703,913_4_1,0
195508,913_4_1,0
196239,913_4_1,0
197175,913_4_1,0
201078,913_4_1,0
195507,913_4_1,0
198260,913_4_1,0
198650,913_4_1,0
200699,913_4_1,0
197180,913_4_1,0
198862,913_4_1,0
199957,913_4_1,0
198039,913_4_1,0
198040,913_4_1,0
196237,913_4_1,0
198044,913_4_1,0
197179,913_4_1,0
199211,913_4_1,0
196238,913_4_1,0
198655,913_4_1,0
199029,913_4_1,0
72262,125_1_0,0
69793,125_1_0,0
68329,125_1_0,0
70568,125_1_0,0
73523,125_1_0,0
69404,125_1_0,0
67331,125_1_0,0
71322,125_1_0,0
67714,125_1_0,0
70970,125_1_0,0
69405,125_1_0,0
69600,125_1_0,0
69403,125_1_0,0
68667,125_1_0,0
69788,125_1_0,0
67335,125_1_0,0
73345,125_1_0,0
72805,125_1_0,0
70750,125_1_0,0
73170,125_1_0,0
70566,125_1_0,0
73342,125_1_0,0
71893,125_1_0,0
72071,125_1_0,0
68861,125_1_0,0
72264,125_1_0,0
73001,125_1_0,0
73725,125_1_0,0
69984,125_1_0,0
73172,125_1_0,0
68129,125_1_0,0
72807,125_1_0,0
67929,125_1_0,0
71725,125_1_0,0
69797,125_1_0,0
73350,125_1_0,0
69232,125_1_0,0
72454,125_1_0,0
73534,125_1_0,0
69231,125_1_0,0
73356,125_1_0,0
69043,125_1_0,0
68137,125_1_0,0
71729,125_1_0,0
69802,125_1_0,0
73003,125_1_0,0
73730,125_1_0,0
71158,125_1_0,0
70572,125_1_0,0
67925,125_1_0,0
73173,125_1_0,0
73175,125_1_0,0
67525,125_1_0,0
70569,125_1_0,0
72651,125_1_0,0
73727,125_1_0,0
67722,125_1_0,0
72076,125_1_0,0
69233,125_1_0,0
68135,125_1_0,0
67926,125_1_0,0
69795,125_1_0,0
70379,125_1_0,0
71325,125_1_0,0
68500,125_1_0,0
72810,125_1_0,0
70759,125_1_0,0
73733,125_1_0,0
69800,125_1_0,0
73926,125_1_0,0
69610,125_1_0,0
71898,125_1_0,0
70378,125_1_0,0
71154,125_1_0,0
69611,125_1_0,0
73931,125_1_0,0
156699,208_2_1,0
196981,208_2_1,0
102077,208_2_1,0
101505,208_2_1,0
100947,208_2_1,0
106628,208_2_1,0
105861,208_2_1,0
105105,208_2_1,0
104379,208_2_1,0
106634,208_2_1,0
103820,208_2_1,0
104741,208_2_1,0
102671,208_2_1,0
101903,208_2_1,0
104552,208_2_1,0
106629,208_2_1,0
104926,208_2_1,0
102268,208_2_1,0
101899,208_2_1,0
105498,208_2_1,0
102855,208_2_1,0
65616,122_1_1,0
64292,122_1_1,0
66978,122_1_1,0
62653,122_1_1,0
61330,122_1_1,0
64111,122_1_1,0
64287,122_1_1,0
66975,122_1_1,0
62849,122_1_1,0
66406,122_1_1,0
61913,122_1_1,0
63042,122_1_1,0
66982,122_1_1,0
61537,122_1_1,0
61722,122_1_1,0
65049,122_1_1,0
62278,122_1_1,0
66059,122_1_1,0
62851,122_1_1,0
61154,122_1_1,0
61326,122_1_1,0
60589,122_1_1,0
61332,122_1_1,0
66787,122_1_1,0
62090,122_1_1,0
66788,122_1_1,0
66057,122_1_1,0
64694,122_1_1,0
66063,122_1_1,0
144315,303_3_1,0
146408,303_3_1,0
142260,303_3_1,0
142661,303_3_1,0
145064,303_3_1,0
146774,303_3_1,0
143390,303_3_1,0
145067,303_3_1,0
146413,303_3_1,0
143195,303_3_1,0
146225,303_3_1,0
142474,303_3_1,0
146957,303_3_1,0
145632,303_3_1,0
141681,303_3_1,0
143197,303_3_1,0
142467,303_3_1,0
147523,303_3_1,0
142268,303_3_1,0
145065,303_3_1,0
147324,303_3_1,0
142469,303_3_1,0
141682,303_3_1,0
147156,303_3_1,0
145838,303_3_1,0
146959,303_3_1,0
144318,303_3_1,0
142262,303_3_1,0
146954,303_3_1,0
144496,303_3_1,0
141874,303_3_1,0
143021,303_3_1,0
147320,303_3_1,0
141180,303_3_1,0
141177,303_3_1,0
141879,303_3_1,0
141875,303_3_1,0
142070,303_3_1,0
147521,303_3_1,0
143767,303_3_1,0
80102,128_1_0,0
76899,128_1_0,0
76900,128_1_0,0
78222,128_1_0,0
78224,128_1_0,0
78223,128_1_0,0
78225,128_1_0,0
78586,128_1_0,0
74820,128_1_0,0
78398,128_1_0,0
76332,128_1_0,0
76905,128_1_0,0
77636,128_1_0,0
76511,128_1_0,0
79878,128_1_0,0
79879,128_1_0,0
75010,128_1_0,0
77826,128_1_0,0
74822,128_1_0,0
75404,128_1_0,0
80273,128_1_0,0
79699,128_1_0,0
80280,128_1_0,0
75208,128_1_0,0
78219,128_1_0,0
78784,128_1_0,0
80649,128_1_0,0
78587,128_1_0,0
77086,128_1_0,0
74620,128_1_0,0
77082,128_1_0,0
79881,128_1_0,0
80648,128_1_0,0
74282,128_1_0,0
78220,128_1_0,0
79510,128_1_0,0
75011,128_1_0,0
75926,128_1_0,0
78781,128_1_0,0
77634,128_1_0,0
75406,128_1_0,0
80450,128_1_0,0
74818,128_1_0,0
78965,128_1_0,0
78785,128_1_0,0
79514,128_1_0,0
79341,128_1_0,0
80277,128_1_0,0
77085,128_1_0,0
79513,128_1_0,0
79506,128_1_0,0
79338,128_1_0,0
78596,128_1_0,0
74628,128_1_0,0
79347,128_1_0,0
78230,128_1_0,0
75407,128_1_0,0
76334,128_1_0,0
77250,128_1_0,0
80456,128_1_0,0
75412,128_1_0,0
75753,128_1_0,0
76138,128_1_0,0
78034,128_1_0,0
78594,128_1_0,0
78791,128_1_0,0
78403,128_1_0,0
75022,128_1_0,0
76526,128_1_0,0
75214,128_1_0,0
74627,128_1_0,0
76910,128_1_0,0
78232,128_1_0,0
79147,128_1_0,0
78234,128_1_0,0
75211,128_1_0,0
78973,128_1_0,0
78032,128_1_0,0
80287,128_1_0,0
78029,128_1_0,0
79703,128_1_0,0
77642,128_1_0,0
76335,128_1_0,0
74454,128_1_0,0
76708,128_1_0,0
74107,128_1_0,0
78977,128_1_0,0
77450,128_1_0,0
78036,128_1_0,0
75215,128_1_0,0
77455,128_1_0,0
79700,128_1_0,0
74285,128_1_0,0
75755,128_1_0,0
79344,128_1_0,0
80109,128_1_0,0
76907,128_1_0,0
75025,128_1_0,0
76706,128_1_0,0
78975,128_1_0,0
77093,128_1_0,0
74825,128_1_0,0
6259,101_1_1,0
4112,101_1_1,0
403,101_1_1,0
6434,101_1_1,0
918,101_1_1,0
406,101_1_1,0
1311,101_1_1,0
1497,101_1_1,0
3515,101_1_1,0
5384,101_1_1,0
5383,101_1_1,0
69803,125_1_1,0
72648,125_1_1,0
72078,125_1_1,0
73929,125_1_1,0
72817,125_1_1,0
73928,125_1_1,0
67523,125_1_1,0
9477,103_1_0,0
8550,103_1_0,0
12035,103_1_0,0
12943,103_1_0,0
7929,103_1_0,0
13281,103_1_0,0
7364,103_1_0,0
7185,103_1_0,0
8554,103_1_0,0
7362,103_1_0,0
12759,103_1_0,0
8364,103_1_0,0
9108,103_1_0,0
9286,103_1_0,0
7935,103_1_0,0
11423,103_1_0,0
11632,103_1_0,0
8370,103_1_0,0
8726,103_1_0,0
10442,103_1_0,0
9659,103_1_0,0
9290,103_1_0,0
13116,103_1_0,0
10825,103_1_0,0
10621,103_1_0,0
12568,103_1_0,0
9110,103_1_0,0
115070,213_2_0,0
116896,213_2_0,0
116508,213_2_0,0
115450,213_2_0,0
116507,213_2_0,0
117066,213_2_0,0
119168,213_2_0,0
114879,213_2_0,0
119887,213_2_0,0
119696,213_2_0,0
115064,213_2_0,0
116892,213_2_0,0
117840,213_2_0,0
114485,213_2_0,0
118404,213_2_0,0
117655,213_2_0,0
116504,213_2_0,0
119343,213_2_0,0
120454,213_2_0,0
118804,213_2_0,0
116512,213_2_0,0
118406,213_2_0,0
120655,213_2_0,0
116707,213_2_0,0
118598,213_2_0,0
117075,213_2_0,0
115822,213_2_0,0
118602,213_2_0,0
117838,213_2_0,0
115068,213_2_0,0
116704,213_2_0,0
116147,213_2_0,0
120248,213_2_0,0
116703,213_2_0,0
120068,213_2_0,0
115824,213_2_0,0
116894,213_2_0,0
116511,213_2_0,0
119508,213_2_0,0
117074,213_2_0,0
116505,213_2_0,0
117078,213_2_0,0
117835,213_2_0,0
117657,213_2_0,0
119514,213_2_0,0
117462,213_2_0,0
117266,213_2_0,0
118237,213_2_0,0
118974,213_2_0,0
148274,305_4_1,0
153774,305_4_1,0
149582,305_4_1,0
149778,305_4_1,0
152346,305_4_1,0
151798,305_4_1,0
150304,305_4_1,0
148444,305_4_1,0
150526,305_4_1,0
147879,305_4_1,0
154161,305_4_1,0
149588,305_4_1,0
150528,305_4_1,0
151241,305_4_1,0
148087,305_4_1,0
151440,305_4_1,0
150696,305_4_1,0
147882,305_4_1,0
152536,305_4_1,0
151799,305_4_1,0
152716,305_4_1,0
97760,206_2_1,0
96433,206_2_1,0
94263,206_2_1,0
97954,206_2_1,0
97563,206_2_1,0
99794,206_2_1,0
96772,206_2_1,0
95139,206_2_1,0
96773,206_2_1,0
95138,206_2_1,0
97367,206_2_1,0
99983,206_2_1,0
98512,206_2_1,0
96771,206_2_1,0
94254,206_2_1,0
97564,206_2_1,0
97363,206_2_1,0
100590,206_2_1,0
98871,206_2_1,0
94766,206_2_1,0
97365,206_2_1,0
181981,329_3_0,0
185129,329_3_0,0
186581,329_3_0,0
186772,329_3_0,0
186774,329_3_0,0
185485,329_3_0,0
186229,329_3_0,0
186043,329_3_0,0
186233,329_3_0,0
182906,329_3_0,0
184732,329_3_0,0
187685,329_3_0,0
187318,329_3_0,0
185837,329_3_0,0
187320,329_3_0,0
185659,329_3_0,0
184159,329_3_0,0
181985,329_3_0,0
181406,329_3_0,0
181801,329_3_0,0
184161,329_3_0,0
182180,329_3_0,0
181983,329_3_0,0
183113,329_3_0,0
182737,329_3_0,0
186779,329_3_0,0
183461,329_3_0,0
187487,329_3_0,0
186580,329_3_0,0
186579,329_3_0,0
181799,329_3_0,0
186049,329_3_0,0
186967,329_3_0,0
187321,329_3_0,0
186232,329_3_0,0
182904,329_3_0,0
181405,329_3_0,0
181984,329_3_0,0
184344,329_3_0,0
185835,329_3_0,0
183983,329_3_0,0
185131,329_3_0,0
184925,329_3_0,0
183110,329_3_0,0
182734,329_3_0,0
187316,329_3_0,0
182179,329_3_0,0
181412,329_3_0,0
186777,329_3_0,0
184534,329_3_0,0
186401,329_3_0,0
186237,329_3_0,0
183291,329_3_0,0
186782,329_3_0,0
182738,329_3_0,0
184538,329_3_0,0
186972,329_3_0,0
181609,329_3_0,0
187155,329_3_0,0
184359,329_3_0,0
185489,329_3_0,0
184933,329_3_0,0
186583,329_3_0,0
186055,329_3_0,0
184939,329_3_0,0
181418,329_3_0,0
185493,329_3_0,0
185840,329_3_0,0
185136,329_3_0,0
182742,329_3_0,0
184357,329_3_0,0
183286,329_3_0,0
187849,329_3_0,0
181804,329_3_0,0
186975,329_3_0,0
186783,329_3_0,0
187845,329_3_0,0
184929,329_3_0,0
183815,329_3_0,0
182911,329_3_0,0
182913,329_3_0,0
181808,329_3_0,0
183465,329_3_0,0
186053,329_3_0,0
186400,329_3_0,0
186588,329_3_0,0
184742,329_3_0,0
186404,329_3_0,0
183292,329_3_0,0
185666,329_3_0,0
183629,329_3_0,0
186582,329_3_0,0
184938,329_3_0,0
185488,329_3_0,0
181611,329_3_0,0
185663,329_3_0,0
184744,329_3_0,0
187154,329_3_0,0
186054,329_3_0,0
186241,329_3_0,0
182363,329_3_0,0
182365,329_3_0,0
186780,329_3_0,0
187329,329_3_0,0
184931,329_3_0,0
184540,329_3_0,0
183115,329_3_0,0
178113,325_3_1,0
178114,325_3_1,0
181238,325_3_1,0
175829,325_3_1,0
179393,325_3_1,0
181089,325_3_1,0
174668,325_3_1,0
176038,325_3_1,0
181092,325_3_1,0
176031,325_3_1,0
175827,325_3_1,0
174667,325_3_1,0
179576,325_3_1,0
175830,325_3_1,0
174846,325_3_1,0
179970,325_3_1,0
179790,325_3_1,0
179000,325_3_1,0
175442,325_3_1,0
179972,325_3_1,0
181239,325_3_1,0
179792,325_3_1,0
177700,325_3_1,0
176032,325_3_1,0
176036,325_3_1,0
176996,325_3_1,0
175249,325_3_1,0
174844,325_3_1,0
176029,325_3_1,0
178821,325_3_1,0
179392,325_3_1,0
176033,325_3_1,0
179785,325_3_1,0
179573,325_3_1,0
178818,325_3_1,0
176794,325_3_1,0
175443,325_3_1,0
177172,325_3_1,0
177343,325_3_1,0
180360,325_3_1,0
180172,325_3_1,0
176225,325_3_1,0
180896,325_3_1,0
176633,325_3_1,0
178472,325_3_1,0
179971,325_3_1,0
175029,325_3_1,0
177902,325_3_1,0
176035,325_3_1,0
176037,325_3_1,0
176028,325_3_1,0
174847,325_3_1,0
177900,325_3_1,0
178999,325_3_1,0
179791,325_3_1,0
178115,325_3_1,0
176227,325_3_1,0
177342,325_3_1,0
178998,325_3_1,0
178817,325_3_1,0
174666,325_3_1,0
46576,113_2_0,0
41750,113_2_0,0
42728,113_2_0,0
44396,113_2_0,0
44592,113_2_0,0
42921,113_2_0,0
42139,113_2_0,0
46578,113_2_0,0
44400,113_2_0,0
46217,113_2_0,0
46780,113_2_0,0
45475,113_2_0,0
44760,113_2_0,0
46214,113_2_0,0
46977,113_2_0,0
46210,113_2_0,0
46211,113_2_0,0
43807,113_2_0,0
42734,113_2_0,0
46034,113_2_0,0
43809,113_2_0,0
45476,113_2_0,0
46213,113_2_0,0
40446,113_2_0,0
46570,113_2_0,0
44959,113_2_0,0
43294,113_2_0,0
43812,113_2_0,0
41176,113_2_0,0
44591,113_2_0,0
42733,113_2_0,0
40642,113_2_0,0
42141,113_2_0,0
42923,113_2_0,0
41179,113_2_0,0
40842,113_2_0,0
40438,113_2_0,0
43808,113_2_0,0
40991,113_2_0,0
40440,113_2_0,0
46973,113_2_0,0
42347,113_2_0,0
44763,113_2_0,0
46031,113_2_0,0
46035,113_2_0,0
46218,113_2_0,0
46579,113_2_0,0
46572,113_2_0,0
42918,113_2_0,0
44957,113_2_0,0
46975,113_2_0,0
44397,113_2_0,0
43122,113_2_0,0
2792,101_1_1,0
1489,101_1_1,0
923,101_1_1,0
31,101_1_1,0
5545,101_1_1,0
221,101_1_1,0
2032,101_1_1,0
30,101_1_1,0
5551,101_1_1,0
4107,101_1_1,0
3149,101_1_1,0
5922,101_1_1,0
5002,101_1_1,0
3915,101_1_1,0
4113,101_1_1,0
581,101_1_1,0
5549,101_1_1,0
4635,101_1_1,0
3512,101_1_1,0
3148,101_1_1,0
2029,101_1_1,0
2221,101_1_1,0
4276,101_1_1,0
201644,918_4_0,0
205259,918_4_0,0
204032,918_4_0,0
206961,918_4_0,0
207151,918_4_0,0
205449,918_4_0,0
204906,918_4_0,0
204372,918_4_0,0
202732,918_4_0,0
207319,918_4_0,0
202387,918_4_0,0
201459,918_4_0,0
207487,918_4_0,0
204905,918_4_0,0
202018,918_4_0,0
204904,918_4_0,0
204194,918_4_0,0
207488,918_4_0,0
207879,918_4_0,0
205631,918_4_0,0
207686,918_4_0,0
201642,918_4_0,0
204725,918_4_0,0
206015,918_4_0,0
205258,918_4_0,0
203503,918_4_0,0
202385,918_4_0,0
207684,918_4_0,0
207871,918_4_0,0
202933,918_4_0,0
206748,918_4_0,0
205257,918_4_0,0
207682,918_4_0,0
207316,918_4_0,0
206957,918_4_0,0
203505,918_4_0,0
205078,918_4_0,0
202182,918_4_0,0
207491,918_4_0,0
203289,918_4_0,0
206583,918_4_0,0
207681,918_4_0,0
201643,918_4_0,0
207152,918_4_0,0
124668,214_2_1,0
125594,214_2_1,0
124502,214_2_1,0
123774,214_2_1,0
124854,214_2_1,0
122137,214_2_1,0
125032,214_2_1,0
124504,214_2_1,0
124321,214_2_1,0
122681,214_2_1,0
125408,214_2_1,0
121566,214_2_1,0
123056,214_2_1,0
127082,214_2_1,0
127072,214_2_1,0
124858,214_2_1,0
123390,214_2_1,0
123590,214_2_1,0
121940,214_2_1,0
121939,214_2_1,0
127080,214_2_1,0
121395,214_2_1,0
125925,214_2_1,0
125756,214_2_1,0
124503,214_2_1,0
125924,214_2_1,0
124314,214_2_1,0
124664,214_2_1,0
121217,214_2_1,0
124313,214_2_1,0
127079,214_2_1,0
125928,214_2_1,0
125412,214_2_1,0
121221,214_2_1,0
123051,214_2_1,0
125926,214_2_1,0
127278,214_2_1,0
125208,214_2_1,0
124318,214_2_1,0
125591,214_2_1,0
126101,214_2_1,0
121935,214_2_1,0
126692,214_2_1,0
121938,214_2_1,0
125209,214_2_1,0
123771,214_2_1,0
126303,214_2_1,0
122138,214_2_1,0
125217,214_2_1,0
121394,214_2_1,0
125927,214_2_1,0
124315,214_2_1,0
125031,214_2_1,0
121027,214_2_1,0
125413,214_2_1,0
124311,214_2_1,0
127496,214_2_1,0
126890,214_2_1,0
124142,214_2_1,0
124141,214_2_1,0
122680,214_2_1,0
122492,214_2_1,0
125216,214_2_1,0
123591,214_2_1,0
124662,214_2_1,0
126889,214_2_1,0
127078,214_2_1,0
121396,214_2_1,0
122488,214_2_1,0
125033,214_2_1,0
121222,214_2_1,0
124506,214_2_1,0
90363,204_2_0,0
92167,204_2_0,0
90170,204_2_0,0
91090,204_2_0,0
88723,204_2_0,0
92173,204_2_0,0
93873,204_2_0,0
89803,204_2_0,0
93099,204_2_0,0
92908,204_2_0,0
87432,204_2_0,0
92907,204_2_0,0
90171,204_2_0,0
93499,204_2_0,0
89983,204_2_0,0
87431,204_2_0,0
88353,204_2_0,0
90180,204_2_0,0
89624,204_2_0,0
88728,204_2_0,0
88166,204_2_0,0
93507,204_2_0,0
90904,204_2_0,0
87610,204_2_0,0
92918,204_2_0,0
93683,204_2_0,0
93880,204_2_0,0
92349,204_2_0,0
87776,204_2_0,0
92522,204_2_0,0
91976,204_2_0,0
91465,204_2_0,0
89440,204_2_0,0
89094,204_2_0,0
91094,204_2_0,0
92915,204_2_0,0
91091,204_2_0,0
89806,204_2_0,0
92527,204_2_0,0
87778,204_2_0,0
91092,204_2_0,0
93510,204_2_0,0
92175,204_2_0,0
90373,204_2_0,0
93508,204_2_0,0
92530,204_2_0,0
93109,204_2_0,0
89096,204_2_0,0
92521,204_2_0,0
89810,204_2_0,0
91807,204_2_0,0
87961,204_2_0,0
91975,204_2_0,0
89987,204_2_0,0
89435,204_2_0,0
92352,204_2_0,0
92181,204_2_0,0
91973,204_2_0,0
87968,204_2_0,0
92914,204_2_0,0
91982,204_2_0,0
88365,204_2_0,0
92531,204_2_0,0
89988,204_2_0,0
89807,204_2_0,0
92351,204_2_0,0
91804,204_2_0,0
87612,204_2_0,0
89625,204_2_0,0
90173,204_2_0,0
89808,204_2_0,0
88925,204_2_0,0
92720,204_2_0,0
88158,204_2_0,0
93107,204_2_0,0
93110,204_2_0,0
91983,204_2_0,0
89438,204_2_0,0
92529,204_2_0,0
89809,204_2_0,0
91263,204_2_0,0
90374,204_2_0,0
92177,204_2_0,0
93307,204_2_0,0
90544,204_2_0,0
91096,204_2_0,0
89626,204_2_0,0
90545,204_2_0,0
87963,204_2_0,0
89812,204_2_0,0
90716,204_2_0,0
89985,204_2_0,0
90718,204_2_0,0
87962,204_2_0,0
90906,204_2_0,0
90175,204_2_0,0
91095,204_2_0,0
91805,204_2_0,0
93305,204_2_0,0
88922,204_2_0,0
133053,216_2_0,0
129910,216_2_0,0
130633,216_2_0,0
132302,216_2_0,0
133056,216_2_0,0
130459,216_2_0,0
128222,216_2_0,0
133055,216_2_0,0
130098,216_2_0,0
128967,216_2_0,0
134031,216_2_0,0
129159,216_2_0,0
133608,216_2_0,0
130458,216_2_0,0
127840,216_2_0,0
129908,216_2_0,0
131933,216_2_0,0
130837,216_2_0,0
132125,216_2_0,0
133234,216_2_0,0
127850,216_2_0,0
133820,216_2_0,0
130266,216_2_0,0
133237,216_2_0,0
130841,216_2_0,0
128970,216_2_0,0
132667,216_2_0,0
130469,216_2_0,0
133824,216_2_0,0
133818,216_2_0,0
129716,216_2_0,0
134038,216_2_0,0
130465,216_2_0,0
128973,216_2_0,0
131401,216_2_0,0
133817,216_2_0,0
130264,216_2_0,0
131400,216_2_0,0
130638,216_2_0,0
130270,216_2_0,0
133061,216_2_0,0
131582,216_2_0,0
132872,216_2_0,0
129518,216_2_0,0
130464,216_2_0,0
132867,216_2_0,0
134036,216_2_0,0
132308,216_2_0,0
133613,216_2_0,0
129914,216_2_0,0
132129,216_2_0,0
129714,216_2_0,0
130840,216_2_0,0
130468,216_2_0,0
131936,216_2_0,0
129520,216_2_0,0
128041,216_2_0,0
130267,216_2_0,0
133238,216_2_0,0
128409,216_2_0,0
131935,216_2_0,0
132869,216_2_0,0
128406,216_2_0,0
132122,216_2_0,0
132871,216_2_0,0
130268,216_2_0,0
132870,216_2_0,0
129337,216_2_0,0
133612,216_2_0,0
131580,216_2_0,0
129335,216_2_0,0
128974,216_2_0,0
131585,216_2_0,0
130102,216_2_0,0
133619,216_2_0,0
131212,216_2_0,0
129338,216_2_0,0
130470,216_2_0,0
130644,216_2_0,0
132126,216_2_0,0
132669,216_2_0,0
128408,216_2_0,0
131034,216_2_0,0
128224,216_2_0,0
133615,216_2_0,0
129329,216_2_0,0
129333,216_2_0,0
132307,216_2_0,0
127849,216_2_0,0
131939,216_2_0,0
129334,216_2_0,0
132121,216_2_0,0
132494,216_2_0,0
130273,216_2_0,0
134040,216_2_0,0
132128,216_2_0,0
129713,216_2_0,0
5727,101_1_1,0
5385,101_1_1,0
1488,101_1_1,0
6431,101_1_1,0
2399,101_1_1,0
33,101_1_1,0
2398,101_1_1,0
1845,101_1_1,0
3914,101_1_1,0
35,101_1_1,0
5921,101_1_1,0
3147,101_1_1,0
222,101_1_1,0
745,101_1_1,0
2396,101_1_1,0
3723,101_1_1,0
1111,101_1_1,0
5189,101_1_1,0
2575,101_1_1,0
919,101_1_1,0
237975,926_4_1,0
240289,926_4_1,0
236145,926_4_1,0
237765,926_4_1,0
237013,926_4_1,0
236323,926_4_1,0
236690,926_4_1,0
234824,926_4_1,0
237213,926_4_1,0
239381,926_4_1,0
235579,926_4_1,0
241300,926_4_1,0
236326,926_4_1,0
236850,926_4_1,0
236143,926_4_1,0
234828,926_4_1,0
240290,926_4_1,0
239182,926_4_1,0
239744,926_4_1,0
240487,926_4_1,0
237017,926_4_1,0
239379,926_4_1,0
237606,926_4_1,0
237012,926_4_1,0
238791,926_4_1,0
237410,926_4_1,0
240111,926_4_1,0
235574,926_4_1,0
238793,926_4_1,0
239180,926_4_1,0
238978,926_4_1,0
241485,926_4_1,0
238788,926_4_1,0
238194,926_4_1,0
241081,926_4_1,0
235025,926_4_1,0
235024,926_4_1,0
236853,926_4_1,0
239923,926_4_1,0
238979,926_4_1,0
240110,926_4_1,0
239178,926_4_1,0
239179,926_4_1,0
237607,926_4_1,0
238789,926_4_1,0
240107,926_4_1,0
237972,926_4_1,0
236689,926_4_1,0
241299,926_4_1,0
236518,926_4_1,0
237764,926_4_1,0
239387,926_4_1,0
237016,926_4_1,0
239382,926_4_1,0
238609,926_4_1,0
240109,926_4_1,0
235575,926_4_1,0
235782,926_4_1,0
239920,926_4_1,0
241078,926_4_1,0
239554,926_4_1,0
240286,926_4_1,0
237015,926_4_1,0
235199,926_4_1,0
241080,926_4_1,0
235580,926_4_1,0
235202,926_4_1,0
241077,926_4_1,0
237406,926_4_1,0
240900,926_4_1,0
239384,926_4_1,0
237210,926_4_1,0
237604,926_4_1,0
241076,926_4_1,0
235960,926_4_1,0
88154,113_1_1,0
94758,113_1_1,0
94951,113_1_1,0
94953,113_1_1,0
108133,113_1_1,0
42920,113_1_1,0
41753,113_1_1,0
46567,113_1_1,0
44202,113_1_1,0
42345,113_1_1,0
42731,113_1_1,0
41372,113_1_1,0
41375,113_1_1,0
40441,113_1_1,0
40641,113_1_1,0
46781,113_1_1,0
11224,103_1_0,0
11846,103_1_0,0
9109,103_1_0,0
7363,103_1_0,0
11022,103_1_0,0
12569,103_1_0,0
10623,103_1_0,0
11023,103_1_0,0
13114,103_1_0,0
7931,103_1_0,0
9289,103_1_0,0
6821,103_1_0,0
10824,103_1_0,0
9658,103_1_0,0
12413,103_1_0,0
11638,103_1_0,0
8549,103_1_0,0
8142,103_1_0,0
12567,103_1_0,0
8903,103_1_0,0
11029,103_1_0,0
11637,103_1_0,0
8729,103_1_0,0
6635,103_1_0,0
13282,103_1_0,0
10626,103_1_0,0
10059,103_1_0,0
11218,103_1_0,0
9111,103_1_0,0
12230,103_1_0,0
10277,103_1_0,0
12029,103_1_0,0
11842,103_1_0,0
6641,103_1_0,0
6639,103_1_0,0
88160,204_2_1,0
92528,204_2_1,0
93681,204_2_1,0
88367,204_2_1,0
89441,204_2_1,0
91980,204_2_1,0
92176,204_2_1,0
128775,216_2_1,0
129163,216_2_1,0
132873,216_2_1,0
132668,216_2_1,0
127668,216_2_1,0
133062,216_2_1,0
129720,216_2_1,0
220598,921_4_0,0
216761,921_4_0,0
216569,921_4_0,0
220220,921_4_0,0
219248,921_4_0,0
214725,921_4_0,0
215098,921_4_0,0
219437,921_4_0,0
217505,921_4_0,0
217500,921_4_0,0
219823,921_4_0,0
219629,921_4_0,0
219059,921_4_0,0
215489,921_4_0,0
220431,921_4_0,0
218471,921_4_0,0
215829,921_4_0,0
218270,921_4_0,0
214728,921_4_0,0
221349,921_4_0,0
220972,921_4_0,0
214921,921_4_0,0
216765,921_4_0,0
216211,921_4_0,0
218470,921_4_0,0
221182,921_4_0,0
214733,921_4_0,0
221184,921_4_0,0
218265,921_4_0,0
215494,921_4_0,0
219440,921_4_0,0
215671,921_4_0,0
220227,921_4_0,0
214730,921_4_0,0
219833,921_4_0,0
220230,921_4_0,0
216955,921_4_0,0
218476,921_4_0,0
219446,921_4_0,0
218469,921_4_0,0
218271,921_4_0,0
219635,921_4_0,0
215108,921_4_0,0
218268,921_4_0,0
216404,921_4_0,0
214729,921_4_0,0
218473,921_4_0,0
217328,921_4_0,0
218081,921_4_0,0
217141,921_4_0,0
217884,921_4_0,0
217510,921_4_0,0
215492,921_4_0,0
218077,921_4_0,0
219634,921_4_0,0
216049,921_4_0,0
218665,921_4_0,0
215106,921_4_0,0
215490,921_4_0,0
214922,921_4_0,0
217140,921_4_0,0
220787,921_4_0,0
219056,921_4_0,0
220432,921_4_0,0
219441,921_4_0,0
220602,921_4_0,0
217697,921_4_0,0
218664,921_4_0,0
217330,921_4_0,0
221355,921_4_0,0
218468,921_4_0,0
220232,921_4_0,0
218080,921_4_0,0
221347,921_4_0,0
218887,921_4_0,0
219447,921_4_0,0
217506,921_4_0,0
217509,921_4_0,0
217885,921_4_0,0
218269,921_4_0,0
215830,921_4_0,0
217143,921_4_0,0
219633,921_4_0,0
217508,921_4_0,0
215102,921_4_0,0
218472,921_4_0,0
216579,921_4_0,0
215832,921_4_0,0
217327,921_4_0,0
215834,921_4_0,0
219057,921_4_0,0
215674,921_4_0,0
221183,921_4_0,0
220229,921_4_0,0
216405,921_4_0,0
220233,921_4_0,0
219636,921_4_0,0
216575,921_4_0,0
218474,921_4_0,0
219444,921_4_0,0
217881,921_4_0,0
217142,921_4_0,0
218075,921_4_0,0
217699,921_4_0,0
220231,921_4_0,0
215493,921_4_0,0
219054,921_4_0,0
221346,921_4_0,0
218885,921_4_0,0
215673,921_4_0,0
156524,116_1_0,0
149580,116_1_0,0
89427,116_1_0,0
89087,116_1_0,0
95868,116_1_0,0
95873,116_1_0,0
96070,116_1_0,0
95871,116_1_0,0
96069,116_1_0,0
95506,116_1_0,0
95876,116_1_0,0
95505,116_1_0,0
96063,116_1_0,0
102656,116_1_0,0
49444,116_1_0,0
53668,116_1_0,0
47353,116_1_0,0
53671,116_1_0,0
51672,116_1_0,0
50331,116_1_0,0
49446,116_1_0,0
49259,116_1_0,0
49629,116_1_0,0
48921,116_1_0,0
50917,116_1_0,0
49791,116_1_0,0
50711,116_1_0,0
49257,116_1_0,0
48117,116_1_0,0
47731,116_1_0,0
50919,116_1_0,0
50332,116_1_0,0
50162,116_1_0,0
49442,116_1_0,0
52011,116_1_0,0
52007,116_1_0,0
47734,116_1_0,0
52205,116_1_0,0
50715,116_1_0,0
53108,116_1_0,0
49263,116_1_0,0
52938,116_1_0,0
52392,116_1_0,0
52391,116_1_0,0
47914,116_1_0,0
50529,116_1_0,0
53669,116_1_0,0
51675,116_1_0,0
48715,116_1_0,0
48718,116_1_0,0
48286,116_1_0,0
47729,116_1_0,0
49441,116_1_0,0
53481,116_1_0,0
48716,116_1_0,0
49977,116_1_0,0
51318,116_1_0,0
47173,116_1_0,0
48287,116_1_0,0
48493,116_1_0,0
47909,116_1_0,0
51507,116_1_0,0
48499,116_1_0,0
47175,116_1_0,0
48497,116_1_0,0
47732,116_1_0,0
52012,116_1_0,0
52010,116_1_0,0
52395,116_1_0,0
50530,116_1_0,0
48498,116_1_0,0
50713,116_1_0,0
53300,116_1_0,0
49980,116_1_0,0
49258,116_1_0,0
50157,116_1_0,0
49792,116_1_0,0
191216,909_4_1,0
189194,909_4_1,0
192127,909_4_1,0
192130,909_4_1,0
189567,909_4_1,0
194554,909_4_1,0
194551,909_4_1,0
191397,909_4_1,0
191786,909_4_1,0
193079,909_4_1,0
189384,909_4_1,0
188035,909_4_1,0
188410,909_4_1,0
194021,909_4_1,0
190838,909_4_1,0
193264,909_4_1,0
193082,909_4_1,0
194183,909_4_1,0
190653,909_4_1,0
193267,909_4_1,0
193081,909_4_1,0
191396,909_4_1,0
190655,909_4_1,0
188811,909_4_1,0
189388,909_4_1,0
189187,909_4_1,0
189933,909_4_1,0
192302,909_4_1,0
188611,909_4_1,0
188808,909_4_1,0
189007,909_4_1,0
192702,909_4_1,0
191955,909_4_1,0
192131,909_4_1,0
194023,909_4_1,0
192132,909_4_1,0
193631,909_4_1,0
193268,909_4_1,0
190658,909_4_1,0
189192,909_4_1,0
189196,909_4_1,0
188614,909_4_1,0
192306,909_4_1,0
191395,909_4_1,0
189572,909_4_1,0
193633,909_4_1,0
191954,909_4_1,0
188411,909_4_1,0
193078,909_4_1,0
191394,909_4_1,0
188807,909_4_1,0
193833,909_4_1,0
190289,909_4_1,0
191591,909_4_1,0
193834,909_4_1,0
190462,909_4_1,0
193091,909_4_1,0
193086,909_4_1,0
188237,909_4_1,0
191589,909_4_1,0
189392,909_4_1,0
194184,909_4_1,0
188815,909_4_1,0
194373,909_4_1,0
193448,909_4_1,0
190467,909_4_1,0
192908,909_4_1,0
193838,909_4_1,0
189201,909_4_1,0
192706,909_4_1,0
193272,909_4_1,0
194558,909_4_1,0
189199,909_4_1,0
189394,909_4_1,0
190283,909_4_1,0
190465,909_4_1,0
189768,909_4_1,0
191962,909_4_1,0
194024,909_4_1,0
193275,909_4_1,0
193452,909_4_1,0
189200,909_4_1,0
188812,909_4_1,0
193270,909_4_1,0
192311,909_4_1,0
188814,909_4_1,0
188621,909_4_1,0
190847,909_4_1,0
191221,909_4_1,0
190121,909_4_1,0
190669,909_4_1,0
193837,909_4_1,0
194561,909_4_1,0
188236,909_4_1,0
191224,909_4_1,0
188415,909_4_1,0
194028,909_4_1,0
193084,909_4_1,0
194374,909_4_1,0
189400,909_4_1,0
189573,909_4_1,0
189397,909_4_1,0
188241,909_4_1,0
192907,909_4_1,0
193088,909_4_1,0
193087,909_4_1,0
191592,909_4_1,0
194025,909_4_1,0
190464,909_4_1,0
191398,909_4_1,0
193273,909_4_1,0
188044,909_4_1,0
189766,909_4_1,0
188813,909_4_1,0
194026,909_4_1,0
190120,909_4_1,0
189395,909_4_1,0
189011,909_4_1,0
191029,909_4_1,0
188817,909_4_1,0
189577,909_4_1,0
190665,909_4_1,0
190662,909_4_1,0
188619,909_4_1,0
192708,909_4_1,0
189940,909_4_1,0
193274,909_4_1,0
192905,909_4_1,0
190664,909_4_1,0
188618,909_4_1,0
188819,909_4_1,0
192904,909_4_1,0
193271,909_4_1,0
189936,909_4_1,0
190848,909_4_1,0
194377,909_4_1,0
191223,909_4_1,0
190668,909_4_1,0
191028,909_4_1,0
189939,909_4_1,0
192310,909_4_1,0
189014,909_4_1,0
189018,909_4_1,0
194185,909_4_1,0
188414,909_4_1,0
193089,909_4_1,0
189393,909_4_1,0
190852,909_4_1,0
190118,909_4_1,0
193455,909_4_1,0
189765,909_4_1,0
189015,909_4_1,0
194559,909_4_1,0
191031,909_4_1,0
191220,909_4_1,0
162663,316_3_1,0
164505,316_3_1,0
166306,316_3_1,0
164503,316_3_1,0
162494,316_3_1,0
165765,316_3_1,0
163934,316_3_1,0
161577,316_3_1,0
165948,316_3_1,0
165763,316_3_1,0
162332,316_3_1,0
161764,316_3_1,0
161758,316_3_1,0
165072,316_3_1,0
164130,316_3_1,0
166668,316_3_1,0
165416,316_3_1,0
165950,316_3_1,0
164317,316_3_1,0
162853,316_3_1,0
166673,316_3_1,0
164134,316_3_1,0
167377,316_3_1,0
165414,316_3_1,0
161761,316_3_1,0
167192,316_3_1,0
166847,316_3_1,0
166842,316_3_1,0
161173,316_3_1,0
161182,316_3_1,0
161580,316_3_1,0
161584,316_3_1,0
166140,316_3_1,0
163083,316_3_1,0
161949,316_3_1,0
167558,316_3_1,0
167776,316_3_1,0
164133,316_3_1,0
166671,316_3_1,0
163722,316_3_1,0
166487,316_3_1,0
161183,316_3_1,0
167381,316_3_1,0
167556,316_3_1,0
167560,316_3_1,0
163523,316_3_1,0
163525,316_3_1,0
164500,316_3_1,0
166672,316_3_1,0
161177,316_3_1,0
164683,316_3_1,0
166146,316_3_1,0
162662,316_3_1,0
166844,316_3_1,0
162492,316_3_1,0
164861,316_3_1,0
162327,316_3_1,0
164686,316_3_1,0
164687,316_3_1,0
164506,316_3_1,0
161582,316_3_1,0
166841,316_3_1,0
166144,316_3_1,0
163520,316_3_1,0
162155,316_3_1,0
161581,316_3_1,0
161575,316_3_1,0
163084,316_3_1,0
164321,316_3_1,0
162329,316_3_1,0
165578,316_3_1,0
165244,316_3_1,0
166843,316_3_1,0
161175,316_3_1,0
162331,316_3_1,0
167773,316_3_1,0
162855,316_3_1,0
164499,316_3_1,0
165579,316_3_1,0
166490,316_3_1,0
214232,919_4_1,0
213235,919_4_1,0
213841,919_4_1,0
212639,919_4_1,0
213436,919_4_1,0
211728,919_4_1,0
209508,919_4_1,0
208760,919_4_1,0
212076,919_4_1,0
211001,919_4_1,0
210432,919_4_1,0
212244,919_4_1,0
211185,919_4_1,0
209340,919_4_1,0
211890,919_4_1,0
212443,919_4_1,0
211722,919_4_1,0
209342,919_4_1,0
208590,919_4_1,0
210812,919_4_1,0
209505,919_4_1,0
209343,919_4_1,0
209506,919_4_1,0
208056,919_4_1,0
213433,919_4_1,0
214019,919_4_1,0
211889,919_4_1,0
212075,919_4_1,0
213438,919_4_1,0
214407,919_4_1,0
208227,919_4_1,0
211359,919_4_1,0
212838,919_4_1,0
212837,919_4_1,0
208226,919_4_1,0
213236,919_4_1,0
213631,919_4_1,0
213237,919_4_1,0
209862,919_4_1,0
212834,919_4_1,0
213439,919_4_1,0
210435,919_4_1,0
208224,919_4_1,0
210261,919_4_1,0
214575,919_4_1,0
208950,919_4_1,0
214021,919_4_1,0
213435,919_4_1,0
211891,919_4_1,0
212448,919_4_1,0
210067,919_4_1,0
212833,919_4_1,0
209694,919_4_1,0
213844,919_4_1,0
208394,919_4_1,0
210434,919_4_1,0
208399,919_4_1,0
160648,310_3_0,0
159328,310_3_0,0
159851,310_3_0,0
160650,310_3_0,0
157816,310_3_0,0
155246,310_3_0,0
159687,310_3_0,0
160054,310_3_0,0
159496,310_3_0,0
158437,310_3_0,0
159139,310_3_0,0
154908,310_3_0,0
159686,310_3_0,0
155985,310_3_0,0
160058,310_3_0,0
160255,310_3_0,0
154711,310_3_0,0
157616,310_3_0,0
156530,310_3_0,0
154713,310_3_0,0
160830,310_3_0,0
160256,310_3_0,0
159850,310_3_0,0
160254,310_3_0,0
155987,310_3_0,0
158616,310_3_0,0
155069,310_3_0,0
155250,310_3_0,0
157078,310_3_0,0
158618,310_3_0,0
159143,310_3_0,0
155430,310_3_0,0
160828,310_3_0,0
160652,310_3_0,0
158237,310_3_0,0
159682,310_3_0,0
154516,310_3_0,0
158239,310_3_0,0
159683,310_3_0,0
158795,310_3_0,0
161001,310_3_0,0
159138,310_3_0,0
158978,310_3_0,0
157419,310_3_0,0
160826,310_3_0,0
154709,310_3_0,0
155986,310_3_0,0
155598,310_3_0,0
160653,310_3_0,0
157267,310_3_0,0
158433,310_3_0,0
160059,310_3_0,0
155988,310_3_0,0
160252,310_3_0,0
159688,310_3_0,0
158023,310_3_0,0
157076,310_3_0,0
158024,310_3_0,0
159140,310_3_0,0
160056,310_3_0,0
155599,310_3_0,0
155989,310_3_0,0
159685,310_3_0,0
154712,310_3_0,0
156708,310_3_0,0
159678,310_3_0,0
242558,928_4_0,0
244762,928_4_0,0
247529,928_4_0,0
246814,928_4_0,0
243669,928_4_0,0
246053,928_4_0,0
242204,928_4_0,0
245694,928_4_0,0
246243,928_4_0,0
242203,928_4_0,0
245136,928_4_0,0
245138,928_4_0,0
245509,928_4_0,0
244763,928_4_0,0
243472,928_4_0,0
247912,928_4_0,0
241859,928_4_0,0
245695,928_4_0,0
247712,928_4_0,0
247908,928_4_0,0
244220,928_4_0,0
246431,928_4_0,0
243870,928_4_0,0
246989,928_4_0,0
241861,928_4_0,0
243469,928_4_0,0
245872,928_4_0,0
246048,928_4_0,0
246983,928_4_0,0
246052,928_4_0,0
244759,928_4_0,0
243110,928_4_0,0
241658,928_4_0,0
244051,928_4_0,0
244054,928_4_0,0
245317,928_4_0,0
247171,928_4_0,0
246621,928_4_0,0
241659,928_4_0,0
243297,928_4_0,0
244231,928_4_0,0
243121,928_4_0,0
246246,928_4_0,0
247715,928_4_0,0
245877,928_4_0,0
246990,928_4_0,0
246439,928_4_0,0
248129,928_4_0,0
242208,928_4_0,0
245320,928_4_0,0
242750,928_4_0,0
245510,928_4_0,0
246437,928_4_0,0
246821,928_4_0,0
245321,928_4_0,0
244060,928_4_0,0
243298,928_4_0,0
245143,928_4_0,0
242207,928_4_0,0
243111,928_4_0,0
244227,928_4_0,0
243476,928_4_0,0
243115,928_4_0,0
242369,928_4_0,0
242211,928_4_0,0
243116,928_4_0,0
242020,928_4_0,0
242929,928_4_0,0
243672,928_4_0,0
241866,928_4_0,0
246058,928_4_0,0
245141,928_4_0,0
247916,928_4_0,0
247354,928_4_0,0
244965,928_4_0,0
247358,928_4_0,0
243878,928_4_0,0
245513,928_4_0,0
244765,928_4_0,0
248126,928_4_0,0
245514,928_4_0,0
243294,928_4_0,0
242366,928_4_0,0
243477,928_4_0,0
246244,928_4_0,0
247915,928_4_0,0
241864,928_4_0,0
247351,928_4_0,0
242928,928_4_0,0
244223,928_4_0,0
243114,928_4_0,0
242930,928_4_0,0
244589,928_4_0,0
244225,928_4_0,0
247918,928_4_0,0
244412,928_4_0,0
244228,928_4_0,0
244409,928_4_0,0
242023,928_4_0,0
246055,928_4_0,0
243475,928_4_0,0
242209,928_4_0,0
245875,928_4_0,0
242561,928_4_0,0
243474,928_4_0,0
243112,928_4_0,0
242016,928_4_0,0
247535,928_4_0,0
242021,928_4_0,0
246991,928_4_0,0
244590,928_4_0,0
247356,928_4_0,0
245709,928_4_0,0
247921,928_4_0,0
246630,928_4_0,0
247533,928_4_0,0
246440,928_4_0,0
242926,928_4_0,0
247922,928_4_0,0
244408,928_4_0,0
245706,928_4_0,0
243295,928_4_0,0
246056,928_4_0,0
245512,928_4_0,0
243876,928_4_0,0
248127,928_4_0,0
244232,928_4_0,0
244764,928_4_0,0
137050,219_2_0,0
138791,219_2_0,0
134793,219_2_0,0
138230,219_2_0,0
137678,219_2_0,0
138430,219_2_0,0
135706,219_2_0,0
136280,219_2_0,0
137675,219_2_0,0
136462,219_2_0,0
139362,219_2_0,0
135352,219_2_0,0
134791,219_2_0,0
136663,219_2_0,0
140260,219_2_0,0
139366,219_2_0,0
139917,219_2_0,0
138993,219_2_0,0
138992,219_2_0,0
140984,219_2_0,0
134797,219_2_0,0
140091,219_2_0,0
140268,219_2_0,0
138062,219_2_0,0
138803,219_2_0,0
134604,219_2_0,0
138621,219_2_0,0
138804,219_2_0,0
138797,219_2_0,0
139184,219_2_0,0
136665,219_2_0,0
135358,219_2_0,0
136073,219_2_0,0
136878,219_2_0,0
138988,219_2_0,0
139921,219_2_0,0
135172,219_2_0,0
138800,219_2_0,0
137476,219_2_0,0
135710,219_2_0,0
140615,219_2_0,0
134999,219_2_0,0
140265,219_2_0,0
138441,219_2_0,0
136877,219_2_0,0
137059,219_2_0,0
134425,219_2_0,0
140994,219_2_0,0
139182,219_2_0,0
135000,219_2_0,0
135709,219_2_0,0
138241,219_2_0,0
140797,219_2_0,0
136283,219_2_0,0
134996,219_2_0,0
135711,219_2_0,0
136286,219_2_0,0
138799,219_2_0,0
140439,219_2_0,0
140618,219_2_0,0
138057,219_2_0,0
135713,219_2_0,0
136472,219_2_0,0
140989,219_2_0,0
138435,219_2_0,0
139181,219_2_0,0
134417,219_2_0,0
139737,219_2_0,0
140991,219_2_0,0
140619,219_2_0,0
139734,219_2_0,0
134421,219_2_0,0
140987,219_2_0,0
138801,219_2_0,0
135169,219_2_0,0
138990,219_2_0,0
140985,219_2_0,0
134422,219_2_0,0
139924,219_2_0,0
135543,219_2_0,0
135544,219_2_0,0
140437,219_2_0,0
134997,219_2_0,0
134418,219_2_0,0
135168,219_2_0,0
137882,219_2_0,0
140990,219_2_0,0
136072,219_2_0,0
136473,219_2_0,0
140792,219_2_0,0
135913,219_2_0,0
139370,219_2_0,0
139739,219_2_0,0
138997,219_2_0,0
136876,219_2_0,0
137474,219_2_0,0
140794,219_2_0,0
138995,219_2_0,0
139922,219_2_0,0
135714,219_2_0,0
139372,219_2_0,0
139369,219_2_0,0
134602,219_2_0,0
171257,321_3_0,0
172725,321_3_0,0
170361,321_3_0,0
173691,321_3_0,0
173883,321_3_0,0
171440,321_3_0,0
168695,321_3_0,0
174083,321_3_0,0
172005,321_3_0,0
172546,321_3_0,0
170179,321_3_0,0
167965,321_3_0,0
170557,321_3_0,0
168693,321_3_0,0
171433,321_3_0,0
169256,321_3_0,0
170360,321_3_0,0
173487,321_3_0,0
174253,321_3_0,0
170752,321_3_0,0
168151,321_3_0,0
169793,321_3_0,0
168515,321_3_0,0
173113,321_3_0,0
173304,321_3_0,0
171816,321_3_0,0
171609,321_3_0,0
168154,321_3_0,0
173306,321_3_0,0
172923,321_3_0,0
174453,321_3_0,0
168889,321_3_0,0
168690,321_3_0,0
173114,321_3_0,0
172187,321_3_0,0
171618,321_3_0,0
170554,321_3_0,0
172730,321_3_0,0
173305,321_3_0,0
174081,321_3_0,0
169796,321_3_0,0
171435,321_3_0,0
168519,321_3_0,0
170181,321_3_0,0
171258,321_3_0,0
167968,321_3_0,0
173486,321_3_0,0
174250,321_3_0,0
169607,321_3_0,0
170550,321_3_0,0
172927,321_3_0,0
172726,321_3_0,0
172004,321_3_0,0
171431,321_3_0,0
173881,321_3_0,0
174251,321_3_0,0
169073,321_3_0,0
173307,321_3_0,0
172002,321_3_0,0
174256,321_3_0,0
172922,321_3_0,0
171820,321_3_0,0
174456,321_3_0,0
172374,321_3_0,0
171617,321_3_0,0
170750,321_3_0,0
173308,321_3_0,0
170916,321_3_0,0
169791,321_3_0,0
170753,321_3_0,0
112393,113_1_0,0
109429,113_1_0,0
45477,113_1_0,0
41374,113_1_0,0
42919,113_1_0,0
50531,116_1_1,0
53298,116_1_1,0
51673,116_1_1,0
53297,116_1_1,0
48922,116_1_1,0
49260,116_1_1,0
52207,116_1_1,0
52390,116_1_1,0
49079,116_1_1,0
49078,116_1_1,0
52936,116_1_1,0
59441,119_1_0,0
54564,119_1_0,0
54386,119_1_0,0
57513,119_1_0,0
56756,119_1_0,0
56757,119_1_0,0
57510,119_1_0,0
55099,119_1_0,0
58839,119_1_0,0
55456,119_1_0,0
54388,119_1_0,0
57119,119_1_0,0
57121,119_1_0,0
54912,119_1_0,0
59853,119_1_0,0
55987,119_1_0,0
55813,119_1_0,0
54561,119_1_0,0
54209,119_1_0,0
60043,119_1_0,0
60049,119_1_0,0
60218,119_1_0,0
57118,119_1_0,0
55983,119_1_0,0
58283,119_1_0,0
54210,119_1_0,0
57302,119_1_0,0
58462,119_1_0,0
59019,119_1_0,0
54744,119_1_0,0
57299,119_1_0,0
54212,119_1_0,0
55816,119_1_0,0
56379,119_1_0,0
54913,119_1_0,0
60048,119_1_0,0
57704,119_1_0,0
60217,119_1_0,0
54915,119_1_0,0
54383,119_1_0,0
55281,119_1_0,0
54381,119_1_0,0
59243,119_1_0,0
60045,119_1_0,0
54739,119_1_0,0
59241,119_1_0,0
60044,119_1_0,0
57903,119_1_0,0
55815,119_1_0,0
57512,119_1_0,0
59652,119_1_0,0
59018,119_1_0,0
55986,119_1_0,0
55814,119_1_0,0
54211,119_1_0,0
54746,119_1_0,0
59857,119_1_0,0
56569,119_1_0,0
59858,119_1_0,0
54914,119_1_0,0
58634,119_1_0,0
56753,119_1_0,0
56754,119_1_0,0
38220,111_1_1,0
35930,111_1_1,0
33829,111_1_1,0
34420,111_1_1,0
36683,111_1_1,0
36876,111_1_1,0
36687,111_1_1,0
39697,111_1_1,0
36681,111_1_1,0
36686,111_1_1,0
37824,111_1_1,0
35732,111_1_1,0
34966,111_1_1,0
36875,111_1_1,0
36487,111_1_1,0
33637,111_1_1,0
34201,111_1_1,0
35522,111_1_1,0
36297,111_1_1,0
38572,111_1_1,0
35523,111_1_1,0
39888,111_1_1,0
34603,111_1_1,0
38763,111_1_1,0
40249,111_1_1,0
33828,111_1_1,0
39887,111_1_1,0
34203,111_1_1,0
36873,111_1_1,0
35152,111_1_1,0
35927,111_1_1,0
38576,111_1_1,0
39335,111_1_1,0
33831,111_1_1,0
38758,111_1_1,0
38021,111_1_1,0
39699,111_1_1,0
38020,111_1_1,0
36299,111_1_1,0
38379,111_1_1,0
38571,111_1_1,0
39703,111_1_1,0
36298,111_1_1,0
33832,111_1_1,0
36143,111_1_1,0
34024,111_1_1,0
34422,111_1_1,0
38221,111_1_1,0
40244,111_1_1,0
38217,111_1_1,0
34965,111_1_1,0
38380,111_1_1,0
40243,111_1_1,0
38756,111_1_1,0
35928,111_1_1,0
36489,111_1_1,0
35521,111_1_1,0
39886,111_1_1,0
38383,111_1_1,0
38381,111_1_1,0
39522,111_1_1,0
35730,111_1_1,0
35734,111_1_1,0
232436,925_4_0,0
233202,925_4_0,0
234450,925_4_0,0
229658,925_4_0,0
230759,925_4_0,0
229864,925_4_0,0
231524,925_4_0,0
229659,925_4_0,0
233196,925_4_0,0
233915,925_4_0,0
232637,925_4_0,0
228542,925_4_0,0
231528,925_4_0,0
228185,925_4_0,0
234640,925_4_0,0
230959,925_4_0,0
232812,925_4_0,0
233739,925_4_0,0
233015,925_4_0,0
232265,925_4_0,0
230962,925_4_0,0
229656,925_4_0,0
228894,925_4_0,0
229079,925_4_0,0
233018,925_4_0,0
234636,925_4_0,0
233375,925_4_0,0
230588,925_4_0,0
231522,925_4_0,0
233916,925_4_0,0
230422,925_4_0,0
229274,925_4_0,0
229660,925_4_0,0
232263,925_4_0,0
233914,925_4_0,0
230237,925_4_0,0
234633,925_4_0,0
233571,925_4_0,0
228540,925_4_0,0
232635,925_4_0,0
233738,925_4_0,0
229281,925_4_0,0
232818,925_4_0,0
229082,925_4_0,0
228709,925_4_0,0
231141,925_4_0,0
234637,925_4_0,0
231879,925_4_0,0
229276,925_4_0,0
232060,925_4_0,0
230756,925_4_0,0
230958,925_4_0,0
232054,925_4_0,0
233197,925_4_0,0
233735,925_4_0,0
231699,925_4_0,0
231520,925_4_0,0
231521,925_4_0,0
228710,925_4_0,0
233201,925_4_0,0
229078,925_4_0,0
233013,925_4_0,0
232819,925_4_0,0
230589,925_4_0,0
230590,925_4_0,0
229861,925_4_0,0
234455,925_4_0,0
231696,925_4_0,0
231337,925_4_0,0
234121,925_4_0,0
231144,925_4_0,0
234287,925_4_0,0
232264,925_4_0,0
232817,925_4_0,0
233376,925_4_0,0
233016,925_4_0,0
234284,925_4_0,0
231334,925_4_0,0
231876,925_4_0,0
231881,925_4_0,0
230961,925_4_0,0
228537,925_4_0,0
228895,925_4_0,0
14650,105_1_0,0
17993,105_1_0,0
19478,105_1_0,0
13867,105_1_0,0
15016,105_1_0,0
16882,105_1_0,0
16158,105_1_0,0
15196,105_1_0,0
17460,105_1_0,0
13476,105_1_0,0
15011,105_1_0,0
19102,105_1_0,0
14648,105_1_0,0
19291,105_1_0,0
16884,105_1_0,0
19657,105_1_0,0
17461,105_1_0,0
15186,105_1_0,0
18924,105_1_0,0
18746,105_1_0,0
20036,105_1_0,0
15012,105_1_0,0
14444,105_1_0,0
14061,105_1_0,0
18557,105_1_0,0
15763,105_1_0,0
18927,105_1_0,0
19483,105_1_0,0
16156,105_1_0,0
19295,105_1_0,0
17073,105_1_0,0
19294,105_1_0,0
16886,105_1_0,0
15192,105_1_0,0
15951,105_1_0,0
19852,105_1_0,0
15360,105_1_0,0
16355,105_1_0,0
13478,105_1_0,0
18559,105_1_0,0
16162,105_1_0,0
17462,105_1_0,0
17998,105_1_0,0
19107,105_1_0,0
14062,105_1_0,0
18928,105_1_0,0
17270,105_1_0,0
14064,105_1_0,0
14846,105_1_0,0
16163,105_1_0,0
18929,105_1_0,0
16541,105_1_0,0
15191,105_1_0,0
19660,105_1_0,0
18560,105_1_0,0
14649,105_1_0,0
19482,105_1_0,0
18563,105_1_0,0
18930,105_1_0,0
19655,105_1_0,0
18561,105_1_0,0
19105,105_1_0,0
15013,105_1_0,0
13860,105_1_0,0
15014,105_1_0,0
15018,105_1_0,0
16724,105_1_0,0
16883,105_1_0,0
17269,105_1_0,0
13480,105_1_0,0
18922,105_1_0,0
17268,105_1_0,0
14255,105_1_0,0
15195,105_1_0,0
18747,105_1_0,0
7004,103_1_1,0
11021,103_1_1,0
7183,103_1_1,0
12416,103_1_1,0
7937,103_1_1,0
12235,103_1_1,0
10446,103_1_1,0
11636,103_1_1,0
9657,103_1_1,0
10441,103_1_1,0
6820,103_1_1,0
12034,103_1_1,0
13283,103_1_1,0
9288,103_1_1,0
7180,103_1_1,0
11851,103_1_1,0
9473,103_1_1,0
12947,103_1_1,0
8728,103_1_1,0
30249,110_1_0,0
32523,110_1_0,0
27955,110_1_0,0
26862,110_1_0,0
27774,110_1_0,0
31012,110_1_0,0
33086,110_1_0,0
30039,110_1_0,0
29512,110_1_0,0
28754,110_1_0,0
31009,110_1_0,0
32729,110_1_0,0
27956,110_1_0,0
30428,110_1_0,0
32726,110_1_0,0
27954,110_1_0,0
29867,110_1_0,0
26859,110_1_0,0
27772,110_1_0,0
30802,110_1_0,0
26860,110_1_0,0
31632,110_1_0,0
30613,110_1_0,0
33244,110_1_0,0
33087,110_1_0,0
31631,110_1_0,0
27598,110_1_0,0
28940,110_1_0,0
33432,110_1_0,0
30041,110_1_0,0
29514,110_1_0,0
32909,110_1_0,0
32907,110_1_0,0
29700,110_1_0,0
31797,110_1_0,0
27430,110_1_0,0
30038,110_1_0,0
32524,110_1_0,0
30803,110_1_0,0
27428,110_1_0,0
31243,110_1_0,0
27601,110_1_0,0
32159,110_1_0,0
27252,110_1_0,0
27773,110_1_0,0
28137,110_1_0,0
26863,110_1_0,0
33247,110_1_0,0
31241,110_1_0,0
29864,110_1_0,0
27055,110_1_0,0
29868,110_1_0,0
31013,110_1_0,0
30043,110_1_0,0
31010,110_1_0,0
27255,110_1_0,0
31635,110_1_0,0
31246,110_1_0,0
32355,110_1_0,0
21707,108_1_1,0
23174,108_1_1,0
24321,108_1_1,0
21526,108_1_1,0
24844,108_1_1,0
23963,108_1_1,0
20213,108_1_1,0
22436,108_1_1,0
23181,108_1_1,0
23571,108_1_1,0
22254,108_1_1,0
23774,108_1_1,0
24674,108_1_1,0
23374,108_1_1,0
25400,108_1_1,0
23568,108_1_1,0
20957,108_1_1,0
21523,108_1_1,0
22793,108_1_1,0
23178,108_1_1,0
26324,108_1_1,0
21331,108_1_1,0
22603,108_1_1,0
24673,108_1_1,0
20210,108_1_1,0
21332,108_1_1,0
20569,108_1_1,0
20754,108_1_1,0
25219,108_1_1,0
21711,108_1_1,0
24488,108_1_1,0
22252,108_1_1,0
24323,108_1_1,0
25591,108_1_1,0
26687,108_1_1,0
24492,108_1_1,0
25779,108_1_1,0
22608,108_1_1,0
20958,108_1_1,0
24845,108_1_1,0
24135,108_1_1,0
23370,108_1_1,0
22795,108_1_1,0
26520,108_1_1,0
22991,108_1_1,0
26318,108_1_1,0
25774,108_1_1,0
26693,108_1_1,0
22792,108_1_1,0
23176,108_1_1,0
20956,108_1_1,0
23564,108_1_1,0
23371,108_1_1,0
20212,108_1_1,0
22067,108_1_1,0
26321,108_1_1,0
22069,108_1_1,0
25776,108_1_1,0
23565,108_1_1,0
21525,108_1_1,0
22058,108_1_1,0
21713,108_1_1,0
26132,108_1_1,0
20380,108_1_1,0
26136,108_1_1,0
20955,108_1_1,0
25780,108_1_1,0
23375,108_1_1,0
25778,108_1_1,0
24495,108_1_1,0
22790,108_1_1,0
21520,108_1_1,0
26320,108_1_1,0
26689,108_1_1,0
21709,108_1_1,0
25595,108_1_1,0
20962,108_1_1,0
25773,108_1_1,0
25216,108_1_1,0
20568,108_1_1,0
24496,108_1_1,0
24136,108_1_1,0
23773,108_1_1,0
108704,210_2_1,0
107956,210_2_1,0
109626,210_2_1,0
113139,210_2_1,0
112940,210_2_1,0
107548,210_2_1,0
113908,210_2_1,0
108709,210_2_1,0
107551,210_2_1,0
112761,210_2_1,0
108340,210_2_1,0
108335,210_2_1,0
113731,210_2_1,0
112398,210_2_1,0
113135,210_2_1,0
112762,210_2_1,0
113725,210_2_1,0
110157,210_2_1,0
107958,210_2_1,0
112009,210_2_1,0
108877,210_2_1,0
107959,210_2_1,0
114105,210_2_1,0
112011,210_2_1,0
107549,210_2_1,0
111625,210_2_1,0
111247,210_2_1,0
111250,210_2_1,0
114103,210_2_1,0
112008,210_2_1,0
113321,210_2_1,0
112942,210_2_1,0
111251,210_2_1,0
107550,210_2_1,0
109239,210_2_1,0
107759,210_2_1,0
109434,210_2_1,0
110358,210_2_1,0
114102,210_2_1,0
110526,210_2_1,0
111462,210_2_1,0
112582,210_2_1,0
108518,210_2_1,0
109232,210_2_1,0
110158,210_2_1,0
111841,210_2_1,0
109433,210_2_1,0
108879,210_2_1,0
112763,210_2_1,0
110531,210_2_1,0
109050,210_2_1,0
109237,210_2_1,0
112760,210_2_1,0
108336,210_2_1,0
107758,210_2_1,0
112208,210_2_1,0
111624,210_2_1,0
108878,210_2_1,0
110165,210_2_1,0
109627,210_2_1,0
110527,210_2_1,0
113730,210_2_1,0
109238,210_2_1,0
111626,210_2_1,0
108515,210_2_1,0
110164,210_2_1,0
110162,210_2_1,0
110866,210_2_1,0
111842,210_2_1,0
111843,210_2_1,0
111048,210_2_1,0
111623,210_2_1,0
111466,210_2_1,0
110690,210_2_1,0
111463,210_2_1,0
111840,210_2_1,0
111045,210_2_1,0
109234,210_2_1,0
108706,210_2_1,0
113320,210_2_1,0
113726,210_2_1,0
113727,210_2_1,0
113137,210_2_1,0
111047,210_2_1,0
112397,210_2_1,0
107761,210_2_1,0
111248,210_2_1,0
113140,210_2_1,0
111844,210_2_1,0
109981,210_2_1,0
228004,922_4_1,0
224350,922_4_1,0
226686,922_4_1,0
223802,922_4_1,0
224357,922_4_1,0
222835,922_4_1,0
224001,922_4_1,0
224353,922_4_1,0
227243,922_4_1,0
228007,922_4_1,0
225617,922_4_1,0
222100,922_4_1,0
223596,922_4_1,0
228003,922_4_1,0
223228,922_4_1,0
226346,922_4_1,0
227437,922_4_1,0
221538,922_4_1,0
226495,922_4_1,0
224540,922_4_1,0
224360,922_4_1,0
221719,922_4_1,0
222678,922_4_1,0
225621,922_4_1,0
221723,922_4_1,0
225446,922_4_1,0
223443,922_4_1,0
223804,922_4_1,0
226698,922_4_1,0
224005,922_4_1,0
226863,922_4_1,0
224888,922_4_1,0
222500,922_4_1,0
222107,922_4_1,0
222108,922_4_1,0
224717,922_4_1,0
226497,922_4_1,0
225624,922_4_1,0
223234,922_4_1,0
225802,922_4_1,0
227813,922_4_1,0
226500,922_4_1,0
226864,922_4_1,0
224889,922_4_1,0
226492,922_4_1,0
222840,922_4_1,0
225447,922_4_1,0
222841,922_4_1,0
226496,922_4_1,0
221545,922_4_1,0
228008,922_4_1,0
221921,922_4_1,0
224539,922_4_1,0
222106,922_4_1,0
223603,922_4_1,0
227446,922_4_1,0
221543,922_4_1,0
227447,922_4_1,0
222495,922_4_1,0
222109,922_4_1,0
224538,922_4_1,0
221541,922_4_1,0
221918,922_4_1,0
221917,922_4_1,0
223232,922_4_1,0
223605,922_4_1,0
227064,922_4_1,0
221724,922_4_1,0
225625,922_4_1,0
223014,922_4_1,0
224713,922_4_1,0
226003,922_4_1,0
224364,922_4_1,0
223600,922_4_1,0
222682,922_4_1,0
227252,922_4_1,0
223602,922_4_1,0
225623,922_4_1,0
225806,922_4_1,0
226189,922_4_1,0
227449,922_4_1,0
221722,922_4_1,0
221544,922_4_1,0
223440,922_4_1,0
228010,922_4_1,0
227249,922_4_1,0
222677,922_4_1,0
224188,922_4_1,0
226004,922_4_1,0
224887,922_4_1,0
226696,922_4_1,0
222681,922_4_1,0
223008,922_4_1,0
223237,922_4_1,0
223010,922_4_1,0
225807,922_4_1,0
226868,922_4_1,0
222497,922_4_1,0
226697,922_4_1,0
226002,922_4_1,0
223601,922_4_1,0
226699,922_4_1,0
222287,922_4_1,0
223235,922_4_1,0
226186,922_4_1,0
221913,922_4_1,0
223444,922_4_1,0
227255,922_4_1,0
223604,922_4_1,0
221920,922_4_1,0
227810,922_4_1,0
225809,922_4_1,0
221721,922_4_1,0
222679,922_4_1,0
223230,922_4_1,0
225059,922_4_1,0
225062,922_4_1,0
227063,922_4_1,0
222289,922_4_1,0
224010,922_4_1,0
223437,922_4_1,0
223013,922_4_1,0
109051,210_2_0,0
107960,210_2_0,0
109982,210_2_0,0
107757,210_2_0,0
114104,210_2_0,0
111839,210_2_0,0
111465,210_2_0,0
113136,210_2_0,0
108707,210_2_0,0
1490,101_1_1,0
926,101_1_1,0
2033,101_1_1,0
2576,101_1_1,0
6433,101_1_1,0
1847,101_1_1,0
2394,101_1_1,0
5925,101_1_1,0
2573,101_1_1,0
5927,101_1_1,0
4274,101_1_1,0
3720,101_1_1,0
3721,101_1_1,0
2790,101_1_1,0
2030,101_1_1,0
3327,101_1_1,0
4636,101_1_1,0
1487,101_1_1,0
2971,101_1_1,0
5188,101_1_1,0
147325,303_3_0,0
145835,303_3_0,0
145631,303_3_0,0
146773,303_3_0,0
144497,303_3_0,0
144680,303_3_0,0
143392,303_3_0,0
143389,303_3_0,0
142267,303_3_0,0
147720,303_3_0,0
146411,303_3_0,0
143771,303_3_0,0
142263,303_3_0,0
146035,303_3_0,0
142257,303_3_0,0
141686,303_3_0,0
147725,303_3_0,0
147157,303_3_0,0
144863,303_3_0,0
142663,303_3_0,0
146775,303_3_0,0
143391,303_3_0,0
142261,303_3_0,0
144320,303_3_0,0
145227,303_3_0,0
147724,303_3_0,0
145836,303_3_0,0
147158,303_3_0,0
143385,303_3_0,0
141684,303_3_0,0
142468,303_3_0,0
146955,303_3_0,0
142662,303_3_0,0
146588,303_3_0,0
142067,303_3_0,0
141365,303_3_0,0
143017,303_3_0,0
143959,303_3_0,0
144501,303_3_0,0
142471,303_3_0,0
143386,303_3_0,0
147317,303_3_0,0
142473,303_3_0,0
143772,303_3_0,0
142265,303_3_0,0
144126,303_3_0,0
142665,303_3_0,0
142072,303_3_0,0
147721,303_3_0,0
145225,303_3_0,0
141876,303_3_0,0
146412,303_3_0,0
146033,303_3_0,0
143193,303_3_0,0
147319,303_3_0,0
147321,303_3_0,0
144500,303_3_0,0
145061,303_3_0,0
141361,303_3_0,0
143769,303_3_0,0
141522,303_3_0,0
142470,303_3_0,0
141880,303_3_0,0
141878,303_3_0,0
146587,303_3_0,0
141178,303_3_0,0
144862,303_3_0,0
146037,303_3_0,0
145224,303_3_0,0
143768,303_3_0,0
145438,303_3_0,0
147155,303_3_0,0
227808,922_4_0,0
225253,922_4_0,0
224187,922_4_0,0
223803,922_4_0,0
224890,922_4_0,0
224362,922_4_0,0
221919,922_4_0,0
221720,922_4_0,0
214732,921_4_1,0
220971,921_4_1,0
217333,921_4_1,0
220784,921_4_1,0
215491,921_4_1,0
220786,921_4_1,0
220234,921_4_1,0
219060,921_4_1,0
216770,921_4_1,0
220021,921_4_1,0
221351,921_4_1,0
220790,921_4_1,0
219251,921_4_1,0
219055,921_4_1,0
221353,921_4_1,0
217332,921_4_1,0
218666,921_4_1,0
216952,921_4_1,0
219445,921_4_1,0
221350,921_4_1,0
220024,921_4_1,0
215495,921_4_1,0
220789,921_4_1,0
216047,921_4_1,0
216051,921_4_1,0
216210,921_4_1,0
218079,921_4_1,0
126100,214_2_0,0
125210,214_2_0,0
125590,214_2_0,0
123770,214_2_0,0
126102,214_2_0,0
121026,214_2_0,0
123593,214_2_0,0
126694,214_2_0,0
122314,214_2_0,0
124666,214_2_0,0
126891,214_2_0,0
123955,214_2_0,0
123223,214_2_0,0
123594,214_2_0,0
122319,214_2_0,0
127497,214_2_0,0
122318,214_2_0,0
123589,214_2_0,0
125218,214_2_0,0
125595,214_2_0,0
124661,214_2_0,0
122315,214_2_0,0
125212,214_2_0,0
124143,214_2_0,0
127279,214_2_0,0
121934,214_2_0,0
125034,214_2_0,0
127281,214_2_0,0
124319,214_2_0,0
125758,214_2_0,0
123226,214_2_0,0
125929,214_2_0,0
126495,214_2_0,0
125410,214_2_0,0
126492,214_2_0,0
124320,214_2_0,0
127076,214_2_0,0
126691,214_2_0,0
64883,122_1_0,0
61151,122_1_0,0
63560,122_1_0,0
62848,122_1_0,0
63376,122_1_0,0
66227,122_1_0,0
67143,122_1_0,0
66066,122_1_0,0
61721,122_1_0,0
64288,122_1_0,0
65831,122_1_0,0
66404,122_1_0,0
64884,122_1_0,0
66067,122_1_0,0
63374,122_1_0,0
66405,122_1_0,0
64495,122_1_0,0
64693,122_1_0,0
66791,122_1_0,0
66229,122_1_0,0
66226,122_1_0,0
60591,122_1_0,0
63214,122_1_0,0
65424,122_1_0,0
63566,122_1_0,0
66790,122_1_0,0
65421,122_1_0,0
66795,122_1_0,0
66403,122_1_0,0
63739,122_1_0,0
62854,122_1_0,0
66618,122_1_0,0
66976,122_1_0,0
65426,122_1_0,0
61323,122_1_0,0
64493,122_1_0,0
66058,122_1_0,0
65229,122_1_0,0
66222,122_1_0,0
61156,122_1_0,0
60760,122_1_0,0
60766,122_1_0,0
66407,122_1_0,0
60769,122_1_0,0
63215,122_1_0,0
60958,122_1_0,0
61912,122_1_0,0
64284,122_1_0,0
62277,122_1_0,0
63046,122_1_0,0
62095,122_1_0,0
62466,122_1_0,0
65420,122_1_0,0
64496,122_1_0,0
64698,122_1_0,0
60594,122_1_0,0
63743,122_1_0,0
60592,122_1_0,0
65050,122_1_0,0
65230,122_1_0,0
61329,122_1_0,0
65227,122_1_0,0
66616,122_1_0,0
62091,122_1_0,0
66983,122_1_0,0
63564,122_1_0,0
57904,119_1_1,0
57515,119_1_1,0
58635,119_1_1,0
54741,119_1_1,0
60389,119_1_1,0
55989,119_1_1,0
58837,119_1_1,0
54742,119_1_1,0
54910,119_1_1,0
55284,119_1_1,0
58457,119_1_1,0
55982,119_1_1,0
55460,119_1_1,0
55285,119_1_1,0
54053,119_1_1,0
55093,119_1_1,0
58284,119_1_1,0
53864,119_1_1,0
59442,119_1_1,0
59242,119_1_1,0
54054,119_1_1,0
60047,119_1_1,0
54560,119_1_1,0
58841,119_1_1,0
57298,119_1_1,0
57303,119_1_1,0
59026,119_1_1,0
59024,119_1_1,0
59855,119_1_1,0
59653,119_1_1,0
116506,213_2_1,0
118410,213_2_1,0
118597,213_2_1,0
115626,213_2_1,0
120847,213_2_1,0
117653,213_2_1,0
115987,213_2_1,0
118801,213_2_1,0
116335,213_2_1,0
120246,213_2_1,0
115823,213_2_1,0
120243,213_2_1,0
117658,213_2_1,0
118024,213_2_1,0
117070,213_2_1,0
114284,213_2_1,0
117656,213_2_1,0
116502,213_2_1,0
116895,213_2_1,0
118595,213_2_1,0
114884,213_2_1,0
120069,213_2_1,0
120453,213_2_1,0
119174,213_2_1,0
117263,213_2_1,0
115821,213_2_1,0
120245,213_2_1,0
116702,213_2_1,0
118601,213_2_1,0
119345,213_2_1,0
120657,213_2_1,0
120449,213_2_1,0
118600,213_2_1,0
119175,213_2_1,0
115059,213_2_1,0
119344,213_2_1,0
119509,213_2_1,0
116891,213_2_1,0
118802,213_2_1,0
119176,213_2_1,0
120452,213_2_1,0
114483,213_2_1,0
115262,213_2_1,0
115984,213_2_1,0
120456,213_2_1,0
117069,213_2_1,0
117073,213_2_1,0
114678,213_2_1,0
116510,213_2_1,0
116503,213_2_1,0
120244,213_2_1,0
117077,213_2_1,0
120247,213_2_1,0
114677,213_2_1,0
118805,213_2_1,0
117836,213_2_1,0
119884,213_2_1,0
115445,213_2_1,0
116336,213_2_1,0
116151,213_2_1,0
116149,213_2_1,0
115063,213_2_1,0
117068,213_2_1,0
115265,213_2_1,0
116897,213_2_1,0
118596,213_2_1,0
117071,213_2_1,0
115267,213_2_1,0
120448,213_2_1,0
116893,213_2_1,0
116706,213_2_1,0
119169,213_2_1,0
118238,213_2_1,0
169790,321_3_1,0
171099,321_3_1,0
169608,321_3_1,0
171620,321_3_1,0
170174,321_3_1,0
170177,321_3_1,0
174249,321_3_1,0
174254,321_3_1,0
170178,321_3_1,0
171610,321_3_1,0
171439,321_3_1,0
172003,321_3_1,0
172186,321_3_1,0
169259,321_3_1,0
170553,321_3_1,0
173882,321_3_1,0
167973,321_3_1,0
171823,321_3_1,0
173685,321_3_1,0
167974,321_3_1,0
172727,321_3_1,0
168696,321_3_1,0
168153,321_3_1,0
169258,321_3_1,0
169072,321_3_1,0
170180,321_3_1,0
170915,321_3_1,0
171438,321_3_1,0
173689,321_3_1,0
174452,321_3_1,0
173488,321_3_1,0
173493,321_3_1,0
172372,321_3_1,0
169068,321_3_1,0
171612,321_3_1,0
168888,321_3_1,0
171259,321_3_1,0
170357,321_3_1,0
8720,105_3_0,0
10436,105_3_0,0
8896,105_3_0,0
8722,105_3_0,0
10820,105_3_0,0
10432,105_3_0,0
8899,105_3_0,0
8895,105_3_0,0
9102,105_3_0,0
8723,105_3_0,0
8893,105_3_0,0
9285,105_3_0,0
8900,105_3_0,0
15358,105_3_0,0
18190,105_3_0,0
19479,105_3_0,0
15544,105_3_0,0
13865,105_3_0,0
18384,105_3_0,0
18749,105_3_0,0
19654,105_3_0,0
19293,105_3_0,0
14843,105_3_0,0
18556,105_3_0,0
13474,105_3_0,0
15194,105_3_0,0
15188,105_3_0,0
18383,105_3_0,0
13660,105_3_0,0
17818,105_3_0,0
15189,105_3_0,0
19658,105_3_0,0
14445,105_3_0,0
15541,105_3_0,0
107949,208_3_1,0
113125,208_3_1,0
113509,208_3_1,0
113508,208_3_1,0
112751,208_3_1,0
87769,208_3_1,0
87607,208_3_1,0
93868,208_3_1,0
87954,208_3_1,0
93679,208_3_1,0
93102,208_3_1,0
87430,208_3_1,0
92716,208_3_1,0
92347,208_3_1,0
93872,208_3_1,0
93677,208_3_1,0
92904,208_3_1,0
93501,208_3_1,0
92717,208_3_1,0
91262,208_3_1,0
93676,208_3_1,0
91261,208_3_1,0
87435,208_3_1,0
91089,208_3_1,0
87434,208_3_1,0
87955,208_3_1,0
93680,208_3_1,0
87958,208_3_1,0
92345,208_3_1,0
93304,208_3_1,0
91260,208_3_1,0
87608,208_3_1,0
87770,208_3_1,0
93104,208_3_1,0
93504,208_3_1,0
93871,208_3_1,0
93506,208_3_1,0
87773,208_3_1,0
87960,208_3_1,0
87429,208_3_1,0
87604,208_3_1,0
92346,208_3_1,0
93302,208_3_1,0
99230,208_3_1,0
100154,208_3_1,0
99402,208_3_1,0
94054,208_3_1,0
99792,208_3_1,0
94049,208_3_1,0
100384,208_3_1,0
94055,208_3_1,0
99404,208_3_1,0
100383,208_3_1,0
100158,208_3_1,0
94579,208_3_1,0
94056,208_3_1,0
100584,208_3_1,0
94050,208_3_1,0
94051,208_3_1,0
99043,208_3_1,0
97762,208_3_1,0
99236,208_3_1,0
100591,208_3_1,0
99795,208_3_1,0
94581,208_3_1,0
99411,208_3_1,0
94257,208_3_1,0
94585,208_3_1,0
99986,208_3_1,0
94584,208_3_1,0
100168,208_3_1,0
99985,208_3_1,0
99590,208_3_1,0
94583,208_3_1,0
94265,208_3_1,0
94261,208_3_1,0
94258,208_3_1,0
103635,208_3_1,0
107201,208_3_1,0
106246,208_3_1,0
104746,208_3_1,0
107200,208_3_1,0
106631,208_3_1,0
102079,208_3_1,0
102470,208_3_1,0
106632,208_3_1,0
105291,208_3_1,0
105106,208_3_1,0
105499,208_3_1,0
102667,208_3_1,0
103033,208_3_1,0
105858,208_3_1,0
104925,208_3_1,0
107198,208_3_1,0
105691,208_3_1,0
101718,208_3_1,0
103431,208_3_1,0
101901,208_3_1,0
105501,208_3_1,0
105102,208_3_1,0
104188,208_3_1,0
101504,208_3_1,0
102856,208_3_1,0
103219,208_3_1,0
102082,208_3_1,0
101715,208_3_1,0
104924,208_3_1,0
104553,208_3_1,0
101904,208_3_1,0
103220,208_3_1,0
101502,208_3_1,0
106442,208_3_1,0
106440,208_3_1,0
100945,208_3_1,0
100759,208_3_1,0
103428,208_3_1,0
103819,208_3_1,0
101506,208_3_1,0
104000,208_3_1,0
104745,208_3_1,0
105292,208_3_1,0
101135,208_3_1,0
104920,208_3_1,0
102078,208_3_1,0
103034,208_3_1,0
101719,208_3_1,0
102471,208_3_1,0
106046,208_3_1,0
101134,208_3_1,0
102081,208_3_1,0
102464,208_3_1,0
101906,208_3_1,0
103218,208_3_1,0
103226,208_3_1,0
107001,208_3_1,0
101507,208_3_1,0
106812,208_3_1,0
100765,208_3_1,0
100762,208_3_1,0
103221,208_3_1,0
102468,208_3_1,0
104191,208_3_1,0
103818,208_3_1,0
101896,208_3_1,0
101136,208_3_1,0
101897,208_3_1,0
100944,208_3_1,0
102466,208_3_1,0
102467,208_3_1,0
102080,208_3_1,0
100763,208_3_1,0
103430,208_3_1,0
105857,208_3_1,0
101723,208_3_1,0
24131,108_1_0,0
21521,108_1_0,0
22609,108_1_0,0
20755,108_1_0,0
20571,108_1_0,0
23369,108_1_0,0
21712,108_1_0,0
24491,108_1_0,0
22437,108_1_0,0
22063,108_1_0,0
22787,108_1_0,0
25775,108_1_0,0
23569,108_1_0,0
24489,108_1_0,0
22990,108_1_0,0
25945,108_1_0,0
25593,108_1_0,0
26688,108_1_0,0
167193,316_3_0,0
167378,316_3_0,0
164858,316_3_0,0
163526,316_3_0,0
166489,316_3_0,0
161380,316_3_0,0
164497,316_3_0,0
162489,316_3_0,0
162854,316_3_0,0
166840,316_3_0,0
162151,316_3_0,0
165413,316_3_0,0
163299,316_3_0,0
163721,316_3_0,0
161179,316_3_0,0
161377,316_3_0,0
162846,316_3_0,0
161947,316_3_0,0
164318,316_3_0,0
161946,316_3_0,0
167020,316_3_0,0
167778,316_3_0,0
161950,316_3_0,0
165762,316_3_0,0
163081,316_3_0,0
164131,316_3_0,0
161945,316_3_0,0
167775,316_3_0,0
162847,316_3_0,0
167555,316_3_0,0
161373,316_3_0,0
167774,316_3_0,0
165767,316_3_0,0
165245,316_3_0,0
167553,316_3_0,0
162852,316_3_0,0
161376,316_3_0,0
23961,305_3_1,0
23964,305_3_1,0
198644,305_3_1,0
198643,305_3_1,0
148824,305_3_1,0
153065,305_3_1,0
150525,305_3_1,0
151073,305_3_1,0
149191,305_3_1,0
149947,305_3_1,0
149946,305_3_1,0
152533,305_3_1,0
148270,305_3_1,0
148995,305_3_1,0
151240,305_3_1,0
152141,305_3_1,0
148993,305_3_1,0
151971,305_3_1,0
148085,305_3_1,0
150875,305_3_1,0
148992,305_3_1,0
153598,305_3_1,0
153426,305_3_1,0
149951,305_3_1,0
152541,305_3_1,0
152893,305_3_1,0
154157,305_3_1,0
149949,305_3_1,0
153429,305_3_1,0
148638,305_3_1,0
151794,305_3_1,0
149777,305_3_1,0
151614,305_3_1,0
151075,305_3_1,0
149407,305_3_1,0
148446,305_3_1,0
148823,305_3_1,0
153233,305_3_1,0
152142,305_3_1,0
150878,305_3_1,0
153597,305_3_1,0
152537,305_3_1,0
154325,305_3_1,0
152719,305_3_1,0
152717,305_3_1,0
149585,305_3_1,0
152534,305_3_1,0
148998,305_3_1,0
148445,305_3_1,0
148996,305_3_1,0
152143,305_3_1,0
149406,305_3_1,0
152138,305_3_1,0
151970,305_3_1,0
148825,305_3_1,0
153971,305_3_1,0
150876,305_3_1,0
152892,305_3_1,0
150303,305_3_1,0
148272,305_3_1,0
153424,305_3_1,0
147885,305_3_1,0
153975,305_3_1,0
153769,305_3_1,0
149193,305_3_1,0
6642,103_1_0,0
12412,103_1_0,0
11025,103_1_0,0
10447,103_1_0,0
8366,103_1_0,0
9475,103_1_0,0
12028,103_1_0,0
11840,103_1_0,0
7928,103_1_0,0
12032,103_1_0,0
11420,103_1_0,0
11847,103_1_0,0
10060,103_1_0,0
11020,103_1_0,0
8901,103_1_0,0
10276,103_1_0,0
11635,103_1_0,0
11850,103_1_0,0
13117,103_1_0,0
12942,103_1_0,0
8555,103_1_0,0
11028,103_1_0,0
9287,103_1_0,0
10445,103_1_0,0
8369,103_1_0,0
11422,103_1_0,0
10624,103_1_0,0
8143,103_1_0,0
176991,325_3_0,0
176796,325_3_0,0
179574,325_3_0,0
178655,325_3_0,0
178476,325_3_0,0
175666,325_3_0,0
176226,325_3_0,0
180532,325_3_0,0
179575,325_3_0,0
176228,325_3_0,0
177346,325_3_0,0
177702,325_3_0,0
177531,325_3_0,0
179203,325_3_0,0
180901,325_3_0,0
177703,325_3_0,0
179789,325_3_0,0
177701,325_3_0,0
176799,325_3_0,0
179786,325_3_0,0
176797,325_3_0,0
178475,325_3_0,0
179198,325_3_0,0
178117,325_3_0,0
175831,325_3_0,0
174845,325_3_0,0
176630,325_3_0,0
176800,325_3_0,0
174843,325_3_0,0
177347,325_3_0,0
178997,325_3_0,0
178295,325_3_0,0
175660,325_3_0,0
178822,325_3_0,0
181242,325_3_0,0
175246,325_3_0,0
179572,325_3_0,0
179389,325_3_0,0
177344,325_3_0,0
175035,325_3_0,0
181087,325_3_0,0
179788,325_3_0,0
181243,325_3_0,0
176030,325_3_0,0
174663,325_3_0,0
178654,325_3_0,0
180174,325_3_0,0
178112,325_3_0,0
176801,325_3_0,0
154506,105_1_1,0
154704,105_1_1,0
154708,105_1_1,0
154706,105_1_1,0
154703,105_1_1,0
6432,101_1_1,0
1495,101_1_1,0
2794,101_1_1,0
2028,101_1_1,0
407,101_1_1,0
3511,101_1_1,0
4104,101_1_1,0
747,101_1_1,0
1492,101_1_1,0
5923,101_1_1,0
5547,101_1_1,0
4638,101_1_1,0
2031,101_1_1,0
1109,101_1_1,0
2224,101_1_1,0
2223,101_1_1,0
2393,101_1_1,0
4808,101_1_1,0
16719,113_2_0,0
17067,113_2_0,0
23767,113_2_0,0
29860,113_2_0,0
29859,113_2_0,0
30426,113_2_0,0
29856,113_2_0,0
30419,113_2_0,0
30032,113_2_0,0
30420,113_2_0,0
29857,113_2_0,0
30423,113_2_0,0
30242,113_2_0,0
37245,113_2_0,0
36871,113_2_0,0
36689,113_2_0,0
37242,113_2_0,0
36682,113_2_0,0
46569,113_2_0,0
46779,113_2_0,0
43457,113_2_0,0
43455,113_2_0,0
46573,113_2_0,0
40841,113_2_0,0
46396,113_2_0,0
45130,113_2_0,0
46778,113_2_0,0
43458,113_2_0,0
43648,113_2_0,0
43121,113_2_0,0
45312,113_2_0,0
45129,113_2_0,0
40640,113_2_0,0
40840,113_2_0,0
45132,113_2_0,0
46976,113_2_0,0
41181,113_2_0,0
42138,113_2_0,0
40445,113_2_0,0
44765,113_2_0,0
43456,113_2_0,0
41941,113_2_0,0
22980,113_2_1,0
29695,113_2_1,0
29693,113_2_1,0
29308,113_2_1,0
29121,113_2_1,0
29694,113_2_1,0
29119,113_2_1,0
29697,113_2_1,0
36144,113_2_1,0
36485,113_2_1,0
36294,113_2_1,0
35932,113_2_1,0
85086,202_2_1,0
83724,202_2_1,0
87259,202_2_1,0
82942,202_2_1,0
84518,202_2_1,0
87088,202_2_1,0
86194,202_2_1,0
86013,202_2_1,0
84697,202_2_1,0
84321,202_2_1,0
83321,202_2_1,0
81904,202_2_1,0
87087,202_2_1,0
81361,202_2_1,0
85834,202_2_1,0
87086,202_2_1,0
85082,202_2_1,0
81363,202_2_1,0
84102,202_2_1,0
83322,202_2_1,0
86014,202_2_1,0
86925,202_2_1,0
86924,202_2_1,0
83726,202_2_1,0
84109,202_2_1,0
81737,202_2_1,0
85083,202_2_1,0
81177,202_2_1,0
81174,202_2_1,0
86592,202_2_1,0
85645,202_2_1,0
84695,202_2_1,0
82436,202_2_1,0
86012,202_2_1,0
87261,202_2_1,0
80833,202_2_1,0
82773,202_2_1,0
82940,202_2_1,0
85838,202_2_1,0
81739,202_2_1,0
84107,202_2_1,0
84694,202_2_1,0
83908,202_2_1,0
86192,202_2_1,0
82939,202_2_1,0
83725,202_2_1,0
81537,202_2_1,0
83516,202_2_1,0
81175,202_2_1,0
84329,202_2_1,0
85840,202_2_1,0
84103,202_2_1,0
85476,202_2_1,0
81176,202_2_1,0
84692,202_2_1,0
86919,202_2_1,0
86746,202_2_1,0
81172,202_2_1,0
82941,202_2_1,0
86590,202_2_1,0
82779,202_2_1,0
80830,202_2_1,0
82266,202_2_1,0
83515,202_2_1,0
84328,202_2_1,0
86920,202_2_1,0
87263,202_2_1,0
84111,202_2_1,0
86008,202_2_1,0
82594,202_2_1,0
81170,202_2_1,0
84519,202_2_1,0
82268,202_2_1,0
85475,202_2_1,0
86588,202_2_1,0
84696,202_2_1,0
84323,202_2_1,0
81169,202_2_1,0
87269,202_2_1,0
82778,202_2_1,0
84110,202_2_1,0
86591,202_2_1,0
81001,202_2_1,0
85089,202_2_1,0
87266,202_2_1,0
87085,202_2_1,0
81000,202_2_1,0
84895,202_2_1,0
85644,202_2_1,0
84106,202_2_1,0
84891,202_2_1,0
84516,202_2_1,0
86744,202_2_1,0
87084,202_2_1,0
83907,202_2_1,0
12026,108_4_1,0
23372,108_4_1,0
23175,108_4_1,0
38219,111_1_0,0
40247,111_1_0,0
34602,111_1_0,0
37069,111_1_0,0
38577,111_1_0,0
38761,111_1_0,0
34022,111_1_0,0
37637,111_1_0,0
34202,111_1_0,0
34424,111_1_0,0
38764,111_1_0,0
38216,111_1_0,0
37243,111_1_0,0
40065,111_1_0,0
35326,111_1_0,0
36879,111_1_0,0
34415,111_1_0,0
38377,111_1_0,0
38949,111_1_0,0
36881,111_1_0,0
38955,111_1_0,0
35330,111_1_0,0
38570,111_1_0,0
33833,111_1_0,0
35151,111_1_0,0
35519,111_1_0,0
38019,111_1_0,0
35931,111_1_0,0
39151,111_1_0,0
37639,111_1_0,0
38574,111_1_0,0
39154,111_1_0,0
36486,111_1_0,0
39698,111_1_0,0
40250,111_1_0,0
38954,111_1_0,0
158240,310_3_1,0
159325,310_3_1,0
156532,310_3_1,0
161002,310_3_1,0
156167,310_3_1,0
158435,310_3_1,0
154909,310_3_1,0
160457,310_3_1,0
160461,310_3_1,0
159680,310_3_1,0
160251,310_3_1,0
160250,310_3_1,0
159323,310_3_1,0
161004,310_3_1,0
154513,310_3_1,0
159142,310_3_1,0
161003,310_3_1,0
155793,310_3_1,0
160827,310_3_1,0
159681,310_3_1,0
158434,310_3_1,0
160651,310_3_1,0
158788,310_3_1,0
160458,310_3_1,0
158439,310_3_1,0
159849,310_3_1,0
156707,310_3_1,0
154710,310_3_1,0
155790,310_3_1,0
158620,310_3_1,0
158796,310_3_1,0
159324,310_3_1,0
157614,310_3_1,0
154517,310_3_1,0
154905,310_3_1,0
158236,310_3_1,0
160055,310_3_1,0
158789,310_3_1,0
155431,310_3_1,0
156528,310_3_1,0
17810,116_3_0,0
17809,116_3_0,0
17811,116_3_0,0
31623,116_3_0,0
31233,116_3_0,0
31789,116_3_0,0
31792,116_3_0,0
31625,116_3_0,0
31237,116_3_0,0
31429,116_3_0,0
31235,116_3_0,0
38567,116_3_0,0
38015,116_3_0,0
38213,116_3_0,0
38373,116_3_0,0
38375,116_3_0,0
44754,116_3_0,0
44758,116_3_0,0
48293,116_3_0,0
47541,116_3_0,0
53110,116_3_0,0
49445,116_3_0,0
51317,116_3_0,0
53667,116_3_0,0
50916,116_3_0,0
53484,116_3_0,0
52935,116_3_0,0
50159,116_3_0,0
49976,116_3_0,0
48714,116_3_0,0
53296,116_3_0,0
50158,116_3_0,0
49793,116_3_0,0
50334,116_3_0,0
49790,116_3_0,0
50709,116_3_0,0
52006,116_3_0,0
51674,116_3_0,0
52014,116_3_0,0
48289,116_3_0,0
49799,116_3_0,0
51123,116_3_0,0
47351,116_3_0,0
53107,116_3_0,0
48920,116_3_0,0
47349,116_3_0,0
51834,116_3_0,0
47911,116_3_0,0
48291,116_3_0,0
50161,116_3_0,0
52937,116_3_0,0
50160,116_3_0,0
52556,116_3_0,0
47913,116_3_0,0
47544,116_3_0,0
157412,208_2_0,0
157410,208_2_0,0
144113,208_2_0,0
197699,208_2_0,0
197698,208_2_0,0
150879,208_2_0,0
106810,208_2_0,0
102272,208_2_0,0
102083,208_2_0,0
104743,208_2_0,0
104380,208_2_0,0
103634,208_2_0,0
100946,208_2_0,0
104923,208_2_0,0
29311,110_1_1,0
31437,110_1_1,0
32735,110_1_1,0
29126,110_1_1,0
31011,110_1_1,0
31240,110_1_1,0
32357,110_1_1,0
33434,110_1_1,0
32908,110_1_1,0
29699,110_1_1,0
29128,110_1_1,0
31794,110_1_1,0
33245,110_1_1,0
29696,110_1_1,0
31008,110_1_1,0
33431,110_1_1,0
27599,110_1_1,0
32162,110_1_1,0
29130,110_1_1,0
27427,110_1_1,0
32914,110_1_1,0
33428,110_1_1,0
27432,110_1_1,0
28141,110_1_1,0
31627,110_1_1,0
31634,110_1_1,0
32725,110_1_1,0
32730,110_1_1,0
32529,110_1_1,0
27257,110_1_1,0
28550,110_1_1,0
33429,110_1_1,0
28757,110_1_1,0
28553,110_1_1,0
31793,110_1_1,0
28336,110_1_1,0
30615,110_1_1,0
147708,305_4_0,0
147147,305_4_0,0
144492,305_4_0,0
141859,305_4_0,0
142251,305_4_0,0
142062,305_4_0,0
146765,305_4_0,0
147316,305_4_0,0
144314,305_4_0,0
141864,305_4_0,0
141868,305_4_0,0
147717,305_4_0,0
155065,305_4_0,0
160253,305_4_0,0
160459,305_4_0,0
160462,305_4_0,0
146953,305_4_0,0
142060,305_4_0,0
144679,305_4_0,0
141674,305_4_0,0
147712,305_4_0,0
147154,305_4_0,0
142063,305_4_0,0
147151,305_4_0,0
142056,305_4_0,0
141677,305_4_0,0
146944,305_4_0,0
142057,305_4_0,0
144678,305_4_0,0
144310,305_4_0,0
147718,305_4_0,0
144673,305_4_0,0
142065,305_4_0,0
141871,305_4_0,0
147516,305_4_0,0
144860,305_4_0,0
146585,305_4_0,0
141861,305_4_0,0
141862,305_4_0,0
146948,305_4_0,0
147517,305_4_0,0
147715,305_4_0,0
141675,305_4_0,0
149953,305_4_0,0
148081,305_4_0,0
149950,305_4_0,0
152535,305_4_0,0
153599,305_4_0,0
154155,305_4_0,0
147881,305_4_0,0
154156,305_4_0,0
31004,116_3_1,0
31002,116_3_1,0
30999,116_3_1,0
16159,105_1_0,0
15187,105_1_0,0
20035,105_1_0,0
19292,105_1_0,0
18558,105_1_0,0
19104,105_1_0,0
20030,105_1_0,0
19289,105_1_0,0
15015,105_1_0,0
19480,105_1_0,0
18189,105_1_0,0
17819,105_1_0,0
19290,105_1_0,0
16545,105_1_0,0
17995,105_1_0,0
19659,105_1_0,0
17994,105_1_0,0
15010,105_1_0,0
13863,105_1_0,0
17817,105_1_0,0
17457,105_1_0,0
63565,122_1_1,0
66793,122_1_1,0
66228,122_1_1,0
60764,122_1_1,0
62853,122_1_1,0
64696,122_1_1,0
66224,122_1_1,0
66980,122_1_1,0
62279,122_1_1,0
65226,122_1_1,0
62093,122_1_1,0
65046,122_1_1,0
63373,122_1_1,0
61538,122_1_1,0
65228,122_1_1,0
64110,122_1_1,0
64887,122_1_1,0
65832,122_1_1,0
66619,122_1_1,0
66062,122_1_1,0
72456,125_1_0,0
69990,125_1_0,0
73353,125_1_0,0
68501,125_1_0,0
70974,125_1_0,0
69040,125_1_0,0
71733,125_1_0,0
70761,125_1_0,0
71330,125_1_0,0
67725,125_1_0,0
67724,125_1_0,0
69038,125_1_0,0
73729,125_1_0,0
72813,125_1_0,0
68867,125_1_0,0
67524,125_1_0,0
70380,125_1_0,0
69612,125_1_0,0
72809,125_1_0,0
73531,125_1_0,0
67930,125_1_0,0
71728,125_1_0,0
72814,125_1_0,0
70975,125_1_0,0
71326,125_1_0,0
73005,125_1_0,0
73530,125_1_0,0
72650,125_1_0,0
69801,125_1_0,0
67928,125_1_0,0
70571,125_1_0,0
69418,125_1_0,0
68333,125_1_0,0
73532,125_1_0,0
70383,125_1_0,0
71529,125_1_0,0
72075,125_1_0,0
70762,125_1_0,0
69411,125_1_0,0
69414,125_1_0,0
70377,125_1_0,0
67337,125_1_0,0
71332,125_1_0,0
73002,125_1_0,0
71732,125_1_0,0
72455,125_1_0,0
70385,125_1_0,0
72808,125_1_0,0
71333,125_1_0,0
72647,125_1_0,0
73529,125_1_0,0
71899,125_1_0,0
72268,125_1_0,0
69608,125_1_0,0
72652,125_1_0,0
73174,125_1_0,0
69799,125_1_0,0
70760,125_1_0,0
69415,125_1_0,0
69042,125_1_0,0
68863,125_1_0,0
71324,125_1_0,0
69230,125_1_0,0
70977,125_1_0,0
73355,125_1_0,0
73352,125_1_0,0
69804,125_1_0,0
68331,125_1_0,0
69989,125_1_0,0
67340,125_1_0,0
68334,125_1_0,0
71528,125_1_0,0
73177,125_1_0,0
73930,125_1_0,0
71155,125_1_0,0
73004,125_1_0,0
7740,103_1_1,0
12571,103_1_1,0
12760,103_1_1,0
10622,103_1_1,0
12570,103_1_1,0
6819,103_1_1,0
8552,103_1_1,0
12236,103_1_1,0
8727,103_1_1,0
12417,103_1_1,0
12946,103_1_1,0
7932,103_1_1,0
11220,103_1_1,0
12033,103_1_1,0
11227,103_1_1,0
8144,103_1_1,0
7546,103_1_1,0
89089,208_3_0,0
89433,208_3_0,0
89249,208_3_0,0
91619,208_3_0,0
88918,208_3_0,0
88725,208_3_0,0
89430,208_3_0,0
91614,208_3_0,0
88914,208_3_0,0
91616,208_3_0,0
91967,208_3_0,0
91971,208_3_0,0
89090,208_3_0,0
88724,208_3_0,0
91963,208_3_0,0
89431,208_3_0,0
89091,208_3_0,0
92174,208_3_0,0
88726,208_3_0,0
88919,208_3_0,0
91621,208_3_0,0
91799,208_3_0,0
91461,208_3_0,0
88915,208_3_0,0
91617,208_3_0,0
91802,208_3_0,0
91969,208_3_0,0
88917,208_3_0,0
92168,208_3_0,0
91618,208_3_0,0
89093,208_3_0,0
89428,208_3_0,0
91801,208_3_0,0
95872,208_3_0,0
98679,208_3_0,0
98312,208_3_0,0
98687,208_3_0,0
95318,208_3_0,0
98682,208_3_0,0
96064,208_3_0,0
98683,208_3_0,0
95677,208_3_0,0
98865,208_3_0,0
95676,208_3_0,0
95504,208_3_0,0
95682,208_3_0,0
98507,208_3_0,0
96077,208_3_0,0
95320,208_3_0,0
98877,208_3_0,0
98318,208_3_0,0
95319,208_3_0,0
98323,208_3_0,0
98320,208_3_0,0
101716,208_3_0,0
106045,208_3_0,0
101320,208_3_0,0
102857,208_3_0,0
104190,208_3_0,0
106245,208_3_0,0
101905,208_3_0,0
102854,208_3_0,0
107197,208_3_0,0
100943,208_3_0,0
103815,208_3_0,0
103225,208_3_0,0
22788,305_3_0,0
199021,305_3_0,0
196052,305_3_0,0
199389,305_3_0,0
196053,305_3_0,0
196051,305_3_0,0
199388,305_3_0,0
197696,305_3_0,0
199765,305_3_0,0
197354,305_3_0,0
199559,305_3_0,0
197522,305_3_0,0
197697,305_3_0,0
199555,305_3_0,0
196055,305_3_0,0
197164,305_3_0,0
199763,305_3_0,0
197524,305_3_0,0
197694,305_3_0,0
199391,305_3_0,0
197167,305_3_0,0
199023,305_3_0,0
197523,305_3_0,0
199767,305_3_0,0
199393,305_3_0,0
197357,305_3_0,0
197170,305_3_0,0
199207,305_3_0,0
197171,305_3_0,0
199206,305_3_0,0
197356,305_3_0,0
197525,305_3_0,0
199395,305_3_0,0
197169,305_3_0,0
197527,305_3_0,0
196057,305_3_0,0
197163,305_3_0,0
197173,305_3_0,0
197706,305_3_0,0
197710,305_3_0,0
197178,305_3_0,0
197708,305_3_0,0
151968,305_3_0,0
150695,305_3_0,0
154326,305_3_0,0
148271,305_3_0,0
152891,305_3_0,0
151442,305_3_0,0
150697,305_3_0,0
151242,305_3_0,0
154328,305_3_0,0
148086,305_3_0,0
149779,305_3_0,0
153770,305_3_0,0
151969,305_3_0,0
150698,305_3_0,0
151441,305_3_0,0
1112,101_1_1,0
3514,101_1_1,0
3146,101_1_1,0
5001,101_1_1,0
3912,101_1_1,0
28,101_1_1,0
2793,101_1_1,0
218,101_1_1,0
4103,101_1_1,0
2392,101_1_1,0
2397,101_1_1,0
4464,101_1_1,0
4106,101_1_1,0
4111,101_1_1,0
6099,101_1_1,0
405,101_1_1,0
2974,101_1_1,0
3150,101_1_1,0
5928,101_1_1,0
4277,101_1_1,0
2395,101_1_1,0
746,101_1_1,0
2972,101_1_1,0
2574,101_1_1,0
3510,101_1_1,0
219,101_1_1,0
3911,101_1_1,0
4463,101_1_1,0
1494,101_1_1,0
5386,101_1_1,0
749,101_1_1,0
3326,101_1_1,0
197533,913_4_0,0
194969,913_4_0,0
198043,913_4_0,0
196816,913_4_0,0
197360,913_4_0,0
200886,913_4_0,0
195322,913_4_0,0
199398,913_4_0,0
199396,913_4_0,0
198475,913_4_0,0
196813,913_4_0,0
201073,913_4_0,0
200152,913_4_0,0
197714,913_4_0,0
197889,913_4_0,0
197892,913_4_0,0
198042,913_4_0,0
196812,913_4_0,0
197531,913_4_0,0
198654,913_4_0,0
199956,913_4_0,0
201274,913_4_0,0
197709,913_4_0,0
199400,913_4_0,0
195868,913_4_0,0
200700,913_4_0,0
195325,913_4_0,0
200149,913_4_0,0
196241,913_4_0,0
194973,913_4_0,0
199210,913_4_0,0
198476,913_4_0,0
196811,913_4_0,0
196616,913_4_0,0
195146,913_4_0,0
196427,913_4_0,0
199563,913_4_0,0
199769,913_4_0,0
196246,913_4_0,0
194972,913_4_0,0
194768,913_4_0,0
197176,913_4_0,0
194767,913_4_0,0
194974,913_4_0,0
200150,913_4_0,0
199397,913_4_0,0
200885,913_4_0,0
198473,913_4_0,0
195506,913_4_0,0
198041,913_4_0,0
200148,913_4_0,0
195142,913_4_0,0
195509,913_4_0,0
194766,913_4_0,0
199403,913_4_0,0
196059,913_4_0,0
196620,913_4_0,0
200521,913_4_0,0
195324,913_4_0,0
198472,913_4_0,0
197702,913_4_0,0
198259,913_4_0,0
196245,913_4_0,0
195147,913_4_0,0
198652,913_4_0,0
201077,913_4_0,0
197177,913_4_0,0
199770,913_4_0,0
197363,913_4_0,0
195143,913_4_0,0
198258,913_4_0,0
199027,913_4_0,0
197707,913_4_0,0
199028,913_4_0,0
200884,913_4_0,0
199958,913_4_0,0
200697,913_4_0,0
195140,913_4_0,0
200147,913_4_0,0
200883,913_4_0,0
195323,913_4_0,0
199961,913_4_0,0
200145,913_4_0,0
199208,913_4_0,0
194970,913_4_0,0
197704,913_4_0,0
197705,913_4_0,0
194769,913_4_0,0
201072,913_4_0,0
196984,913_4_0,0
196987,913_4_0,0
196985,913_4_0,0
200882,913_4_0,0
196235,913_4_0,0
200523,913_4_0,0
196986,913_4_0,0
199209,913_4_0,0
199959,913_4_0,0
199562,913_4_0,0
197174,913_4_0,0
199565,913_4_0,0
67521,125_1_1,0
70978,125_1_1,0
73176,125_1_1,0
69413,125_1_1,0
69228,125_1_1,0
71328,125_1_1,0
71327,125_1_1,0
67723,125_1_1,0
229863,925_4_1,0
230960,925_4_1,0
234635,925_4_1,0
233737,925_4_1,0
232266,925_4_1,0
229860,925_4_1,0
233374,925_4_1,0
234286,925_4_1,0
231142,925_4_1,0
232058,925_4_1,0
231697,925_4_1,0
234453,925_4_1,0
232059,925_4_1,0
229080,925_4_1,0
230591,925_4_1,0
233913,925_4_1,0
233379,925_4_1,0
233736,925_4_1,0
229655,925_4_1,0
229278,925_4_1,0
230587,925_4_1,0
229277,925_4_1,0
229859,925_4_1,0
233563,925_4_1,0
230238,925_4_1,0
231527,925_4_1,0
233377,925_4_1,0
233562,925_4_1,0
231695,925_4_1,0
233017,925_4_1,0
228183,925_4_1,0
232437,925_4_1,0
233564,925_4_1,0
231145,925_4_1,0
234639,925_4_1,0
231877,925_4_1,0
228538,925_4_1,0
232638,925_4_1,0
228376,925_4_1,0
234454,925_4_1,0
234457,925_4_1,0
231336,925_4_1,0
229657,925_4_1,0
229275,925_4_1,0
236140,926_4_0,0
235961,926_4_0,0
237608,926_4_0,0
236693,926_4_0,0
236329,926_4_0,0
239556,926_4_0,0
241301,926_4_0,0
236695,926_4_0,0
239745,926_4_0,0
238191,926_4_0,0
239737,926_4_0,0
240112,926_4_0,0
235200,926_4_0,0
240697,926_4_0,0
241082,926_4_0,0
241486,926_4_0,0
236852,926_4_0,0
235385,926_4_0,0
239553,926_4_0,0
237766,926_4_0,0
238981,926_4_0,0
237215,926_4_0,0
237011,926_4_0,0
236519,926_4_0,0
236142,926_4_0,0
240486,926_4_0,0
236147,926_4_0,0
238391,926_4_0,0
237603,926_4_0,0
237208,926_4_0,0
237214,926_4_0,0
235577,926_4_0,0
238192,926_4_0,0
239921,926_4_0,0
235963,926_4_0,0
239740,926_4_0,0
239380,926_4_0,0
238977,926_4_0,0
240108,926_4_0,0
239742,926_4_0,0
236516,926_4_0,0
239743,926_4_0,0
238193,926_4_0,0
236688,926_4_0,0
235387,926_4_0,0
238787,926_4_0,0
237763,926_4_0,0
236692,926_4_0,0
75935,128_1_0,0
79345,128_1_0,0
78601,128_1_0,0
79145,128_1_0,0
80112,128_1_0,0
74629,128_1_0,0
76906,128_1_0,0
76336,128_1_0,0
78591,128_1_0,0
76337,128_1_0,0
76521,128_1_0,0
79704,128_1_0,0
80654,128_1_0,0
76522,128_1_0,0
76338,128_1_0,0
80452,128_1_0,0
75413,128_1_0,0
77835,128_1_0,0
78031,128_1_0,0
80107,128_1_0,0
74109,128_1_0,0
77452,128_1_0,0
76134,128_1_0,0
77451,128_1_0,0
74110,128_1_0,0
76137,128_1_0,0
80285,128_1_0,0
79705,128_1_0,0
80451,128_1_0,0
75408,128_1_0,0
75024,128_1_0,0
77248,128_1_0,0
78592,128_1_0,0
74112,128_1_0,0
77247,128_1_0,0
77092,128_1_0,0
78235,128_1_0,0
77091,128_1_0,0
80454,128_1_0,0
78600,128_1_0,0
77090,128_1_0,0
75212,128_1_0,0
76135,128_1_0,0
78976,128_1_0,0
74115,128_1_0,0
77833,128_1_0,0
75216,128_1_0,0
74456,128_1_0,0
78970,128_1_0,0
76139,128_1_0,0
80655,128_1_0,0
74826,128_1_0,0
76523,128_1_0,0
78971,128_1_0,0
78792,128_1_0,0
78030,128_1_0,0
78233,128_1_0,0
80111,128_1_0,0
76704,128_1_0,0
78974,128_1_0,0
78590,128_1_0,0
76909,128_1_0,0
79348,128_1_0,0
79885,128_1_0,0
80284,128_1_0,0
78037,128_1_0,0
78793,128_1_0,0
78231,128_1_0,0
78593,128_1_0,0
79706,128_1_0,0
80286,128_1_0,0
77089,128_1_0,0
78599,128_1_0,0
79701,128_1_0,0
78597,128_1_0,0
74824,128_1_0,0
80657,128_1_0,0
76908,128_1_0,0
76520,128_1_0,0
74113,128_1_0,0
75930,128_1_0,0
76525,128_1_0,0
74823,128_1_0,0
79884,128_1_0,0
80108,128_1_0,0
75597,128_1_0,0
77449,128_1_0,0
77644,128_1_0,0
78033,128_1_0,0
74451,128_1_0,0
77453,128_1_0,0
74284,128_1_0,0
79516,128_1_0,0
13111,108_4_0,0
13108,108_4_0,0
12225,108_4_0,0
20960,108_4_0,0
26137,108_4_0,0
24846,108_4_0,0
25217,108_4_0,0
26323,108_4_0,0
25589,108_4_0,0
20756,108_4_0,0
24490,108_4_0,0
20565,108_4_0,0
25590,108_4_0,0
26690,108_4_0,0
22993,108_4_0,0
24672,108_4_0,0
24669,108_4_0,0
21522,108_4_0,0
21885,108_4_0,0
20376,108_4_0,0
26691,108_4_0,0
156700,208_2_1,0
157075,208_2_1,0
156895,208_2_1,0
197160,208_2_1,0
197168,208_2_1,0
197162,208_2_1,0
196982,208_2_1,0
196983,208_2_1,0
197353,208_2_1,0
197161,208_2_1,0
197166,208_2_1,0
197172,208_2_1,0
197159,208_2_1,0
150302,208_2_1,0
150523,208_2_1,0
150139,208_2_1,0
101137,208_2_1,0
107199,208_2_1,0
102267,208_2_1,0
102669,208_2_1,0
106044,208_2_1,0
103426,208_2_1,0
106244,208_2_1,0
106441,208_2_1,0
103031,208_2_1,0
94963,206_2_0,0
95324,206_2_0,0
99585,206_2_0,0
96770,206_2_0,0
96971,206_2_0,0
99235,206_2_0,0
99408,206_2_0,0
95321,206_2_0,0
94961,206_2_0,0
97148,206_2_0,0
96431,206_2_0,0
94428,206_2_0,0
98509,206_2_0,0
100589,206_2_0,0
94256,206_2_0,0
99051,206_2_0,0
99410,206_2_0,0
99587,206_2_0,0
99589,206_2_0,0
97953,206_2_0,0
95140,206_2_0,0
95511,206_2_0,0
98504,206_2_0,0
95323,206_2_0,0
95510,206_2_0,0
100586,206_2_0,0
98324,206_2_0,0
100389,206_2_0,0
95883,206_2_0,0
94767,206_2_0,0
94960,206_2_0,0
97957,206_2_0,0
96434,206_2_0,0
95137,206_2_0,0
94262,206_2_0,0
95508,206_2_0,0
97568,206_2_0,0
95881,206_2_0,0
96602,206_2_0,0
98505,206_2_0,0
98875,206_2_0,0
98506,206_2_0,0
99046,206_2_0,0
97151,206_2_0,0
94264,206_2_0,0
98876,206_2_0,0
97956,206_2_0,0
98325,206_2_0,0
97566,206_2_0,0
96430,206_2_0,0
95679,206_2_0,0
100587,206_2_0,0
94060,206_2_0,0
96076,206_2_0,0
98319,206_2_0,0
96975,206_2_0,0
97562,206_2_0,0
96264,206_2_0,0
94763,206_2_0,0
97366,206_2_0,0
96078,206_2_0,0
95882,206_2_0,0
97149,206_2_0,0
94582,206_2_0,0
94062,206_2_0,0
95680,206_2_0,0
97567,206_2_0,0
98872,206_2_0,0
94061,206_2_0,0
99409,206_2_0,0
94764,206_2_0,0
95512,206_2_0,0
97763,206_2_0,0
94255,206_2_0,0
96261,206_2_0,0
94586,206_2_0,0
97561,206_2_0,0
96973,206_2_0,0
97565,206_2_0,0
98122,206_2_0,0
98690,206_2_0,0
98120,206_2_0,0
99049,206_2_0,0
95509,206_2_0,0
95678,206_2_0,0
94259,206_2_0,0
96974,206_2_0,0
99793,206_2_0,0
98123,206_2_0,0
12234,103_1_0,0
10058,103_1_0,0
11228,103_1_0,0
10826,103_1_0,0
7186,103_1_0,0
12945,103_1_0,0
9291,103_1_0,0
6822,103_1_0,0
12948,103_1_0,0
9875,103_1_0,0
7003,103_1_0,0
7000,103_1_0,0
7002,103_1_0,0
10444,103_1_0,0
9112,103_1_0,0
12233,103_1_0,0
12031,103_1_0,0
12757,103_1_0,0
10823,103_1_0,0
7939,103_1_0,0
12232,103_1_0,0
12415,103_1_0,0
8373,103_1_0,0
8368,103_1_0,0
9472,103_1_0,0
9656,103_1_0,0
11226,103_1_0,0
214405,919_4_0,0
209860,919_4_0,0
210069,919_4_0,0
208588,919_4_0,0
210637,919_4_0,0
209147,919_4_0,0
210809,919_4_0,0
210440,919_4_0,0
208757,919_4_0,0
210439,919_4_0,0
211727,919_4_0,0
212636,919_4_0,0
209148,919_4_0,0
214403,919_4_0,0
209509,919_4_0,0
208591,919_4_0,0
211724,919_4_0,0
209501,919_4_0,0
212638,919_4_0,0
212442,919_4_0,0
212449,919_4_0,0
212641,919_4_0,0
211184,919_4_0,0
213630,919_4_0,0
212445,919_4_0,0
211537,919_4_0,0
212444,919_4_0,0
211535,919_4_0,0
213035,919_4_0,0
213842,919_4_0,0
209510,919_4_0,0
213437,919_4_0,0
214406,919_4_0,0
208586,919_4_0,0
208761,919_4_0,0
210260,919_4_0,0
211357,919_4_0,0
212245,919_4_0,0
210068,919_4_0,0
210071,919_4_0,0
210431,919_4_0,0
211358,919_4_0,0
210640,919_4_0,0
210256,919_4_0,0
209337,919_4_0,0
208587,919_4_0,0
210639,919_4_0,0
211723,919_4_0,0
213845,919_4_0,0
211726,919_4_0,0
209696,919_4_0,0
209339,919_4_0,0
208395,919_4_0,0
210808,919_4_0,0
211725,919_4_0,0
210264,919_4_0,0
212836,919_4_0,0
208759,919_4_0,0
214574,919_4_0,0
214404,919_4_0,0
212077,919_4_0,0
212642,919_4_0,0
145435,303_3_1,0
145437,303_3_1,0
147522,303_3_1,0
141873,303_3_1,0
146958,303_3_1,0
144125,303_3_1,0
143018,303_3_1,0
143387,303_3_1,0
141364,303_3_1,0
145059,303_3_1,0
146586,303_3_1,0
142660,303_3_1,0
146777,303_3_1,0
146589,303_3_1,0
143194,303_3_1,0
145066,303_3_1,0
142068,303_3_1,0
147520,303_3_1,0
145060,303_3_1,0
147519,303_3_1,0
144322,303_3_1,0
147323,303_3_1,0
141179,303_3_1,0
144321,303_3_1,0
143196,303_3_1,0
145432,303_3_1,0
146406,303_3_1,0
143198,303_3_1,0
141679,303_3_1,0
144865,303_3_1,0
146960,303_3_1,0
142472,303_3_1,0
141877,303_3_1,0
142266,303_3_1,0
142069,303_3_1,0
145433,303_3_1,0
142264,303_3_1,0
144866,303_3_1,0
141181,303_3_1,0
144499,303_3_1,0
145228,303_3_1,0
145436,303_3_1,0
147722,303_3_1,0
146032,303_3_1,0
142269,303_3_1,0
4642,101_1_1,0
3328,101_1_1,0
1658,101_1_1,0
2026,101_1_1,0
1846,101_1_1,0
1656,101_1_1,0
1491,101_1_1,0
217,101_1_1,0
4806,101_1_1,0
2577,101_1_1,0
4105,101_1_1,0
224,101_1_1,0
6097,101_1_1,0
6435,101_1_1,0
2970,101_1_1,0
32,101_1_1,0
409,101_1_1,0
5926,101_1_1,0
408,101_1_1,0
204555,918_4_1,0
206198,918_4_1,0
204373,918_4_1,0
204370,918_4_1,0
203845,918_4_1,0
206017,918_4_1,0
206374,918_4_1,0
202558,918_4_1,0
204908,918_4_1,0
207321,918_4_1,0
205442,918_4_1,0
202386,918_4_1,0
203110,918_4_1,0
207687,918_4_1,0
201461,918_4_1,0
205838,918_4_1,0
206751,918_4_1,0
201821,918_4_1,0
203500,918_4_1,0
203844,918_4_1,0
203288,918_4_1,0
201823,918_4_1,0
204031,918_4_1,0
202557,918_4_1,0
203674,918_4_1,0
206200,918_4_1,0
207873,918_4_1,0
207490,918_4_1,0
202928,918_4_1,0
205254,918_4_1,0
206202,918_4_1,0
201649,918_4_1,0
201460,918_4_1,0
205839,918_4_1,0
207148,918_4_1,0
207878,918_4_1,0
205438,918_4_1,0
207320,918_4_1,0
207683,918_4_1,0
204374,918_4_1,0
203843,918_4_1,0
201819,918_4_1,0
203502,918_4_1,0
207154,918_4_1,0
207680,918_4_1,0
203501,918_4_1,0
205255,918_4_1,0
205447,918_4_1,0
206375,918_4_1,0
205451,918_4_1,0
204726,918_4_1,0
205441,918_4_1,0
205080,918_4_1,0
203111,918_4_1,0
204371,918_4_1,0
205261,918_4_1,0
206014,918_4_1,0
205837,918_4_1,0
207153,918_4_1,0
207489,918_4_1,0
206201,918_4_1,0
205628,918_4_1,0
205439,918_4_1,0
203109,918_4_1,0
203112,918_4_1,0
204907,918_4_1,0
202930,918_4_1,0
202556,918_4_1,0
204557,918_4_1,0
207876,918_4_1,0
205077,918_4_1,0
205079,918_4_1,0
202927,918_4_1,0
205444,918_4_1,0
205630,918_4_1,0
206377,918_4_1,0
201462,918_4_1,0
207877,918_4_1,0
204553,918_4_1,0
206013,918_4_1,0
204368,918_4_1,0
207689,918_4_1,0
202559,918_4_1,0
202185,918_4_1,0
203107,918_4_1,0
205256,918_4_1,0
202384,918_4_1,0
206016,918_4_1,0
206956,918_4_1,0
205081,918_4_1,0
203673,918_4_1,0
207484,918_4_1,0
203504,918_4_1,0
207486,918_4_1,0
116337,213_2_0,0
118409,213_2_0,0
119347,213_2_0,0
120656,213_2_0,0
117837,213_2_0,0
119513,213_2_0,0
116334,213_2_0,0
118236,213_2_0,0
114482,213_2_0,0
117464,213_2_0,0
115983,213_2_0,0
114680,213_2_0,0
117465,213_2_0,0
120450,213_2_0,0
115446,213_2_0,0
115266,213_2_0,0
118975,213_2_0,0
116705,213_2_0,0
117839,213_2_0,0
120848,213_2_0,0
114484,213_2_0,0
120249,213_2_0,0
115062,213_2_0,0
115264,213_2_0,0
115263,213_2_0,0
120849,213_2_0,0
117654,213_2_0,0
119172,213_2_0,0
115627,213_2_0,0
118408,213_2_0,0
120455,213_2_0,0
119173,213_2_0,0
115065,213_2_0,0
115066,213_2_0,0
119697,213_2_0,0
117264,213_2_0,0
114282,213_2_0,0
119886,213_2_0,0
120451,213_2_0,0
119510,213_2_0,0
114880,213_2_0,0
114883,213_2_0,0
118240,213_2_0,0
118026,213_2_0,0
119170,213_2_0,0
115629,213_2_0,0
117072,213_2_0,0
114481,213_2_0,0
176632,325_3_1,0
175033,325_3_1,0
180707,325_3_1,0
175445,325_3_1,0
177173,325_3_1,0
175832,325_3_1,0
177341,325_3_1,0
175441,325_3_1,0
178471,325_3_1,0
179202,325_3_1,0
181091,325_3_1,0
179973,325_3_1,0
180902,325_3_1,0
178653,325_3_1,0
174665,325_3_1,0
175662,325_3_1,0
176034,325_3_1,0
179578,325_3_1,0
177348,325_3_1,0
177532,325_3_1,0
175450,325_3_1,0
175244,325_3_1,0
179199,325_3_1,0
180357,325_3_1,0
175247,325_3_1,0
178820,325_3_1,0
180899,325_3_1,0
180362,325_3_1,0
180353,325_3_1,0
175030,325_3_1,0
175448,325_3_1,0
180355,325_3_1,0
177534,325_3_1,0
179200,325_3_1,0
179394,325_3_1,0
180898,325_3_1,0
180358,325_3_1,0
180706,325_3_1,0
175248,325_3_1,0
181240,325_3_1,0
177901,325_3_1,0
180356,325_3_1,0
177898,325_3_1,0
180533,325_3_1,0
176798,325_3_1,0
179784,325_3_1,0
180359,325_3_1,0
180169,325_3_1,0
178119,325_3_1,0
176995,325_3_1,0
176993,325_3_1,0
175446,325_3_1,0
181086,325_3_1,0
177899,325_3_1,0
180361,325_3_1,0
175661,325_3_1,0
177349,325_3_1,0
176430,325_3_1,0
174848,325_3_1,0
178996,325_3_1,0
18750,105_1_0,0
15954,105_1_0,0
17459,105_1_0,0
15193,105_1_0,0
16542,105_1_0,0
15359,105_1_0,0
16726,105_1_0,0
15007,105_1_0,0
17271,105_1_0,0
14845,105_1_0,0
16887,105_1_0,0
14443,105_1_0,0
13481,105_1_0,0
16161,105_1_0,0
15540,105_1_0,0
19656,105_1_0,0
13658,105_1_0,0
19477,105_1_0,0
15764,105_1_0,0
13475,105_1_0,0
15542,105_1_0,0
20032,105_1_0,0
14063,105_1_0,0
19481,105_1_0,0
18751,105_1_0,0
15952,105_1_0,0
16543,105_1_0,0
14060,105_1_0,0
19106,105_1_0,0
13862,105_1_0,0
13659,105_1_0,0
17619,105_1_0,0
13479,105_1_0,0
7930,103_1_1,0
7934,103_1_1,0
8902,103_1_1,0
12231,103_1_1,0
11221,103_1_1,0
10279,103_1_1,0
12027,103_1_1,0
8365,103_1_1,0
9874,103_1_1,0
8141,103_1_1,0
184932,329_3_0,0
185135,329_3_0,0
182182,329_3_0,0
185137,329_3_0,0
186586,329_3_0,0
184361,329_3_0,0
183816,329_3_0,0
184162,329_3_0,0
187844,329_3_0,0
183287,329_3_0,0
184355,329_3_0,0
186056,329_3_0,0
187157,329_3_0,0
186977,329_3_0,0
187688,329_3_0,0
183630,329_3_0,0
185665,329_3_0,0
182914,329_3_0,0
184163,329_3_0,0
182362,329_3_0,0
184360,329_3_0,0
183992,329_3_0,0
181416,329_3_0,0
187323,329_3_0,0
186976,329_3_0,0
187153,329_3_0,0
183288,329_3_0,0
186978,329_3_0,0
184934,329_3_0,0
186051,329_3_0,0
184937,329_3_0,0
187493,329_3_0,0
186974,329_3_0,0
184537,329_3_0,0
187324,329_3_0,0
184165,329_3_0,0
182361,329_3_0,0
184927,329_3_0,0
181414,329_3_0,0
183467,329_3_0,0
187488,329_3_0,0
181809,329_3_0,0
183293,329_3_0,0
183817,329_3_0,0
185664,329_3_0,0
181421,329_3_0,0
182359,329_3_0,0
184539,329_3_0,0
182741,329_3_0,0
182186,329_3_0,0
187850,329_3_0,0
186971,329_3_0,0
185839,329_3_0,0
183988,329_3_0,0
187327,329_3_0,0
187843,329_3_0,0
185491,329_3_0,0
185487,329_3_0,0
184743,329_3_0,0
186402,329_3_0,0
185842,329_3_0,0
181612,329_3_0,0
183990,329_3_0,0
183114,329_3_0,0
187847,329_3_0,0
181805,329_3_0,0
182551,329_3_0,0
187322,329_3_0,0
181608,329_3_0,0
184928,329_3_0,0
186784,329_3_0,0
187325,329_3_0,0
186238,329_3_0,0
186587,329_3_0,0
182549,329_3_0,0
182181,329_3_0,0
185495,329_3_0,0
187331,329_3_0,0
183989,329_3_0,0
183290,329_3_0,0
181420,329_3_0,0
182364,329_3_0,0
187492,329_3_0,0
184358,329_3_0,0
183813,329_3_0,0
182740,329_3_0,0
185490,329_3_0,0
181987,329_3_0,0
187687,329_3_0,0
187328,329_3_0,0
183466,329_3_0,0
184164,329_3_0,0
187158,329_3_0,0
182360,329_3_0,0
185494,329_3_0,0
184741,329_3_0,0
186403,329_3_0,0
183987,329_3_0,0
183289,329_3_0,0
186052,329_3_0,0
187151,329_3_0,0
96769,206_2_1,0
94058,206_2_1,0
98688,206_2_1,0
95514,206_2_1,0
98121,206_2_1,0
97951,206_2_1,0
95136,206_2_1,0
99050,206_2_1,0
95681,206_2_1,0
96432,206_2_1,0
98874,206_2_1,0
96768,206_2_1,0
97147,206_2_1,0
99987,206_2_1,0
94059,206_2_1,0
94765,206_2_1,0
99233,206_2_1,0
99984,206_2_1,0
94957,206_2_1,0
97952,206_2_1,0
94959,206_2_1,0
94260,206_2_1,0
98870,206_2_1,0
94432,206_2_1,0
195505,913_4_1,0
197891,913_4_1,0
198858,913_4_1,0
198861,913_4_1,0
199564,913_4_1,0
199776,913_4_1,0
197532,913_4_1,0
194765,913_4_1,0
200340,913_4_1,0
201275,913_4_1,0
198859,913_4_1,0
194975,913_4_1,0
197534,913_4_1,0
201273,913_4_1,0
199774,913_4_1,0
196242,913_4_1,0
197701,913_4_1,0
200151,913_4_1,0
201076,913_4_1,0
200702,913_4_1,0
198261,913_4_1,0
196815,913_4_1,0
196428,913_4_1,0
197361,913_4_1,0
199777,913_4_1,0
197890,913_4_1,0
196810,913_4_1,0
22992,113_2_1,0
28940,113_2_1,0
29700,113_2_1,0
35931,113_2_1,0
36486,113_2_1,0
46971,113_2_1,0
46575,113_2_1,0
41371,113_2_1,0
40439,113_2_1,0
45131,113_2_1,0
44594,113_2_1,0
41749,113_2_1,0
42140,113_2_1,0
41180,113_2_1,0
43650,113_2_1,0
43295,113_2_1,0
45657,113_2_1,0
41377,113_2_1,0
44764,113_2_1,0
46571,113_2_1,0
43810,113_2_1,0
44759,113_2_1,0
44761,113_2_1,0
40443,113_2_1,0
41945,113_2_1,0
44593,113_2_1,0
44201,113_2_1,0
46216,113_2_1,0
44203,113_2_1,0
41942,113_2_1,0
42553,113_2_1,0
42729,113_2_1,0
40444,113_2_1,0
44958,113_2_1,0
44394,113_2_1,0
41943,113_2_1,0
41944,113_2_1,0
44398,113_2_1,0
44399,113_2_1,0
40838,113_2_1,0
46777,113_2_1,0
41752,113_2_1,0
45133,113_2_1,0
43649,113_2_1,0
44204,113_2_1,0
43293,113_2_1,0
41177,113_2_1,0
46972,113_2_1,0
46395,113_2_1,0
43296,113_2_1,0
46577,113_2_1,0
42735,113_2_1,0
46032,113_2_1,0
41561,113_2_1,0
41175,113_2_1,0
41562,113_2_1,0
42736,113_2_1,0
41378,113_2_1,0
3719,101_1_1,0
920,101_1_1,0
1849,101_1_1,0
922,101_1_1,0
4641,101_1_1,0
2973,101_1_1,0
2578,101_1_1,0
5382,101_1_1,0
1312,101_1_1,0
3917,101_1_1,0
34,101_1_1,0
3722,101_1_1,0
4109,101_1_1,0
5924,101_1_1,0
2222,101_1_1,0
578,101_1_1,0
1113,101_1_1,0
88356,113_1_1,0
88359,113_1_1,0
94955,113_1_1,0
94761,113_1_1,0
94760,113_1_1,0
94952,113_1_1,0
107757,113_1_1,0
10272,113_2_0,0
16540,113_2_0,0
17064,113_2_0,0
17070,113_2_0,0
23179,113_2_0,0
23567,113_2_0,0
23776,113_2_0,0
30249,113_2_0,0
30039,113_2_0,0
30428,113_2_0,0
29867,113_2_0,0
30041,113_2_0,0
30038,113_2_0,0
29864,113_2_0,0
29868,113_2_0,0
30043,113_2_0,0
37069,113_2_0,0
37243,113_2_0,0
36879,113_2_0,0
36881,113_2_0,0
142842,116_1_0,0
143186,116_1_0,0
155981,116_1_0,0
155978,116_1_0,0
156163,116_1_0,0
156329,116_1_0,0
156336,116_1_0,0
156331,116_1_0,0
156335,116_1_0,0
155972,116_1_0,0
155980,116_1_0,0
149945,116_1_0,0
89088,116_1_0,0
89429,116_1_0,0
89250,116_1_0,0
89251,116_1_0,0
89432,116_1_0,0
88916,116_1_0,0
89248,116_1_0,0
88913,116_1_0,0
95875,116_1_0,0
96074,116_1_0,0
96065,116_1_0,0
96075,116_1_0,0
96066,116_1_0,0
95507,116_1_0,0
95878,116_1_0,0
96072,116_1_0,0
96062,116_1_0,0
96073,116_1_0,0
96068,116_1_0,0
95874,116_1_0,0
95503,116_1_0,0
96067,116_1_0,0
48290,116_1_0,0
49080,116_1_0,0
50163,116_1_0,0
53673,116_1_0,0
50333,116_1_0,0
51125,116_1_0,0
48294,116_1_0,0
52742,116_1_0,0
53479,116_1_0,0
50527,116_1_0,0
50710,116_1_0,0
49978,116_1_0,0
49800,116_1_0,0
48288,116_1_0,0
52394,116_1_0,0
49795,116_1_0,0
47912,116_1_0,0
53480,116_1_0,0
49798,116_1_0,0
49262,116_1_0,0
53670,116_1_0,0
52009,116_1_0,0
49261,116_1_0,0
53114,116_1_0,0
48113,116_1_0,0
52204,116_1_0,0
47171,116_1_0,0
49264,116_1_0,0
52939,116_1_0,0
51837,116_1_0,0
48495,116_1_0,0
52940,116_1_0,0
51836,116_1_0,0
48925,116_1_0,0
50528,116_1_0,0
48292,116_1_0,0
52013,116_1_0,0
50330,116_1_0,0
47170,116_1_0,0
53674,116_1_0,0
47908,116_1_0,0
48924,116_1_0,0
47546,116_1_0,0
47543,116_1_0,0
52389,116_1_0,0
48923,116_1_0,0
49979,116_1_0,0
47730,116_1_0,0
48116,116_1_0,0
47350,116_1_0,0
53112,116_1_0,0
50714,116_1_0,0
109051,113_1_0,0
111839,113_1_0,0
44956,113_1_0,0
45478,113_1_0,0
41946,113_1_0,0
45479,113_1_0,0
44200,113_1_0,0
129718,216_2_0,0
128589,216_2_0,0
129165,216_2_0,0
128407,216_2_0,0
132493,216_2_0,0
130100,216_2_0,0
133060,216_2_0,0
132120,216_2_0,0
128593,216_2_0,0
131394,216_2_0,0
133822,216_2_0,0
133617,216_2_0,0
128975,216_2_0,0
131399,216_2_0,0
129332,216_2_0,0
131393,216_2_0,0
128969,216_2_0,0
130643,216_2_0,0
129167,216_2_0,0
128223,216_2_0,0
133444,216_2_0,0
131213,216_2_0,0
129715,216_2_0,0
133618,216_2_0,0
133616,216_2_0,0
128971,216_2_0,0
131396,216_2_0,0
130466,216_2_0,0
133446,216_2_0,0
133059,216_2_0,0
133620,216_2_0,0
128592,216_2_0,0
131584,216_2_0,0
128776,216_2_0,0
133236,216_2_0,0
130271,216_2_0,0
130272,216_2_0,0
130103,216_2_0,0
130471,216_2_0,0
130101,216_2_0,0
129719,216_2_0,0
132130,216_2_0,0
133445,216_2_0,0
131581,216_2_0,0
131395,216_2_0,0
128774,216_2_0,0
131583,216_2_0,0
133819,216_2_0,0
131398,216_2_0,0
131397,216_2_0,0
130269,216_2_0,0
128590,216_2_0,0
132670,216_2_0,0
133614,216_2_0,0
132124,216_2_0,0
131211,216_2_0,0
128972,216_2_0,0
132123,216_2_0,0
129717,216_2_0,0
131392,216_2_0,0
134037,216_2_0,0
134039,216_2_0,0
131773,216_2_0,0
133240,216_2_0,0
130463,216_2_0,0
129336,216_2_0,0
131586,216_2_0,0
128040,216_2_0,0
130842,216_2_0,0
128778,216_2_0,0
128410,216_2_0,0
129915,216_2_0,0
132666,216_2_0,0
132306,216_2_0,0
130642,216_2_0,0
130467,216_2_0,0
131772,216_2_0,0
128588,216_2_0,0
133443,216_2_0,0
130640,216_2_0,0
128777,216_2_0,0
132868,216_2_0,0
130641,216_2_0,0
132492,216_2_0,0
132495,216_2_0,0
128976,216_2_0,0
131937,216_2_0,0
129331,216_2_0,0
133235,216_2_0,0
159677,305_4_1,0
159494,305_4_1,0
146404,305_4_1,0
146224,305_4_1,0
146399,305_4_1,0
153773,305_4_1,0
153427,305_4_1,0
149584,305_4_1,0
151795,305_4_1,0
148082,305_4_1,0
153234,305_4_1,0
153425,305_4_1,0
148083,305_4_1,0
153600,305_4_1,0
148273,305_4_1,0
152539,305_4_1,0
147883,305_4_1,0
154324,305_4_1,0
154158,305_4_1,0
149192,305_4_1,0
151796,305_4_1,0
151243,305_4_1,0
150874,305_4_1,0
153066,305_4_1,0
148997,305_4_1,0
150699,305_4_1,0
153972,305_4_1,0
148990,305_4_1,0
151076,305_4_1,0
149954,305_4_1,0
154327,305_4_1,0
152345,305_4_1,0
150877,305_4_1,0
152538,305_4_1,0
150527,305_4_1,0
154323,305_4_1,0
152532,305_4_1,0
152540,305_4_1,0
148084,305_4_1,0
152894,305_4_1,0
153768,305_4_1,0
148635,305_4_1,0
147880,305_4_1,0
151443,305_4_1,0
155425,116_1_1,0
155595,116_1_1,0
155240,116_1_1,0
158233,116_1_1,0
158229,116_1_1,0
155238,116_1_1,0
155241,116_1_1,0
158020,116_1_1,0
155593,116_1_1,0
155245,116_1_1,0
155426,116_1_1,0
158015,116_1_1,0
155237,116_1_1,0
155244,116_1_1,0
158016,116_1_1,0
155239,116_1_1,0
49797,116_1_1,0
52739,116_1_1,0
50918,116_1_1,0
36878,111_1_1,0
35926,111_1_1,0
34968,111_1_1,0
34601,111_1_1,0
39701,111_1_1,0
39526,111_1_1,0
36872,111_1_1,0
34020,111_1_1,0
34416,111_1_1,0
40064,111_1_1,0
35729,111_1_1,0
34606,111_1_1,0
38378,111_1_1,0
34605,111_1_1,0
34419,111_1_1,0
39520,111_1_1,0
34418,111_1_1,0
39150,111_1_1,0
37825,111_1_1,0
36874,111_1_1,0
35526,111_1_1,0
37067,111_1_1,0
34025,111_1_1,0
36296,111_1_1,0
34204,111_1_1,0
38017,111_1_1,0
34796,111_1_1,0
36685,111_1_1,0
38760,111_1_1,0
36880,111_1_1,0
35327,111_1_1,0
35329,111_1_1,0
39519,111_1_1,0
38382,111_1_1,0
36488,111_1_1,0
39524,111_1_1,0
40248,111_1_1,0
35524,111_1_1,0
40242,111_1_1,0
37068,111_1_1,0
36300,111_1_1,0
38759,111_1_1,0
40246,111_1_1,0
39521,111_1_1,0
34421,111_1_1,0
35328,111_1_1,0
35520,111_1_1,0
35733,111_1_1,0
38385,111_1_1,0
124856,214_2_1,0
125411,214_2_1,0
123772,214_2_1,0
121936,214_2_1,0
123958,214_2_1,0
121759,214_2_1,0
125762,214_2_1,0
123954,214_2_1,0
126494,214_2_1,0
121937,214_2_1,0
126493,214_2_1,0
124667,214_2_1,0
125923,214_2_1,0
123957,214_2_1,0
126695,214_2_1,0
125757,214_2_1,0
123393,214_2_1,0
125759,214_2_1,0
123768,214_2_1,0
121393,214_2_1,0
127075,214_2_1,0
127077,214_2_1,0
125760,214_2_1,0
124144,214_2_1,0
126103,214_2_1,0
127500,214_2_1,0
122867,214_2_1,0
123054,214_2_1,0
127073,214_2_1,0
122864,214_2_1,0
126304,214_2_1,0
121570,214_2_1,0
123052,214_2_1,0
122682,214_2_1,0
125592,214_2_1,0
123225,214_2_1,0
126693,214_2_1,0
121569,214_2_1,0
125211,214_2_1,0
127280,214_2_1,0
121760,214_2_1,0
126696,214_2_1,0
122863,214_2_1,0
125215,214_2_1,0
125416,214_2_1,0
126098,214_2_1,0
122865,214_2_1,0
125414,214_2_1,0
126097,214_2_1,0
126099,214_2_1,0
127499,214_2_1,0
122136,214_2_1,0
124317,214_2_1,0
123391,214_2_1,0
127074,214_2_1,0
124316,214_2_1,0
122489,214_2_1,0
122487,214_2_1,0
121218,214_2_1,0
124312,214_2_1,0
125030,214_2_1,0
122485,214_2_1,0
126887,214_2_1,0
125028,214_2_1,0
123592,214_2_1,0
121219,214_2_1,0
122490,214_2_1,0
123224,214_2_1,0
123055,214_2_1,0
125407,214_2_1,0
127081,214_2_1,0
124663,214_2_1,0
124855,214_2_1,0
125415,214_2_1,0
125596,214_2_1,0
126892,214_2_1,0
121568,214_2_1,0
89439,204_2_0,0
92353,204_2_0,0
90719,204_2_0,0
89256,204_2_0,0
91977,204_2_0,0
89252,204_2_0,0
89990,204_2_0,0
91809,204_2_0,0
92917,204_2_0,0
92348,204_2_0,0
92726,204_2_0,0
88557,204_2_0,0
87436,204_2_0,0
91265,204_2_0,0
88162,204_2_0,0
88161,204_2_0,0
88924,204_2_0,0
89255,204_2_0,0
87964,204_2_0,0
93108,204_2_0,0
92723,204_2_0,0
89628,204_2_0,0
93876,204_2_0,0
93874,204_2_0,0
89099,204_2_0,0
91978,204_2_0,0
87613,204_2_0,0
87611,204_2_0,0
90715,204_2_0,0
88558,204_2_0,0
90176,204_2_0,0
88921,204_2_0,0
91808,204_2_0,0
90717,204_2_0,0
91624,204_2_0,0
92525,204_2_0,0
92350,204_2_0,0
87966,204_2_0,0
92912,204_2_0,0
88165,204_2_0,0
93512,204_2_0,0
90905,204_2_0,0
88923,204_2_0,0
87615,204_2_0,0
88732,204_2_0,0
93877,204_2_0,0
88362,204_2_0,0
89253,204_2_0,0
88555,204_2_0,0
88556,204_2_0,0
88163,204_2_0,0
93311,204_2_0,0
93878,204_2_0,0
92354,204_2_0,0
90174,204_2_0,0
93306,204_2_0,0
88730,204_2_0,0
89811,204_2_0,0
93509,204_2_0,0
92725,204_2_0,0
91979,204_2_0,0
88727,204_2_0,0
91463,204_2_0,0
89437,204_2_0,0
92526,204_2_0,0
89992,204_2_0,0
93309,204_2_0,0
88552,204_2_0,0
87614,204_2_0,0
91093,204_2_0,0
91806,204_2_0,0
92178,204_2_0,0
88554,204_2_0,0
91981,204_2_0,0
89098,204_2_0,0
89095,204_2_0,0
91623,204_2_0,0
89991,204_2_0,0
90179,204_2_0,0
89986,204_2_0,0
93685,204_2_0,0
92524,204_2_0,0
89993,204_2_0,0
89436,204_2_0,0
88729,204_2_0,0
88364,204_2_0,0
88731,204_2_0,0
88920,204_2_0,0
89097,204_2_0,0
88159,204_2_0,0
93686,204_2_0,0
92722,204_2_0,0
88366,204_2_0,0
93682,204_2_0,0
93106,204_2_0,0
88361,204_2_0,0
92916,204_2_0,0
88168,204_2_0,0
89254,204_2_0,0
92721,204_2_0,0
87616,204_2_0,0
88553,204_2_0,0
93875,204_2_0,0
89989,204_2_0,0
88164,204_2_0,0
58463,119_1_0,0
60219,119_1_0,0
54055,119_1_0,0
54562,119_1_0,0
55094,119_1_0,0
56759,119_1_0,0
59854,119_1_0,0
57301,119_1_0,0
55458,119_1_0,0
59025,119_1_0,0
56178,119_1_0,0
54563,119_1_0,0
55631,119_1_0,0
55283,119_1_0,0
56377,119_1_0,0
57514,119_1_0,0
57511,119_1_0,0
57706,119_1_0,0
57708,119_1_0,0
59028,119_1_0,0
58281,119_1_0,0
55462,119_1_0,0
59029,119_1_0,0
58458,119_1_0,0
58282,119_1_0,0
57902,119_1_0,0
56378,119_1_0,0
54389,119_1_0,0
54384,119_1_0,0
56944,119_1_0,0
58838,119_1_0,0
55098,119_1_0,0
56568,119_1_0,0
59239,119_1_0,0
56380,119_1_0,0
57120,119_1_0,0
57707,119_1_0,0
57304,119_1_0,0
55097,119_1_0,0
59030,119_1_0,0
57305,119_1_0,0
55282,119_1_0,0
54740,119_1_0,0
55985,119_1_0,0
57705,119_1_0,0
58082,119_1_0,0
54056,119_1_0,0
58636,119_1_0,0
58285,119_1_0,0
60391,119_1_0,0
58840,119_1_0,0
53865,119_1_0,0
54911,119_1_0,0
56755,119_1_0,0
60388,119_1_0,0
58637,119_1_0,0
56758,119_1_0,0
57901,119_1_0,0
59444,119_1_0,0
58460,119_1_0,0
55984,119_1_0,0
59654,119_1_0,0
58464,119_1_0,0
58081,119_1_0,0
56945,119_1_0,0
54382,119_1_0,0
57115,119_1_0,0
59240,119_1_0,0
59859,119_1_0,0
58083,119_1_0,0
57509,119_1_0,0
60390,119_1_0,0
57117,119_1_0,0
59020,119_1_0,0
54745,119_1_0,0
58084,119_1_0,0
164132,316_3_1,0
161583,316_3_1,0
163300,316_3_1,0
163937,316_3_1,0
164859,316_3_1,0
166139,316_3_1,0
167019,316_3_1,0
162330,316_3_1,0
163527,316_3_1,0
162153,316_3_1,0
161759,316_3_1,0
163298,316_3_1,0
164684,316_3_1,0
165764,316_3_1,0
163080,316_3_1,0
161379,316_3_1,0
164320,316_3_1,0
161763,316_3_1,0
162493,316_3_1,0
163521,316_3_1,0
161579,316_3_1,0
165418,316_3_1,0
162856,316_3_1,0
161942,316_3_1,0
163936,316_3_1,0
165766,316_3_1,0
161944,316_3_1,0
165761,316_3_1,0
161178,316_3_1,0
165417,316_3_1,0
167561,316_3_1,0
166492,316_3_1,0
164135,316_3_1,0
167557,316_3_1,0
166142,316_3_1,0
165949,316_3_1,0
163719,316_3_1,0
161174,316_3_1,0
161378,316_3_1,0
164862,316_3_1,0
165580,316_3_1,0
161172,316_3_1,0
162324,316_3_1,0
167018,316_3_1,0
161176,316_3_1,0
164501,316_3_1,0
161762,316_3_1,0
161760,316_3_1,0
162849,316_3_1,0
164685,316_3_1,0
162328,316_3_1,0
164129,316_3_1,0
166145,316_3_1,0
164319,316_3_1,0
161948,316_3_1,0
167021,316_3_1,0
166845,316_3_1,0
161184,316_3_1,0
166488,316_3_1,0
161576,316_3_1,0
162154,316_3_1,0
161375,316_3_1,0
167379,316_3_1,0
165581,316_3_1,0
167195,316_3_1,0
167559,316_3_1,0
165953,316_3_1,0
165952,316_3_1,0
167190,316_3_1,0
163938,316_3_1,0
165583,316_3_1,0
162850,316_3_1,0
162661,316_3_1,0
164504,316_3_1,0
161574,316_3_1,0
164681,316_3_1,0
161374,316_3_1,0
166846,316_3_1,0
162326,316_3_1,0
162150,316_3_1,0
163939,316_3_1,0
163522,316_3_1,0
162491,316_3_1,0
162659,316_3_1,0
166670,316_3_1,0
167191,316_3_1,0
167022,316_3_1,0
165951,316_3_1,0
164682,316_3_1,0
165582,316_3_1,0
165760,316_3_1,0
165415,316_3_1,0
20379,108_1_1,0
22789,108_1_1,0
26317,108_1_1,0
24324,108_1_1,0
26131,108_1_1,0
21154,108_1_1,0
23772,108_1_1,0
23368,108_1_1,0
22060,108_1_1,0
23965,108_1_1,0
25594,108_1_1,0
24137,108_1_1,0
22610,108_1_1,0
21524,108_1_1,0
24133,108_1_1,0
21155,108_1_1,0
22786,108_1_1,0
23180,108_1_1,0
24487,108_1_1,0
22794,108_1_1,0
22605,108_1_1,0
23775,108_1_1,0
25588,108_1_1,0
22613,108_1_1,0
25215,108_1_1,0
26692,108_1_1,0
22059,108_1_1,0
20378,108_1_1,0
20567,108_1_1,0
23566,108_1_1,0
20753,108_1_1,0
26135,108_1_1,0
22251,108_1_1,0
20570,108_1_1,0
23177,108_1_1,0
25946,108_1_1,0
22066,108_1_1,0
24847,108_1_1,0
21710,108_1_1,0
21153,108_1_1,0
25948,108_1_1,0
22068,108_1_1,0
22062,108_1_1,0
24668,108_1_1,0
26133,108_1_1,0
26134,108_1_1,0
22612,108_1_1,0
24322,108_1_1,0
21151,108_1_1,0
22253,108_1_1,0
20566,108_1_1,0
24842,108_1_1,0
20959,108_1_1,0
25045,108_1_1,0
21886,108_1_1,0
21152,108_1_1,0
10275,103_1_0,0
7548,103_1_0,0
12944,103_1_0,0
11634,103_1_0,0
7938,103_1_0,0
9476,103_1_0,0
11219,103_1_0,0
11222,103_1_0,0
12756,103_1_0,0
7742,103_1_0,0
11217,103_1_0,0
8371,103_1_0,0
9113,103_1_0,0
8553,103_1_0,0
10620,103_1_0,0
7184,103_1_0,0
7933,103_1_0,0
9876,103_1_0,0
8372,103_1_0,0
10625,103_1_0,0
11225,103_1_0,0
11849,103_1_0,0
13115,103_1_0,0
11223,103_1_0,0
7359,103_1_0,0
9470,103_1_0,0
12414,103_1_0,0
8551,103_1_0,0
11845,103_1_0,0
9107,103_1_0,0
7182,103_1_0,0
6640,103_1_0,0
130645,216_2_1,0
130265,216_2_1,0
128977,216_2_1,0
129519,216_2_1,0
128968,216_2_1,0
133239,216_2_1,0
127669,216_2_1,0
133821,216_2_1,0
93684,204_2_1,0
92180,204_2_1,0
90903,204_2_1,0
88363,204_2_1,0
91464,204_2_1,0
92911,204_2_1,0
88167,204_2_1,0
31978,110_1_0,0
31433,110_1_0,0
32527,110_1_0,0
28941,110_1_0,0
28142,110_1_0,0
31434,110_1_0,0
32528,110_1_0,0
32356,110_1_0,0
27053,110_1_0,0
27959,110_1_0,0
32525,110_1_0,0
30799,110_1_0,0
31014,110_1_0,0
27054,110_1_0,0
29513,110_1_0,0
33427,110_1_0,0
30248,110_1_0,0
29518,110_1_0,0
29701,110_1_0,0
28144,110_1_0,0
29866,110_1_0,0
27253,110_1_0,0
29313,110_1_0,0
27958,110_1_0,0
28939,110_1_0,0
27425,110_1_0,0
32913,110_1_0,0
31007,110_1_0,0
28551,110_1_0,0
30614,110_1_0,0
28756,110_1_0,0
32737,110_1_0,0
32526,110_1_0,0
28140,110_1_0,0
30429,110_1_0,0
30431,110_1_0,0
29698,110_1_0,0
31244,110_1_0,0
28548,110_1_0,0
27250,110_1_0,0
29869,110_1_0,0
32912,110_1_0,0
29127,110_1_0,0
31977,110_1_0,0
31628,110_1_0,0
26864,110_1_0,0
30616,110_1_0,0
32731,110_1_0,0
30042,110_1_0,0
30618,110_1_0,0
27249,110_1_0,0
31436,110_1_0,0
31795,110_1_0,0
29517,110_1_0,0
26861,110_1_0,0
32910,110_1_0,0
31006,110_1_0,0
33430,110_1_0,0
29519,110_1_0,0
28755,110_1_0,0
31435,110_1_0,0
30800,110_1_0,0
27953,110_1_0,0
32728,110_1_0,0
28138,110_1_0,0
27254,110_1_0,0
28552,110_1_0,0
27256,110_1_0,0
33249,110_1_0,0
31630,110_1_0,0
28143,110_1_0,0
32736,110_1_0,0
31239,110_1_0,0
28753,110_1_0,0
31629,110_1_0,0
27251,110_1_0,0
31633,110_1_0,0
31017,110_1_0,0
32160,110_1_0,0
28752,110_1_0,0
33433,110_1_0,0
30044,110_1_0,0
169991,321_3_0,0
174252,321_3_0,0
169611,321_3_0,0
168150,321_3_0,0
173302,321_3_0,0
167971,321_3_0,0
170555,321_3_0,0
173687,321_3_0,0
168694,321_3_0,0
173690,321_3_0,0
167972,321_3_0,0
173491,321_3_0,0
172729,321_3_0,0
174454,321_3_0,0
173684,321_3_0,0
174450,321_3_0,0
168692,321_3_0,0
170176,321_3_0,0
169076,321_3_0,0
172924,321_3_0,0
170364,321_3_0,0
170751,321_3_0,0
169261,321_3_0,0
173303,321_3_0,0
171260,321_3_0,0
171616,321_3_0,0
169074,321_3_0,0
170359,321_3_0,0
169421,321_3_0,0
173300,321_3_0,0
171432,321_3_0,0
169260,321_3_0,0
174449,321_3_0,0
172548,321_3_0,0
170754,321_3_0,0
171434,321_3_0,0
168513,321_3_0,0
169422,321_3_0,0
171817,321_3_0,0
171621,321_3_0,0
168152,321_3_0,0
174451,321_3_0,0
169610,321_3_0,0
168514,321_3_0,0
170363,321_3_0,0
168518,321_3_0,0
174085,321_3_0,0
171100,321_3_0,0
171608,321_3_0,0
173299,321_3_0,0
171815,321_3_0,0
168689,321_3_0,0
171821,321_3_0,0
174086,321_3_0,0
169424,321_3_0,0
167967,321_3_0,0
169255,321_3_0,0
171613,321_3_0,0
171818,321_3_0,0
174082,321_3_0,0
171611,321_3_0,0
167969,321_3_0,0
168691,321_3_0,0
174084,321_3_0,0
169792,321_3_0,0
173301,321_3_0,0
173492,321_3_0,0
172728,321_3_0,0
173489,321_3_0,0
170362,321_3_0,0
172373,321_3_0,0
169795,321_3_0,0
169070,321_3_0,0
170556,321_3_0,0
171614,321_3_0,0
168512,321_3_0,0
2391,101_1_1,0
6260,101_1_1,0
4807,101_1_1,0
1657,101_1_1,0
2219,101_1_1,0
924,101_1_1,0
1496,101_1_1,0
5729,101_1_1,0
138246,219_2_0,0
140796,219_2_0,0
138620,219_2_0,0
138999,219_2_0,0
138240,219_2_0,0
140993,219_2_0,0
137056,219_2_0,0
139919,219_2_0,0
137475,219_2_0,0
135170,219_2_0,0
139563,219_2_0,0
138438,219_2_0,0
139561,219_2_0,0
140616,219_2_0,0
136074,219_2_0,0
140791,219_2_0,0
134419,219_2_0,0
137265,219_2_0,0
138996,219_2_0,0
134424,219_2_0,0
134799,219_2_0,0
139923,219_2_0,0
136474,219_2_0,0
140269,219_2_0,0
134995,219_2_0,0
138436,219_2_0,0
139738,219_2_0,0
137478,219_2_0,0
139373,219_2_0,0
136666,219_2_0,0
138242,219_2_0,0
140438,219_2_0,0
135542,219_2_0,0
137682,219_2_0,0
135712,219_2_0,0
138059,219_2_0,0
140440,219_2_0,0
139564,219_2_0,0
138989,219_2_0,0
140793,219_2_0,0
136471,219_2_0,0
136285,219_2_0,0
140988,219_2_0,0
134423,219_2_0,0
140093,219_2_0,0
134603,219_2_0,0
136287,219_2_0,0
136664,219_2_0,0
138061,219_2_0,0
138244,219_2_0,0
140266,219_2_0,0
137473,219_2_0,0
137060,219_2_0,0
138063,219_2_0,0
139371,219_2_0,0
136470,219_2_0,0
135912,219_2_0,0
137058,219_2_0,0
136469,219_2_0,0
137883,219_2_0,0
140795,219_2_0,0
134420,219_2_0,0
138994,219_2_0,0
140094,219_2_0,0
140614,219_2_0,0
136284,219_2_0,0
136076,219_2_0,0
139185,219_2_0,0
134426,219_2_0,0
138798,219_2_0,0
140270,219_2_0,0
138622,219_2_0,0
138437,219_2_0,0
138243,219_2_0,0
137266,219_2_0,0
137057,219_2_0,0
135171,219_2_0,0
139183,219_2_0,0
139736,219_2_0,0
135359,219_2_0,0
140617,219_2_0,0
139000,219_2_0,0
137477,219_2_0,0
140986,219_2_0,0
140992,219_2_0,0
136075,219_2_0,0
137264,219_2_0,0
138802,219_2_0,0
139920,219_2_0,0
136288,219_2_0,0
139180,219_2_0,0
134798,219_2_0,0
138440,219_2_0,0
138058,219_2_0,0
136879,219_2_0,0
138245,219_2_0,0
136875,219_2_0,0
160057,310_3_0,0
154906,310_3_0,0
158793,310_3_0,0
155597,310_3_0,0
158238,310_3_0,0
157416,310_3_0,0
159679,310_3_0,0
157418,310_3_0,0
155067,310_3_0,0
159327,310_3_0,0
156896,310_3_0,0
155247,310_3_0,0
155601,310_3_0,0
157414,310_3_0,0
158438,310_3_0,0
158436,310_3_0,0
156705,310_3_0,0
156337,310_3_0,0
156165,310_3_0,0
155600,310_3_0,0
156897,310_3_0,0
156339,310_3_0,0
159137,310_3_0,0
155249,310_3_0,0
154907,310_3_0,0
159495,310_3_0,0
155792,310_3_0,0
158025,310_3_0,0
160460,310_3_0,0
157077,310_3_0,0
157079,310_3_0,0
159326,310_3_0,0
158617,310_3_0,0
155991,310_3_0,0
155068,310_3_0,0
158977,310_3_0,0
160463,310_3_0,0
158027,310_3_0,0
158790,310_3_0,0
160999,310_3_0,0
157266,310_3_0,0
154511,310_3_0,0
161000,310_3_0,0
157617,310_3_0,0
160825,310_3_0,0
154518,310_3_0,0
159684,310_3_0,0
160053,310_3_0,0
156898,310_3_0,0
20377,108_1_0,0
24132,108_1_0,0
26519,108_1_0,0
24493,108_1_0,0
23570,108_1_0,0
25947,108_1_0,0
26322,108_1_0,0
25218,108_1_0,0
206749,918_4_0,0
202931,918_4_0,0
205629,918_4_0,0
204199,918_4_0,0
202555,918_4_0,0
207317,918_4_0,0
201646,918_4_0,0
206750,918_4_0,0
207483,918_4_0,0
204724,918_4_0,0
202929,918_4_0,0
201645,918_4_0,0
206958,918_4_0,0
205633,918_4_0,0
207318,918_4_0,0
207872,918_4_0,0
207875,918_4_0,0
204556,918_4_0,0
203842,918_4_0,0
202731,918_4_0,0
207485,918_4_0,0
207688,918_4_0,0
206962,918_4_0,0
206018,918_4_0,0
202183,918_4_0,0
205082,918_4_0,0
205440,918_4_0,0
207874,918_4_0,0
201822,918_4_0,0
207492,918_4_0,0
206373,918_4_0,0
207150,918_4_0,0
204369,918_4_0,0
205450,918_4_0,0
205448,918_4_0,0
154507,105_1_1,0
154519,105_1_1,0
154515,105_1_1,0
17072,105_1_1,0
19854,105_1_1,0
18923,105_1_1,0
18926,105_1_1,0
15017,105_1_1,0
15762,105_1_1,0
17997,105_1_1,0
16544,105_1_1,0
16880,105_1_1,0
13864,105_1_1,0
20034,105_1_1,0
14844,105_1_1,0
16885,105_1_1,0
17999,105_1_1,0
15190,105_1_1,0
13477,105_1_1,0
18748,105_1_1,0
15761,105_1_1,0
16160,105_1_1,0
17996,105_1_1,0
15539,105_1_1,0
11027,103_1_1,0
13280,103_1_1,0
11024,103_1_1,0
11026,103_1_1,0
7549,103_1_1,0
7361,103_1_1,0
10449,103_1_1,0
12761,103_1_1,0
11421,103_1_1,0
11844,103_1_1,0
9474,103_1_1,0
7001,103_1_1,0
8363,103_1_1,0
10448,103_1_1,0
7739,103_1_1,0
64692,122_1_0,0
61541,122_1_0,0
65612,122_1_0,0
63562,122_1_0,0
62276,122_1_0,0
66408,122_1_0,0
63372,122_1_0,0
60960,122_1_0,0
66064,122_1_0,0
66981,122_1_0,0
62096,122_1_0,0
66789,122_1_0,0
65423,122_1_0,0
66223,122_1_0,0
64109,122_1_0,0
60761,122_1_0,0
61539,122_1_0,0
64494,122_1_0,0
60768,122_1_0,0
64289,122_1_0,0
65422,122_1_0,0
62855,122_1_0,0
60771,122_1_0,0
60770,122_1_0,0
64293,122_1_0,0
63740,122_1_0,0
65053,122_1_0,0
63213,122_1_0,0
62652,122_1_0,0
60772,122_1_0,0
66979,122_1_0,0
61719,122_1_0,0
65614,122_1_0,0
60767,122_1_0,0
62654,122_1_0,0
66061,122_1_0,0
61720,122_1_0,0
61540,122_1_0,0
64695,122_1_0,0
63742,122_1_0,0
65051,122_1_0,0
67141,122_1_0,0
63043,122_1_0,0
66402,122_1_0,0
65047,122_1_0,0
60593,122_1_0,0
64885,122_1_0,0
61153,122_1_0,0
65231,122_1_0,0
63375,122_1_0,0
64882,122_1_0,0
65615,122_1_0,0
60588,122_1_0,0
62094,122_1_0,0
63932,122_1_0,0
63929,122_1_0,0
60765,122_1_0,0
61331,122_1_0,0
64881,122_1_0,0
63216,122_1_0,0
61152,122_1_0,0
66060,122_1_0,0
63563,122_1_0,0
61328,122_1_0,0
63045,122_1_0,0
65419,122_1_0,0
64291,122_1_0,0
65425,122_1_0,0
61324,122_1_0,0
62092,122_1_0,0
61911,122_1_0,0
62281,122_1_0,0
65052,122_1_0,0
63928,122_1_0,0
66065,122_1_0,0
60959,122_1_0,0
60590,122_1_0,0
66056,122_1_0,0
67142,122_1_0,0
64886,122_1_0,0
60957,122_1_0,0
64880,122_1_0,0
63741,122_1_0,0
60759,122_1_0,0
61150,122_1_0,0
62850,122_1_0,0
62655,122_1_0,0
61325,122_1_0,0
67140,122_1_0,0
64286,122_1_0,0
64285,122_1_0,0
66977,122_1_0,0
64112,122_1_0,0
60762,122_1_0,0
66792,122_1_0,0
62280,122_1_0,0
17820,105_3_1,0
18385,105_3_1,0
20031,105_3_1,0
18925,105_3_1,0
18931,105_3_1,0
19853,105_3_1,0
17458,105_3_1,0
19855,105_3_1,0
15008,105_3_1,0
111464,210_2_1,0
113724,210_2_1,0
108708,210_2_1,0
112396,210_2_1,0
109233,210_2_1,0
113729,210_2_1,0
111046,210_2_1,0
108141,210_2_1,0
110529,210_2_1,0
112013,210_2_1,0
107547,210_2_1,0
107957,210_2_1,0
112202,210_2_1,0
108139,210_2_1,0
112205,210_2_1,0
111627,210_2_1,0
109980,210_2_1,0
113524,210_2_1,0
113906,210_2_1,0
112203,210_2_1,0
109435,210_2_1,0
111051,210_2_1,0
107552,210_2_1,0
108339,210_2_1,0
110161,210_2_1,0
111249,210_2_1,0
108334,210_2_1,0
112206,210_2_1,0
107544,210_2_1,0
109802,210_2_1,0
112007,210_2_1,0
111461,210_2_1,0
113723,210_2_1,0
112399,210_2_1,0
110159,210_2_1,0
112938,210_2_1,0
108517,210_2_1,0
113523,210_2_1,0
113728,210_2_1,0
112204,210_2_1,0
109983,210_2_1,0
112012,210_2_1,0
110525,210_2_1,0
112583,210_2_1,0
108705,210_2_1,0
110163,210_2_1,0
109804,210_2_1,0
111052,210_2_1,0
112016,210_2_1,0
112014,210_2_1,0
108341,210_2_1,0
110357,210_2_1,0
108519,210_2_1,0
113142,210_2_1,0
112209,210_2_1,0
109984,210_2_1,0
113134,210_2_1,0
107760,210_2_1,0
107553,210_2_1,0
110530,210_2_1,0
107545,210_2_1,0
109803,210_2_1,0
107961,210_2_1,0
113322,210_2_1,0
113909,210_2_1,0
110865,210_2_1,0
113907,210_2_1,0
111246,210_2_1,0
111050,210_2_1,0
109235,210_2_1,0
108516,210_2_1,0
112010,210_2_1,0
112939,210_2_1,0
113526,210_2_1,0
109231,210_2_1,0
111838,210_2_1,0
112207,210_2_1,0
112201,210_2_1,0
109240,210_2_1,0
112765,210_2_1,0
109432,210_2_1,0
107546,210_2_1,0
110528,210_2_1,0
112581,210_2_1,0
113525,210_2_1,0
108337,210_2_1,0
110160,210_2_1,0
112759,210_2_1,0
110864,210_2_1,0
112764,210_2_1,0
58079,119_1_1,0
59244,119_1_1,0
58286,119_1_1,0
55286,119_1_1,0
54385,119_1_1,0
59238,119_1_1,0
56177,119_1_1,0
57116,119_1_1,0
55988,119_1_1,0
55457,119_1_1,0
55461,119_1_1,0
53867,119_1_1,0
55459,119_1_1,0
58085,119_1_1,0
58080,119_1_1,0
59021,119_1_1,0
55463,119_1_1,0
59443,119_1_1,0
235198,926_4_1,0
239385,926_4_1,0
240485,926_4_1,0
241079,926_4_1,0
238611,926_4_1,0
236139,926_4_1,0
237014,926_4_1,0
239386,926_4_1,0
237767,926_4_1,0
241084,926_4_1,0
237408,926_4_1,0
237974,926_4_1,0
239739,926_4_1,0
235777,926_4_1,0
235781,926_4_1,0
240287,926_4_1,0
235964,926_4_1,0
236691,926_4_1,0
240903,926_4_1,0
239383,926_4_1,0
239557,926_4_1,0
240699,926_4_1,0
235201,926_4_1,0
239555,926_4_1,0
234826,926_4_1,0
240696,926_4_1,0
237409,926_4_1,0
238608,926_4_1,0
241083,926_4_1,0
237411,926_4_1,0
240902,926_4_1,0
237605,926_4_1,0
238790,926_4_1,0
238607,926_4_1,0
236148,926_4_1,0
236327,926_4_1,0
237019,926_4_1,0
240488,926_4_1,0
237018,926_4_1,0
237209,926_4_1,0
237602,926_4_1,0
237211,926_4_1,0
239741,926_4_1,0
236517,926_4_1,0
238390,926_4_1,0
241298,926_4_1,0
241297,926_4_1,0
237971,926_4_1,0
235779,926_4_1,0
236328,926_4_1,0
239388,926_4_1,0
241296,926_4_1,0
236325,926_4_1,0
240899,926_4_1,0
236520,926_4_1,0
238792,926_4_1,0
236324,926_4_1,0
238393,926_4_1,0
237405,926_4_1,0
238197,926_4_1,0
236146,926_4_1,0
234827,926_4_1,0
240701,926_4_1,0
238196,926_4_1,0
235386,926_4_1,0
238980,926_4_1,0
238195,926_4_1,0
239738,926_4_1,0
239922,926_4_1,0
238610,926_4_1,0
236322,926_4_1,0
237973,926_4_1,0
240700,926_4_1,0
236141,926_4_1,0
236694,926_4_1,0
235197,926_4_1,0
238392,926_4_1,0
234825,926_4_1,0
239181,926_4_1,0
235576,926_4_1,0
243119,928_4_0,0
244587,928_4_0,0
244588,928_4_0,0
245515,928_4_0,0
243879,928_4_0,0
244768,928_4_0,0
247353,928_4_0,0
247717,928_4_0,0
244061,928_4_0,0
244586,928_4_0,0
241665,928_4_0,0
244058,928_4_0,0
242748,928_4_0,0
245697,928_4_0,0
245702,928_4_0,0
244959,928_4_0,0
247716,928_4_0,0
242563,928_4_0,0
245704,928_4_0,0
242022,928_4_0,0
241669,928_4_0,0
247178,928_4_0,0
246441,928_4_0,0
243301,928_4_0,0
244963,928_4_0,0
242749,928_4_0,0
244961,928_4_0,0
246434,928_4_0,0
247919,928_4_0,0
242014,928_4_0,0
244410,928_4_0,0
246820,928_4_0,0
244224,928_4_0,0
244226,928_4_0,0
248131,928_4_0,0
242562,928_4_0,0
247352,928_4_0,0
243676,928_4_0,0
246443,928_4_0,0
245705,928_4_0,0
244230,928_4_0,0
248130,928_4_0,0
241666,928_4_0,0
247913,928_4_0,0
246629,928_4_0,0
244062,928_4_0,0
244766,928_4_0,0
242367,928_4_0,0
243300,928_4_0,0
246433,928_4_0,0
243117,928_4_0,0
242370,928_4_0,0
242017,928_4_0,0
246436,928_4_0,0
244767,928_4_0,0
247357,928_4_0,0
244406,928_4_0,0
248125,928_4_0,0
242206,928_4_0,0
243673,928_4_0,0
245142,928_4_0,0
242927,928_4_0,0
243118,928_4_0,0
247917,928_4_0,0
246628,928_4_0,0
247179,928_4_0,0
244229,928_4_0,0
244411,928_4_0,0
248128,928_4_0,0
245707,928_4_0,0
245319,928_4_0,0
244962,928_4_0,0
244059,928_4_0,0
247534,928_4_0,0
245698,928_4_0,0
243674,928_4_0,0
246057,928_4_0,0
246438,928_4_0,0
243299,928_4_0,0
245701,928_4_0,0
245699,928_4_0,0
242024,928_4_0,0
247914,928_4_0,0
243296,928_4_0,0
245700,928_4_0,0
245511,928_4_0,0
246442,928_4_0,0
243120,928_4_0,0
242210,928_4_0,0
244407,928_4_0,0
243877,928_4_0,0
245708,928_4_0,0
245322,928_4_0,0
242019,928_4_0,0
243874,928_4_0,0
246247,928_4_0,0
241664,928_4_0,0
247532,928_4_0,0
244960,928_4_0,0
245696,928_4_0,0
242368,928_4_0,0
243675,928_4_0,0
241667,928_4_0,0
241670,928_4_0,0
245876,928_4_0,0
241865,928_4_0,0
243875,928_4_0,0
245318,928_4_0,0
246245,928_4_0,0
247355,928_4_0,0
246435,928_4_0,0
242015,928_4_0,0
241668,928_4_0,0
248132,928_4_0,0
247920,928_4_0,0
244964,928_4_0,0
245703,928_4_0,0
243113,928_4_0,0
245144,928_4_0,0
246992,928_4_0,0
242018,928_4_0,0
192903,909_4_1,0
194376,909_4_1,0
189013,909_4_1,0
194027,909_4_1,0
192711,909_4_1,0
188043,909_4_1,0
189574,909_4_1,0
193450,909_4_1,0
193637,909_4_1,0
192707,909_4_1,0
191793,909_4_1,0
189019,909_4_1,0
188234,909_4_1,0
189938,909_4_1,0
188412,909_4_1,0
193449,909_4_1,0
190469,909_4_1,0
189767,909_4_1,0
191792,909_4_1,0
193454,909_4_1,0
190851,909_4_1,0
190663,909_4_1,0
191030,909_4_1,0
188242,909_4_1,0
188818,909_4_1,0
191791,909_4_1,0
190849,909_4_1,0
190286,909_4_1,0
189399,909_4_1,0
189396,909_4_1,0
193836,909_4_1,0
191960,909_4_1,0
190853,909_4_1,0
191222,909_4_1,0
189941,909_4_1,0
192906,909_4_1,0
190117,909_4_1,0
188240,909_4_1,0
190667,909_4_1,0
188244,909_4_1,0
192705,909_4_1,0
189576,909_4_1,0
190291,909_4_1,0
193840,909_4_1,0
190463,909_4_1,0
190290,909_4_1,0
192704,909_4_1,0
189398,909_4_1,0
194560,909_4_1,0
190287,909_4_1,0
192138,909_4_1,0
192493,909_4_1,0
191795,909_4_1,0
190119,909_4_1,0
188235,909_4_1,0
191033,909_4_1,0
189198,909_4_1,0
193839,909_4_1,0
193835,909_4_1,0
192496,909_4_1,0
193090,909_4_1,0
190285,909_4_1,0
190123,909_4_1,0
192709,909_4_1,0
190284,909_4_1,0
189197,909_4_1,0
189016,909_4_1,0
188816,909_4_1,0
191593,909_4_1,0
192137,909_4_1,0
190282,909_4_1,0
189575,909_4_1,0
190846,909_4_1,0
194372,909_4_1,0
188243,909_4_1,0
189012,909_4_1,0
190466,909_4_1,0
192492,909_4_1,0
190288,909_4_1,0
192494,909_4_1,0
189017,909_4_1,0
188416,909_4_1,0
193085,909_4_1,0
193453,909_4_1,0
190666,909_4_1,0
191961,909_4_1,0
192909,909_4_1,0
194375,909_4_1,0
191401,909_4_1,0
191794,909_4_1,0
191400,909_4_1,0
194371,909_4_1,0
190845,909_4_1,0
192495,909_4_1,0
192309,909_4_1,0
189202,909_4_1,0
192136,909_4_1,0
190844,909_4_1,0
191032,909_4_1,0
192712,909_4_1,0
190122,909_4_1,0
188245,909_4_1,0
194378,909_4_1,0
190850,909_4_1,0
191034,909_4_1,0
193451,909_4_1,0
191399,909_4_1,0
190468,909_4_1,0
191590,909_4_1,0
194186,909_4_1,0
188413,909_4_1,0
192710,909_4_1,0
189764,909_4_1,0
189937,909_4_1,0
188238,909_4_1,0
188620,909_4_1,0
190124,909_4_1,0
192135,909_4_1,0
188239,909_4_1,0
188233,909_4_1,0
215305,921_4_0,0
215835,921_4_0,0
218266,921_4_0,0
216953,921_4_0,0
221185,921_4_0,0
216769,921_4_0,0
218663,921_4_0,0
216767,921_4_0,0
219830,921_4_0,0
215307,921_4_0,0
221352,921_4_0,0
221354,921_4_0,0
215487,921_4_0,0
215304,921_4_0,0
215103,921_4_0,0
219631,921_4_0,0
216046,921_4_0,0
215833,921_4_0,0
218076,921_4_0,0
220601,921_4_0,0
216576,921_4_0,0
220228,921_4_0,0
219250,921_4_0,0
217883,921_4_0,0
216766,921_4_0,0
219827,921_4_0,0
217335,921_4_0,0
219826,921_4_0,0
216772,921_4_0,0
214737,921_4_0,0
221181,921_4_0,0
215104,921_4_0,0
214923,921_4_0,0
214735,921_4_0,0
219832,921_4_0,0
218078,921_4_0,0
217331,921_4_0,0
215488,921_4_0,0
221356,921_4_0,0
219058,921_4_0,0
214731,921_4_0,0
215837,921_4_0,0
219829,921_4_0,0
219442,921_4_0,0
221348,921_4_0,0
217698,921_4_0,0
220785,921_4_0,0
216768,921_4_0,0
215107,921_4_0,0
218668,921_4_0,0
220603,921_4_0,0
217700,921_4_0,0
217702,921_4_0,0
221180,921_4_0,0
218888,921_4_0,0
217701,921_4_0,0
218475,921_4_0,0
218662,921_4_0,0
216771,921_4_0,0
217507,921_4_0,0
214920,921_4_0,0
216050,921_4_0,0
220604,921_4_0,0
215306,921_4_0,0
217696,921_4_0,0
215303,921_4_0,0
214736,921_4_0,0
217882,921_4_0,0
216577,921_4_0,0
216951,921_4_0,0
217329,921_4_0,0
215831,921_4_0,0
218264,921_4_0,0
218267,921_4_0,0
215836,921_4_0,0
220430,921_4_0,0
219831,921_4_0,0
220023,921_4_0,0
217334,921_4_0,0
219828,921_4_0,0
219443,921_4_0,0
214734,921_4_0,0
215672,921_4_0,0
215675,921_4_0,0
219448,921_4_0,0
220791,921_4_0,0
218886,921_4_0,0
220226,921_4_0,0
216578,921_4_0,0
218074,921_4_0,0
219834,921_4_0,0
217326,921_4_0,0
219632,921_4_0,0
215105,921_4_0,0
219637,921_4_0,0
216048,921_4_0,0
220429,921_4_0,0
220022,921_4_0,0
217336,921_4_0,0
216954,921_4_0,0
215109,921_4_0,0
218667,921_4_0,0
220788,921_4_0,0
109236,210_2_0,0
113141,210_2_0,0
112943,210_2_0,0
112015,210_2_0,0
108338,210_2_0,0
112941,210_2_0,0
113138,210_2_0,0
111049,210_2_0,0
108140,210_2_0,0
580,101_1_0,0
1844,101_1_0,0
582,101_1_0,0
1493,101_1_0,0
1114,101_1_0,0
5730,101_1_0,0
3151,101_1_0,0
404,101_1_0,0
4465,101_1_0,0
5550,101_1_0,0
6261,101_1_0,0
29,101_1_0,0
4637,101_1_0,0
1310,101_1_0,0
6100,101_1_0,0
3916,101_1_0,0
2400,101_1_0,0
5548,101_1_0,0
220,101_1_0,0
4108,101_1_0,0
208758,919_4_1,0
211362,919_4_1,0
214024,919_4_1,0
211892,919_4_1,0
209697,919_4_1,0
210998,919_4_1,0
211893,919_4_1,0
211003,919_4_1,0
210066,919_4_1,0
209692,919_4_1,0
212450,919_4_1,0
209512,919_4_1,0
210262,919_4_1,0
208398,919_4_1,0
214020,919_4_1,0
209513,919_4_1,0
213843,919_4_1,0
209338,919_4_1,0
210999,919_4_1,0
212246,919_4_1,0
209693,919_4_1,0
208951,919_4_1,0
214229,919_4_1,0
211894,919_4_1,0
208589,919_4_1,0
210258,919_4_1,0
211000,919_4_1,0
213038,919_4_1,0
212446,919_4_1,0
211360,919_4_1,0
212242,919_4_1,0
208055,919_4_1,0
208401,919_4_1,0
208397,919_4_1,0
214022,919_4_1,0
212243,919_4_1,0
210638,919_4_1,0
214231,919_4_1,0
214023,919_4_1,0
213033,919_4_1,0
213629,919_4_1,0
211538,919_4_1,0
208396,919_4_1,0
208225,919_4_1,0
210810,919_4_1,0
213432,919_4_1,0
212073,919_4_1,0
210257,919_4_1,0
209341,919_4_1,0
208400,919_4_1,0
210438,919_4_1,0
208762,919_4_1,0
212640,919_4_1,0
209336,919_4_1,0
212835,919_4_1,0
209503,919_4_1,0
213032,919_4_1,0
209149,919_4_1,0
211002,919_4_1,0
210259,919_4_1,0
122862,214_2_0,0
121567,214_2_0,0
127498,214_2_0,0
122316,214_2_0,0
124507,214_2_0,0
122486,214_2_0,0
123053,214_2_0,0
126888,214_2_0,0
125761,214_2_0,0
125409,214_2_0,0
121761,214_2_0,0
122491,214_2_0,0
121565,214_2_0,0
125213,214_2_0,0
122866,214_2_0,0
121223,214_2_0,0
127283,214_2_0,0
123596,214_2_0,0
126893,214_2_0,0
127276,214_2_0,0
123597,214_2_0,0
125035,214_2_0,0
123956,214_2_0,0
125597,214_2_0,0
125029,214_2_0,0
123773,214_2_0,0
123769,214_2_0,0
124505,214_2_0,0
126305,214_2_0,0
121220,214_2_0,0
125931,214_2_0,0
125227,214_2_0,0
123227,214_2_0,0
124673,214_2_0,0
125037,214_2_0,0
121576,214_2_0,0
123229,214_2_0,0
121224,214_2_0,0
121942,214_2_0,0
125939,214_2_0,0
123400,214_2_0,0
125230,214_2_0,0
119346,213_2_1,0
114681,213_2_1,0
116148,213_2_1,0
115067,213_2_1,0
115820,213_2_1,0
114480,213_2_1,0
116153,213_2_1,0
118027,213_2_1,0
115069,213_2_1,0
114479,213_2_1,0
114679,213_2_1,0
119177,213_2_1,0
118239,213_2_1,0
118973,213_2_1,0
119889,213_2_1,0
117262,213_2_1,0
115628,213_2_1,0
118803,213_2_1,0
115060,213_2_1,0
118025,213_2_1,0
119512,213_2_1,0
116145,213_2_1,0
116152,213_2_1,0
116150,213_2_1,0
115448,213_2_1,0
118800,213_2_1,0
116513,213_2_1,0
115986,213_2_1,0
118806,213_2_1,0
118405,213_2_1,0
115061,213_2_1,0
119694,213_2_1,0
118972,213_2_1,0
115985,213_2_1,0
115444,213_2_1,0
114881,213_2_1,0
118407,213_2_1,0
119695,213_2_1,0
120067,213_2_1,0
117463,213_2_1,0
119511,213_2_1,0
114283,213_2_1,0
116146,213_2_1,0
117067,213_2_1,0
119348,213_2_1,0
117461,213_2_1,0
119885,213_2_1,0
114285,213_2_1,0
117265,213_2_1,0
119507,213_2_1,0
119890,213_2_1,0
118599,213_2_1,0
114882,213_2_1,0
120654,213_2_1,0
119171,213_2_1,0
115447,213_2_1,0
116509,213_2_1,0
118241,213_2_1,0
117079,213_2_1,0
117845,213_2_1,0
115073,213_2_1,0
115988,213_2_1,0
115451,213_2_1,0
119517,213_2_1,0
35150,111_1_0,0
34023,111_1_0,0
35731,111_1_0,0
38953,111_1_0,0
33636,111_1_0,0
39700,111_1_0,0
39155,111_1_0,0
37444,111_1_0,0
35735,111_1_0,0
37244,111_1_0,0
40063,111_1_0,0
39337,111_1_0,0
38952,111_1_0,0
38222,111_1_0,0
33834,111_1_0,0
38018,111_1_0,0
38951,111_1_0,0
33830,111_1_0,0
33635,111_1_0,0
37638,111_1_0,0
36684,111_1_0,0
35929,111_1_0,0
36295,111_1_0,0
37440,111_1_0,0
35525,111_1_0,0
34797,111_1_0,0
36688,111_1_0,0
36877,111_1_0,0
36870,111_1_0,0
37070,111_1_0,0
39707,111_1_0,0
35333,111_1_0,0
34211,111_1_0,0
36146,111_1_0,0
37451,111_1_0,0
37642,111_1_0,0
35739,111_1_0,0
31245,110_1_1,0
29865,110_1_1,0
26865,110_1_1,0
27057,110_1_1,0
29309,110_1_1,0
32161,110_1_1,0
29125,110_1_1,0
29129,110_1_1,0
30801,110_1_1,0
31796,110_1_1,0
27426,110_1_1,0
27429,110_1_1,0
29515,110_1_1,0
27052,110_1_1,0
29312,110_1_1,0
28938,110_1_1,0
31016,110_1_1,0
30432,110_1_1,0
30430,110_1_1,0
30040,110_1_1,0
31015,110_1_1,0
27957,110_1_1,0
30049,110_1_1,0
33251,110_1_1,0
30805,110_1_1,0
27776,110_1_1,0
144317,303_3_0,0
145837,303_3_0,0
143019,303_3_0,0
143388,303_3_0,0
146961,303_3_0,0
147322,303_3_0,0
145068,303_3_0,0
143020,303_3_0,0
144124,303_3_0,0
145063,303_3_0,0
145633,303_3_0,0
143773,303_3_0,0
141678,303_3_0,0
146407,303_3_0,0
143958,303_3_0,0
144495,303_3_0,0
141680,303_3_0,0
146409,303_3_0,0
141366,303_3_0,0
147518,303_3_0,0
141685,303_3_0,0
146956,303_3_0,0
141519,303_3_0,0
142258,303_3_0,0
146036,303_3_0,0
145062,303_3_0,0
143574,303_3_0,0
142666,303_3_0,0
145434,303_3_0,0
144864,303_3_0,0
143393,303_3_0,0
147318,303_3_0,0
145431,303_3_0,0
144498,303_3_0,0
143770,303_3_0,0
141520,303_3_0,0
142847,303_3_0,0
141362,303_3_0,0
145226,303_3_0,0
145634,303_3_0,0
143573,303_3_0,0
146776,303_3_0,0
144494,303_3_0,0
143572,303_3_0,0
142259,303_3_0,0
146410,303_3_0,0
146778,303_3_0,0
145834,303_3_0,0
144127,303_3_0,0
144316,303_3_0,0
143571,303_3_0,0
146034,303_3_0,0
141872,303_3_0,0
144319,303_3_0,0
142846,303_3_0,0
141521,303_3_0,0
142664,303_3_0,0
146967,303_3_0,0
146043,303_3_0,0
141525,303_3_0,0
143203,303_3_0,0
142848,303_3_0,0
226499,922_4_1,0
224712,922_4_1,0
224363,922_4_1,0
225801,922_4_1,0
227254,922_4_1,0
225808,922_4_1,0
223236,922_4_1,0
224361,922_4_1,0
226494,922_4_1,0
224007,922_4_1,0
225627,922_4_1,0
226350,922_4_1,0
226188,922_4_1,0
224716,922_4_1,0
224891,922_4_1,0
224006,922_4_1,0
227809,922_4_1,0
222105,922_4_1,0
226187,922_4_1,0
225249,922_4_1,0
227445,922_4_1,0
223441,922_4_1,0
225448,922_4_1,0
226185,922_4_1,0
225805,922_4_1,0
224714,922_4_1,0
227061,922_4_1,0
223012,922_4_1,0
222498,922_4_1,0
225620,922_4_1,0
222680,922_4_1,0
223439,922_4_1,0
223015,922_4_1,0
227448,922_4_1,0
224715,922_4_1,0
224537,922_4_1,0
226190,922_4_1,0
221915,922_4_1,0
224359,922_4_1,0
221916,922_4_1,0
224008,922_4_1,0
225445,922_4_1,0
227811,922_4_1,0
223231,922_4_1,0
225804,922_4_1,0
227253,922_4_1,0
222288,922_4_1,0
227250,922_4_1,0
222285,922_4_1,0
227060,922_4_1,0
225622,922_4_1,0
225061,922_4_1,0
227812,922_4_1,0
225803,922_4_1,0
225250,922_4_1,0
224009,922_4_1,0
224886,922_4_1,0
225251,922_4_1,0
222502,922_4_1,0
223009,922_4_1,0
226865,922_4_1,0
226498,922_4_1,0
222496,922_4_1,0
223806,922_4_1,0
226349,922_4_1,0
227618,922_4_1,0
226184,922_4_1,0
223233,922_4_1,0
225626,922_4_1,0
225060,922_4_1,0
223805,922_4_1,0
226866,922_4_1,0
227807,922_4_1,0
222286,922_4_1,0
227617,922_4_1,0
227251,922_4_1,0
226867,922_4_1,0
223442,922_4_1,0
225252,922_4_1,0
222501,922_4_1,0
224536,922_4_1,0
221542,922_4_1,0
226493,922_4_1,0
223011,922_4_1,0
221546,922_4_1,0
221914,922_4_1,0
223438,922_4_1,0
222499,922_4_1,0
228009,922_4_1,0
223436,922_4_1,0
227062,922_4_1,0
225813,922_4_1,0
226006,922_4_1,0
226355,922_4_1,0
224366,922_4_1,0
223608,922_4_1,0
224900,922_4_1,0
226506,922_4_1,0
222296,922_4_1,0
225450,922_4_1,0
222292,922_4_1,0
226007,922_4_1,0
225811,922_4_1,0
227065,922_4_1,0
223447,922_4_1,0
227261,922_4_1,0
8904,103_1_0,0
6638,103_1_0,0
6999,103_1_0,0
12758,103_1_0,0
9469,103_1_0,0
11843,103_1_0,0
8147,103_1_0,0
12768,103_1_0,0
9118,103_1_0,0
12238,103_1_0,0
10285,103_1_0,0
11855,103_1_0,0
10629,103_1_0,0
8558,103_1_0,0
7366,103_1_0,0
7191,103_1_0,0
8149,103_1_0,0
12766,103_1_0,0
7198,103_1_0,0
10829,103_1_0,0
11853,103_1_0,0
11032,103_1_0,0
9663,103_1_0,0
3728,101_1_1,0
2226,101_1_1,0
411,101_1_1,0
5388,101_1_1,0
226,101_1_1,0
3331,101_1_1,0
4645,101_1_1,0
3918,101_1_1,0
6262,101_1_1,0
1317,101_1_1,0
5556,101_1_1,0
2979,101_1_1,0
1663,101_1_1,0
1120,101_1_1,0
1116,101_1_1,0
3519,101_1_1,0
5555,101_1_1,0
9108,105_3_0,0
9286,105_3_0,0
8726,105_3_0,0
10442,105_3_0,0
9290,105_3_0,0
10825,105_3_0,0
9110,105_3_0,0
9109,105_3_0,0
9289,105_3_0,0
10824,105_3_0,0
8903,105_3_0,0
8729,105_3_0,0
9111,105_3_0,0
2220,105_3_0,0
4110,105_3_0,0
10447,105_3_0,0
8901,105_3_0,0
9287,105_3_0,0
10445,105_3_0,0
13866,105_3_0,0
16356,105_3_0,0
17075,105_3_0,0
15009,105_3_0,0
19851,105_3_0,0
17272,105_3_0,0
16546,105_3_0,0
17617,105_3_0,0
15953,105_3_0,0
17273,105_3_0,0
16157,105_3_0,0
20042,105_3_0,0
15203,105_3_0,0
15551,105_3_0,0
15366,105_3_0,0
16894,105_3_0,0
14653,105_3_0,0
16359,105_3_0,0
16897,105_3_0,0
15770,105_3_0,0
63044,122_1_1,0
63377,122_1_1,0
65048,122_1_1,0
63561,122_1_1,0
60773,122_1_1,0
64298,122_1_1,0
62471,122_1_1,0
61333,122_1_1,0
66623,122_1_1,0
62100,122_1_1,0
61914,122_1_1,0
60784,122_1_1,0
63567,122_1_1,0
60779,122_1_1,0
64295,122_1_1,0
64116,122_1_1,0
66071,122_1_1,0
149195,305_3_1,0
148447,305_3_1,0
152896,305_3_1,0
151077,305_3_1,0
148827,305_3_1,0
148639,305_3_1,0
151616,305_3_1,0
153976,305_3_1,0
151800,305_3_1,0
151612,305_3_1,0
152720,305_3_1,0
150694,305_3_1,0
153772,305_3_1,0
151617,305_3_1,0
152718,305_3_1,0
153064,305_3_1,0
152137,305_3_1,0
152139,305_3_1,0
154164,305_3_1,0
154165,305_3_1,0
152724,305_3_1,0
153780,305_3_1,0
153779,305_3_1,0
150533,305_3_1,0
147892,305_3_1,0
151973,305_3_1,0
154329,305_3_1,0
149961,305_3_1,0
175245,325_3_0,0
176634,325_3_0,0
176989,325_3_0,0
175032,325_3_0,0
176990,325_3_0,0
180354,325_3_0,0
178296,325_3_0,0
176429,325_3_0,0
181241,325_3_0,0
175658,325_3_0,0
175665,325_3_0,0
178294,325_3_0,0
180897,325_3_0,0
175663,325_3_0,0
176631,325_3_0,0
178819,325_3_0,0
180363,325_3_0,0
177345,325_3_0,0
179201,325_3_0,0
181090,325_3_0,0
175449,325_3_0,0
175453,325_3_0,0
179001,325_3_0,0
179787,325_3_0,0
175447,325_3_0,0
176027,325_3_0,0
180705,325_3_0,0
175031,325_3_0,0
179390,325_3_0,0
180708,325_3_0,0
176229,325_3_0,0
180171,325_3_0,0
175659,325_3_0,0
181088,325_3_0,0
180170,325_3_0,0
176992,325_3_0,0
178118,325_3_0,0
180900,325_3_0,0
176428,325_3_0,0
179577,325_3_0,0
177903,325_3_0,0
179391,325_3_0,0
178116,325_3_0,0
178470,325_3_0,0
175452,325_3_0,0
175451,325_3_0,0
176802,325_3_0,0
178297,325_3_0,0
175664,325_3_0,0
178111,325_3_0,0
178816,325_3_0,0
174664,325_3_0,0
175444,325_3_0,0
176795,325_3_0,0
179587,325_3_0,0
180175,325_3_0,0
177913,325_3_0,0
180177,325_3_0,0
177538,325_3_0,0
180905,325_3_0,0
175038,325_3_0,0
175668,325_3_0,0
179209,325_3_0,0
178123,325_3_0,0
181247,325_3_0,0
179793,325_3_0,0
174853,325_3_0,0
176432,325_3_0,0
179580,325_3_0,0
174852,325_3_0,0
181096,325_3_0,0
71527,125_1_0,0
72077,125_1_0,0
73732,125_1_0,0
69416,125_1_0,0
69039,125_1_0,0
72815,125_1_0,0
67721,125_1_0,0
68865,125_1_0,0
69607,125_1_0,0
69796,125_1_0,0
71331,125_1_0,0
73728,125_1_0,0
72649,125_1_0,0
72811,125_1_0,0
73535,125_1_0,0
68134,125_1_0,0
71530,125_1_0,0
71896,125_1_0,0
71731,125_1_0,0
67339,125_1_0,0
70177,125_1_0,0
69041,125_1_0,0
72653,125_1_0,0
67526,125_1_0,0
67527,125_1_0,0
71726,125_1_0,0
67726,125_1_0,0
73731,125_1_0,0
71727,125_1_0,0
72079,125_1_0,0
70178,125_1_0,0
73354,125_1_0,0
71730,125_1_0,0
68330,125_1_0,0
72267,125_1_0,0
68864,125_1_0,0
71897,125_1_0,0
69606,125_1_0,0
71156,125_1_0,0
68866,125_1_0,0
73533,125_1_0,0
70384,125_1_0,0
70570,125_1_0,0
69412,125_1_0,0
71724,125_1_0,0
69613,125_1_0,0
72816,125_1_0,0
67338,125_1_0,0
70976,125_1_0,0
69417,125_1_0,0
70758,125_1_0,0
68669,125_1_0,0
68868,125_1_0,0
69798,125_1_0,0
72812,125_1_0,0
69229,125_1_0,0
67927,125_1_0,0
68136,125_1_0,0
68332,125_1_0,0
73351,125_1_0,0
67522,125_1_0,0
70381,125_1_0,0
71329,125_1_0,0
72269,125_1_0,0
71157,125_1_0,0
67336,125_1_0,0
67924,125_1_0,0
69988,125_1_0,0
73927,125_1_0,0
70382,125_1_0,0
71526,125_1_0,0
69609,125_1_0,0
70179,125_1_0,0
67932,125_1_0,0
71904,125_1_0,0
69424,125_1_0,0
72458,125_1_0,0
67931,125_1_0,0
69992,125_1_0,0
71534,125_1_0,0
45848,113_2_1,0
43120,113_2_1,0
41178,113_2_1,0
41751,113_2_1,0
46568,113_2_1,0
43647,113_2_1,0
41748,113_2_1,0
44014,113_2_1,0
40992,113_2_1,0
42732,113_2_1,0
46215,113_2_1,0
45655,113_2_1,0
45314,113_2_1,0
41564,113_2_1,0
42922,113_2_1,0
41565,113_2_1,0
45656,113_2_1,0
43811,113_2_1,0
42730,113_2_1,0
46974,113_2_1,0
44395,113_2_1,0
46574,113_2_1,0
45313,113_2_1,0
44590,113_2_1,0
44013,113_2_1,0
43646,113_2_1,0
40839,113_2_1,0
41563,113_2_1,0
43119,113_2_1,0
40990,113_2_1,0
40993,113_2_1,0
44762,113_2_1,0
42555,113_2_1,0
46402,113_2_1,0
43461,113_2_1,0
45320,113_2_1,0
40645,113_2_1,0
44022,113_2_1,0
45321,113_2_1,0
41756,113_2_1,0
46785,113_2_1,0
44769,113_2_1,0
41759,113_2_1,0
40646,113_2_1,0
44020,113_2_1,0
41568,113_2_1,0
45322,113_2_1,0
86922,202_2_1,0
82438,202_2_1,0
81540,202_2_1,0
86399,202_2_1,0
84108,202_2_1,0
86011,202_2_1,0
81899,202_2_1,0
86397,202_2_1,0
85839,202_2_1,0
81362,202_2_1,0
83909,202_2_1,0
81542,202_2_1,0
84699,202_2_1,0
87262,202_2_1,0
83514,202_2_1,0
82591,202_2_1,0
86010,202_2_1,0
80832,202_2_1,0
85642,202_2_1,0
82775,202_2_1,0
83910,202_2_1,0
87260,202_2_1,0
82076,202_2_1,0
83320,202_2_1,0
81900,202_2_1,0
82780,202_2_1,0
85641,202_2_1,0
84893,202_2_1,0
85646,202_2_1,0
81736,202_2_1,0
83323,202_2_1,0
81003,202_2_1,0
83143,202_2_1,0
81005,202_2_1,0
86923,202_2_1,0
81002,202_2_1,0
84322,202_2_1,0
81903,202_2_1,0
85088,202_2_1,0
82776,202_2_1,0
86396,202_2_1,0
81905,202_2_1,0
86587,202_2_1,0
86009,202_2_1,0
82269,202_2_1,0
82439,202_2_1,0
86589,202_2_1,0
85084,202_2_1,0
82593,202_2_1,0
81901,202_2_1,0
83912,202_2_1,0
82437,202_2_1,0
86015,202_2_1,0
82270,202_2_1,0
82774,202_2_1,0
85836,202_2_1,0
81173,202_2_1,0
87270,202_2_1,0
86745,202_2_1,0
86398,202_2_1,0
84326,202_2_1,0
82777,202_2_1,0
83142,202_2_1,0
85276,202_2_1,0
82265,202_2_1,0
84324,202_2_1,0
84327,202_2_1,0
85085,202_2_1,0
81539,202_2_1,0
80831,202_2_1,0
81740,202_2_1,0
85643,202_2_1,0
82267,202_2_1,0
81004,202_2_1,0
85835,202_2_1,0
84515,202_2_1,0
84104,202_2_1,0
85837,202_2_1,0
84105,202_2_1,0
82592,202_2_1,0
84517,202_2_1,0
81365,202_2_1,0
81364,202_2_1,0
81171,202_2_1,0
83911,202_2_1,0
84520,202_2_1,0
87267,202_2_1,0
82077,202_2_1,0
86921,202_2_1,0
84894,202_2_1,0
81738,202_2_1,0
85482,202_2_1,0
80843,202_2_1,0
83145,202_2_1,0
83146,202_2_1,0
86195,202_2_1,0
83148,202_2_1,0
85478,202_2_1,0
84898,202_2_1,0
83519,202_2_1,0
84114,202_2_1,0
86400,202_2_1,0
86594,202_2_1,0
85278,202_2_1,0
82781,202_2_1,0
84903,202_2_1,0
86401,202_2_1,0
83524,202_2_1,0
85846,202_2_1,0
83149,202_2_1,0
13279,108_4_0,0
13274,108_4_0,0
12227,108_4_0,0
12938,108_4_0,0
12566,108_4_0,0
12754,108_4_0,0
13277,108_4_0,0
12409,108_4_0,0
13113,108_4_0,0
19478,108_4_0,0
19102,108_4_0,0
19291,108_4_0,0
19657,108_4_0,0
18924,108_4_0,0
20036,108_4_0,0
18927,108_4_0,0
19483,108_4_0,0
19295,108_4_0,0
19294,108_4_0,0
19852,108_4_0,0
19107,108_4_0,0
18928,108_4_0,0
18929,108_4_0,0
19660,108_4_0,0
19482,108_4_0,0
18930,108_4_0,0
19655,108_4_0,0
19105,108_4_0,0
18922,108_4_0,0
12943,108_4_0,0
13281,108_4_0,0
12759,108_4_0,0
13116,108_4_0,0
12568,108_4_0,0
20035,108_4_0,0
19292,108_4_0,0
19104,108_4_0,0
20030,108_4_0,0
19289,108_4_0,0
19480,108_4_0,0
19290,108_4_0,0
19659,108_4_0,0
24843,108_4_0,0
22606,108_4_0,0
20209,108_4_0,0
25592,108_4_0,0
25042,108_4_0,0
20211,108_4_0,0
20752,108_4_0,0
21330,108_4_0,0
23962,108_4_0,0
22607,108_4_0,0
25044,108_4_0,0
24671,108_4_0,0
26138,108_4_0,0
26694,108_4_0,0
20757,108_4_0,0
25786,108_4_0,0
24851,108_4_0,0
22618,108_4_0,0
24141,108_4_0,0
23780,108_4_0,0
24677,108_4_0,0
24681,108_4_0,0
23380,108_4_0,0
23972,108_4_0,0
22796,108_4_0,0
21158,108_4_0,0
23183,108_4_0,0
21714,108_4_0,0
171098,321_3_1,0
171615,321_3_1,0
169797,321_3_1,0
171437,321_3_1,0
174455,321_3_1,0
169609,321_3_1,0
168517,321_3_1,0
170551,321_3_1,0
174255,321_3_1,0
172921,321_3_1,0
172547,321_3_1,0
170917,321_3_1,0
173686,321_3_1,0
173688,321_3_1,0
173484,321_3_1,0
170552,321_3_1,0
171619,321_3_1,0
172925,321_3_1,0
169071,321_3_1,0
171819,321_3_1,0
171436,321_3_1,0
169423,321_3_1,0
171822,321_3_1,0
173485,321_3_1,0
169794,321_3_1,0
169075,321_3_1,0
169801,321_3_1,0
173118,321_3_1,0
173696,321_3_1,0
170561,321_3_1,0
169806,321_3_1,0
170366,321_3_1,0
171830,321_3_1,0
172010,321_3_1,0
168891,321_3_1,0
169430,321_3_1,0
173116,321_3_1,0
234632,925_4_0,0
233917,925_4_0,0
233912,925_4_0,0
232057,925_4_0,0
231338,925_4_0,0
233199,925_4_0,0
230423,925_4_0,0
228545,925_4_0,0
233569,925_4_0,0
233378,925_4_0,0
233200,925_4_0,0
233198,925_4_0,0
229862,925_4_0,0
234638,925_4_0,0
228377,925_4_0,0
233014,925_4_0,0
228893,925_4_0,0
231878,925_4_0,0
230758,925_4_0,0
233565,925_4_0,0
231335,925_4_0,0
232636,925_4_0,0
234119,925_4_0,0
233380,925_4_0,0
232056,925_4_0,0
228543,925_4_0,0
234285,925_4_0,0
229471,925_4_0,0
232814,925_4_0,0
232813,925_4_0,0
229077,925_4_0,0
234123,925_4_0,0
234452,925_4_0,0
231143,925_4_0,0
234634,925_4_0,0
229654,925_4_0,0
232439,925_4_0,0
228544,925_4_0,0
228539,925_4_0,0
228536,925_4_0,0
232816,925_4_0,0
230059,925_4_0,0
229279,925_4_0,0
234451,925_4_0,0
233019,925_4_0,0
228182,925_4_0,0
231526,925_4_0,0
234456,925_4_0,0
231333,925_4_0,0
230058,925_4_0,0
232055,925_4_0,0
234120,925_4_0,0
234124,925_4_0,0
231694,925_4_0,0
234122,925_4_0,0
233570,925_4_0,0
228184,925_4_0,0
229280,925_4_0,0
231698,925_4_0,0
229273,925_4_0,0
232815,925_4_0,0
230244,925_4_0,0
231884,925_4_0,0
232643,925_4_0,0
229866,925_4_0,0
234289,925_4_0,0
230594,925_4_0,0
230245,925_4_0,0
228714,925_4_0,0
231532,925_4_0,0
229472,925_4_0,0
232268,925_4_0,0
232641,925_4_0,0
229474,925_4_0,0
230241,925_4_0,0
162490,316_3_0,0
165073,316_3_0,0
163724,316_3_0,0
165419,316_3_0,0
166669,316_3_0,0
166848,316_3_0,0
163524,316_3_0,0
161181,316_3_0,0
162325,316_3_0,0
163297,316_3_0,0
164316,316_3_0,0
166491,316_3_0,0
164860,316_3_0,0
164502,316_3_0,0
164498,316_3_0,0
166141,316_3_0,0
163720,316_3_0,0
167376,316_3_0,0
167194,316_3_0,0
161180,316_3_0,0
167777,316_3_0,0
162660,316_3_0,0
167554,316_3_0,0
164507,316_3_0,0
167375,316_3_0,0
167572,316_3_0,0
166676,316_3_0,0
167570,316_3_0,0
164873,316_3_0,0
164512,316_3_0,0
162860,316_3_0,0
163945,316_3_0,0
166851,316_3_0,0
161188,316_3_0,0
167575,316_3_0,0
163311,316_3_0,0
164325,316_3_0,0
163731,316_3_0,0
113899,208_3_1,0
112577,208_3_1,0
111236,208_3_1,0
112752,208_3_1,0
113126,208_3_1,0
113714,208_3_1,0
113715,208_3_1,0
91090,208_3_1,0
93873,208_3_1,0
93099,208_3_1,0
92908,208_3_1,0
87432,208_3_1,0
92907,208_3_1,0
93499,208_3_1,0
87431,208_3_1,0
93507,208_3_1,0
87610,208_3_1,0
92918,208_3_1,0
93683,208_3_1,0
93880,208_3_1,0
92349,208_3_1,0
87776,208_3_1,0
92522,208_3_1,0
91094,208_3_1,0
92915,208_3_1,0
91091,208_3_1,0
92527,208_3_1,0
87778,208_3_1,0
91092,208_3_1,0
93510,208_3_1,0
93508,208_3_1,0
92530,208_3_1,0
93109,208_3_1,0
92521,208_3_1,0
87961,208_3_1,0
92352,208_3_1,0
87968,208_3_1,0
92914,208_3_1,0
92531,208_3_1,0
92351,208_3_1,0
87612,208_3_1,0
92720,208_3_1,0
93107,208_3_1,0
93110,208_3_1,0
92529,208_3_1,0
91263,208_3_1,0
93307,208_3_1,0
91096,208_3_1,0
87963,208_3_1,0
87962,208_3_1,0
91095,208_3_1,0
93305,208_3_1,0
99585,208_3_1,0
99235,208_3_1,0
99408,208_3_1,0
94428,208_3_1,0
100589,208_3_1,0
94256,208_3_1,0
99051,208_3_1,0
99410,208_3_1,0
99587,208_3_1,0
99589,208_3_1,0
97953,208_3_1,0
100586,208_3_1,0
100389,208_3_1,0
97957,208_3_1,0
94262,208_3_1,0
99046,208_3_1,0
94264,208_3_1,0
97956,208_3_1,0
100587,208_3_1,0
94060,208_3_1,0
94582,208_3_1,0
94062,208_3_1,0
94061,208_3_1,0
99409,208_3_1,0
97763,208_3_1,0
94255,208_3_1,0
94586,208_3_1,0
99049,208_3_1,0
94259,208_3_1,0
99793,208_3_1,0
104747,208_3_1,0
102269,208_3_1,0
106998,208_3_1,0
106043,208_3_1,0
103999,208_3_1,0
104381,208_3_1,0
105859,208_3_1,0
102273,208_3_1,0
101713,208_3_1,0
104744,208_3_1,0
101714,208_3_1,0
104377,208_3_1,0
106813,208_3_1,0
104922,208_3_1,0
104002,208_3_1,0
105692,208_3_1,0
107379,208_3_1,0
102469,208_3_1,0
100764,208_3_1,0
104378,208_3_1,0
103427,208_3_1,0
100761,208_3_1,0
101717,208_3_1,0
102853,208_3_1,0
105502,208_3_1,0
105103,208_3_1,0
105690,208_3_1,0
103223,208_3_1,0
103816,208_3_1,0
107002,208_3_1,0
102668,208_3_1,0
103998,208_3_1,0
101319,208_3_1,0
101902,208_3_1,0
104003,208_3_1,0
103222,208_3_1,0
104001,208_3_1,0
102666,208_3_1,0
106242,208_3_1,0
106999,208_3_1,0
103035,208_3_1,0
102266,208_3_1,0
101898,208_3_1,0
106243,208_3_1,0
102462,208_3_1,0
105855,208_3_1,0
104551,208_3_1,0
107196,208_3_1,0
100760,208_3_1,0
107202,208_3_1,0
104192,208_3_1,0
103227,208_3_1,0
105862,208_3_1,0
102852,208_3_1,0
102472,208_3_1,0
101509,208_3_1,0
100948,208_3_1,0
105860,208_3_1,0
100942,208_3_1,0
101720,208_3_1,0
101712,208_3_1,0
104550,208_3_1,0
107000,208_3_1,0
104742,208_3_1,0
103224,208_3_1,0
104007,208_3_1,0
103048,208_3_1,0
104557,208_3_1,0
106815,208_3_1,0
100956,208_3_1,0
105110,208_3_1,0
101139,208_3_1,0
106053,208_3_1,0
105111,208_3_1,0
103230,208_3_1,0
100953,208_3_1,0
105505,208_3_1,0
104004,208_3_1,0
105865,208_3_1,0
107380,208_3_1,0
103433,208_3_1,0
31001,116_3_1,0
52008,116_3_1,0
52005,116_3_1,0
48720,116_3_1,0
52206,116_3_1,0
52741,116_3_1,0
51833,116_3_1,0
53301,116_3_1,0
50532,116_3_1,0
48496,116_3_1,0
51835,116_3_1,0
47352,116_3_1,0
49631,116_3_1,0
51124,116_3_1,0
53109,116_3_1,0
48719,116_3_1,0
51122,116_3_1,0
49081,116_3_1,0
49789,116_3_1,0
49443,116_3_1,0
49794,116_3_1,0
47545,116_3_1,0
53482,116_3_1,0
51508,116_3_1,0
48717,116_3_1,0
49265,116_3_1,0
51126,116_3_1,0
50712,116_3_1,0
48114,116_3_1,0
47172,116_3_1,0
53113,116_3_1,0
51316,116_3_1,0
53672,116_3_1,0
49630,116_3_1,0
53308,116_3_1,0
50717,116_3_1,0
49268,116_3_1,0
49450,116_3_1,0
52949,116_3_1,0
48505,116_3_1,0
53488,116_3_1,0
47357,116_3_1,0
48298,116_3_1,0
47177,116_3_1,0
52750,116_3_1,0
47919,116_3_1,0
52396,116_3_1,0
49447,116_3_1,0
47554,116_3_1,0
52401,116_3_1,0
49269,116_3_1,0
157413,208_2_0,0
144119,208_2_0,0
144123,208_2_0,0
144122,208_2_0,0
197696,208_2_0,0
197697,208_2_0,0
197694,208_2_0,0
197706,208_2_0,0
197710,208_2_0,0
197708,208_2_0,0
101727,208_2_0,0
102674,208_2_0,0
103641,208_2_0,0
102478,208_2_0,0
101914,208_2_0,0
100769,208_2_0,0
101911,208_2_0,0
103044,208_2_0,0
68139,125_1_1,0
70576,125_1_1,0
72273,125_1_1,0
25406,108_1_0,0
20968,108_1_0,0
21529,108_1_0,0
20222,108_1_0,0
21716,108_1_0,0
23184,108_1_0,0
25222,108_1_0,0
20964,108_1_0,0
18183,116_3_0,0
18379,116_3_0,0
17813,116_3_0,0
18185,116_3_0,0
18376,116_3_0,0
18380,116_3_0,0
18378,116_3_0,0
24667,116_3_0,0
24485,116_3_0,0
24837,116_3_0,0
24841,116_3_0,0
31785,116_3_0,0
31238,116_3_0,0
31234,116_3_0,0
31236,116_3_0,0
31791,116_3_0,0
31432,116_3_0,0
38573,116_3_0,0
38218,116_3_0,0
38384,116_3_0,0
38575,116_3_0,0
112393,116_3_0,0
14257,105_1_1,0
13871,105_1_1,0
15197,105_1_1,0
18192,105_1_1,0
18933,105_1_1,0
18566,105_1_1,0
156338,310_3_1,0
160257,310_3_1,0
154514,310_3_1,0
158791,310_3_1,0
158794,310_3_1,0
160829,310_3_1,0
156706,310_3_1,0
154512,310_3_1,0
154520,310_3_1,0
154510,310_3_1,0
156529,310_3_1,0
156166,310_3_1,0
158615,310_3_1,0
156704,310_3_1,0
157415,310_3_1,0
160649,310_3_1,0
157817,310_3_1,0
160060,310_3_1,0
158445,310_3_1,0
159337,310_3_1,0
157621,310_3_1,0
155071,310_3_1,0
156342,310_3_1,0
155796,310_3_1,0
159151,310_3_1,0
160061,310_3_1,0
156900,310_3_1,0
156169,310_3_1,0
155435,310_3_1,0
157428,310_3_1,0
158032,310_3_1,0
157422,310_3_1,0
159689,310_3_1,0
158029,310_3_1,0
159147,310_3_1,0
155794,310_3_1,0
155253,310_3_1,0
155996,310_3_1,0
159332,310_3_1,0
75754,128_1_0,0
80110,128_1_0,0
77249,128_1_0,0
77246,128_1_0,0
76911,128_1_0,0
79882,128_1_0,0
75411,128_1_0,0
74626,128_1_0,0
78236,128_1_0,0
76524,128_1_0,0
75931,128_1_0,0
78602,128_1_0,0
78595,128_1_0,0
77448,128_1_0,0
76518,128_1_0,0
79149,128_1_0,0
79144,128_1_0,0
76140,128_1_0,0
79148,128_1_0,0
74630,128_1_0,0
74114,128_1_0,0
78404,128_1_0,0
78788,128_1_0,0
78790,128_1_0,0
75933,128_1_0,0
75410,128_1_0,0
75213,128_1_0,0
75409,128_1_0,0
78598,128_1_0,0
79346,128_1_0,0
78789,128_1_0,0
75756,128_1_0,0
74287,128_1_0,0
75757,128_1_0,0
77643,128_1_0,0
80653,128_1_0,0
74453,128_1_0,0
78794,128_1_0,0
76517,128_1_0,0
76519,128_1_0,0
76709,128_1_0,0
80453,128_1_0,0
74108,128_1_0,0
75023,128_1_0,0
80457,128_1_0,0
80652,128_1_0,0
75021,128_1_0,0
74286,128_1_0,0
80113,128_1_0,0
78035,128_1_0,0
79883,128_1_0,0
74827,128_1_0,0
78229,128_1_0,0
77834,128_1_0,0
76136,128_1_0,0
76133,128_1_0,0
79515,128_1_0,0
80288,128_1_0,0
78405,128_1_0,0
75595,128_1_0,0
78972,128_1_0,0
77454,128_1_0,0
76707,128_1_0,0
74111,128_1_0,0
80656,128_1_0,0
79702,128_1_0,0
74455,128_1_0,0
80283,128_1_0,0
79146,128_1_0,0
75596,128_1_0,0
80455,128_1_0,0
76705,128_1_0,0
75932,128_1_0,0
79517,128_1_0,0
75934,128_1_0,0
78406,128_1_0,0
78038,128_1_0,0
74452,128_1_0,0
77842,128_1_0,0
79154,128_1_0,0
76529,128_1_0,0
77848,128_1_0,0
75940,128_1_0,0
75937,128_1_0,0
76914,128_1_0,0
74120,128_1_0,0
77647,128_1_0,0
74121,128_1_0,0
76142,128_1_0,0
75028,128_1_0,0
80289,128_1_0,0
76710,128_1_0,0
75031,128_1_0,0
79522,128_1_0,0
77254,128_1_0,0
77458,128_1_0,0
74831,128_1_0,0
225632,922_4_0,0
223807,922_4_0,0
226873,922_4_0,0
227816,922_4_0,0
222843,922_4_0,0
226870,922_4_0,0
223813,922_4_0,0
226704,922_4_0,0
224191,922_4_0,0
224897,922_4_0,0
223241,922_4_0,0
225259,922_4_0,0
224894,922_4_0,0
223612,922_4_0,0
217144,921_4_1,0
216961,921_4_1,0
220792,921_4_1,0
215846,921_4_1,0
219067,921_4_1,0
214927,921_4_1,0
217514,921_4_1,0
217886,921_4_1,0
220025,921_4_1,0
220795,921_4_1,0
221360,921_4_1,0
214930,921_4_1,0
220245,921_4_1,0
219452,921_4_1,0
219840,921_4_1,0
219256,921_4_1,0
220028,921_4_1,0
220606,921_4_1,0
215840,921_4_1,0
219835,921_4_1,0
214929,921_4_1,0
219640,921_4_1,0
220973,921_4_1,0
219843,921_4_1,0
220031,921_4_1,0
215847,921_4_1,0
217890,921_4_1,0
215117,921_4_1,0
217341,921_4_1,0
220032,921_4_1,0
220433,921_4_1,0
220976,921_4_1,0
92167,208_3_0,0
88723,208_3_0,0
92173,208_3_0,0
88728,208_3_0,0
91976,208_3_0,0
91465,208_3_0,0
89440,208_3_0,0
89094,208_3_0,0
92175,208_3_0,0
89096,208_3_0,0
91807,208_3_0,0
91975,208_3_0,0
89435,208_3_0,0
92181,208_3_0,0
91973,208_3_0,0
91982,208_3_0,0
91804,208_3_0,0
88925,208_3_0,0
91983,208_3_0,0
89438,208_3_0,0
92177,208_3_0,0
91805,208_3_0,0
88922,208_3_0,0
95324,208_3_0,0
95321,208_3_0,0
98509,208_3_0,0
95511,208_3_0,0
98504,208_3_0,0
95323,208_3_0,0
95510,208_3_0,0
98324,208_3_0,0
95883,208_3_0,0
95508,208_3_0,0
95881,208_3_0,0
98505,208_3_0,0
98875,208_3_0,0
98506,208_3_0,0
98876,208_3_0,0
98325,208_3_0,0
95679,208_3_0,0
96076,208_3_0,0
98319,208_3_0,0
96078,208_3_0,0
95882,208_3_0,0
95680,208_3_0,0
98872,208_3_0,0
95512,208_3_0,0
98122,208_3_0,0
98690,208_3_0,0
98120,208_3_0,0
95509,208_3_0,0
95678,208_3_0,0
98123,208_3_0,0
106448,208_3_0,0
106052,208_3_0,0
104555,208_3_0,0
103045,208_3_0,0
104748,208_3_0,0
103434,208_3_0,0
101517,208_3_0,0
11642,103_1_1,0
11646,103_1_1,0
12422,103_1_1,0
8374,103_1_1,0
10286,103_1_1,0
7193,103_1_1,0
8559,103_1_1,0
12419,103_1_1,0
7550,103_1_1,0
7190,103_1_1,0
7369,103_1_1,0
8146,103_1_1,0
11030,103_1_1,0
7746,103_1_1,0
17824,105_1_0,0
15547,105_1_0,0
19857,105_1_0,0
15546,105_1_0,0
14651,105_1_0,0
16169,105_1_0,0
19666,105_1_0,0
17078,105_1_0,0
3332,101_1_0,0
4811,101_1_0,0
583,101_1_0,0
5012,101_1_0,0
3920,101_1_0,0
1118,101_1_0,0
3154,101_1_0,0
5007,101_1_0,0
1321,101_1_0,0
3330,101_1_0,0
2227,101_1_0,0
5557,101_1_0,0
2402,101_1_0,0
1318,101_1_0,0
228,101_1_0,0
1117,101_1_0,0
2034,101_1_0,0
1319,101_1_0,0
933,101_1_0,0
6104,101_1_0,0
5929,101_1_0,0
2225,101_1_0,0
2039,101_1_0,0
4646,101_1_0,0
2403,101_1_0,0
5931,101_1_0,0
197533,305_3_0,0
197360,305_3_0,0
199398,305_3_0,0
199396,305_3_0,0
197714,305_3_0,0
197531,305_3_0,0
197709,305_3_0,0
199400,305_3_0,0
199210,305_3_0,0
199563,305_3_0,0
199769,305_3_0,0
197176,305_3_0,0
199397,305_3_0,0
199403,305_3_0,0
196059,305_3_0,0
197702,305_3_0,0
197177,305_3_0,0
199770,305_3_0,0
197363,305_3_0,0
199027,305_3_0,0
197707,305_3_0,0
199028,305_3_0,0
199208,305_3_0,0
197704,305_3_0,0
197705,305_3_0,0
196984,305_3_0,0
196987,305_3_0,0
196985,305_3_0,0
196986,305_3_0,0
199209,305_3_0,0
199562,305_3_0,0
197174,305_3_0,0
199565,305_3_0,0
150535,305_3_0,0
152145,305_3_0,0
148451,305_3_0,0
153239,305_3_0,0
149962,305_3_0,0
149411,305_3_0,0
150700,305_3_0,0
149956,305_3_0,0
150307,305_3_0,0
153979,305_3_0,0
148642,305_3_0,0
154333,305_3_0,0
150886,305_3_0,0
150701,305_3_0,0
147890,305_3_0,0
152902,305_3_0,0
150881,305_3_0,0
161002,305_4_0,0
160457,305_4_0,0
160461,305_4_0,0
160251,305_4_0,0
160250,305_4_0,0
161004,305_4_0,0
161003,305_4_0,0
160827,305_4_0,0
160651,305_4_0,0
160458,305_4_0,0
159849,305_4_0,0
160055,305_4_0,0
142064,305_4_0,0
147148,305_4_0,0
142255,305_4_0,0
144674,305_4_0,0
144493,305_4_0,0
144861,305_4_0,0
147153,305_4_0,0
146946,305_4_0,0
147515,305_4_0,0
144312,305_4_0,0
146583,305_4_0,0
142254,305_4_0,0
146581,305_4_0,0
144311,305_4_0,0
142066,305_4_0,0
147149,305_4_0,0
142059,305_4_0,0
147713,305_4_0,0
146952,305_4_0,0
144672,305_4_0,0
147152,305_4_0,0
146950,305_4_0,0
144677,305_4_0,0
147313,305_4_0,0
146767,305_4_0,0
146771,305_4_0,0
146951,305_4_0,0
146770,305_4_0,0
146768,305_4_0,0
147719,305_4_0,0
142058,305_4_0,0
147159,305_4_0,0
141683,305_4_0,0
142071,305_4_0,0
147524,305_4_0,0
147723,305_4_0,0
153604,305_4_0,0
149409,305_4_0,0
152348,305_4_0,0
151079,305_4_0,0
148279,305_4_0,0
151804,305_4_0,0
151974,305_4_0,0
149197,305_4_0,0
99052,206_2_0,0
94431,206_2_0,0
100170,206_2_0,0
96262,206_2_0,0
99584,206_2_0,0
95322,206_2_0,0
99412,206_2_0,0
98689,206_2_0,0
99048,206_2_0,0
97146,206_2_0,0
99586,206_2_0,0
99588,206_2_0,0
100169,206_2_0,0
99232,206_2_0,0
97761,206_2_0,0
99047,206_2_0,0
97145,206_2_0,0
98873,206_2_0,0
100390,206_2_0,0
94964,206_2_0,0
94433,206_2_0,0
100592,206_2_0,0
95879,206_2_0,0
98508,206_2_0,0
99234,206_2_0,0
100588,206_2_0,0
94429,206_2_0,0
94430,206_2_0,0
96972,206_2_0,0
95880,206_2_0,0
96079,206_2_0,0
95141,206_2_0,0
97955,206_2_0,0
97152,206_2_0,0
97150,206_2_0,0
98510,206_2_0,0
95513,206_2_0,0
98322,206_2_0,0
98317,206_2_0,0
97362,206_2_0,0
98511,206_2_0,0
98321,206_2_0,0
95329,206_2_0,0
96780,206_2_0,0
96265,206_2_0,0
96609,206_2_0,0
99594,206_2_0,0
99244,206_2_0,0
100175,206_2_0,0
99417,206_2_0,0
97768,206_2_0,0
94967,206_2_0,0
100172,206_2_0,0
95888,206_2_0,0
94769,206_2_0,0
99238,206_2_0,0
99245,206_2_0,0
97962,206_2_0,0
100594,206_2_0,0
97766,206_2_0,0
99797,206_2_0,0
95684,206_2_0,0
96980,206_2_0,0
100600,206_2_0,0
95886,206_2_0,0
95688,206_2_0,0
96086,206_2_0,0
96781,206_2_0,0
96984,206_2_0,0
100178,206_2_0,0
99416,206_2_0,0
100597,206_2_0,0
96606,206_2_0,0
96782,206_2_0,0
100598,206_2_0,0
98879,206_2_0,0
99990,206_2_0,0
97570,206_2_0,0
96436,206_2_0,0
98516,206_2_0,0
95884,206_2_0,0
96776,206_2_0,0
95146,206_2_0,0
98883,206_2_0,0
97155,206_2_0,0
95518,206_2_0,0
94066,206_2_0,0
96608,206_2_0,0
94437,206_2_0,0
11834,108_4_1,0
12023,108_4_1,0
12024,108_4_1,0
12021,108_4_1,0
11836,108_4_1,0
11835,108_4_1,0
11837,108_4_1,0
12030,108_4_1,0
11848,108_4_1,0
18746,108_4_1,0
18557,108_4_1,0
18559,108_4_1,0
18560,108_4_1,0
18563,108_4_1,0
18561,108_4_1,0
18747,108_4_1,0
12035,108_4_1,0
10621,108_4_1,0
18558,108_4_1,0
11846,108_4_1,0
10623,108_4_1,0
10626,108_4_1,0
12029,108_4_1,0
11842,108_4_1,0
18750,108_4_1,0
18751,108_4_1,0
22441,108_4_1,0
20219,108_4_1,0
25228,108_4_1,0
22615,108_4_1,0
20965,108_4_1,0
21333,108_4_1,0
25047,108_4_1,0
23579,108_4_1,0
23967,108_4_1,0
23376,108_4_1,0
25404,108_4_1,0
26326,108_4_1,0
25220,108_4_1,0
23966,108_4_1,0
25950,108_4_1,0
21162,108_4_1,0
21531,108_4_1,0
26139,108_4_1,0
157073,208_2_1,0
157074,208_2_1,0
156891,208_2_1,0
156889,208_2_1,0
156894,208_2_1,0
143567,208_2_1,0
143384,208_2_1,0
143382,208_2_1,0
143568,208_2_1,0
143764,208_2_1,0
197354,208_2_1,0
197164,208_2_1,0
197167,208_2_1,0
197357,208_2_1,0
197170,208_2_1,0
197171,208_2_1,0
197356,208_2_1,0
197169,208_2_1,0
197163,208_2_1,0
197173,208_2_1,0
197178,208_2_1,0
105866,208_2_1,0
106048,208_2_1,0
103828,208_2_1,0
105294,208_2_1,0
103038,208_2_1,0
105693,208_2_1,0
105864,208_2_1,0
104197,208_2_1,0
102477,208_2_1,0
104198,208_2_1,0
101910,208_2_1,0
103829,208_2_1,0
104008,208_2_1,0
5932,101_1_1,0
1315,101_1_1,0
37,101_1_1,0
927,101_1_1,0
4285,101_1_1,0
1500,101_1_1,0
4468,101_1_1,0
4279,101_1_1,0
2410,101_1_1,0
229,101_1_1,0
5014,101_1_1,0
4118,101_1_1,0
2229,101_1_1,0
39,101_1_1,0
5005,101_1_1,0
750,101_1_1,0
9119,103_1_0,0
10281,103_1_0,0
11034,103_1_0,0
8157,103_1_0,0
7944,103_1_0,0
9661,103_1_0,0
6827,103_1_0,0
12040,103_1_0,0
13288,103_1_0,0
10283,103_1_0,0
11856,103_1_0,0
8159,103_1_0,0
7370,103_1_0,0
9664,103_1_0,0
9879,103_1_0,0
8151,103_1_0,0
9665,103_1_0,0
10452,103_1_0,0
13290,103_1_0,0
10282,103_1_0,0
7555,103_1_0,0
12042,103_1_0,0
11649,103_1_0,0
10284,103_1_0,0
11857,103_1_0,0
7194,103_1_0,0
13120,103_1_0,0
8906,103_1_0,0
143777,303_3_1,0
144681,303_3_1,0
146038,303_3_1,0
142277,303_3_1,0
146598,303_3_1,0
143776,303_3_1,0
145638,303_3_1,0
143783,303_3_1,0
144684,303_3_1,0
147329,303_3_1,0
141691,303_3_1,0
146227,303_3_1,0
146416,303_3_1,0
143204,303_3_1,0
143781,303_3_1,0
147527,303_3_1,0
143199,303_3_1,0
146590,303_3_1,0
147727,303_3_1,0
146964,303_3_1,0
145235,303_3_1,0
141183,303_3_1,0
141182,303_3_1,0
141887,303_3_1,0
145441,303_3_1,0
147726,303_3_1,0
146782,303_3_1,0
147163,303_3_1,0
143394,303_3_1,0
146781,303_3_1,0
142075,303_3_1,0
142276,303_3_1,0
147162,303_3_1,0
143778,303_3_1,0
146596,303_3_1,0
144507,303_3_1,0
146963,303_3_1,0
142667,303_3_1,0
141884,303_3_1,0
142670,303_3_1,0
22078,108_1_1,0
20215,108_1_1,0
25949,108_1_1,0
22617,108_1_1,0
22438,108_1_1,0
23971,108_1_1,0
24686,108_1_1,0
26525,108_1_1,0
22073,108_1_1,0
23377,108_1_1,0
25226,108_1_1,0
22797,108_1_1,0
20214,108_1_1,0
20575,108_1_1,0
22996,108_1_1,0
21528,108_1_1,0
21159,108_1_1,0
229287,925_4_1,0
228716,925_4_1,0
230063,925_4_1,0
229480,925_4_1,0
233203,925_4_1,0
229664,925_4_1,0
234126,925_4_1,0
230596,925_4_1,0
231704,925_4_1,0
232065,925_4_1,0
228548,925_4_1,0
230424,925_4_1,0
228186,925_4_1,0
230066,925_4_1,0
233207,925_4_1,0
233208,925_4_1,0
230240,925_4_1,0
230064,925_4_1,0
229475,925_4_1,0
230242,925_4_1,0
231149,925_4_1,0
232443,925_4_1,0
233384,925_4_1,0
234644,925_4_1,0
229865,925_4_1,0
231341,925_4_1,0
234128,925_4_1,0
233382,925_4_1,0
232822,925_4_1,0
228712,925_4_1,0
233021,925_4_1,0
231705,925_4_1,0
232272,925_4_1,0
229282,925_4_1,0
233574,925_4_1,0
233576,925_4_1,0
233385,925_4_1,0
230762,925_4_1,0
232068,925_4_1,0
232640,925_4_1,0
229083,925_4_1,0
233919,925_4_1,0
231888,925_4_1,0
32915,110_1_0,0
29319,110_1_0,0
33093,110_1_0,0
30810,110_1_0,0
32917,110_1_0,0
30804,110_1_0,0
27062,110_1_0,0
32918,110_1_0,0
29314,110_1_0,0
31020,110_1_0,0
33447,110_1_0,0
30048,110_1_0,0
26866,110_1_0,0
28339,110_1_0,0
30434,110_1_0,0
28344,110_1_0,0
28338,110_1_0,0
32920,110_1_0,0
31641,110_1_0,0
30252,110_1_0,0
28145,110_1_0,0
29316,110_1_0,0
32739,110_1_0,0
32166,110_1_0,0
29702,110_1_0,0
27964,110_1_0,0
30621,110_1_0,0
33436,110_1_0,0
27778,110_1_0,0
31799,110_1_0,0
30436,110_1_0,0
30250,110_1_0,0
28944,110_1_0,0
30054,110_1_0,0
30253,110_1_0,0
33252,110_1_0,0
31022,110_1_0,0
30050,110_1_0,0
28554,110_1_0,0
32740,110_1_0,0
32165,110_1_0,0
27433,110_1_0,0
31251,110_1_0,0
27265,110_1_0,0
28949,110_1_0,0
31439,110_1_0,0
31248,110_1_0,0
28555,110_1_0,0
29704,110_1_0,0
31637,110_1_0,0
28340,110_1_0,0
26867,110_1_0,0
30808,110_1_0,0
33250,110_1_0,0
28762,110_1_0,0
33446,110_1_0,0
31253,110_1_0,0
26869,110_1_0,0
28150,110_1_0,0
33442,110_1_0,0
14259,105_1_1,0
18753,105_1_1,0
20044,105_1_1,0
18756,105_1_1,0
15545,105_1_1,0
13870,105_1_1,0
18932,105_1_1,0
19298,105_1_1,0
18568,105_1_1,0
15198,105_1_1,0
17077,105_1_1,0
16728,105_1_1,0
20045,105_1_1,0
17275,105_1_1,0
17623,105_1_1,0
17278,105_1_1,0
20041,105_1_1,0
20039,105_1_1,0
19303,105_1_1,0
18564,105_1_1,0
235967,926_4_0,0
239926,926_4_0,0
241489,926_4_0,0
235030,926_4_0,0
238798,926_4_0,0
237020,926_4_0,0
241306,926_4_0,0
239394,926_4_0,0
235966,926_4_0,0
238200,926_4_0,0
240703,926_4_0,0
235590,926_4_0,0
238983,926_4_0,0
240120,926_4_0,0
237981,926_4_0,0
240490,926_4_0,0
238984,926_4_0,0
239933,926_4_0,0
238796,926_4_0,0
236334,926_4_0,0
239931,926_4_0,0
235027,926_4_0,0
240118,926_4_0,0
239186,926_4_0,0
235968,926_4_0,0
236338,926_4_0,0
235028,926_4_0,0
235581,926_4_0,0
239393,926_4_0,0
238800,926_4_0,0
240705,926_4_0,0
238990,926_4_0,0
236150,926_4_0,0
238400,926_4_0,0
240291,926_4_0,0
238988,926_4_0,0
235972,926_4_0,0
235788,926_4_0,0
237982,926_4_0,0
237416,926_4_0,0
235026,926_4_0,0
236149,926_4_0,0
235786,926_4_0,0
237021,926_4_0,0
240294,926_4_0,0
237771,926_4_0,0
237412,926_4_0,0
240114,926_4_0,0
237977,926_4_0,0
237022,926_4_0,0
240494,926_4_0,0
239748,926_4_0,0
235789,926_4_0,0
238992,926_4_0,0
240113,926_4_0,0
238398,926_4_0,0
241303,926_4_0,0
239929,926_4_0,0
235785,926_4_0,0
240489,926_4_0,0
238617,926_4_0,0
117268,213_2_0,0
115992,213_2_0,0
117466,213_2_0,0
119179,213_2_0,0
114891,213_2_0,0
118244,213_2_0,0
119180,213_2_0,0
119699,213_2_0,0
114492,213_2_0,0
117471,213_2_0,0
114886,213_2_0,0
115071,213_2_0,0
119891,213_2_0,0
114294,213_2_0,0
119178,213_2_0,0
117467,213_2_0,0
114296,213_2_0,0
115075,213_2_0,0
115072,213_2_0,0
115453,213_2_0,0
117470,213_2_0,0
116339,213_2_0,0
117269,213_2_0,0
119701,213_2_0,0
119698,213_2_0,0
118028,213_2_0,0
115990,213_2_0,0
119895,213_2_0,0
115991,213_2_0,0
117273,213_2_0,0
115826,213_2_0,0
118604,213_2_0,0
118980,213_2_0,0
119700,213_2_0,0
120659,213_2_0,0
116157,213_2_0,0
118030,213_2_0,0
117844,213_2_0,0
114683,213_2_0,0
114490,213_2_0,0
118605,213_2_0,0
115273,213_2_0,0
120460,213_2_0,0
118608,213_2_0,0
114287,213_2_0,0
119516,213_2_0,0
117275,213_2_0,0
120658,213_2_0,0
116344,213_2_0,0
117081,213_2_0,0
116156,213_2_0,0
116158,213_2_0,0
118610,213_2_0,0
120459,213_2_0,0
116338,213_2_0,0
119181,213_2_0,0
88157,113_1_1,0
88156,113_1_1,0
88357,113_1_1,0
88358,113_1_1,0
88155,113_1_1,0
94762,113_1_1,0
94962,113_1_1,0
94958,113_1_1,0
108338,113_1_1,0
108140,113_1_1,0
43124,113_1_1,0
45658,113_1_1,0
44406,113_1_1,0
43653,113_1_1,0
41758,113_1_1,0
40644,113_1_1,0
44960,113_1_1,0
42351,113_1_1,0
45137,113_1_1,0
43817,113_1_1,0
42349,113_1_1,0
42738,113_1_1,0
46398,113_1_1,0
41183,113_1_1,0
45139,113_1_1,0
42354,113_1_1,0
46580,113_1_1,0
42355,113_1_1,0
44016,113_1_1,0
41566,113_1_1,0
41184,113_1_1,0
46979,113_1_1,0
41757,113_1_1,0
42925,113_1_1,0
44598,113_1_1,0
43125,113_1_1,0
45662,113_1_1,0
45138,113_1_1,0
40451,113_1_1,0
45481,113_1_1,0
42356,113_1_1,0
43460,113_1_1,0
45484,113_1_1,0
43815,113_1_1,0
43818,113_1_1,0
40996,113_1_1,0
42146,113_1_1,0
44206,113_1_1,0
12569,108_4_0,0
13114,108_4_0,0
12413,108_4_0,0
12567,108_4_0,0
13282,108_4_0,0
12230,108_4_0,0
19656,108_4_0,0
19477,108_4_0,0
20032,108_4_0,0
19481,108_4_0,0
19106,108_4_0,0
143010,116_1_0,0
155983,116_1_0,0
156334,116_1_0,0
156159,116_1_0,0
156162,116_1_0,0
155976,116_1_0,0
156332,116_1_0,0
156327,116_1_0,0
155977,116_1_0,0
155973,116_1_0,0
156328,116_1_0,0
156526,116_1_0,0
156161,116_1_0,0
149583,116_1_0,0
149587,116_1_0,0
149948,116_1_0,0
149952,116_1_0,0
89089,116_1_0,0
89433,116_1_0,0
89249,116_1_0,0
88918,116_1_0,0
89430,116_1_0,0
88914,116_1_0,0
89090,116_1_0,0
89431,116_1_0,0
89091,116_1_0,0
88919,116_1_0,0
88915,116_1_0,0
88917,116_1_0,0
89093,116_1_0,0
89428,116_1_0,0
95872,116_1_0,0
96064,116_1_0,0
95677,116_1_0,0
95676,116_1_0,0
95504,116_1_0,0
95682,116_1_0,0
96077,116_1_0,0
102857,116_1_0,0
102854,116_1_0,0
48302,116_1_0,0
47916,116_1_0,0
49984,116_1_0,0
47735,116_1_0,0
51323,116_1_0,0
53679,116_1_0,0
51842,116_1_0,0
50923,116_1_0,0
48300,116_1_0,0
51322,116_1_0,0
52563,116_1_0,0
47176,116_1_0,0
52561,116_1_0,0
49988,116_1_0,0
52019,116_1_0,0
50921,116_1_0,0
50720,116_1_0,0
49802,116_1_0,0
52562,116_1_0,0
52559,116_1_0,0
49084,116_1_0,0
47738,116_1_0,0
50538,116_1_0,0
52397,116_1_0,0
50920,116_1_0,0
51840,116_1_0,0
47550,116_1_0,0
52565,116_1_0,0
48928,116_1_0,0
47918,116_1_0,0
50167,116_1_0,0
52211,116_1_0,0
52944,116_1_0,0
50922,116_1_0,0
48296,116_1_0,0
52016,116_1_0,0
47362,116_1_0,0
53307,116_1_0,0
48721,116_1_0,0
48726,116_1_0,0
51130,116_1_0,0
52018,116_1_0,0
49805,116_1_0,0
49635,116_1_0,0
50338,116_1_0,0
198651,913_4_0,0
200341,913_4_0,0
196618,913_4_0,0
198470,913_4_0,0
201272,913_4_0,0
197530,913_4_0,0
200522,913_4_0,0
197700,913_4_0,0
200698,913_4_0,0
196814,913_4_0,0
199962,913_4_0,0
197362,913_4_0,0
196244,913_4_0,0
196243,913_4_0,0
199960,913_4_0,0
200342,913_4_0,0
198469,913_4_0,0
201075,913_4_0,0
196058,913_4_0,0
200146,913_4_0,0
200524,913_4_0,0
197711,913_4_0,0
199963,913_4_0,0
197703,913_4_0,0
197713,913_4_0,0
198860,913_4_0,0
198257,913_4_0,0
194971,913_4_0,0
201271,913_4_0,0
195141,913_4_0,0
199402,913_4_0,0
200701,913_4_0,0
196060,913_4_0,0
198656,913_4_0,0
196236,913_4_0,0
200344,913_4_0,0
196619,913_4_0,0
201079,913_4_0,0
199772,913_4_0,0
199399,913_4_0,0
197712,913_4_0,0
199773,913_4_0,0
199212,913_4_0,0
199771,913_4_0,0
196437,913_4_0,0
197369,913_4_0,0
200705,913_4_0,0
194976,913_4_0,0
200159,913_4_0,0
199216,913_4_0,0
198265,913_4_0,0
195869,913_4_0,0
196249,913_4_0,0
200706,913_4_0,0
195331,913_4_0,0
197539,913_4_0,0
196429,913_4_0,0
195150,913_4_0,0
199409,913_4_0,0
199569,913_4_0,0
197893,913_4_0,0
196817,913_4_0,0
199573,913_4_0,0
199406,913_4_0,0
199030,913_4_0,0
199034,913_4_0,0
196625,913_4_0,0
195332,913_4_0,0
199566,913_4_0,0
195683,913_4_0,0
196818,913_4_0,0
198658,913_4_0,0
194979,913_4_0,0
197538,913_4_0,0
201279,913_4_0,0
200892,913_4_0,0
201083,913_4_0,0
198481,913_4_0,0
201086,913_4_0,0
200891,913_4_0,0
199411,913_4_0,0
198482,913_4_0,0
201084,913_4_0,0
197183,913_4_0,0
200154,913_4_0,0
200156,913_4_0,0
37071,111_1_1,0
36496,111_1_1,0
39891,111_1_1,0
39892,111_1_1,0
35937,111_1_1,0
35939,111_1_1,0
35155,111_1_1,0
33644,111_1_1,0
36491,111_1_1,0
34609,111_1_1,0
35527,111_1_1,0
37448,111_1_1,0
36490,111_1_1,0
39704,111_1_1,0
36149,111_1_1,0
35528,111_1_1,0
39705,111_1_1,0
34209,111_1_1,0
34426,111_1_1,0
33641,111_1_1,0
36303,111_1_1,0
37644,111_1_1,0
39343,111_1_1,0
38961,111_1_1,0
40254,111_1_1,0
37250,111_1_1,0
37643,111_1_1,0
39341,111_1_1,0
34427,111_1_1,0
36148,111_1_1,0
34611,111_1_1,0
34430,111_1_1,0
35740,111_1_1,0
37450,111_1_1,0
38025,111_1_1,0
40070,111_1_1,0
35334,111_1_1,0
38229,111_1_1,0
37830,111_1_1,0
34970,111_1_1,0
37829,111_1_1,0
35335,111_1_1,0
36886,111_1_1,0
39157,111_1_1,0
38581,111_1_1,0
35332,111_1_1,0
37640,111_1_1,0
37447,111_1_1,0
39706,111_1_1,0
40071,111_1_1,0
34612,111_1_1,0
36883,111_1_1,0
38026,111_1_1,0
39160,111_1_1,0
38386,111_1_1,0
38579,111_1_1,0
38578,111_1_1,0
39708,111_1_1,0
37453,111_1_1,0
36690,111_1_1,0
37827,111_1_1,0
34610,111_1_1,0
34971,111_1_1,0
40069,111_1_1,0
39712,111_1_1,0
39528,111_1_1,0
109236,113_1_0,0
112015,113_1_0,0
44770,113_1_0,0
42143,113_1_0,0
43651,113_1_0,0
40448,113_1_0,0
95144,206_2_1,0
99419,206_2_1,0
99237,206_2_1,0
96983,206_2_1,0
95516,206_2_1,0
96981,206_2_1,0
95330,206_2_1,0
95517,206_2_1,0
96267,206_2_1,0
99591,206_2_1,0
95143,206_2_1,0
94966,206_2_1,0
97575,206_2_1,0
96977,206_2_1,0
94063,206_2_1,0
175669,325_3_1,0
179585,325_3_1,0
177704,325_3_1,0
176636,325_3_1,0
179974,325_3_1,0
178127,325_3_1,0
176639,325_3_1,0
177175,325_3_1,0
178483,325_3_1,0
174671,325_3_1,0
175674,325_3_1,0
180709,325_3_1,0
177179,325_3_1,0
179796,325_3_1,0
177351,325_3_1,0
175040,325_3_1,0
178486,325_3_1,0
178478,325_3_1,0
179806,325_3_1,0
175043,325_3_1,0
175836,325_3_1,0
177915,325_3_1,0
178480,325_3_1,0
179799,325_3_1,0
176043,325_3_1,0
174673,325_3_1,0
176997,325_3_1,0
176806,325_3_1,0
178826,325_3_1,0
179206,325_3_1,0
179005,325_3_1,0
174672,325_3_1,0
178481,325_3_1,0
179403,325_3_1,0
181248,325_3_1,0
179205,325_3_1,0
181093,325_3_1,0
179004,325_3_1,0
178301,325_3_1,0
175042,325_3_1,0
179210,325_3_1,0
179395,325_3_1,0
177535,325_3_1,0
177357,325_3_1,0
177182,325_3_1,0
177540,325_3_1,0
175041,325_3_1,0
178658,325_3_1,0
177183,325_3_1,0
175455,325_3_1,0
177352,325_3_1,0
177180,325_3_1,0
179003,325_3_1,0
177909,325_3_1,0
180904,325_3_1,0
178825,325_3_1,0
180366,325_3_1,0
175456,325_3_1,0
176044,325_3_1,0
179975,325_3_1,0
177355,325_3_1,0
178128,325_3_1,0
176998,325_3_1,0
180367,325_3_1,0
177705,325_3_1,0
157810,116_1_1,0
155236,116_1_1,0
155590,116_1_1,0
157607,116_1_1,0
155596,116_1_1,0
158018,116_1_1,0
158022,116_1_1,0
158234,116_1_1,0
157606,116_1_1,0
157612,116_1_1,0
157610,116_1_1,0
158227,116_1_1,0
158235,116_1_1,0
51510,116_1_1,0
52746,116_1_1,0
53490,116_1_1,0
52943,116_1_1,0
53675,116_1_1,0
52209,116_1_1,0
47921,116_1_1,0
60046,119_1_0,0
55630,119_1_0,0
58461,119_1_0,0
58836,119_1_0,0
53866,119_1_0,0
59022,119_1_0,0
55095,119_1_0,0
55096,119_1_0,0
59656,119_1_0,0
60396,119_1_0,0
56571,119_1_0,0
57124,119_1_0,0
56761,119_1_0,0
57517,119_1_0,0
55288,119_1_0,0
56179,119_1_0,0
54921,119_1_0,0
55823,119_1_0,0
54568,119_1_0,0
54058,119_1_0,0
55290,119_1_0,0
59034,119_1_0,0
59452,119_1_0,0
57709,119_1_0,0
59659,119_1_0,0
55102,119_1_0,0
54569,119_1_0,0
58088,119_1_0,0
55636,119_1_0,0
56572,119_1_0,0
59864,119_1_0,0
59448,119_1_0,0
58092,119_1_0,0
57710,119_1_0,0
59865,119_1_0,0
58465,119_1_0,0
55822,119_1_0,0
56949,119_1_0,0
56951,119_1_0,0
57310,119_1_0,0
58289,119_1_0,0
57122,119_1_0,0
54213,119_1_0,0
57309,119_1_0,0
55467,119_1_0,0
59246,119_1_0,0
60395,119_1_0,0
57907,119_1_0,0
58843,119_1_0,0
55291,119_1_0,0
58087,119_1_0,0
59447,119_1_0,0
59248,119_1_0,0
54920,119_1_0,0
59446,119_1_0,0
60398,119_1_0,0
59861,119_1_0,0
54565,119_1_0,0
54917,119_1_0,0
60402,119_1_0,0
58093,119_1_0,0
60401,119_1_0,0
56760,119_1_0,0
60392,119_1_0,0
55101,119_1_0,0
56574,119_1_0,0
54392,119_1_0,0
58638,119_1_0,0
16893,105_1_0,0
15370,105_1_0,0
16167,105_1_0,0
19488,105_1_0,0
14258,105_1_0,0
17827,105_1_0,0
16551,105_1_0,0
17825,105_1_0,0
187152,329_3_0,0
183818,329_3_0,0
187490,329_3_0,0
183812,329_3_0,0
182185,329_3_0,0
184936,329_3_0,0
187330,329_3_0,0
185492,329_3_0,0
186585,329_3_0,0
182743,329_3_0,0
181415,329_3_0,0
187848,329_3_0,0
184363,329_3_0,0
186239,329_3_0,0
183991,329_3_0,0
186584,329_3_0,0
181413,329_3_0,0
184362,329_3_0,0
181419,329_3_0,0
187489,329_3_0,0
184356,329_3_0,0
187156,329_3_0,0
181610,329_3_0,0
183986,329_3_0,0
186242,329_3_0,0
182183,329_3_0,0
186979,329_3_0,0
182548,329_3_0,0
187491,329_3_0,0
181417,329_3_0,0
186236,329_3_0,0
185841,329_3_0,0
182184,329_3_0,0
183631,329_3_0,0
184935,329_3_0,0
184930,329_3_0,0
185134,329_3_0,0
183814,329_3_0,0
181986,329_3_0,0
187326,329_3_0,0
185138,329_3_0,0
182912,329_3_0,0
183811,329_3_0,0
182550,329_3_0,0
186781,329_3_0,0
186785,329_3_0,0
182739,329_3_0,0
181807,329_3_0,0
186240,329_3_0,0
182744,329_3_0,0
186589,329_3_0,0
181806,329_3_0,0
181988,329_3_0,0
186973,329_3_0,0
184745,329_3_0,0
185313,329_3_0,0
187846,329_3_0,0
187159,329_3_0,0
187856,329_3_0,0
186983,329_3_0,0
185315,329_3_0,0
181615,329_3_0,0
185847,329_3_0,0
182916,329_3_0,0
183995,329_3_0,0
187332,329_3_0,0
182190,329_3_0,0
185671,329_3_0,0
184366,329_3_0,0
182369,329_3_0,0
182553,329_3_0,0
182749,329_3_0,0
186791,329_3_0,0
183998,329_3_0,0
182750,329_3_0,0
182748,329_3_0,0
186061,329_3_0,0
182751,329_3_0,0
186060,329_3_0,0
186592,329_3_0,0
184367,329_3_0,0
184364,329_3_0,0
186065,329_3_0,0
187689,329_3_0,0
186410,329_3_0,0
186789,329_3_0,0
187690,329_3_0,0
186982,329_3_0,0
184542,329_3_0,0
186405,329_3_0,0
182189,329_3_0,0
185673,329_3_0,0
181810,329_3_0,0
183828,329_3_0,0
186064,329_3_0,0
186593,329_3_0,0
185497,329_3_0,0
182370,329_3_0,0
181424,329_3_0,0
187495,329_3_0,0
184546,329_3_0,0
183633,329_3_0,0
185500,329_3_0,0
184167,329_3_0,0
183632,329_3_0,0
187335,329_3_0,0
183300,329_3_0,0
183296,329_3_0,0
184365,329_3_0,0
181433,329_3_0,0
185849,329_3_0,0
186788,329_3_0,0
181432,329_3_0,0
183826,329_3_0,0
187854,329_3_0,0
182919,329_3_0,0
181425,329_3_0,0
185501,329_3_0,0
185843,329_3_0,0
187852,329_3_0,0
187162,329_3_0,0
10065,103_1_1,0
11648,103_1_1,0
12952,103_1_1,0
7368,103_1_1,0
12950,103_1_1,0
9485,103_1_1,0
9481,103_1_1,0
13284,103_1_1,0
6826,103_1_1,0
11639,103_1_1,0
7748,103_1_1,0
9878,103_1_1,0
7188,103_1_1,0
7942,103_1_1,0
7552,103_1_1,0
12951,103_1_1,0
209352,919_4_0,0
214408,919_4_0,0
212078,919_4_0,0
208406,919_4_0,0
213846,919_4_0,0
210443,919_4_0,0
211363,919_4_0,0
208963,919_4_0,0
208411,919_4_0,0
208958,919_4_0,0
211729,919_4_0,0
213442,919_4_0,0
209514,919_4_0,0
214030,919_4_0,0
208404,919_4_0,0
209698,919_4_0,0
208058,919_4_0,0
212451,919_4_0,0
210076,919_4_0,0
208407,919_4_0,0
214412,919_4_0,0
209516,919_4_0,0
214234,919_4_0,0
211007,919_4_0,0
208954,919_4_0,0
209153,919_4_0,0
208402,919_4_0,0
208405,919_4_0,0
211539,919_4_0,0
213853,919_4_0,0
208957,919_4_0,0
213852,919_4_0,0
208403,919_4_0,0
212644,919_4_0,0
210075,919_4_0,0
211009,919_4_0,0
213632,919_4_0,0
211900,919_4_0,0
211364,919_4_0,0
210450,919_4_0,0
214028,919_4_0,0
208765,919_4_0,0
211899,919_4_0,0
209865,919_4_0,0
209871,919_4_0,0
208959,919_4_0,0
214027,919_4_0,0
210445,919_4_0,0
210442,919_4_0,0
209347,919_4_0,0
210444,919_4_0,0
209870,919_4_0,0
210074,919_4_0,0
213847,919_4_0,0
208953,919_4_0,0
214026,919_4_0,0
213239,919_4_0,0
208766,919_4_0,0
209867,919_4_0,0
213440,919_4_0,0
209518,919_4_0,0
213242,919_4_0,0
209517,919_4_0,0
213240,919_4_0,0
211187,919_4_0,0
212248,919_4_0,0
213241,919_4_0,0
213238,919_4_0,0
208059,919_4_0,0
209869,919_4_0,0
210646,919_4_0,0
214025,919_4_0,0
208961,919_4_0,0
212846,919_4_0,0
209515,919_4_0,0
212646,919_4_0,0
212079,919_4_0,0
17074,113_2_0,0
23369,113_2_0,0
23569,113_2_0,0
30248,113_2_0,0
29866,113_2_0,0
30429,113_2_0,0
30431,113_2_0,0
29869,113_2_0,0
30042,113_2_0,0
30044,113_2_0,0
37244,113_2_0,0
36684,113_2_0,0
36688,113_2_0,0
36877,113_2_0,0
36870,113_2_0,0
37070,113_2_0,0
45134,113_2_0,0
42350,113_2_0,0
44964,113_2_0,0
43464,113_2_0,0
45855,113_2_0,0
43298,113_2_0,0
5192,101_1_0,0
2035,101_1_0,0
753,101_1_0,0
2230,101_1_0,0
2976,101_1_0,0
2406,101_1_0,0
5390,101_1_0,0
754,101_1_0,0
2401,101_1_0,0
931,101_1_0,0
1316,101_1_0,0
3518,101_1_0,0
2231,101_1_0,0
22990,113_2_1,0
28941,113_2_1,0
29701,113_2_1,0
29313,113_2_1,0
28939,113_2_1,0
29698,113_2_1,0
29127,113_2_1,0
35731,113_2_1,0
35735,113_2_1,0
35929,113_2_1,0
36295,113_2_1,0
36146,113_2_1,0
35739,113_2_1,0
202184,918_4_1,0
203675,918_4_1,0
205260,918_4_1,0
201648,918_4_1,0
201647,918_4_1,0
206199,918_4_1,0
203290,918_4_1,0
204375,918_4_1,0
201827,918_4_1,0
202020,918_4_1,0
204203,918_4_1,0
207496,918_4_1,0
204378,918_4_1,0
202736,918_4_1,0
204376,918_4_1,0
207691,918_4_1,0
206969,918_4_1,0
204910,918_4_1,0
207327,918_4_1,0
204909,918_4_1,0
205263,918_4_1,0
201653,918_4_1,0
206209,918_4_1,0
204038,918_4_1,0
206380,918_4_1,0
206967,918_4_1,0
207498,918_4_1,0
204204,918_4_1,0
204208,918_4_1,0
203681,918_4_1,0
207328,918_4_1,0
207495,918_4_1,0
202741,918_4_1,0
202019,918_4_1,0
204209,918_4_1,0
206206,918_4_1,0
203297,918_4_1,0
206024,918_4_1,0
202562,918_4_1,0
204911,918_4_1,0
207330,918_4_1,0
201656,918_4_1,0
202024,918_4_1,0
204034,918_4_1,0
202187,918_4_1,0
205088,918_4_1,0
201466,918_4_1,0
207494,918_4_1,0
206020,918_4_1,0
207883,918_4_1,0
205635,918_4_1,0
202940,918_4_1,0
203678,918_4_1,0
206963,918_4_1,0
202561,918_4_1,0
201655,918_4_1,0
204381,918_4_1,0
201651,918_4_1,0
201830,918_4_1,0
201828,918_4_1,0
207329,918_4_1,0
207885,918_4_1,0
203114,918_4_1,0
207888,918_4_1,0
205087,918_4_1,0
205453,918_4_1,0
203855,918_4_1,0
204037,918_4_1,0
207331,918_4_1,0
207324,918_4_1,0
207322,918_4_1,0
204559,918_4_1,0
204380,918_4_1,0
205636,918_4_1,0
127285,214_2_1,0
121941,214_2_1,0
123602,214_2_1,0
125937,214_2_1,0
121225,214_2_1,0
126497,214_2_1,0
122320,214_2_1,0
121228,214_2_1,0
125219,214_2_1,0
127504,214_2_1,0
126704,214_2_1,0
123397,214_2_1,0
122322,214_2_1,0
124859,214_2_1,0
125935,214_2_1,0
126702,214_2_1,0
126106,214_2_1,0
125764,214_2_1,0
122869,214_2_1,0
126496,214_2_1,0
121406,214_2_1,0
121403,214_2_1,0
124152,214_2_1,0
121764,214_2_1,0
127510,214_2_1,0
123060,214_2_1,0
126697,214_2_1,0
127505,214_2_1,0
127085,214_2_1,0
125936,214_2_1,0
127503,214_2_1,0
123601,214_2_1,0
126107,214_2_1,0
125222,214_2_1,0
125228,214_2_1,0
127501,214_2_1,0
121226,214_2_1,0
125038,214_2_1,0
122325,214_2_1,0
122141,214_2_1,0
125226,214_2_1,0
123059,214_2_1,0
121763,214_2_1,0
124146,214_2_1,0
124325,214_2_1,0
125765,214_2_1,0
122494,214_2_1,0
122496,214_2_1,0
124672,214_2_1,0
127084,214_2_1,0
126501,214_2_1,0
122685,214_2_1,0
123960,214_2_1,0
125602,214_2_1,0
126706,214_2_1,0
121571,214_2_1,0
125940,214_2_1,0
126309,214_2_1,0
127507,214_2_1,0
123228,214_2_1,0
125224,214_2_1,0
122324,214_2_1,0
123600,214_2_1,0
126900,214_2_1,0
126700,214_2_1,0
125419,214_2_1,0
123961,214_2_1,0
123232,214_2_1,0
123779,214_2_1,0
124322,214_2_1,0
122870,214_2_1,0
123401,214_2_1,0
123062,214_2_1,0
93879,204_2_0,0
92724,204_2_0,0
89627,204_2_0,0
93105,204_2_0,0
92523,204_2_0,0
91974,204_2_0,0
87777,204_2_0,0
91972,204_2_0,0
92913,204_2_0,0
91264,204_2_0,0
93308,204_2_0,0
90177,204_2_0,0
93310,204_2_0,0
90178,204_2_0,0
92727,204_2_0,0
87965,204_2_0,0
87967,204_2_0,0
92179,204_2_0,0
93511,204_2_0,0
88934,204_2_0,0
92356,204_2_0,0
90546,204_2_0,0
87619,204_2_0,0
88370,204_2_0,0
88559,204_2_0,0
92536,204_2_0,0
93315,204_2_0,0
91812,204_2_0,0
92359,204_2_0,0
87437,204_2_0,0
90722,204_2_0,0
89258,204_2_0,0
93882,204_2_0,0
92919,204_2_0,0
90547,204_2_0,0
88560,204_2_0,0
91810,204_2_0,0
89820,204_2_0,0
89999,204_2_0,0
93687,204_2_0,0
93516,204_2_0,0
90726,204_2_0,0
87779,204_2_0,0
92184,204_2_0,0
93114,204_2_0,0
93122,204_2_0,0
89821,204_2_0,0
88932,204_2_0,0
91467,204_2_0,0
90908,204_2_0,0
91626,204_2_0,0
93317,204_2_0,0
89635,204_2_0,0
90375,204_2_0,0
89259,204_2_0,0
90003,204_2_0,0
89813,204_2_0,0
91105,204_2_0,0
92357,204_2_0,0
90183,204_2_0,0
90377,204_2_0,0
91627,204_2_0,0
89443,204_2_0,0
89101,204_2_0,0
91107,204_2_0,0
92186,204_2_0,0
91266,204_2_0,0
91811,204_2_0,0
90004,204_2_0,0
88368,204_2_0,0
88736,204_2_0,0
89814,204_2_0,0
88369,204_2_0,0
92921,204_2_0,0
91267,204_2_0,0
89634,204_2_0,0
87626,204_2_0,0
87627,204_2_0,0
90376,204_2_0,0
88737,204_2_0,0
91269,204_2_0,0
89998,204_2_0,0
87969,204_2_0,0
91270,204_2_0,0
93118,204_2_0,0
91989,204_2_0,0
92187,204_2_0,0
89445,204_2_0,0
89446,204_2_0,0
92535,204_2_0,0
88170,204_2_0,0
90721,204_2_0,0
92188,204_2_0,0
93120,204_2_0,0
90001,204_2_0,0
88926,204_2_0,0
89629,204_2_0,0
89104,204_2_0,0
88733,204_2_0,0
93314,204_2_0,0
92185,204_2_0,0
87780,204_2_0,0
87439,204_2_0,0
131774,216_2_0,0
129166,216_2_0,0
134214,216_2_0,0
131033,216_2_0,0
132127,216_2_0,0
131938,216_2_0,0
128591,216_2_0,0
128042,216_2_0,0
133447,216_2_0,0
129330,216_2_0,0
128594,216_2_0,0
130639,216_2_0,0
129164,216_2_0,0
133823,216_2_0,0
132882,216_2_0,0
127673,216_2_0,0
128984,216_2_0,0
133825,216_2_0,0
129922,216_2_0,0
128987,216_2_0,0
134043,216_2_0,0
130843,216_2_0,0
131587,216_2_0,0
132135,216_2_0,0
128982,216_2_0,0
129170,216_2_0,0
132314,216_2_0,0
132672,216_2_0,0
133067,216_2_0,0
132496,216_2_0,0
131218,216_2_0,0
130649,216_2_0,0
130277,216_2_0,0
133063,216_2_0,0
128415,216_2_0,0
128595,216_2_0,0
131039,216_2_0,0
130848,216_2_0,0
128784,216_2_0,0
132673,216_2_0,0
128228,216_2_0,0
128781,216_2_0,0
133827,216_2_0,0
129923,216_2_0,0
129925,216_2_0,0
129522,216_2_0,0
129346,216_2_0,0
133448,216_2_0,0
131946,216_2_0,0
132675,216_2_0,0
128985,216_2_0,0
130107,216_2_0,0
129524,216_2_0,0
130646,216_2_0,0
130651,216_2_0,0
131940,216_2_0,0
127671,216_2_0,0
134044,216_2_0,0
130106,216_2_0,0
129723,216_2_0,0
132671,216_2_0,0
131593,216_2_0,0
129521,216_2_0,0
133623,216_2_0,0
133245,216_2_0,0
128596,216_2_0,0
131405,216_2_0,0
130847,216_2_0,0
134215,216_2_0,0
129342,216_2_0,0
129918,216_2_0,0
133628,216_2_0,0
128225,216_2_0,0
133243,216_2_0,0
129523,216_2_0,0
133068,216_2_0,0
131035,216_2_0,0
131413,216_2_0,0
131414,216_2_0,0
132134,216_2_0,0
130647,216_2_0,0
133244,216_2_0,0
131403,216_2_0,0
131409,216_2_0,0
128046,216_2_0,0
129920,216_2_0,0
131411,216_2_0,0
130475,216_2_0,0
131216,216_2_0,0
132131,216_2_0,0
132883,216_2_0,0
131776,216_2_0,0
133829,216_2_0,0
134216,216_2_0,0
133452,216_2_0,0
129926,216_2_0,0
128411,216_2_0,0
130648,216_2_0,0
128045,216_2_0,0
128782,216_2_0,0
128980,216_2_0,0
130849,216_2_0,0
133621,216_2_0,0
128414,216_2_0,0
131406,216_2_0,0
132879,216_2_0,0
127853,216_2_0,0
133449,216_2_0,0
130104,216_2_0,0
133626,216_2_0,0
130275,216_2_0,0
133451,216_2_0,0
129917,216_2_0,0
929,101_1_1,0
6103,101_1_1,0
5930,101_1_1,0
2795,101_1_1,0
3155,101_1_1,0
5936,101_1_1,0
3725,101_1_1,0
5387,101_1_1,0
1320,101_1_1,0
930,101_1_1,0
2585,101_1_1,0
5734,101_1_1,0
4467,101_1_1,0
1659,101_1_1,0
5003,101_1_1,0
4116,101_1_1,0
12420,103_1_0,0
8148,103_1_0,0
12765,103_1_0,0
9116,103_1_0,0
13119,103_1_0,0
11852,103_1_0,0
8150,103_1_0,0
6650,103_1_0,0
11432,103_1_0,0
7197,103_1_0,0
11424,103_1_0,0
9117,103_1_0,0
13287,103_1_0,0
10063,103_1_0,0
9480,103_1_0,0
13121,103_1_0,0
8376,103_1_0,0
8909,103_1_0,0
7551,103_1_0,0
128230,216_2_1,0
129172,216_2_1,0
134219,216_2_1,0
130108,216_2_1,0
132874,216_2_1,0
129169,216_2_1,0
128412,216_2_1,0
29874,110_1_1,0
33437,110_1_1,0
27061,110_1_1,0
33435,110_1_1,0
28342,110_1_1,0
27961,110_1_1,0
33091,110_1_1,0
31980,110_1_1,0
31983,110_1_1,0
31800,110_1_1,0
28341,110_1_1,0
28760,110_1_1,0
29875,110_1_1,0
32531,110_1_1,0
28942,110_1_1,0
29133,110_1_1,0
27963,110_1_1,0
31440,110_1_1,0
31019,110_1_1,0
32359,110_1_1,0
31026,110_1_1,0
34027,111_1_0,0
37248,111_1_0,0
39530,111_1_0,0
35736,111_1_0,0
39894,111_1_0,0
34428,111_1_0,0
38223,111_1_0,0
38960,111_1_0,0
37650,111_1_0,0
38767,111_1_0,0
39162,111_1_0,0
33640,111_1_0,0
36145,111_1_0,0
37246,111_1_0,0
37826,111_1_0,0
36691,111_1_0,0
40066,111_1_0,0
39895,111_1_0,0
37455,111_1_0,0
36885,111_1_0,0
160064,310_3_0,0
159146,310_3_0,0
157269,310_3_0,0
155795,310_3_0,0
154910,310_3_0,0
157620,310_3_0,0
158623,310_3_0,0
156536,310_3_0,0
159152,310_3_0,0
160656,310_3_0,0
155993,310_3_0,0
159858,310_3_0,0
160659,310_3_0,0
156899,310_3_0,0
157427,310_3_0,0
156903,310_3_0,0
155998,310_3_0,0
155602,310_3_0,0
156710,310_3_0,0
160258,310_3_0,0
160467,310_3_0,0
160465,310_3_0,0
155999,310_3_0,0
158799,310_3_0,0
159334,310_3_0,0
156533,310_3_0,0
158979,310_3_0,0
157822,310_3_0,0
160260,310_3_0,0
156537,310_3_0,0
157618,310_3_0,0
159333,310_3_0,0
156716,310_3_0,0
154718,310_3_0,0
157823,310_3_0,0
155797,310_3_0,0
155798,310_3_0,0
156171,310_3_0,0
157080,310_3_0,0
158803,310_3_0,0
157425,310_3_0,0
157424,310_3_0,0
158622,310_3_0,0
157081,310_3_0,0
160468,310_3_0,0
155073,310_3_0,0
159500,310_3_0,0
158443,310_3_0,0
158241,310_3_0,0
158627,310_3_0,0
155252,310_3_0,0
159498,310_3_0,0
160063,310_3_0,0
159853,310_3_0,0
160654,310_3_0,0
160831,310_3_0,0
156713,310_3_0,0
157421,310_3_0,0
156344,310_3_0,0
158621,310_3_0,0
157423,310_3_0,0
156170,310_3_0,0
157426,310_3_0,0
160660,310_3_0,0
156902,310_3_0,0
155995,310_3_0,0
161186,316_3_1,0
166493,316_3_1,0
165768,316_3_1,0
161951,316_3_1,0
164874,316_3_1,0
163944,316_3_1,0
163304,316_3_1,0
167783,316_3_1,0
163531,316_3_1,0
166849,316_3_1,0
167784,316_3_1,0
165075,316_3_1,0
161768,316_3_1,0
163312,316_3_1,0
161587,316_3_1,0
167027,316_3_1,0
166857,316_3_1,0
164690,316_3_1,0
161766,316_3_1,0
165248,316_3_1,0
164689,316_3_1,0
165957,316_3_1,0
165249,316_3_1,0
162869,316_3_1,0
165250,316_3_1,0
162157,316_3_1,0
166850,316_3_1,0
167576,316_3_1,0
162334,316_3_1,0
165586,316_3_1,0
164864,316_3_1,0
164141,316_3_1,0
167025,316_3_1,0
167779,316_3_1,0
166682,316_3_1,0
163089,316_3_1,0
163727,316_3_1,0
162867,316_3_1,0
161956,316_3_1,0
167567,316_3_1,0
161771,316_3_1,0
166677,316_3_1,0
162862,316_3_1,0
165584,316_3_1,0
164865,316_3_1,0
167024,316_3_1,0
162868,316_3_1,0
164692,316_3_1,0
162864,316_3_1,0
164326,316_3_1,0
164866,316_3_1,0
164510,316_3_1,0
165081,316_3_1,0
162673,316_3_1,0
165956,316_3_1,0
161192,316_3_1,0
161382,316_3_1,0
166855,316_3_1,0
163309,316_3_1,0
166684,316_3_1,0
166675,316_3_1,0
167785,316_3_1,0
162670,316_3_1,0
165420,316_3_1,0
167566,316_3_1,0
162866,316_3_1,0
161954,316_3_1,0
162333,316_3_1,0
161589,316_3_1,0
162496,316_3_1,0
165587,316_3_1,0
161193,316_3_1,0
166308,316_3_1,0
163530,316_3_1,0
162337,316_3_1,0
165078,316_3_1,0
166147,316_3_1,0
166678,316_3_1,0
161189,316_3_1,0
166679,316_3_1,0
164872,316_3_1,0
167385,316_3_1,0
164508,316_3_1,0
166680,316_3_1,0
162335,316_3_1,0
166856,316_3_1,0
165588,316_3_1,0
166853,316_3_1,0
164688,316_3_1,0
162343,316_3_1,0
165955,316_3_1,0
164870,316_3_1,0
162859,316_3_1,0
162665,316_3_1,0
161190,316_3_1,0
163725,316_3_1,0
166151,316_3_1,0
197182,913_4_1,0
200531,913_4_1,0
197368,913_4_1,0
201087,913_4_1,0
196994,913_4_1,0
201276,913_4_1,0
197364,913_4_1,0
194774,913_4_1,0
199215,913_4_1,0
199405,913_4_1,0
197718,913_4_1,0
198865,913_4_1,0
195148,913_4_1,0
197537,913_4_1,0
197536,913_4_1,0
196622,913_4_1,0
199567,913_4_1,0
197719,913_4_1,0
200888,913_4_1,0
195684,913_4_1,0
195514,913_4_1,0
200709,913_4_1,0
201085,913_4_1,0
199407,913_4_1,0
93881,204_2_1,0
91466,204_2_1,0
91106,204_2_1,0
89633,204_2_1,0
87440,204_2_1,0
92923,204_2_1,0
90551,204_2_1,0
87970,204_2_1,0
93313,204_2_1,0
63934,122_1_0,0
65434,122_1_0,0
65435,122_1_0,0
62860,122_1_0,0
61915,122_1_0,0
65618,122_1_0,0
65617,122_1_0,0
64497,122_1_0,0
64294,122_1_0,0
65056,122_1_0,0
66235,122_1_0,0
62284,122_1_0,0
64889,122_1_0,0
60778,122_1_0,0
61543,122_1_0,0
67144,122_1_0,0
60777,122_1_0,0
62469,122_1_0,0
61160,122_1_0,0
63749,122_1_0,0
66232,122_1_0,0
65430,122_1_0,0
66985,122_1_0,0
66237,122_1_0,0
63049,122_1_0,0
60964,122_1_0,0
60782,122_1_0,0
63381,122_1_0,0
64297,122_1_0,0
62468,122_1_0,0
61339,122_1_0,0
64499,122_1_0,0
66069,122_1_0,0
62863,122_1_0,0
66986,122_1_0,0
61727,122_1_0,0
61725,122_1_0,0
65428,122_1_0,0
65622,122_1_0,0
62857,122_1_0,0
62470,122_1_0,0
63378,122_1_0,0
62099,122_1_0,0
60783,122_1_0,0
65431,122_1_0,0
65620,122_1_0,0
63933,122_1_0,0
62861,122_1_0,0
66411,122_1_0,0
64890,122_1_0,0
63218,122_1_0,0
66410,122_1_0,0
65840,122_1_0,0
61728,122_1_0,0
60962,122_1_0,0
65621,122_1_0,0
64500,122_1_0,0
62472,122_1_0,0
64888,122_1_0,0
65427,122_1_0,0
62098,122_1_0,0
63936,122_1_0,0
65055,122_1_0,0
61337,122_1_0,0
62467,122_1_0,0
66412,122_1_0,0
60595,122_1_0,0
56768,119_1_1,0
58844,119_1_1,0
56573,119_1_1,0
58091,119_1_1,0
60220,119_1_1,0
58466,119_1_1,0
56183,119_1_1,0
54755,119_1_1,0
55821,119_1_1,0
58089,119_1_1,0
58847,119_1_1,0
57911,119_1_1,0
57905,119_1_1,0
58639,119_1_1,0
54916,119_1_1,0
55826,119_1_1,0
56185,119_1_1,0
60051,119_1_1,0
57908,119_1_1,0
57308,119_1_1,0
56947,119_1_1,0
54754,119_1_1,0
58288,119_1_1,0
54748,119_1_1,0
54393,119_1_1,0
58096,119_1_1,0
56180,119_1_1,0
135545,219_2_0,0
138991,219_2_0,0
138060,219_2_0,0
139368,219_2_0,0
137479,219_2_0,0
139735,219_2_0,0
138434,219_2_0,0
140267,219_2_0,0
138433,219_2_0,0
138998,219_2_0,0
138439,219_2_0,0
137681,219_2_0,0
139562,219_2_0,0
140092,219_2_0,0
134998,219_2_0,0
138987,219_2_0,0
135546,219_2_0,0
139742,219_2_0,0
135363,219_2_0,0
134609,219_2_0,0
136481,219_2_0,0
138808,219_2_0,0
137063,219_2_0,0
138815,219_2_0,0
138065,219_2_0,0
138442,219_2_0,0
135173,219_2_0,0
137885,219_2_0,0
139374,219_2_0,0
137888,219_2_0,0
137071,219_2_0,0
138249,219_2_0,0
140441,219_2_0,0
140805,219_2_0,0
136476,219_2_0,0
138067,219_2_0,0
134610,219_2_0,0
137272,219_2_0,0
137073,219_2_0,0
135362,219_2_0,0
137062,219_2_0,0
139565,219_2_0,0
138623,219_2_0,0
135001,219_2_0,0
136881,219_2_0,0
136291,219_2_0,0
136475,219_2_0,0
137485,219_2_0,0
134801,219_2_0,0
137270,219_2_0,0
139001,219_2_0,0
139567,219_2_0,0
135002,219_2_0,0
135547,219_2_0,0
136675,219_2_0,0
140442,219_2_0,0
135917,219_2_0,0
136667,219_2_0,0
135717,219_2_0,0
135721,219_2_0,0
134802,219_2_0,0
138811,219_2_0,0
140999,219_2_0,0
136670,219_2_0,0
136480,219_2_0,0
136082,219_2_0,0
138247,219_2_0,0
140445,219_2_0,0
136478,219_2_0,0
138064,219_2_0,0
139925,219_2_0,0
137273,219_2_0,0
137685,219_2_0,0
138625,219_2_0,0
136078,219_2_0,0
136293,219_2_0,0
134429,219_2_0,0
136672,219_2_0,0
138627,219_2_0,0
135723,219_2_0,0
137271,219_2_0,0
134606,219_2_0,0
138628,219_2_0,0
134607,219_2_0,0
138810,219_2_0,0
139375,219_2_0,0
140806,219_2_0,0
138624,219_2_0,0
140620,219_2_0,0
135366,219_2_0,0
137065,219_2_0,0
135715,219_2_0,0
135550,219_2_0,0
139741,219_2_0,0
139186,219_2_0,0
137889,219_2_0,0
134428,219_2_0,0
140804,219_2_0,0
134434,219_2_0,0
136673,219_2_0,0
171829,321_3_0,0
173494,321_3_0,0
169427,321_3_0,0
170560,321_3_0,0
168701,321_3_0,0
170563,321_3_0,0
173890,321_3_0,0
173314,321_3_0,0
171104,321_3_0,0
170375,321_3_0,0
174462,321_3_0,0
173697,321_3_0,0
168332,321_3_0,0
171105,321_3_0,0
169799,321_3_0,0
169615,321_3_0,0
172009,321_3_0,0
174458,321_3_0,0
174090,321_3_0,0
172551,321_3_0,0
168698,321_3_0,0
171623,321_3_0,0
172191,321_3_0,0
171828,321_3_0,0
173886,321_3_0,0
169262,321_3_0,0
173888,321_3_0,0
170187,321_3_0,0
172733,321_3_0,0
169429,321_3_0,0
173497,321_3_0,0
170371,321_3_0,0
169077,321_3_0,0
174257,321_3_0,0
173310,321_3_0,0
169078,321_3_0,0
173496,321_3_0,0
168521,321_3_0,0
173506,321_3_0,0
169613,321_3_0,0
170755,321_3_0,0
171627,321_3_0,0
172193,321_3_0,0
168524,321_3_0,0
173311,321_3_0,0
169264,321_3_0,0
170374,321_3_0,0
172549,321_3_0,0
170376,321_3_0,0
174260,321_3_0,0
168700,321_3_0,0
171826,321_3_0,0
169425,321_3_0,0
170188,321_3_0,0
172732,321_3_0,0
168890,321_3_0,0
172930,321_3_0,0
172011,321_3_0,0
170919,321_3_0,0
170368,321_3_0,0
172188,321_3_0,0
168525,321_3_0,0
173692,321_3_0,0
168892,321_3_0,0
168523,321_3_0,0
170920,321_3_0,0
154513,105_1_1,0
154710,105_1_1,0
154517,105_1_1,0
15766,105_1_1,0
16548,105_1_1,0
18196,105_1_1,0
16731,105_1_1,0
13868,105_1_1,0
16166,105_1_1,0
16360,105_1_1,0
14446,105_1_1,0
14652,105_1_1,0
15363,105_1_1,0
15956,105_1_1,0
15201,105_1_1,0
16891,105_1_1,0
19662,105_1_1,0
17620,105_1_1,0
15548,105_1_1,0
17076,105_1_1,0
15024,105_1_1,0
19300,105_1_1,0
13874,105_1_1,0
18387,105_1_1,0
17828,105_1_1,0
16170,105_1_1,0
16547,105_1_1,0
17625,105_1_1,0
15768,105_1_1,0
32741,110_1_0,0
33441,110_1_0,0
33445,110_1_0,0
27775,110_1_0,0
20758,108_1_0,0
21160,108_1_0,0
23968,108_1_0,0
23574,108_1_0,0
20218,108_1_0,0
24676,108_1_0,0
26330,108_1_0,0
24499,108_1_0,0
25221,108_1_0,0
22075,108_1_0,0
24142,108_1_0,0
22440,108_1_0,0
22070,108_1_0,0
25229,108_1_0,0
23185,108_1_0,0
23573,108_1_0,0
25599,108_1_0,0
23575,108_1_0,0
20384,108_1_0,0
25789,108_1_0,0
23973,108_1_0,0
22994,108_1_0,0
25952,108_1_0,0
25227,108_1_0,0
21717,108_1_0,0
20383,108_1_0,0
23577,108_1_0,0
24848,108_1_0,0
25405,108_1_0,0
25402,108_1_0,0
21530,108_1_0,0
21892,108_1_0,0
108887,210_2_1,0
111631,210_2_1,0
110868,210_2_1,0
112400,210_2_1,0
113327,210_2_1,0
109243,210_2_1,0
110361,210_2_1,0
113528,210_2_1,0
113735,210_2_1,0
111846,210_2_1,0
110533,210_2_1,0
112018,210_2_1,0
113910,210_2_1,0
109630,210_2_1,0
109805,210_2_1,0
108143,210_2_1,0
109806,210_2_1,0
110532,210_2_1,0
111253,210_2_1,0
113529,210_2_1,0
108344,210_2_1,0
110694,210_2_1,0
109438,210_2_1,0
111469,210_2_1,0
108525,210_2_1,0
108345,210_2_1,0
108142,210_2_1,0
110170,210_2_1,0
111847,210_2_1,0
108522,210_2_1,0
112019,210_2_1,0
110171,210_2_1,0
109632,210_2_1,0
113733,210_2_1,0
107767,210_2_1,0
109809,210_2_1,0
109807,210_2_1,0
109242,210_2_1,0
111848,210_2_1,0
108886,210_2_1,0
109629,210_2_1,0
108524,210_2_1,0
109442,210_2_1,0
108521,210_2_1,0
108346,210_2_1,0
110166,210_2_1,0
108526,210_2_1,0
112767,210_2_1,0
110168,210_2_1,0
112211,210_2_1,0
113732,210_2_1,0
108711,210_2_1,0
108883,210_2_1,0
108888,210_2_1,0
113323,210_2_1,0
107766,210_2_1,0
111257,210_2_1,0
111635,210_2_1,0
110867,210_2_1,0
110693,210_2_1,0
111629,210_2_1,0
108884,210_2_1,0
107557,210_2_1,0
112210,210_2_1,0
111468,210_2_1,0
110870,210_2_1,0
107763,210_2_1,0
112401,210_2_1,0
110172,210_2_1,0
108147,210_2_1,0
109241,210_2_1,0
108148,210_2_1,0
111255,210_2_1,0
111054,210_2_1,0
112020,210_2_1,0
113911,210_2_1,0
107762,210_2_1,0
108343,210_2_1,0
113143,210_2_1,0
112944,210_2_1,0
109628,210_2_1,0
112766,210_2_1,0
107963,210_2_1,0
111055,210_2_1,0
109444,210_2_1,0
111632,210_2_1,0
109440,210_2_1,0
109443,210_2_1,0
108144,210_2_1,0
7744,103_1_1,0
11425,103_1_1,0
7005,103_1_1,0
8556,103_1_1,0
12036,103_1_1,0
10830,103_1_1,0
8731,103_1_1,0
11233,103_1_1,0
12577,103_1_1,0
8378,103_1_1,0
12573,103_1_1,0
11643,103_1_1,0
9115,103_1_1,0
12953,103_1_1,0
11427,103_1_1,0
159680,305_4_1,0
159681,305_4_1,0
146400,305_4_1,0
146402,305_4_1,0
146223,305_4_1,0
146222,305_4_1,0
152351,305_4_1,0
151972,305_4_1,0
149594,305_4_1,0
150310,305_4_1,0
150534,305_4_1,0
151080,305_4_1,0
149408,305_4_1,0
153433,305_4_1,0
152542,305_4_1,0
150141,305_4_1,0
148644,305_4_1,0
152357,305_4_1,0
153607,305_4_1,0
151081,305_4_1,0
151806,305_4_1,0
152722,305_4_1,0
149196,305_4_1,0
148643,305_4_1,0
153606,305_4_1,0
153782,305_4_1,0
152355,305_4_1,0
153070,305_4_1,0
149780,305_4_1,0
152356,305_4_1,0
151245,305_4_1,0
152349,305_4_1,0
154163,305_4_1,0
148999,305_4_1,0
151449,305_4_1,0
153238,305_4_1,0
153775,305_4_1,0
150884,305_4_1,0
148449,305_4_1,0
149959,305_4_1,0
149591,305_4_1,0
151248,305_4_1,0
149589,305_4_1,0
149413,305_4_1,0
149202,305_4_1,0
154166,305_4_1,0
150887,305_4_1,0
153068,305_4_1,0
150880,305_4_1,0
152900,305_4_1,0
153434,305_4_1,0
148088,305_4_1,0
150536,305_4_1,0
148641,305_4_1,0
151619,305_4_1,0
148089,305_4_1,0
149410,305_4_1,0
151805,305_4_1,0
149001,305_4_1,0
150143,305_4_1,0
152903,305_4_1,0
149199,305_4_1,0
19299,105_1_0,0
18002,105_1_0,0
19484,105_1_0,0
17823,105_1_0,0
13487,105_1_0,0
18755,105_1_0,0
111470,210_2_0,0
112584,210_2_0,0
111637,210_2_0,0
112405,210_2_0,0
113914,210_2_0,0
111633,210_2_0,0
109055,210_2_0,0
2581,101_1_0,0
1664,101_1_0,0
5004,101_1_0,0
6436,101_1_0,0
1850,101_1_0,0
5010,101_1_0,0
1668,101_1_0,0
38,101_1_0,0
6263,101_1_0,0
412,101_1_0,0
5195,101_1_0,0
2228,101_1_0,0
2037,101_1_0,0
932,101_1_0,0
5191,101_1_0,0
1660,101_1_0,0
2408,101_1_0,0
2588,101_1_0,0
6265,101_1_0,0
62658,122_1_1,0
62285,122_1_1,0
62283,122_1_1,0
66234,122_1_1,0
66622,122_1_1,0
65432,122_1_1,0
63384,122_1_1,0
64699,122_1_1,0
63217,122_1_1,0
67148,122_1_1,0
65624,122_1_1,0
65235,122_1_1,0
69995,125_1_0,0
70979,125_1_0,0
69614,125_1_0,0
67533,125_1_0,0
67940,125_1_0,0
70765,125_1_0,0
72084,125_1_0,0
72275,125_1_0,0
70389,125_1_0,0
70573,125_1_0,0
68337,125_1_0,0
70388,125_1_0,0
71536,125_1_0,0
67936,125_1_0,0
73012,125_1_0,0
67532,125_1_0,0
71535,125_1_0,0
68675,125_1_0,0
67938,125_1_0,0
69996,125_1_0,0
72459,125_1_0,0
71902,125_1_0,0
73933,125_1_0,0
72826,125_1_0,0
73178,125_1_0,0
70575,125_1_0,0
73010,125_1_0,0
71901,125_1_0,0
72082,125_1_0,0
70183,125_1_0,0
67933,125_1_0,0
72083,125_1_0,0
71736,125_1_0,0
69998,125_1_0,0
68671,125_1_0,0
73536,125_1_0,0
72825,125_1_0,0
70984,125_1_0,0
68869,125_1_0,0
73013,125_1_0,0
70766,125_1_0,0
69420,125_1_0,0
73539,125_1_0,0
68670,125_1_0,0
69809,125_1_0,0
72823,125_1_0,0
68338,125_1_0,0
71338,125_1_0,0
67345,125_1_0,0
69994,125_1_0,0
70574,125_1_0,0
71160,125_1_0,0
69428,125_1_0,0
68672,125_1_0,0
70982,125_1_0,0
67531,125_1_0,0
71532,125_1_0,0
68504,125_1_0,0
72277,125_1_0,0
69427,125_1_0,0
68674,125_1_0,0
70981,125_1_0,0
72827,125_1_0,0
68673,125_1_0,0
69615,125_1_0,0
71735,125_1_0,0
71159,125_1_0,0
73932,125_1_0,0
69423,125_1_0,0
71162,125_1_0,0
72270,125_1_1,0
73008,125_1_1,0
70983,125_1_1,0
69991,125_1_1,0
69235,125_1_1,0
144326,303_3_0,0
147164,303_3_0,0
145840,303_3_0,0
146042,303_3_0,0
144686,303_3_0,0
147331,303_3_0,0
146591,303_3_0,0
144502,303_3_0,0
141187,303_3_0,0
144873,303_3_0,0
144682,303_3_0,0
144868,303_3_0,0
144503,303_3_0,0
146228,303_3_0,0
144870,303_3_0,0
143780,303_3_0,0
147161,303_3_0,0
143782,303_3_0,0
141888,303_3_0,0
141186,303_3_0,0
146230,303_3_0,0
143201,303_3_0,0
142273,303_3_0,0
144324,303_3_0,0
145639,303_3_0,0
146592,303_3_0,0
143960,303_3_0,0
141372,303_3_0,0
145841,303_3_0,0
141184,303_3_0,0
147326,303_3_0,0
147729,303_3_0,0
145839,303_3_0,0
145069,303_3_0,0
144325,303_3_0,0
141883,303_3_0,0
142851,303_3_0,0
145071,303_3_0,0
146039,303_3_0,0
146229,303_3_0,0
141689,303_3_0,0
142076,303_3_0,0
146965,303_3_0,0
145636,303_3_0,0
142073,303_3_0,0
146966,303_3_0,0
146779,303_3_0,0
142078,303_3_0,0
146962,303_3_0,0
141370,303_3_0,0
142275,303_3_0,0
146417,303_3_0,0
144129,303_3_0,0
143580,303_3_0,0
146041,303_3_0,0
146415,303_3_0,0
144688,303_3_0,0
147328,303_3_0,0
144867,303_3_0,0
146968,303_3_0,0
146044,303_3_0,0
141524,303_3_0,0
141369,303_3_0,0
144130,303_3_0,0
144511,303_3_0,0
144506,303_3_0,0
144323,303_3_0,0
142850,303_3_0,0
144504,303_3_0,0
144689,303_3_0,0
144131,303_3_0,0
145635,303_3_0,0
142475,303_3_0,0
123603,214_2_0,0
121400,214_2_0,0
126306,214_2_0,0
126894,214_2_0,0
125598,214_2_0,0
121398,214_2_0,0
123063,214_2_0,0
124670,214_2_0,0
123403,214_2_0,0
125223,214_2_0,0
122684,214_2_0,0
126897,214_2_0,0
122321,214_2_0,0
124669,214_2_0,0
123057,214_2_0,0
123777,214_2_0,0
126895,214_2_0,0
123395,214_2_0,0
123599,214_2_0,0
122323,214_2_0,0
124510,214_2_0,0
125036,214_2_0,0
123061,214_2_0,0
122495,214_2_0,0
125220,214_2_0,0
121229,214_2_0,0
127509,214_2_0,0
124326,214_2_0,0
125231,214_2_0,0
126310,214_2_0,0
122139,214_2_0,0
123780,214_2_0,0
121405,214_2_0,0
124511,214_2_0,0
124151,214_2_0,0
127288,214_2_0,0
125599,214_2_0,0
118029,213_2_1,0
116711,213_2_1,0
116520,213_2_1,0
114888,213_2_1,0
117665,213_2_1,0
114894,213_2_1,0
115454,213_2_1,0
114889,213_2_1,0
119518,213_2_1,0
115272,213_2_1,0
114488,213_2_1,0
119703,213_2_1,0
118411,213_2_1,0
119892,213_2_1,0
117667,213_2_1,0
114885,213_2_1,0
118245,213_2_1,0
118421,213_2_1,0
120253,213_2_1,0
114893,213_2_1,0
116709,213_2_1,0
114684,213_2_1,0
120457,213_2_1,0
115269,213_2_1,0
115825,213_2_1,0
114289,213_2_1,0
118978,213_2_1,0
114286,213_2_1,0
116518,213_2_1,0
118412,213_2_1,0
118422,213_2_1,0
118414,213_2_1,0
119354,213_2_1,0
117274,213_2_1,0
117668,213_2_1,0
116515,213_2_1,0
114892,213_2_1,0
120256,213_2_1,0
117666,213_2_1,0
115456,213_2_1,0
114487,213_2_1,0
117664,213_2_1,0
115268,213_2_1,0
116710,213_2_1,0
115078,213_2_1,0
116341,213_2_1,0
114291,213_2_1,0
118242,213_2_1,0
117661,213_2_1,0
116162,213_2_1,0
116154,213_2_1,0
115631,213_2_1,0
116159,213_2_1,0
115989,213_2_1,0
78241,128_1_0,0
74119,128_1_0,0
75218,128_1_0,0
77251,128_1_0,0
79152,128_1_0,0
76145,128_1_0,0
76714,128_1_0,0
74636,128_1_0,0
79887,128_1_0,0
79712,128_1_0,0
74833,128_1_0,0
75758,128_1_0,0
80119,128_1_0,0
75423,128_1_0,0
74631,128_1_0,0
79352,128_1_0,0
74460,128_1_0,0
78798,128_1_0,0
74828,128_1_0,0
79892,128_1_0,0
79890,128_1_0,0
79151,128_1_0,0
79707,128_1_0,0
75217,128_1_0,0
78609,128_1_0,0
74633,128_1_0,0
80116,128_1_0,0
77836,128_1_0,0
74122,128_1_0,0
75938,128_1_0,0
79520,128_1_0,0
76715,128_1_0,0
78040,128_1_0,0
75760,128_1_0,0
79521,128_1_0,0
78042,128_1_0,0
74457,128_1_0,0
74117,128_1_0,0
77253,128_1_0,0
74829,128_1_0,0
76717,128_1_0,0
78797,128_1_0,0
75415,128_1_0,0
77838,128_1_0,0
79156,128_1_0,0
79711,128_1_0,0
75416,128_1_0,0
75422,128_1_0,0
76147,128_1_0,0
76912,128_1_0,0
78412,128_1_0,0
80117,128_1_0,0
75941,128_1_0,0
76527,128_1_0,0
80460,128_1_0,0
76146,128_1_0,0
76340,128_1_0,0
75418,128_1_0,0
78238,128_1_0,0
75414,128_1_0,0
76716,128_1_0,0
75420,128_1_0,0
78242,128_1_0,0
77257,128_1_0,0
74832,128_1_0,0
77100,128_1_0,0
77457,128_1_0,0
79353,128_1_0,0
74458,128_1_0,0
80461,128_1_0,0
79524,128_1_0,0
75759,128_1_0,0
78800,128_1_0,0
77843,128_1_0,0
78606,128_1_0,0
77256,128_1_0,0
75029,128_1_0,0
78411,128_1_0,0
77098,128_1_0,0
78410,128_1_0,0
79153,128_1_0,0
76141,128_1_0,0
79519,128_1_0,0
74830,128_1_0,0
76341,128_1_0,0
79708,128_1_0,0
78795,128_1_0,0
74461,128_1_0,0
74462,128_1_0,0
79518,128_1_0,0
77258,128_1_0,0
75599,128_1_0,0
75421,128_1_0,0
80290,128_1_0,0
76528,128_1_0,0
79886,128_1_0,0
203851,918_4_0,0
205086,918_4_0,0
204560,918_4_0,0
202735,918_4_0,0
202738,918_4_0,0
203846,918_4_0,0
205085,918_4_0,0
202934,918_4_0,0
202737,918_4_0,0
202733,918_4_0,0
204731,918_4_0,0
206584,918_4_0,0
202390,918_4_0,0
201650,918_4_0,0
203847,918_4_0,0
203113,918_4_0,0
201467,918_4_0,0
206210,918_4_0,0
203115,918_4_0,0
202739,918_4_0,0
206970,918_4_0,0
206585,918_4_0,0
206755,918_4_0,0
205637,918_4_0,0
204201,918_4_0,0
204043,918_4_0,0
207693,918_4_0,0
202734,918_4_0,0
205840,918_4_0,0
206025,918_4_0,0
202740,918_4_0,0
203510,918_4_0,0
205457,918_4_0,0
206760,918_4_0,0
204033,918_4_0,0
202939,918_4_0,0
203293,918_4_0,0
204036,918_4_0,0
206753,918_4_0,0
206588,918_4_0,0
207880,918_4_0,0
206023,918_4_0,0
205841,918_4_0,0
205083,918_4_0,0
204379,918_4_0,0
207157,918_4_0,0
206754,918_4_0,0
204727,918_4_0,0
202186,918_4_0,0
203853,918_4_0,0
202023,918_4_0,0
203682,918_4_0,0
204377,918_4_0,0
206756,918_4_0,0
201654,918_4_0,0
204039,918_4_0,0
30620,110_1_1,0
32923,110_1_1,0
28557,110_1_1,0
29321,110_1_1,0
28946,110_1_1,0
32916,110_1_1,0
31640,110_1_1,0
27779,110_1_1,0
29521,110_1_1,0
31444,110_1_1,0
30623,110_1_1,0
32164,110_1_1,0
33438,110_1_1,0
26868,110_1_1,0
30251,110_1_1,0
31798,110_1_1,0
29872,110_1_1,0
32361,110_1_1,0
29705,110_1_1,0
32530,110_1_1,0
28761,110_1_1,0
30055,110_1_1,0
33440,110_1_1,0
27059,110_1_1,0
32362,110_1_1,0
27602,110_1_1,0
29703,110_1_1,0
31442,110_1_1,0
28945,110_1_1,0
31982,110_1_1,0
27258,110_1_1,0
27962,110_1_1,0
33444,110_1_1,0
31981,110_1_1,0
30619,110_1_1,0
198654,305_3_1,0
198652,305_3_1,0
153069,305_3_1,0
147887,305_3_1,0
153783,305_3_1,0
150140,305_3_1,0
151976,305_3_1,0
150530,305_3_1,0
153067,305_3_1,0
153978,305_3_1,0
148448,305_3_1,0
149201,305_3_1,0
152350,305_3_1,0
151618,305_3_1,0
149958,305_3_1,0
151247,305_3_1,0
153605,305_3_1,0
148280,305_3_1,0
148647,305_3_1,0
150531,305_3_1,0
150705,305_3_1,0
150142,305_3_1,0
6649,103_1_0,0
8375,103_1_0,0
11429,103_1_0,0
8905,103_1_0,0
7743,103_1_0,0
12949,103_1_0,0
8155,103_1_0,0
7745,103_1_0,0
12764,103_1_0,0
11644,103_1_0,0
9877,103_1_0,0
8145,103_1_0,0
8156,103_1_0,0
9292,103_1_0,0
9483,103_1_0,0
6825,103_1_0,0
11035,103_1_0,0
6823,103_1_0,0
8557,103_1_0,0
6647,103_1_0,0
10628,103_1_0,0
7365,103_1_0,0
6643,103_1_0,0
12763,103_1_0,0
8910,103_1_0,0
10287,103_1_0,0
111457,208_3_1,0
112758,208_3_1,0
113720,208_3_1,0
113128,208_3_1,0
111456,208_3_1,0
114095,208_3_1,0
111242,208_3_1,0
112578,208_3_1,0
112932,208_3_1,0
113905,208_3_1,0
112934,208_3_1,0
112757,208_3_1,0
112753,208_3_1,0
113131,208_3_1,0
112579,208_3_1,0
113901,208_3_1,0
113127,208_3_1,0
112933,208_3_1,0
114098,208_3_1,0
113718,208_3_1,0
107952,208_3_1,0
113518,208_3_1,0
113517,208_3_1,0
113515,208_3_1,0
114099,208_3_1,0
111245,208_3_1,0
112936,208_3_1,0
112754,208_3_1,0
113511,208_3_1,0
113900,208_3_1,0
113902,208_3_1,0
113522,208_3_1,0
113510,208_3_1,0
111237,208_3_1,0
113716,208_3_1,0
113520,208_3_1,0
113129,208_3_1,0
113318,208_3_1,0
107954,208_3_1,0
111243,208_3_1,0
114101,208_3_1,0
111453,208_3_1,0
111241,208_3_1,0
107950,208_3_1,0
111459,208_3_1,0
112935,208_3_1,0
112580,208_3_1,0
107953,208_3_1,0
92353,208_3_1,0
92917,208_3_1,0
92348,208_3_1,0
92726,208_3_1,0
87436,208_3_1,0
91265,208_3_1,0
87964,208_3_1,0
93108,208_3_1,0
92723,208_3_1,0
93876,208_3_1,0
93874,208_3_1,0
87613,208_3_1,0
87611,208_3_1,0
92525,208_3_1,0
92350,208_3_1,0
87966,208_3_1,0
92912,208_3_1,0
93512,208_3_1,0
87615,208_3_1,0
93877,208_3_1,0
93311,208_3_1,0
93878,208_3_1,0
92354,208_3_1,0
93306,208_3_1,0
93509,208_3_1,0
92725,208_3_1,0
92526,208_3_1,0
93309,208_3_1,0
87614,208_3_1,0
91093,208_3_1,0
93685,208_3_1,0
92524,208_3_1,0
93686,208_3_1,0
92722,208_3_1,0
93682,208_3_1,0
93106,208_3_1,0
92916,208_3_1,0
92721,208_3_1,0
87616,208_3_1,0
93875,208_3_1,0
99052,208_3_1,0
94431,208_3_1,0
100170,208_3_1,0
99584,208_3_1,0
99412,208_3_1,0
99048,208_3_1,0
99586,208_3_1,0
99588,208_3_1,0
100169,208_3_1,0
99232,208_3_1,0
97761,208_3_1,0
99047,208_3_1,0
100390,208_3_1,0
94433,208_3_1,0
100592,208_3_1,0
99234,208_3_1,0
100588,208_3_1,0
94429,208_3_1,0
94430,208_3_1,0
97955,208_3_1,0
99594,208_3_1,0
99244,208_3_1,0
100175,208_3_1,0
99417,208_3_1,0
97768,208_3_1,0
100172,208_3_1,0
99238,208_3_1,0
99245,208_3_1,0
97962,208_3_1,0
100594,208_3_1,0
97766,208_3_1,0
99797,208_3_1,0
100600,208_3_1,0
100178,208_3_1,0
99416,208_3_1,0
100597,208_3_1,0
100598,208_3_1,0
99990,208_3_1,0
94066,208_3_1,0
94437,208_3_1,0
104193,208_3_1,0
103043,208_3_1,0
107205,208_3_1,0
107206,208_3_1,0
106638,208_3_1,0
101145,208_3_1,0
102282,208_3_1,0
103435,208_3_1,0
104006,208_3_1,0
101725,208_3_1,0
104195,208_3_1,0
101913,208_3_1,0
106450,208_3_1,0
100954,208_3_1,0
103823,208_3_1,0
101909,208_3_1,0
106643,208_3_1,0
104384,208_3_1,0
106449,208_3_1,0
104558,208_3_1,0
106636,208_3_1,0
101908,208_3_1,0
104554,208_3_1,0
102281,208_3_1,0
103229,208_3_1,0
106249,208_3_1,0
102673,208_3_1,0
100951,208_3_1,0
104750,208_3_1,0
106452,208_3_1,0
106641,208_3_1,0
103436,208_3_1,0
103639,208_3_1,0
104194,208_3_1,0
104005,208_3_1,0
106445,208_3_1,0
101912,208_3_1,0
103037,208_3_1,0
101513,208_3_1,0
102276,208_3_1,0
103439,208_3_1,0
107003,208_3_1,0
106817,208_3_1,0
103049,208_3_1,0
103039,208_3_1,0
102279,208_3_1,0
102084,208_3_1,0
106644,208_3_1,0
104383,208_3_1,0
107005,208_3_1,0
100955,208_3_1,0
106637,208_3_1,0
106814,208_3_1,0
102473,208_3_1,0
107382,208_3_1,0
101144,208_3_1,0
100766,208_3_1,0
106444,208_3_1,0
104556,208_3_1,0
107004,208_3_1,0
106639,208_3_1,0
101907,208_3_1,0
103432,208_3_1,0
100950,208_3_1,0
106453,208_3_1,0
106047,208_3_1,0
105297,208_3_1,0
102086,208_3_1,0
100952,208_3_1,0
107383,208_3_1,0
102275,208_3_1,0
103232,208_3_1,0
106642,208_3_1,0
103825,208_3_1,0
102858,208_3_1,0
105506,208_3_1,0
101917,208_3_1,0
928,101_1_1,0
230,101_1_1,0
3724,101_1_1,0
5553,101_1_1,0
4644,101_1_1,0
4649,101_1_1,0
1667,101_1_1,0
6268,101_1_1,0
5935,101_1_1,0
5934,101_1_1,0
225,101_1_1,0
2232,101_1_1,0
3729,101_1_1,0
5193,101_1_1,0
1665,101_1_1,0
1498,101_1_1,0
171262,321_3_1,0
174087,321_3_1,0
172929,321_3_1,0
171261,321_3_1,0
171263,321_3_1,0
170186,321_3_1,0
170372,321_3_1,0
169265,321_3_1,0
170184,321_3_1,0
171101,321_3_1,0
173117,321_3_1,0
168155,321_3_1,0
173889,321_3_1,0
172192,321_3_1,0
173500,321_3_1,0
169614,321_3_1,0
170370,321_3_1,0
171441,321_3_1,0
169263,321_3_1,0
173495,321_3_1,0
174089,321_3_1,0
169428,321_3_1,0
173893,321_3_1,0
170756,321_3_1,0
171264,321_3_1,0
171625,321_3_1,0
171628,321_3_1,0
167980,321_3_1,0
174259,321_3_1,0
170185,321_3_1,0
171624,321_3_1,0
169426,321_3_1,0
35938,111_1_0,0
35741,111_1_0,0
37449,111_1_0,0
35156,111_1_0,0
39890,111_1_0,0
38765,111_1_0,0
34029,111_1_0,0
36884,111_1_0,0
36302,111_1_0,0
35742,111_1_0,0
36493,111_1_0,0
35738,111_1_0,0
34608,111_1_0,0
39340,111_1_0,0
40255,111_1_0,0
34607,111_1_0,0
39527,111_1_0,0
39342,111_1_0,0
37649,111_1_0,0
34799,111_1_0,0
34028,111_1_0,0
36495,111_1_0,0
39338,111_1_0,0
36692,111_1_0,0
33836,111_1_0,0
37647,111_1_0,0
35157,111_1_0,0
38224,111_1_0,0
34026,111_1_0,0
37641,111_1_0,0
39346,111_1_0,0
40256,111_1_0,0
40068,111_1_0,0
39889,111_1_0,0
34798,111_1_0,0
35934,111_1_0,0
37247,111_1_0,0
38023,111_1_0,0
35935,111_1_0,0
176803,325_3_0,0
179977,325_3_0,0
179980,325_3_0,0
176431,325_3_0,0
177353,325_3_0,0
177174,325_3_0,0
178484,325_3_0,0
180536,325_3_0,0
177910,325_3_0,0
178303,325_3_0,0
175672,325_3_0,0
178827,325_3_0,0
177708,325_3_0,0
177354,325_3_0,0
181094,325_3_0,0
174854,325_3_0,0
179584,325_3_0,0
177539,325_3_0,0
175667,325_3_0,0
179579,325_3_0,0
178300,325_3_0,0
175839,325_3_0,0
180535,325_3_0,0
179002,325_3_0,0
179582,325_3_0,0
180364,325_3_0,0
178485,325_3_0,0
180711,325_3_0,0
179794,325_3_0,0
176435,325_3_0,0
180712,325_3_0,0
176041,325_3_0,0
176039,325_3_0,0
179803,325_3_0,0
178659,325_3_0,0
178122,325_3_0,0
179804,325_3_0,0
178299,325_3_0,0
179982,325_3_0,0
179978,325_3_0,0
176637,325_3_0,0
178479,325_3_0,0
175833,325_3_0,0
178660,325_3_0,0
179802,325_3_0,0
177359,325_3_0,0
179402,325_3_0,0
177350,325_3_0,0
180176,325_3_0,0
181246,325_3_0,0
177709,325_3_0,0
175671,325_3_0,0
178657,325_3_0,0
179397,325_3_0,0
177707,325_3_0,0
177356,325_3_0,0
176231,325_3_0,0
175670,325_3_0,0
174850,325_3_0,0
175039,325_3_0,0
162338,316_3_0,0
167574,316_3_0,0
162666,316_3_0,0
165421,316_3_0,0
164869,316_3_0,0
166683,316_3_0,0
162865,316_3_0,0
167573,316_3_0,0
164511,316_3_0,0
161384,316_3_0,0
165247,316_3_0,0
165958,316_3_0,0
165422,316_3_0,0
165770,316_3_0,0
163942,316_3_0,0
162159,316_3_0,0
161385,316_3_0,0
163729,316_3_0,0
162664,316_3_0,0
167383,316_3_0,0
162668,316_3_0,0
166309,316_3_0,0
166858,316_3_0,0
163310,316_3_0,0
162669,316_3_0,0
162341,316_3_0,0
162336,316_3_0,0
161955,316_3_0,0
165082,316_3_0,0
164693,316_3_0,0
162342,316_3_0,0
161185,316_3_0,0
161586,316_3_0,0
165080,316_3_0,0
165589,316_3_0,0
163307,316_3_0,0
163305,316_3_0,0
163941,316_3_0,0
164142,316_3_0,0
83147,202_2_1,0
86595,202_2_1,0
83728,202_2_1,0
85648,202_2_1,0
82786,202_2_1,0
85483,202_2_1,0
83729,202_2_1,0
81180,202_2_1,0
85842,202_2_1,0
81909,202_2_1,0
82445,202_2_1,0
85477,202_2_1,0
82273,202_2_1,0
83327,202_2_1,0
83730,202_2_1,0
83328,202_2_1,0
84706,202_2_1,0
86926,202_2_1,0
87276,202_2_1,0
84904,202_2_1,0
82785,202_2_1,0
83144,202_2_1,0
81184,202_2_1,0
83517,202_2_1,0
81367,202_2_1,0
81906,202_2_1,0
84113,202_2_1,0
87274,202_2_1,0
85091,202_2_1,0
81008,202_2_1,0
82784,202_2_1,0
83727,202_2_1,0
86748,202_2_1,0
81749,202_2_1,0
81748,202_2_1,0
83915,202_2_1,0
82949,202_2_1,0
86405,202_2_1,0
85281,202_2_1,0
81544,202_2_1,0
82443,202_2_1,0
81185,202_2_1,0
85479,202_2_1,0
82274,202_2_1,0
85843,202_2_1,0
83523,202_2_1,0
84332,202_2_1,0
84112,202_2_1,0
81543,202_2_1,0
80842,202_2_1,0
86598,202_2_1,0
82596,202_2_1,0
80837,202_2_1,0
81181,202_2_1,0
85647,202_2_1,0
85841,202_2_1,0
83913,202_2_1,0
87097,202_2_1,0
81910,202_2_1,0
81747,202_2_1,0
85845,202_2_1,0
83520,202_2_1,0
81007,202_2_1,0
82950,202_2_1,0
84330,202_2_1,0
80840,202_2_1,0
80838,202_2_1,0
86749,202_2_1,0
84701,202_2_1,0
81746,202_2_1,0
87093,202_2_1,0
82945,202_2_1,0
85280,202_2_1,0
82272,202_2_1,0
84115,202_2_1,0
82440,202_2_1,0
87089,202_2_1,0
86593,202_2_1,0
84331,202_2_1,0
84521,202_2_1,0
85480,202_2_1,0
87275,202_2_1,0
83731,202_2_1,0
82271,202_2_1,0
87094,202_2_1,0
80839,202_2_1,0
86020,202_2_1,0
81908,202_2_1,0
81546,202_2_1,0
86751,202_2_1,0
31012,116_3_1,0
31009,116_3_1,0
31013,116_3_1,0
31010,116_3_1,0
51321,116_3_1,0
51132,116_3_1,0
53116,116_3_1,0
48725,116_3_1,0
52749,116_3_1,0
52208,116_3_1,0
50337,116_3_1,0
47917,116_3_1,0
53115,116_3_1,0
49637,116_3_1,0
47358,116_3_1,0
53486,116_3_1,0
47360,116_3_1,0
53306,116_3_1,0
48926,116_3_1,0
49981,116_3_1,0
51512,116_3_1,0
48722,116_3_1,0
48929,116_3_1,0
49987,116_3_1,0
53492,116_3_1,0
48297,116_3_1,0
52942,116_3_1,0
49801,116_3_1,0
47549,116_3_1,0
51679,116_3_1,0
50723,116_3_1,0
51838,116_3_1,0
51320,116_3_1,0
47922,116_3_1,0
47915,116_3_1,0
49266,116_3_1,0
50927,116_3_1,0
52015,116_3_1,0
49982,116_3_1,0
48301,116_3_1,0
53678,116_3_1,0
52210,116_3_1,0
53681,116_3_1,0
47356,116_3_1,0
50722,116_3_1,0
53680,116_3_1,0
52747,116_3_1,0
52945,116_3_1,0
53305,116_3_1,0
47553,116_3_1,0
50540,116_3_1,0
50340,116_3_1,0
47361,116_3_1,0
48121,116_3_1,0
53485,116_3_1,0
50926,116_3_1,0
50718,116_3_1,0
51127,116_3_1,0
52745,116_3_1,0
47923,116_3_1,0
49448,116_3_1,0
50535,116_3_1,0
50164,116_3_1,0
50721,116_3_1,0
47552,116_3_1,0
49807,116_3_1,0
212081,919_4_1,0
208408,919_4_1,0
210643,919_4_1,0
214413,919_4_1,0
213633,919_4_1,0
213243,919_4_1,0
210642,919_4_1,0
213041,919_4_1,0
212082,919_4_1,0
209350,919_4_1,0
209699,919_4_1,0
210641,919_4_1,0
214031,919_4_1,0
214236,919_4_1,0
211008,919_4_1,0
212645,919_4_1,0
211006,919_4_1,0
209345,919_4_1,0
208962,919_4_1,0
209151,919_4_1,0
209348,919_4_1,0
211004,919_4_1,0
213042,919_4_1,0
208763,919_4_1,0
211186,919_4_1,0
211730,919_4_1,0
214577,919_4_1,0
210077,919_4_1,0
210265,919_4_1,0
208767,919_4_1,0
209701,919_4_1,0
211544,919_4_1,0
212251,919_4_1,0
212839,919_4_1,0
214409,919_4_1,0
213848,919_4_1,0
214238,919_4_1,0
209702,919_4_1,0
212843,919_4_1,0
209863,919_4_1,0
213043,919_4_1,0
210644,919_4_1,0
209700,919_4_1,0
212844,919_4_1,0
210645,919_4_1,0
214235,919_4_1,0
210815,919_4_1,0
208594,919_4_1,0
210078,919_4_1,0
211540,919_4_1,0
209351,919_4_1,0
208956,919_4_1,0
208770,919_4_1,0
211365,919_4_1,0
214581,919_4_1,0
213441,919_4_1,0
214239,919_4_1,0
209864,919_4_1,0
212840,919_4_1,0
208060,919_4_1,0
208410,919_4_1,0
23182,108_1_1,0
21889,108_1_1,0
22620,108_1_1,0
26141,108_1_1,0
21334,108_1_1,0
22072,108_1_1,0
26140,108_1_1,0
21157,108_1_1,0
25598,108_1_1,0
26522,108_1_1,0
22616,108_1_1,0
24326,108_1_1,0
21161,108_1_1,0
22076,108_1_1,0
22071,108_1_1,0
21336,108_1_1,0
21335,108_1_1,0
20389,108_1_1,0
26524,108_1_1,0
22619,108_1_1,0
21715,108_1_1,0
25596,108_1_1,0
22995,108_1_1,0
22259,108_1_1,0
24852,108_1_1,0
25782,108_1_1,0
25223,108_1_1,0
24685,108_1_1,0
21527,108_1_1,0
26142,108_1_1,0
24327,108_1_1,0
24140,108_1_1,0
21888,108_1_1,0
26325,108_1_1,0
20966,108_1_1,0
21887,108_1_1,0
17274,105_1_1,0
19663,105_1_1,0
18754,105_1_1,0
18193,105_1_1,0
16357,105_1_1,0
16549,105_1_1,0
15958,105_1_1,0
13486,105_1_1,0
15549,105_1_1,0
18386,105_1_1,0
18191,105_1_1,0
16729,105_1_1,0
18388,105_1_1,0
15023,105_1_1,0
16165,105_1_1,0
19664,105_1_1,0
17279,105_1_1,0
16895,105_1_1,0
15772,105_1_1,0
16730,105_1_1,0
14068,105_1_1,0
15200,105_1_1,0
13484,105_1_1,0
18567,105_1_1,0
15021,105_1_1,0
13873,105_1_1,0
13482,105_1_1,0
18003,105_1_1,0
15368,105_1_1,0
19301,105_1_1,0
239558,926_4_1,0
235205,926_4_1,0
241308,926_4_1,0
234831,926_4_1,0
235206,926_4_1,0
239560,926_4_1,0
238394,926_4_1,0
241490,926_4_1,0
238198,926_4_1,0
235586,926_4_1,0
236698,926_4_1,0
235787,926_4_1,0
240908,926_4_1,0
235203,926_4_1,0
241305,926_4_1,0
238982,926_4_1,0
238395,926_4_1,0
241085,926_4_1,0
235389,926_4_1,0
238991,926_4_1,0
240116,926_4_1,0
238199,926_4_1,0
237976,926_4_1,0
240708,926_4_1,0
237980,926_4_1,0
236331,926_4_1,0
238402,926_4_1,0
236699,926_4_1,0
239749,926_4_1,0
239562,926_4_1,0
235583,926_4_1,0
241087,926_4_1,0
237216,926_4_1,0
239747,926_4_1,0
238399,926_4_1,0
237413,926_4_1,0
237979,926_4_1,0
239185,926_4_1,0
235965,926_4_1,0
240909,926_4_1,0
237419,926_4_1,0
241494,926_4_1,0
235585,926_4_1,0
239188,926_4_1,0
239932,926_4_1,0
238613,926_4_1,0
235784,926_4_1,0
238985,926_4_1,0
236854,926_4_1,0
239187,926_4_1,0
240904,926_4_1,0
238615,926_4_1,0
235204,926_4_1,0
237217,926_4_1,0
236332,926_4_1,0
239927,926_4_1,0
236700,926_4_1,0
236335,926_4_1,0
4458,116_3_0,0
17988,116_3_0,0
18180,116_3_0,0
17815,116_3_0,0
25043,116_3_0,0
24494,116_3_0,0
31632,116_3_0,0
31631,116_3_0,0
31797,116_3_0,0
31243,116_3_0,0
31241,116_3_0,0
31635,116_3_0,0
31246,116_3_0,0
38219,116_3_0,0
38577,116_3_0,0
38216,116_3_0,0
38377,116_3_0,0
38570,116_3_0,0
38019,116_3_0,0
38574,116_3_0,0
111839,116_3_0,0
44956,116_3_0,0
157824,310_3_1,0
159330,310_3_1,0
158442,310_3_1,0
160655,310_3_1,0
154717,310_3_1,0
159148,310_3_1,0
155992,310_3_1,0
159859,310_3_1,0
161008,310_3_1,0
159145,310_3_1,0
156904,310_3_1,0
156714,310_3_1,0
157270,310_3_1,0
158242,310_3_1,0
158441,310_3_1,0
159150,310_3_1,0
155603,310_3_1,0
155605,310_3_1,0
155254,310_3_1,0
158802,310_3_1,0
155433,310_3_1,0
156905,310_3_1,0
156534,310_3_1,0
154525,310_3_1,0
156173,310_3_1,0
158440,310_3_1,0
160832,310_3_1,0
157619,310_3_1,0
161006,310_3_1,0
155994,310_3_1,0
159335,310_3_1,0
159855,310_3_1,0
157429,310_3_1,0
159331,310_3_1,0
160469,310_3_1,0
157430,310_3_1,0
191595,909_4_1,0
194032,909_4_1,0
193844,909_4_1,0
189578,909_4_1,0
192911,909_4_1,0
189945,909_4_1,0
190857,909_4_1,0
192498,909_4_1,0
189773,909_4_1,0
192912,909_4_1,0
190128,909_4_1,0
194192,909_4_1,0
191798,909_4_1,0
191227,909_4_1,0
194029,909_4_1,0
191964,909_4_1,0
189586,909_4_1,0
189944,909_4_1,0
190670,909_4_1,0
194565,909_4_1,0
193646,909_4_1,0
194383,909_4_1,0
188419,909_4_1,0
191966,909_4_1,0
189401,909_4_1,0
189942,909_4_1,0
189943,909_4_1,0
189204,909_4_1,0
188820,909_4_1,0
191226,909_4_1,0
188821,909_4_1,0
189207,909_4_1,0
192714,909_4_1,0
192312,909_4_1,0
193279,909_4_1,0
190129,909_4_1,0
188421,909_4_1,0
194384,909_4_1,0
189584,909_4_1,0
189025,909_4_1,0
194193,909_4_1,0
190293,909_4_1,0
189407,909_4_1,0
193282,909_4_1,0
188417,909_4_1,0
193640,909_4_1,0
190125,909_4_1,0
193092,909_4_1,0
189947,909_4_1,0
189405,909_4_1,0
192497,909_4_1,0
189772,909_4_1,0
188626,909_4_1,0
192501,909_4_1,0
192920,909_4_1,0
193458,909_4_1,0
193841,909_4_1,0
193461,909_4_1,0
189587,909_4_1,0
190130,909_4_1,0
189206,909_4_1,0
194191,909_4_1,0
192141,909_4_1,0
194380,909_4_1,0
189948,909_4_1,0
189588,909_4_1,0
192915,909_4_1,0
192918,909_4_1,0
191965,909_4_1,0
193642,909_4_1,0
192916,909_4_1,0
189402,909_4_1,0
193277,909_4_1,0
192922,909_4_1,0
189024,909_4_1,0
194189,909_4_1,0
188423,909_4_1,0
189404,909_4_1,0
189020,909_4_1,0
191799,909_4_1,0
193644,909_4_1,0
188045,909_4_1,0
190470,909_4_1,0
189409,909_4_1,0
188046,909_4_1,0
192919,909_4_1,0
193096,909_4_1,0
194030,909_4_1,0
191596,909_4_1,0
194382,909_4_1,0
190855,909_4_1,0
189774,909_4_1,0
191967,909_4_1,0
192917,909_4_1,0
188247,909_4_1,0
193094,909_4_1,0
193462,909_4_1,0
192716,909_4_1,0
189022,909_4_1,0
194381,909_4_1,0
189579,909_4_1,0
193638,909_4_1,0
193643,909_4_1,0
193276,909_4_1,0
188246,909_4_1,0
192140,909_4_1,0
189406,909_4_1,0
188625,909_4_1,0
192500,909_4_1,0
188822,909_4_1,0
191800,909_4_1,0
193456,909_4_1,0
191225,909_4_1,0
194194,909_4_1,0
192715,909_4_1,0
194190,909_4_1,0
193843,909_4_1,0
189021,909_4_1,0
193093,909_4_1,0
193278,909_4_1,0
190127,909_4_1,0
193459,909_4_1,0
191597,909_4_1,0
192913,909_4_1,0
191039,909_4_1,0
193095,909_4_1,0
191968,909_4_1,0
189771,909_4_1,0
242365,928_4_0,1
242212,928_4_0,0
243479,928_4_0,0
246997,928_4_0,0
244236,928_4_0,0
241671,928_4_0,0
247729,928_4_0,0
245331,928_4_0,0
243683,928_4_0,0
243126,928_4_0,0
243687,928_4_0,0
242756,928_4_0,0
245879,928_4_0,0
242753,928_4_0,0
242936,928_4_0,0
243684,928_4_0,0
241869,928_4_0,0
247927,928_4_0,0
247720,928_4_0,0
244967,928_4_0,0
246633,928_4_0,0
247925,928_4_0,0
243306,928_4_0,0
245712,928_4_0,0
247923,928_4_0,0
241867,928_4_0,0
246996,928_4_0,0
243303,928_4_0,0
242565,928_4_0,0
241674,928_4_0,0
247926,928_4_0,0
247537,928_4_0,0
242377,928_4_0,0
246444,928_4_0,0
247719,928_4_0,0
243883,928_4_0,0
243124,928_4_0,0
242215,928_4_0,0
244973,928_4_0,0
246061,928_4_0,0
247928,928_4_0,0
242374,928_4_0,0
247929,928_4_0,0
246632,928_4_0,0
244593,928_4_0,0
246253,928_4_0,0
242378,928_4_0,0
244238,928_4_0,0
242933,928_4_0,0
246631,928_4_0,0
157417,208_2_0,0
144114,208_2_0,0
144120,208_2_0,0
144117,208_2_0,0
197714,208_2_0,0
197709,208_2_0,0
197702,208_2_0,0
197707,208_2_0,0
197704,208_2_0,0
197705,208_2_0,0
150886,208_2_0,0
150881,208_2_0,0
103046,208_2_0,0
102859,208_2_0,0
106248,208_2_0,0
101728,208_2_0,0
103041,208_2_0,0
104385,208_2_0,0
103831,208_2_0,0
104201,208_2_0,0
105507,208_2_0,0
106818,208_2_0,0
107384,208_2_0,0
215496,921_4_0,0
217515,921_4_0,0
220975,921_4_0,0
219061,921_4_0,0
221359,921_4_0,0
217343,921_4_0,0
217889,921_4_0,0
218486,921_4_0,0
216058,921_4_0,0
220243,921_4_0,0
220608,921_4_0,0
220238,921_4_0,0
218478,921_4_0,0
219260,921_4_0,0
218890,921_4_0,0
220237,921_4_0,0
218487,921_4_0,0
218488,921_4_0,0
220977,921_4_0,0
219062,921_4_0,0
215111,921_4_0,0
214738,921_4_0,0
216415,921_4_0,0
216957,921_4_0,0
216054,921_4_0,0
215679,921_4_0,0
219259,921_4_0,0
216219,921_4_0,0
217150,921_4_0,0
221187,921_4_0,0
218086,921_4_0,0
217887,921_4_0,0
215497,921_4_0,0
219642,921_4_0,0
214741,921_4_0,0
218087,921_4_0,0
217704,921_4_0,0
219261,921_4_0,0
220239,921_4_0,0
214928,921_4_0,0
219836,921_4_0,0
221362,921_4_0,0
216053,921_4_0,0
219643,921_4_0,0
220794,921_4_0,0
220236,921_4_0,0
218484,921_4_0,0
217148,921_4_0,0
218084,921_4_0,0
216408,921_4_0,0
216956,921_4_0,0
216218,921_4_0,0
215842,921_4_0,0
218276,921_4_0,0
219841,921_4_0,0
219638,921_4_0,0
219254,921_4_0,0
216586,921_4_0,0
214925,921_4_0,0
215839,921_4_0,0
215313,921_4_0,0
219451,921_4_0,0
217892,921_4_0,0
214926,921_4_0,0
221357,921_4_0,0
218669,921_4_0,0
214745,921_4_0,0
215308,921_4_0,0
218485,921_4_0,0
219066,921_4_0,0
215110,921_4_0,0
215115,921_4_0,0
216055,921_4_0,0
216059,921_4_0,0
215114,921_4_0,0
217513,921_4_0,0
221363,921_4_0,0
215677,921_4_0,0
220027,921_4_0,0
216774,921_4_0,0
217511,921_4_0,0
218481,921_4_0,0
215113,921_4_0,0
220244,921_4_0,0
220793,921_4_0,0
216215,921_4_0,0
217339,921_4_0,0
218482,921_4_0,0
218480,921_4_0,0
214743,921_4_0,0
220609,921_4_0,0
216216,921_4_0,0
216412,921_4_0,0
219449,921_4_0,0
219257,921_4_0,0
216776,921_4_0,0
216773,921_4_0,0
221358,921_4_0,0
221361,921_4_0,0
219450,921_4_0,0
215314,921_4_0,0
216775,921_4_0,0
218092,921_4_0,0
221364,921_4_0,0
220029,921_4_0,0
218670,921_4_0,0
214932,921_4_0,0
220438,921_4_0,0
215309,921_4_0,0
217707,921_4_0,0
215844,921_4_0,0
218483,921_4_0,0
216958,921_4_0,0
214746,921_4_0,0
218088,921_4_0,0
218479,921_4_0,0
218275,921_4_0,0
215499,921_4_0,0
218274,921_4_0,0
218671,921_4_0,0
221189,921_4_0,0
218477,921_4_0,0
218672,921_4_0,0
220240,921_4_0,0
216413,921_4_0,0
217338,921_4_0,0
27261,110_1_0,0
33439,110_1_0,0
28759,110_1_0,0
27259,110_1_0,0
31250,110_1_0,0
27263,110_1_0,0
28758,110_1_0,0
19297,105_1_0,0
15020,105_1_0,0
17079,105_1_0,0
17622,105_1_0,0
18001,105_1_0,0
16896,105_1_0,0
16888,105_1_0,0
19856,105_1_0,0
18000,105_1_0,0
13872,105_1_0,0
17467,105_1_0,0
14261,105_1_0,0
111620,208_3_0,0
111621,208_3_0,0
111618,208_3_0,0
89439,208_3_0,0
89256,208_3_0,0
91977,208_3_0,0
89252,208_3_0,0
91809,208_3_0,0
88924,208_3_0,0
89255,208_3_0,0
89099,208_3_0,0
91978,208_3_0,0
88921,208_3_0,0
91808,208_3_0,0
91624,208_3_0,0
88923,208_3_0,0
88732,208_3_0,0
89253,208_3_0,0
88730,208_3_0,0
91979,208_3_0,0
88727,208_3_0,0
91463,208_3_0,0
89437,208_3_0,0
91806,208_3_0,0
92178,208_3_0,0
91981,208_3_0,0
89098,208_3_0,0
89095,208_3_0,0
91623,208_3_0,0
89436,208_3_0,0
88729,208_3_0,0
88731,208_3_0,0
88920,208_3_0,0
89097,208_3_0,0
89254,208_3_0,0
95322,208_3_0,0
98689,208_3_0,0
98873,208_3_0,0
95879,208_3_0,0
98508,208_3_0,0
95880,208_3_0,0
96079,208_3_0,0
98510,208_3_0,0
95513,208_3_0,0
98322,208_3_0,0
98317,208_3_0,0
98511,208_3_0,0
98321,208_3_0,0
95329,208_3_0,0
95888,208_3_0,0
95684,208_3_0,0
95886,208_3_0,0
95688,208_3_0,0
96086,208_3_0,0
98879,208_3_0,0
98516,208_3_0,0
95884,208_3_0,0
98883,208_3_0,0
95518,208_3_0,0
105107,208_3_0,0
101916,208_3_0,0
103437,208_3_0,0
101726,208_3_0,0
9293,103_1_1,0
11231,103_1_1,0
6644,103_1_1,0
12762,103_1_1,0
9662,103_1_1,0
10827,103_1_1,0
6645,103_1_1,0
12575,103_1_1,0
10066,103_1_1,0
9120,103_1_1,0
13286,103_1_1,0
8153,103_1_1,0
7367,103_1_1,0
12767,103_1_1,0
10450,103_1_1,0
11229,103_1_1,0
11426,103_1_1,0
9484,103_1_1,0
6646,103_1_1,0
5546,108_4_0,0
5728,108_4_0,0
12412,108_4_0,0
13117,108_4_0,0
12942,108_4_0,0
12234,108_4_0,0
12945,108_4_0,0
12948,108_4_0,0
12233,108_4_0,0
12757,108_4_0,0
12232,108_4_0,0
12415,108_4_0,0
19857,108_4_0,0
19666,108_4_0,0
24328,108_4_0,0
20761,108_4_0,0
20574,108_4_0,0
22257,108_4_0,0
24138,108_4_0,0
24679,108_4_0,0
20382,108_4_0,0
24497,108_4_0,0
25785,108_4_0,0
26328,108_4_0,0
25403,108_4_0,0
25783,108_4_0,0
1499,101_1_0,0
587,101_1_0,0
5389,101_1_0,0
3333,101_1_0,0
4809,101_1_0,0
2589,101_1_0,0
4643,101_1_0,0
4284,101_1_0,0
2582,101_1_0,0
6102,101_1_0,0
2586,101_1_0,0
5735,101_1_0,0
2579,101_1_0,0
585,101_1_0,0
3329,101_1_0,0
3517,101_1_0,0
2587,101_1_0,0
586,101_1_0,0
5194,101_1_0,0
1662,101_1_0,0
2405,101_1_0,0
44211,113_1_0,0
42359,113_1_0,0
41182,113_1_0,0
45853,113_1_0,0
40447,113_1_0,0
45854,113_1_0,0
45140,113_1_0,0
44023,113_1_0,0
41379,113_1_0,0
41755,113_1_0,0
46400,113_1_0,0
42357,113_1_0,0
44403,113_1_0,0
40998,113_1_0,0
43814,113_1_0,0
44019,113_1_0,0
44208,113_1_0,0
40999,113_1_0,0
43652,113_1_0,0
44015,113_1_0,0
44209,113_1_0,0
44407,113_1_0,0
41000,113_1_0,0
44404,113_1_0,0
42353,113_1_0,0
42557,113_1_0,0
41950,113_1_0,0
42737,113_1_0,0
41381,113_1_0,0
44402,113_1_0,0
42144,113_1_0,0
44766,113_1_0,0
45659,113_1_0,0
43459,113_1_0,0
45135,113_1_0,0
43297,113_1_0,0
46038,113_1_0,0
45852,113_1_0,0
44768,113_1_0,0
46219,113_1_0,0
41948,113_1_0,0
42928,113_1_0,0
42358,113_1_0,0
45319,113_1_0,0
44597,113_1_0,0
43462,113_1_0,0
41567,113_1_0,0
42927,113_1_0,0
43813,113_1_0,0
44018,113_1_0,0
45136,113_1_0,0
41760,113_1_0,0
40452,113_1_0,0
41949,113_1_0,0
44773,113_1_0,0
40450,113_1_0,0
45318,113_1_0,0
46786,113_1_0,0
44961,113_1_0,0
44771,113_1_0,0
45849,113_1_0,0
44021,113_1_0,0
44401,113_1_0,0
46220,113_1_0,0
225258,922_4_1,0
223610,922_4_1,0
222689,922_4_1,0
223809,922_4_1,0
224368,922_4_1,0
224012,922_4_1,0
226701,922_4_1,0
223810,922_4_1,0
226193,922_4_1,0
228015,922_4_1,0
223607,922_4_1,0
223238,922_4_1,0
223445,922_4_1,0
221549,922_4_1,0
227451,922_4_1,0
225816,922_4_1,0
222503,922_4_1,0
225451,922_4_1,0
224719,922_4_1,0
224899,922_4_1,0
223239,922_4_1,0
227623,922_4_1,0
226502,922_4_1,0
225067,922_4_1,0
224190,922_4_1,0
227620,922_4_1,0
225629,922_4_1,0
222291,922_4_1,0
224892,922_4_1,0
222508,922_4_1,0
222290,922_4_1,0
227821,922_4_1,0
224189,922_4_1,0
224370,922_4_1,0
225065,922_4_1,0
221729,922_4_1,0
225066,922_4_1,0
224898,922_4_1,0
222112,922_4_1,0
225069,922_4_1,0
228014,922_4_1,0
225456,922_4_1,0
223017,922_4_1,0
224365,922_4_1,0
224901,922_4_1,0
225254,922_4_1,0
223240,922_4_1,0
221728,922_4_1,0
221550,922_4_1,0
224011,922_4_1,0
222298,922_4_1,0
221548,922_4_1,0
222686,922_4_1,0
226353,922_4_1,0
222113,922_4_1,0
225449,922_4_1,0
225630,922_4_1,0
225628,922_4_1,0
224896,922_4_1,0
225257,922_4_1,0
225454,922_4_1,0
225068,922_4_1,0
228016,922_4_1,0
221726,922_4_1,0
225256,922_4_1,0
224893,922_4_1,0
221927,922_4_1,0
222688,922_4_1,0
221928,922_4_1,0
228011,922_4_1,0
225255,922_4_1,0
227819,922_4_1,0
227815,922_4_1,0
222300,922_4_1,0
226869,922_4_1,0
226703,922_4_1,0
222114,922_4_1,0
226706,922_4_1,0
222506,922_4_1,0
227070,922_4_1,0
226351,922_4_1,0
223815,922_4_1,0
227260,922_4_1,0
227622,922_4_1,0
226352,922_4_1,0
222295,922_4_1,0
227257,922_4_1,0
224895,922_4_1,0
226009,922_4_1,0
226872,922_4_1,0
224720,922_4_1,0
222299,922_4_1,0
227621,922_4_1,0
225812,922_4_1,0
222116,922_4_1,0
226702,922_4_1,0
227624,922_4_1,0
224718,922_4_1,0
223812,922_4_1,0
222687,922_4_1,0
222504,922_4_1,0
225631,922_4_1,0
222684,922_4_1,0
227817,922_4_1,0
226354,922_4_1,0
221547,922_4_1,0
222294,922_4_1,0
223448,922_4_1,0
226008,922_4_1,0
226874,922_4_1,0
226705,922_4_1,0
226192,922_4_1,0
224541,922_4_1,0
221727,922_4_1,0
226707,922_4_1,0
222297,922_4_1,0
39345,111_1_1,0
36147,111_1_1,0
39158,111_1_1,0
34972,111_1_1,0
34431,111_1_1,0
33643,111_1_1,0
39159,111_1_1,0
34969,111_1_1,0
39893,111_1_1,0
39529,111_1_1,0
37249,111_1_1,0
36500,111_1_1,0
34429,111_1_1,0
35158,111_1_1,0
40251,111_1_1,0
36499,111_1_1,0
36494,111_1_1,0
35336,111_1_1,0
35153,111_1_1,0
38768,111_1_1,0
38228,111_1_1,0
38225,111_1_1,0
33642,111_1_1,0
148278,305_3_0,0
153237,305_3_0,0
153777,305_3_0,0
150882,305_3_0,0
148829,305_3_0,0
148450,305_3_0,0
147886,305_3_0,0
153980,305_3_0,0
154330,305_3_0,0
152721,305_3_0,0
153778,305_3_0,0
154332,305_3_0,0
153431,305_3_0,0
149002,305_3_0,0
147888,305_3_0,0
153784,305_3_0,0
152354,305_3_0,0
152898,305_3_0,0
151446,305_3_0,0
150703,305_3_0,0
149960,305_3_0,0
149593,305_3_0,0
153603,305_3_0,0
152353,305_3_0,0
152547,305_3_0,0
151803,305_3_0,0
148828,305_3_0,0
149592,305_3_0,0
153781,305_3_0,0
152545,305_3_0,0
229085,925_4_0,0
231890,925_4_0,0
229478,925_4_0,0
233383,925_4_0,0
231529,925_4_0,0
231885,925_4_0,0
230595,925_4_0,0
234641,925_4_0,0
234642,925_4_0,0
232823,925_4_0,0
231883,925_4_0,0
228551,925_4_0,0
228379,925_4_0,0
231342,925_4_0,0
231702,925_4_0,0
232444,925_4_0,0
231343,925_4_0,0
231152,925_4_0,0
234463,925_4_0,0
230760,925_4_0,0
234643,925_4_0,0
231345,925_4_0,0
234464,925_4_0,0
229481,925_4_0,0
231340,925_4_0,0
231706,925_4_0,0
228378,925_4_0,0
232441,925_4_0,0
234466,925_4_0,0
234127,925_4_0,0
229667,925_4_0,0
234129,925_4_0,0
234461,925_4_0,0
232446,925_4_0,0
229086,925_4_0,0
232445,925_4_0,0
233575,925_4_0,0
232067,925_4_0,0
234459,925_4_0,0
233742,925_4_0,0
228901,925_4_0,0
230065,925_4_0,0
229661,925_4_0,0
234125,925_4_0,0
228550,925_4_0,0
230246,925_4_0,0
229084,925_4_0,0
230239,925_4_0,0
234130,925_4_0,0
231346,925_4_0,0
228713,925_4_0,0
229288,925_4_0,0
230425,925_4_0,0
228898,925_4_0,0
229284,925_4_0,0
229473,925_4_0,0
232639,925_4_0,0
229283,925_4_0,0
233206,925_4_0,0
232821,925_4_0,0
232062,925_4_0,0
231886,925_4_0,0
228899,925_4_0,0
229477,925_4_0,0
230061,925_4_0,0
232267,925_4_0,0
231347,925_4_0,0
229662,925_4_0,0
228897,925_4_0,0
234295,925_4_0,0
229087,925_4_0,0
231154,925_4_0,0
231889,925_4_0,0
232447,925_4_0,0
232061,925_4_0,0
230593,925_4_0,0
231146,925_4_0,0
232274,925_4_0,0
229870,925_4_0,0
232271,925_4_0,0
94440,206_2_0,0
99988,206_2_0,0
98881,206_2_0,0
95147,206_2_0,0
94772,206_2_0,0
95519,206_2_0,0
96438,206_2_0,0
94968,206_2_0,0
98127,206_2_0,0
97154,206_2_0,0
100180,206_2_0,0
94439,206_2_0,0
100394,206_2_0,0
97961,206_2_0,0
96435,206_2_0,0
96080,206_2_0,0
99241,206_2_0,0
94771,206_2_0,0
98693,206_2_0,0
97764,206_2_0,0
95885,206_2_0,0
96083,206_2_0,0
97371,206_2_0,0
99053,206_2_0,0
94768,206_2_0,0
98694,206_2_0,0
97572,206_2_0,0
96081,206_2_0,0
97958,206_2_0,0
95325,206_2_0,0
94773,206_2_0,0
99415,206_2_0,0
95142,206_2_0,0
99593,206_2_0,0
99243,206_2_0,0
98124,206_2_0,0
97576,206_2_0,0
96779,206_2_0,0
98513,206_2_0,0
96268,206_2_0,0
100596,206_2_0,0
97370,206_2_0,0
95326,206_2_0,0
95683,206_2_0,0
95690,206_2_0,0
99592,206_2_0,0
94065,206_2_0,0
95685,206_2_0,0
100595,206_2_0,0
99989,206_2_0,0
97571,206_2_0,0
98882,206_2_0,0
97372,206_2_0,0
99240,206_2_0,0
97153,206_2_0,0
98126,206_2_0,0
94435,206_2_0,0
100171,206_2_0,0
97765,206_2_0,0
97959,206_2_0,0
94436,206_2_0,0
95520,206_2_0,0
98884,206_2_0,0
99413,206_2_0,0
94587,206_2_0,0
97573,206_2_0,0
99418,206_2_0,0
96266,206_2_0,0
94266,206_2_0,0
98692,206_2_0,0
94267,206_2_0,0
94438,206_2_0,0
100599,206_2_0,0
96082,206_2_0,0
95689,206_2_0,0
97569,206_2_0,0
94064,206_2_0,0
100173,206_2_0,0
100391,206_2_0,0
95331,206_2_0,0
95327,206_2_0,0
100395,206_2_0,0
96774,206_2_0,0
96775,206_2_0,0
15758,208_2_1,0
15536,208_2_1,0
143766,208_2_1,0
143569,208_2_1,0
143381,208_2_1,0
143383,208_2_1,0
197360,208_2_1,0
197176,208_2_1,0
197177,208_2_1,0
197363,208_2_1,0
196984,208_2_1,0
196987,208_2_1,0
196985,208_2_1,0
196986,208_2_1,0
197174,208_2_1,0
150535,208_2_1,0
150307,208_2_1,0
104752,208_2_1,0
103822,208_2_1,0
101915,208_2_1,0
104749,208_2_1,0
101510,208_2_1,0
101511,208_2_1,0
105509,208_2_1,0
106247,208_2_1,0
103827,208_2_1,0
103231,208_2_1,0
104927,208_2_1,0
106447,208_2_1,0
105508,208_2_1,0
102860,208_2_1,0
104930,208_2_1,0
102861,208_2_1,0
102280,208_2_1,0
101141,208_2_1,0
143188,116_1_0,0
142844,116_1_0,0
143012,116_1_0,0
143192,116_1_0,0
143011,116_1_0,0
155985,116_1_0,0
156530,116_1_0,0
155987,116_1_0,0
155986,116_1_0,0
155988,116_1_0,0
155989,116_1_0,0
89440,116_1_0,0
89094,116_1_0,0
89096,116_1_0,0
89435,116_1_0,0
88925,116_1_0,0
89438,116_1_0,0
88922,116_1_0,0
95511,116_1_0,0
95510,116_1_0,0
95883,116_1_0,0
95508,116_1_0,0
95881,116_1_0,0
95679,116_1_0,0
96076,116_1_0,0
96078,116_1_0,0
95882,116_1_0,0
95680,116_1_0,0
95512,116_1_0,0
95509,116_1_0,0
95678,116_1_0,0
48727,116_1_0,0
51511,116_1_0,0
50536,116_1_0,0
52017,116_1_0,0
52948,116_1_0,0
48500,116_1_0,0
48728,116_1_0,0
49449,116_1_0,0
52946,116_1_0,0
50719,116_1_0,0
53302,116_1_0,0
50339,116_1_0,0
47359,116_1_0,0
49085,116_1_0,0
53491,116_1_0,0
53119,116_1_0,0
52398,116_1_0,0
47924,116_1_0,0
40449,113_1_1,0
40994,113_1_1,0
40643,113_1_1,0
43816,113_1_1,0
42145,113_1_1,0
11647,103_1_0,0
8154,103_1_0,0
8379,103_1_0,0
11031,103_1_0,0
8158,103_1_0,0
11645,103_1_0,0
9478,103_1_0,0
7195,103_1_0,0
7196,103_1_0,0
11431,103_1_0,0
7553,103_1_0,0
10831,103_1_0,0
8152,103_1_0,0
12769,103_1_0,0
10062,103_1_0,0
8907,103_1_0,0
7940,103_1_0,0
223811,922_4_0,0
226871,922_4_0,0
221922,922_4_0,0
225063,922_4_0,0
222293,922_4_0,0
227814,922_4_0,0
227259,922_4_0,0
227619,922_4_0,0
227069,922_4_0,0
227066,922_4_0,0
225815,922_4_0,0
225814,922_4_0,0
225064,922_4_0,0
226505,922_4_0,0
30624,110_1_1,0
30806,110_1_1,0
32921,110_1_1,0
27603,110_1_1,0
32168,110_1_1,0
29131,110_1_1,0
32532,110_1_1,0
28337,110_1_1,0
28343,110_1_1,0
28763,110_1_1,0
32360,110_1_1,0
30052,110_1_1,0
29317,110_1_1,0
26871,110_1_1,0
26872,110_1_1,0
29870,110_1_1,0
28147,110_1_1,0
29315,110_1_1,0
31025,110_1_1,0
32922,110_1_1,0
32919,110_1_1,0
32358,110_1_1,0
30047,110_1_1,0
28943,110_1_1,0
29871,110_1_1,0
31027,110_1_1,0
31638,110_1_1,0
33090,110_1_1,0
38580,111_1_0,0
34800,111_1_0,0
35154,111_1_0,0
40253,111_1_0,0
40072,111_1_0,0
38766,111_1_0,0
36501,111_1_0,0
39161,111_1_0,0
40067,111_1_0,0
157816,116_1_1,0
155246,116_1_1,0
157616,116_1_1,0
155250,116_1_1,0
155430,116_1_1,0
158237,116_1_1,0
158239,116_1_1,0
155598,116_1_1,0
158023,116_1_1,0
158024,116_1_1,0
155599,116_1_1,0
49806,116_1_1,0
49083,116_1_1,0
48120,116_1_1,0
52941,116_1_1,0
48504,116_1_1,0
58293,119_1_0,0
55992,119_1_0,0
59035,119_1_0,0
58292,119_1_0,0
58086,119_1_0,0
55820,119_1_0,0
58094,119_1_0,0
57306,119_1_0,0
57123,119_1_0,0
56570,119_1_0,0
59451,119_1_0,0
55104,119_1_0,0
60221,119_1_0,0
54749,119_1_0,0
57125,119_1_0,0
56187,119_1_0,0
55470,119_1_0,0
56763,119_1_0,0
57711,119_1_0,0
54391,119_1_0,0
53875,119_1_0,0
55632,119_1_0,0
53869,119_1_0,0
53874,119_1_0,0
59657,119_1_0,0
56186,119_1_0,0
59445,119_1_0,0
57910,119_1_0,0
55633,119_1_0,0
54566,119_1_0,0
55468,119_1_0,0
59031,119_1_0,0
57520,119_1_0,0
54918,119_1_0,0
57516,119_1_0,0
54567,119_1_0,0
55287,119_1_0,0
59247,119_1_0,0
56576,119_1_0,0
55103,119_1_0,0
57521,119_1_0,0
55466,119_1_0,0
54215,119_1_0,0
59862,119_1_0,0
58290,119_1_0,0
60394,119_1_0,0
57519,119_1_0,0
55471,119_1_0,0
55469,119_1_0,0
54751,119_1_0,0
59032,119_1_0,0
56948,119_1_0,0
59449,119_1_0,0
60399,119_1_0,0
58846,119_1_0,0
58468,119_1_0,0
57906,119_1_0,0
60400,119_1_0,0
55465,119_1_0,0
56577,119_1_0,0
56184,119_1_0,0
58845,119_1_0,0
54756,119_1_0,0
54752,119_1_0,0
59450,119_1_0,0
60222,119_1_0,0
59860,119_1_0,0
57307,119_1_0,0
55824,119_1_0,0
59658,119_1_0,0
56762,119_1_0,0
60397,119_1_0,0
54217,119_1_0,0
220434,921_4_1,0
219253,921_4_1,0
214742,921_4_1,0
219838,921_4_1,0
215112,921_4_1,0
220605,921_4_1,0
216584,921_4_1,0
217705,921_4_1,0
217706,921_4_1,0
216214,921_4_1,0
216407,921_4_1,0
216057,921_4_1,0
215848,921_4_1,0
217340,921_4_1,0
217888,921_4_1,0
219839,921_4_1,0
217149,921_4_1,0
219258,921_4_1,0
218090,921_4_1,0
215838,921_4_1,0
219641,921_4_1,0
216056,921_4_1,0
220974,921_4_1,0
220796,921_4_1,0
217146,921_4_1,0
220437,921_4_1,0
218093,921_4_1,0
216583,921_4_1,0
214739,921_4_1,0
220797,921_4_1,0
221188,921_4_1,0
218089,921_4_1,0
219063,921_4_1,0
215678,921_4_1,0
217342,921_4_1,0
220033,921_4_1,0
216212,921_4_1,0
217894,921_4_1,0
214924,921_4_1,0
215843,921_4_1,0
220435,921_4_1,0
220030,921_4_1,0
10273,113_2_0,0
9655,113_2_0,0
10267,113_2_0,0
10264,113_2_0,0
10271,113_2_0,0
10274,113_2_0,0
9654,113_2_0,0
9871,113_2_0,0
10270,113_2_0,0
10266,113_2_0,0
10278,113_2_0,0
9660,113_2_0,0
16882,113_2_0,0
16884,113_2_0,0
17073,113_2_0,0
16886,113_2_0,0
16541,113_2_0,0
16724,113_2_0,0
16883,113_2_0,0
23570,113_2_0,0
30048,113_2_0,0
30434,113_2_0,0
30252,113_2_0,0
30436,113_2_0,0
30250,113_2_0,0
30054,113_2_0,0
30253,113_2_0,0
30050,113_2_0,0
37248,113_2_0,0
37246,113_2_0,0
36691,113_2_0,0
36885,113_2_0,0
42930,113_2_0,0
45660,113_2_0,0
40844,113_2_0,0
40997,113_2_0,0
43465,113_2_0,0
141371,303_3_1,0
141882,303_3_1,0
146040,303_3_1,0
143581,303_3_1,0
142270,303_3_1,0
143395,303_3_1,0
142272,303_3_1,0
145074,303_3_1,0
142849,303_3_1,0
144871,303_3_1,0
143775,303_3_1,0
143578,303_3_1,0
141185,303_3_1,0
141367,303_3_1,0
142080,303_3_1,0
146232,303_3_1,0
143023,303_3_1,0
145230,303_3_1,0
146595,303_3_1,0
143576,303_3_1,0
141373,303_3_1,0
146593,303_3_1,0
142669,303_3_1,0
143024,303_3_1,0
143200,303_3_1,0
142074,303_3_1,0
147525,303_3_1,0
145072,303_3_1,0
142476,303_3_1,0
141688,303_3_1,0
143779,303_3_1,0
146231,303_3_1,0
141692,303_3_1,0
145232,303_3_1,0
146414,303_3_1,0
9466,113_2_1,0
9468,113_2_1,0
9464,113_2_1,0
9471,113_2_1,0
29319,113_2_1,0
29314,113_2_1,0
29316,113_2_1,0
29702,113_2_1,0
28944,113_2_1,0
28949,113_2_1,0
29704,113_2_1,0
35736,113_2_1,0
36145,113_2_1,0
3919,101_1_1,0
752,101_1_1,0
2409,101_1_1,0
4115,101_1_1,0
1853,101_1_1,0
6266,101_1_1,0
3153,101_1_1,0
4117,101_1_1,0
5013,101_1_1,0
2580,101_1_1,0
5552,101_1_1,0
755,101_1_1,0
751,101_1_1,0
2407,101_1_1,0
2584,101_1_1,0
1852,101_1_1,0
5558,101_1_1,0
5733,101_1_1,0
4647,101_1_1,0
4282,101_1_1,0
24850,108_1_0,0
20385,108_1_0,0
22074,108_1_0,0
23576,108_1_0,0
22255,108_1_0,0
23779,108_1_0,0
26523,108_1_0,0
22079,108_1_0,0
23378,108_1_0,0
25784,108_1_0,0
20963,108_1_0,0
22800,108_1_0,0
23778,108_1_0,0
24684,108_1_0,0
25600,108_1_0,0
22801,108_1_0,0
25951,108_1_0,0
23578,108_1_0,0
23572,108_1_0,0
20221,108_1_0,0
22997,108_1_0,0
27967,110_1_0,0
29318,110_1_0,0
31441,110_1_0,0
27777,110_1_0,0
27060,110_1_0,0
27264,110_1_0,0
31249,110_1_0,0
17466,105_1_1,0
17621,105_1_1,0
16550,105_1_1,0
18195,105_1_1,0
19302,105_1_1,0
16164,105_1_1,0
17465,105_1_1,0
19485,105_1_1,0
15959,105_1_1,0
14069,105_1_1,0
15202,105_1_1,0
15765,105_1_1,0
14447,105_1_1,0
16168,105_1_1,0
17624,105_1_1,0
14449,105_1_1,0
18194,105_1_1,0
20038,105_1_1,0
20037,105_1_1,0
16727,105_1_1,0
14655,105_1_1,0
15767,105_1_1,0
17626,105_1_1,0
19669,105_1_1,0
19665,105_1_1,0
15022,105_1_1,0
17627,105_1_1,0
14450,105_1_1,0
15364,105_1_1,0
15199,105_1_1,0
15369,105_1_1,0
19296,105_1_1,0
14847,105_1_1,0
15771,105_1_1,0
18565,105_1_1,0
12944,108_4_0,0
12756,108_4_0,0
13115,108_4_0,0
12414,108_4_0,0
19488,108_4_0,0
25787,108_4_0,0
20216,108_4_0,0
25224,108_4_0,0
3913,108_4_1,0
12028,108_4_1,0
11840,108_4_1,0
12032,108_4_1,0
11847,108_4_1,0
11850,108_4_1,0
10624,108_4_1,0
12031,108_4_1,0
10620,108_4_1,0
10625,108_4_1,0
11849,108_4_1,0
11845,108_4_1,0
25046,108_4_1,0
21891,108_4_1,0
25597,108_4_1,0
12037,103_1_1,0
8908,103_1_1,0
9479,103_1_1,0
7943,103_1_1,0
10828,103_1_1,0
6648,103_1_1,0
12239,103_1_1,0
11433,103_1_1,0
10064,103_1_1,0
13291,103_1_1,0
186792,329_3_0,0
181428,329_3_0,0
184548,329_3_0,0
181430,329_3_0,0
181423,329_3_0,0
183825,329_3_0,0
182556,329_3_0,0
184746,329_3_0,0
184750,329_3_0,0
186786,329_3_0,0
182555,329_3_0,0
185846,329_3_0,0
186247,329_3_0,0
181435,329_3_0,0
182918,329_3_0,0
184747,329_3_0,0
186058,329_3_0,0
186062,329_3_0,0
185496,329_3_0,0
183638,329_3_0,0
185667,329_3_0,0
187853,329_3_0,0
183117,329_3_0,0
187333,329_3_0,0
183469,329_3_0,0
181811,329_3_0,0
185844,329_3_0,0
187859,329_3_0,0
181431,329_3_0,0
183822,329_3_0,0
186408,329_3_0,0
186985,329_3_0,0
183635,329_3_0,0
183820,329_3_0,0
183294,329_3_0,0
183634,329_3_0,0
182368,329_3_0,0
181616,329_3_0,0
181812,329_3_0,0
183295,329_3_0,0
186596,329_3_0,0
182552,329_3_0,0
187855,329_3_0,0
181617,329_3_0,0
186057,329_3_0,0
186787,329_3_0,0
184545,329_3_0,0
181434,329_3_0,0
183996,329_3_0,0
183819,329_3_0,0
184547,329_3_0,0
181990,329_3_0,0
183827,329_3_0,0
181436,329_3_0,0
186248,329_3_0,0
186790,329_3_0,0
187336,329_3_0,0
182188,329_3_0,0
183994,329_3_0,0
187165,329_3_0,0
186411,329_3_0,0
182915,329_3_0,0
184748,329_3_0,0
181994,329_3_0,0
186594,329_3_0,0
182366,329_3_0,0
182367,329_3_0,0
187160,329_3_0,0
181815,329_3_0,0
185668,329_3_0,0
187693,329_3_0,0
181997,329_3_0,0
183829,329_3_0,0
186409,329_3_0,0
181614,329_3_0,0
185669,329_3_0,0
187858,329_3_0,0
184168,329_3_0,0
183993,329_3_0,0
183118,329_3_0,0
183116,329_3_0,0
181613,329_3_0,0
184942,329_3_0,0
181438,329_3_0,0
187494,329_3_0,0
182747,329_3_0,0
186590,329_3_0,0
184751,329_3_0,0
184544,329_3_0,0
183823,329_3_0,0
181814,329_3_0,0
186244,329_3_0,0
183639,329_3_0,0
182745,329_3_0,0
181429,329_3_0,0
181993,329_3_0,0
182000,329_3_0,0
182191,329_3_0,0
185314,329_3_0,0
182746,329_3_0,0
184543,329_3_0,0
181437,329_3_0,0
185670,329_3_0,0
186595,329_3_0,0
187161,329_3_0,0
185498,329_3_0,0
181426,329_3_0,0
182917,329_3_0,0
186059,329_3_0,0
187857,329_3_0,0
181992,329_3_0,0
187691,329_3_0,0
186981,329_3_0,0
182554,329_3_0,0
181995,329_3_0,0
179586,325_3_1,0
176040,325_3_1,0
177911,325_3_1,0
181245,325_3_1,0
174675,325_3_1,0
179588,325_3_1,0
177178,325_3_1,0
175673,325_3_1,0
174849,325_3_1,0
177710,325_3_1,0
178823,325_3_1,0
176999,325_3_1,0
178830,325_3_1,0
179396,325_3_1,0
178124,325_3_1,0
179976,325_3_1,0
177176,325_3_1,0
179401,325_3_1,0
177536,325_3_1,0
177908,325_3_1,0
179798,325_3_1,0
178829,325_3_1,0
180713,325_3_1,0
177177,325_3_1,0
176045,325_3_1,0
176433,325_3_1,0
179801,325_3_1,0
179581,325_3_1,0
179399,325_3_1,0
177541,325_3_1,0
178126,325_3_1,0
176640,325_3_1,0
179006,325_3_1,0
179797,325_3_1,0
177912,325_3_1,0
174670,325_3_1,0
177358,325_3_1,0
177537,325_3_1,0
178663,325_3_1,0
176042,325_3_1,0
177914,325_3_1,0
176232,325_3_1,0
178302,325_3_1,0
175837,325_3_1,0
177906,325_3_1,0
177181,325_3_1,0
181095,325_3_1,0
180534,325_3_1,0
179400,325_3_1,0
178298,325_3_1,0
179010,325_3_1,0
178125,325_3_1,0
178121,325_3_1,0
179583,325_3_1,0
179589,325_3_1,0
180906,325_3_1,0
179008,325_3_1,0
179208,325_3_1,0
179795,325_3_1,0
19661,105_1_0,0
19487,105_1_0,0
14848,105_1_0,0
15362,105_1_0,0
17463,105_1_0,0
17276,105_1_0,0
19486,105_1_0,0
18389,105_1_0,0
16890,105_1_0,0
15365,105_1_0,0
16889,105_1_0,0
160257,305_4_0,0
160829,305_4_0,0
160649,305_4_0,0
160060,305_4_0,0
155071,305_4_0,0
160061,305_4_0,0
147325,305_4_0,0
146773,305_4_0,0
144497,305_4_0,0
144680,305_4_0,0
142267,305_4_0,0
147720,305_4_0,0
142263,305_4_0,0
142257,305_4_0,0
141686,305_4_0,0
147725,305_4_0,0
147157,305_4_0,0
144863,305_4_0,0
146775,305_4_0,0
142261,305_4_0,0
144320,305_4_0,0
147724,305_4_0,0
147158,305_4_0,0
141684,305_4_0,0
146955,305_4_0,0
146588,305_4_0,0
142067,305_4_0,0
144501,305_4_0,0
147317,305_4_0,0
142265,305_4_0,0
142072,305_4_0,0
147721,305_4_0,0
141876,305_4_0,0
147319,305_4_0,0
147321,305_4_0,0
144500,305_4_0,0
141880,305_4_0,0
141878,305_4_0,0
146587,305_4_0,0
144862,305_4_0,0
147155,305_4_0,0
153776,305_4_0,0
151450,305_4_0,0
150312,305_4_0,0
152899,305_4_0,0
148646,305_4_0,0
151249,305_4_0,0
148281,305_4_0,0
151975,305_4_0,0
153430,305_4_0,0
150308,305_4_0,0
153240,305_4_0,0
153435,305_4_0,0
148276,305_4_0,0
149590,305_4_0,0
148645,305_4_0,0
153432,305_4_0,0
153608,305_4_0,0
150885,305_4_0,0
149198,305_4_0,0
152897,305_4_0,0
153436,305_4_0,0
150309,305_4_0,0
150883,305_4_0,0
152543,305_4_0,0
148277,305_4_0,0
149957,305_4_0,0
148453,305_4_0,0
98129,206_2_1,0
96269,206_2_1,0
98330,206_2_1,0
98328,206_2_1,0
96976,206_2_1,0
100177,206_2_1,0
98326,206_2_1,0
98125,206_2_1,0
97960,206_2_1,0
94434,206_2_1,0
98878,206_2_1,0
98327,206_2_1,0
94770,206_2_1,0
97577,206_2_1,0
100174,206_2_1,0
100393,206_2_1,0
98329,206_2_1,0
100392,206_2_1,0
96982,206_2_1,0
98130,206_2_1,0
98885,206_2_1,0
96610,206_2_1,0
94965,206_2_1,0
17464,105_3_1,0
18752,105_3_1,0
56946,119_1_1,0
56383,119_1_1,0
56767,119_1_1,0
54750,119_1_1,0
53872,119_1_1,0
56382,119_1_1,0
54390,119_1_1,0
58095,119_1_1,0
57912,119_1_1,0
55993,119_1_1,0
56950,119_1_1,0
58291,119_1_1,0
57518,119_1_1,0
57311,119_1_1,0
22077,108_4_1,0
24680,108_4_1,0
20760,108_4_1,0
26327,108_4_1,0
22439,108_4_1,0
24143,108_4_1,0
112405,113_1_0,0
109055,113_1_0,0
42926,113_1_0,0
44017,113_1_0,0
44405,113_1_0,0
46223,113_1_0,0
42142,113_1_0,0
45480,113_1_0,0
46039,113_1_0,0
44207,113_1_0,0
41382,113_1_0,0
44772,113_1_0,0
44774,113_1_0,0
45850,113_1_0,0
46221,113_1_0,0
45317,113_1_0,0
46037,113_1_0,0
44963,113_1_0,0
42556,113_1_0,0
45141,113_1_0,0
44965,113_1_0,0
45661,113_1_0,0
46036,113_1_0,0
6101,101_1_0,0
5554,101_1_0,0
4810,101_1_0,0
6264,101_1_0,0
4281,101_1_0,0
410,101_1_0,0
4114,101_1_0,0
1314,101_1_0,0
584,101_1_0,0
227,101_1_0,0
2404,101_1_0,0
5008,101_1_0,0
2978,101_1_0,0
4648,101_1_0,0
2977,101_1_0,0
3727,101_1_0,0
2036,101_1_0,0
1661,101_1_0,0
2975,101_1_0,0
1119,101_1_0,0
9477,113_2_1,0
35938,113_2_1,0
35741,113_2_1,0
36302,113_2_1,0
35742,113_2_1,0
36493,113_2_1,0
35738,113_2_1,0
36495,113_2_1,0
35934,113_2_1,0
35935,113_2_1,0
66070,122_1_0,0
61726,122_1_0,0
65625,122_1_0,0
64122,122_1_0,0
62856,122_1_0,0
60775,122_1_0,0
60774,122_1_0,0
61336,122_1_0,0
64120,122_1_0,0
61158,122_1_0,0
66231,122_1_0,0
63570,122_1_0,0
60776,122_1_0,0
61918,122_1_0,0
60781,122_1_0,0
65839,122_1_0,0
63220,122_1_0,0
63569,122_1_0,0
64121,122_1_0,0
64114,122_1_0,0
64115,122_1_0,0
63744,122_1_0,0
66236,122_1_0,0
63748,122_1_0,0
67145,122_1_0,0
63380,122_1_0,0
60780,122_1_0,0
66796,122_1_0,0
63747,122_1_0,0
64299,122_1_0,0
63568,122_1_0,0
62101,122_1_0,0
64701,122_1_0,0
61917,122_1_0,0
62282,122_1_0,0
62286,122_1_0,0
66413,122_1_0,0
63050,122_1_0,0
66987,122_1_0,0
63753,122_1_0,0
64296,122_1_0,0
61544,122_1_0,0
62659,122_1_0,0
65623,122_1_0,0
61545,122_1_0,0
61723,122_1_0,0
65234,122_1_0,0
63752,122_1_0,0
62656,122_1_0,0
65619,122_1_0,0
64113,122_1_0,0
65057,122_1_0,0
64118,122_1_0,0
61542,122_1_0,0
65838,122_1_0,0
63751,122_1_0,0
63750,122_1_0,0
61338,122_1_0,0
63382,122_1_0,0
61159,122_1_0,0
62660,122_1_0,0
66984,122_1_0,0
64498,122_1_0,0
65433,122_1_0,0
65836,122_1_0,0
65835,122_1_0,0
60963,122_1_0,0
36497,111_1_1,0
34210,111_1_1,0
34433,111_1_1,0
36492,111_1_1,0
38958,111_1_1,0
38027,111_1_1,0
34206,111_1_1,0
39344,111_1_1,0
36882,111_1_1,0
34207,111_1_1,0
34432,111_1_1,0
37828,111_1_1,0
37646,111_1_1,0
40252,111_1_1,0
36502,111_1_1,0
34425,111_1_1,0
33645,111_1_1,0
35530,111_1_1,0
33638,111_1_1,0
38959,111_1_1,0
39339,111_1_1,0
35933,111_1_1,0
34030,111_1_1,0
37446,111_1_1,0
9659,113_2_0,0
16545,113_2_0,0
23184,113_2_0,0
36884,113_2_0,0
36692,113_2_0,0
37247,113_2_0,0
121574,214_2_1,0
121945,214_2_1,0
125763,214_2_1,0
124148,214_2_1,0
121575,214_2_1,0
127286,214_2_1,0
127508,214_2_1,0
124323,214_2_1,0
127506,214_2_1,0
124860,214_2_1,0
125041,214_2_1,0
124512,214_2_1,0
125418,214_2_1,0
121401,214_2_1,0
121399,214_2_1,0
121943,214_2_1,0
126698,214_2_1,0
124508,214_2_1,0
122142,214_2_1,0
127287,214_2_1,0
125601,214_2_1,0
127083,214_2_1,0
126307,214_2_1,0
124150,214_2_1,0
121402,214_2_1,0
122140,214_2_1,0
125933,214_2_1,0
126699,214_2_1,0
127284,214_2_1,0
123398,214_2_1,0
122493,214_2_1,0
126498,214_2_1,0
123233,214_2_1,0
125930,214_2_1,0
125043,214_2_1,0
125938,214_2_1,0
125039,214_2_1,0
126499,214_2_1,0
123396,214_2_1,0
126104,214_2_1,0
121766,214_2_1,0
126705,214_2_1,0
123058,214_2_1,0
123598,214_2_1,0
122686,214_2_1,0
122683,214_2_1,0
124509,214_2_1,0
121029,214_2_1,0
126311,214_2_1,0
125229,214_2_1,0
122871,214_2_1,0
121227,214_2_1,0
123776,214_2_1,0
121404,214_2_1,0
122868,214_2_1,0
125766,214_2_1,0
125040,214_2_1,0
126105,214_2_1,0
123399,214_2_1,0
127502,214_2_1,0
121028,214_2_1,0
233741,925_4_1,0
228189,925_4_1,0
232063,925_4_1,0
232071,925_4_1,0
233205,925_4_1,0
231150,925_4_1,0
229868,925_4_1,0
233920,925_4_1,0
233918,925_4_1,0
234460,925_4_1,0
230598,925_4_1,0
229869,925_4_1,0
234292,925_4_1,0
232642,925_4_1,0
232066,925_4_1,0
229666,925_4_1,0
228902,925_4_1,0
232448,925_4_1,0
230764,925_4_1,0
229665,925_4_1,0
230963,925_4_1,0
228187,925_4_1,0
230426,925_4_1,0
234290,925_4_1,0
233573,925_4_1,0
231530,925_4_1,0
230597,925_4_1,0
228188,925_4_1,0
232273,925_4_1,0
232069,925_4_1,0
229479,925_4_1,0
199571,913_4_0,0
198048,913_4_0,0
198046,913_4_0,0
196063,913_4_0,0
196065,913_4_0,0
195513,913_4_0,0
195333,913_4_0,0
197367,913_4_0,0
195512,913_4_0,0
198477,913_4_0,0
197894,913_4_0,0
199781,913_4_0,0
195334,913_4_0,0
197720,913_4_0,0
196624,913_4_0,0
199412,913_4_0,0
196627,913_4_0,0
196991,913_4_0,0
194980,913_4_0,0
196248,913_4_0,0
197716,913_4_0,0
198659,913_4_0,0
199965,913_4_0,0
199413,913_4_0,0
196992,913_4_0,0
195326,913_4_0,0
195328,913_4_0,0
198045,913_4_0,0
197184,913_4_0,0
196431,913_4_0,0
198657,913_4_0,0
196064,913_4_0,0
200530,913_4_0,0
199404,913_4_0,0
197717,913_4_0,0
200155,913_4_0,0
195515,913_4_0,0
199570,913_4_0,0
196432,913_4_0,0
199033,913_4_0,0
198264,913_4_0,0
196439,913_4_0,0
201280,913_4_0,0
196996,913_4_0,0
194978,913_4_0,0
198864,913_4_0,0
200345,913_4_0,0
196626,913_4_0,0
200157,913_4_0,0
199572,913_4_0,0
196434,913_4_0,0
199219,913_4_0,0
196433,913_4_0,0
200890,913_4_0,0
200711,913_4_0,0
194977,913_4_0,0
199213,913_4_0,0
196993,913_4_0,0
196066,913_4_0,0
196989,913_4_0,0
195511,913_4_0,0
198478,913_4_0,0
194770,913_4_0,0
198480,913_4_0,0
196251,913_4_0,0
198863,913_4_0,0
199218,913_4_0,0
200708,913_4_0,0
194773,913_4_0,0
199031,913_4_0,0
196630,913_4_0,0
196990,913_4_0,0
199217,913_4_0,0
199779,913_4_0,0
199214,913_4_0,0
195870,913_4_0,0
194772,913_4_0,0
197181,913_4_0,0
195329,913_4_0,0
201277,913_4_0,0
199408,913_4_0,0
196435,913_4_0,0
200346,913_4_0,0
196061,913_4_0,0
195149,913_4_0,0
195330,913_4_0,0
196441,913_4_0,0
200153,913_4_0,0
196062,913_4_0,0
198262,913_4_0,0
200710,913_4_0,0
200158,913_4_0,0
197535,913_4_0,0
200887,913_4_0,0
198049,913_4_0,0
199410,913_4_0,0
196995,913_4_0,0
195682,913_4_0,0
201081,913_4_0,0
200529,913_4_0,0
197715,913_4_0,0
200704,913_4_0,0
195327,913_4_0,0
200889,913_4_0,0
199032,913_4_0,0
199964,913_4_0,0
200525,913_4_0,0
199568,913_4_0,0
91102,204_2_0,0
93690,204_2_0,0
90720,204_2_0,0
89637,204_2_0,0
90548,204_2_0,0
88936,204_2_0,0
88177,204_2_0,0
93883,204_2_0,0
91104,204_2_0,0
93115,204_2_0,0
87620,204_2_0,0
93318,204_2_0,0
91814,204_2_0,0
92538,204_2_0,0
90728,204_2_0,0
88172,204_2_0,0
89632,204_2_0,0
90550,204_2_0,0
90182,204_2_0,0
87623,204_2_0,0
92734,204_2_0,0
90184,204_2_0,0
89630,204_2_0,0
91108,204_2_0,0
89997,204_2_0,0
89447,204_2_0,0
91097,204_2_0,0
89816,204_2_0,0
91817,204_2_0,0
93113,204_2_0,0
89818,204_2_0,0
88738,204_2_0,0
92533,204_2_0,0
89257,204_2_0,0
92733,204_2_0,0
89638,204_2_0,0
88927,204_2_0,0
90725,204_2_0,0
91098,204_2_0,0
93116,204_2_0,0
93691,204_2_0,0
89100,204_2_0,0
91815,204_2_0,0
92182,204_2_0,0
90549,204_2_0,0
92732,204_2_0,0
91625,204_2_0,0
91100,204_2_0,0
91268,204_2_0,0
91985,204_2_0,0
90000,204_2_0,0
93688,204_2_0,0
92728,204_2_0,0
90724,204_2_0,0
93312,204_2_0,0
87622,204_2_0,0
91988,204_2_0,0
90181,204_2_0,0
89994,204_2_0,0
88562,204_2_0,0
87624,204_2_0,0
93119,204_2_0,0
91099,204_2_0,0
92729,204_2_0,0
92183,204_2_0,0
90554,204_2_0,0
88171,204_2_0,0
89261,204_2_0,0
93316,204_2_0,0
92534,204_2_0,0
92537,204_2_0,0
87621,204_2_0,0
91986,204_2_0,0
90380,204_2_0,0
90553,204_2_0,0
89264,204_2_0,0
88176,204_2_0,0
92539,204_2_0,0
88929,204_2_0,0
92730,204_2_0,0
92731,204_2_0,0
93117,204_2_0,0
93514,204_2_0,0
88928,204_2_0,0
88174,204_2_0,0
92358,204_2_0,0
90723,204_2_0,0
88937,204_2_0,0
91101,204_2_0,0
88935,204_2_0,0
90379,204_2_0,0
89442,204_2_0,0
90727,204_2_0,0
87438,204_2_0,0
90910,204_2_0,0
91103,204_2_0,0
89105,204_2_0,0
93112,204_2_0,0
88734,204_2_0,0
93513,204_2_0,0
91816,204_2_0,0
90909,204_2_0,0
88561,204_2_0,0
90552,204_2_0,0
89636,204_2_0,0
88169,204_2_0,0
91990,204_2_0,0
89102,204_2_0,0
91984,204_2_0,0
89260,204_2_0,0
89444,204_2_0,0
89631,204_2_0,0
87782,204_2_0,0
91468,204_2_0,0
87781,204_2_0,0
90005,204_2_0,0
93111,204_2_0,0
89103,204_2_0,0
128983,216_2_0,0
130276,216_2_0,0
133826,216_2_0,0
129171,216_2_0,0
128226,216_2_0,0
133631,216_2_0,0
133629,216_2_0,0
130110,216_2_0,0
128235,216_2_0,0
128979,216_2_0,0
128989,216_2_0,0
132875,216_2_0,0
132313,216_2_0,0
131041,216_2_0,0
130274,216_2_0,0
133828,216_2_0,0
130844,216_2_0,0
132876,216_2_0,0
130650,216_2_0,0
132315,216_2_0,0
131215,216_2_0,0
131410,216_2_0,0
131588,216_2_0,0
133450,216_2_0,0
133453,216_2_0,0
129722,216_2_0,0
133065,216_2_0,0
129721,216_2_0,0
132877,216_2_0,0
131040,216_2_0,0
133627,216_2_0,0
130846,216_2_0,0
129345,216_2_0,0
132312,216_2_0,0
133624,216_2_0,0
131945,216_2_0,0
131408,216_2_0,0
131404,216_2_0,0
132136,216_2_0,0
131589,216_2_0,0
131214,216_2_0,0
127672,216_2_0,0
132133,216_2_0,0
134218,216_2_0,0
132310,216_2_0,0
128233,216_2_0,0
130473,216_2_0,0
132132,216_2_0,0
127854,216_2_0,0
129916,216_2_0,0
133069,216_2_0,0
133622,216_2_0,0
128779,216_2_0,0
130105,216_2_0,0
131412,216_2_0,0
128229,216_2_0,0
131591,216_2_0,0
131217,216_2_0,0
127674,216_2_0,0
132309,216_2_0,0
133242,216_2_0,0
131402,216_2_0,0
134217,216_2_0,0
129343,216_2_0,0
131941,216_2_0,0
133241,216_2_0,0
130474,216_2_0,0
130109,216_2_0,0
132881,216_2_0,0
129168,216_2_0,0
129344,216_2_0,0
133064,216_2_0,0
133247,216_2_0,0
134041,216_2_0,0
127851,216_2_0,0
130845,216_2_0,0
128232,216_2_0,0
129340,216_2_0,0
128413,216_2_0,0
128981,216_2_0,0
131947,216_2_0,0
132311,216_2_0,0
131407,216_2_0,0
128231,216_2_0,0
131942,216_2_0,0
134042,216_2_0,0
132498,216_2_0,0
129341,216_2_0,0
131943,216_2_0,0
131775,216_2_0,0
133625,216_2_0,0
131037,216_2_0,0
129526,216_2_0,0
133246,216_2_0,0
235589,926_4_0,0
235391,926_4_0,0
241492,926_4_0,0
236151,926_4_0,0
237611,926_4_0,0
238987,926_4_0,0
234829,926_4_0,0
240117,926_4_0,0
236152,926_4_0,0
240491,926_4_0,0
240910,926_4_0,0
241304,926_4_0,0
240706,926_4_0,0
240493,926_4_0,0
237024,926_4_0,0
238801,926_4_0,0
240907,926_4_0,0
238396,926_4_0,0
240702,926_4_0,0
240906,926_4_0,0
235584,926_4_0,0
241487,926_4_0,0
239924,926_4_0,0
240492,926_4_0,0
240293,926_4_0,0
238799,926_4_0,0
236522,926_4_0,0
236696,926_4_0,0
238614,926_4_0,0
235582,926_4_0,0
238986,926_4_0,0
235971,926_4_0,0
240119,926_4_0,0
236333,926_4_0,0
238401,926_4_0,0
239930,926_4_0,0
239390,926_4_0,0
238612,926_4_0,0
235969,926_4_0,0
238797,926_4_0,0
240292,926_4_0,0
239559,926_4_0,0
239184,926_4_0,0
237769,926_4_0,0
238201,926_4_0,0
237768,926_4_0,0
241309,926_4_0,0
235970,926_4_0,0
240704,926_4_0,0
239928,926_4_0,0
237770,926_4_0,0
240707,926_4_0,0
234833,926_4_0,0
235588,926_4_0,0
237978,926_4_0,0
238616,926_4_0,0
241307,926_4_0,0
155072,310_3_0,0
154715,310_3_0,0
158624,310_3_0,0
155604,310_3_0,0
154524,310_3_0,0
158028,310_3_0,0
159153,310_3_0,0
155251,310_3_0,0
158626,310_3_0,0
159329,310_3_0,0
158446,310_3_0,0
156343,310_3_0,0
158030,310_3_0,0
160466,310_3_0,0
154522,310_3_0,0
161009,310_3_0,0
159149,310_3_0,0
155432,310_3_0,0
156712,310_3_0,0
158244,310_3_0,0
154716,310_3_0,0
156709,310_3_0,0
157819,310_3_0,0
157821,310_3_0,0
159499,310_3_0,0
160658,310_3_0,0
158243,310_3_0,0
159856,310_3_0,0
157268,310_3_0,0
155070,310_3_0,0
159852,310_3_0,0
158444,310_3_0,0
159497,310_3_0,0
158798,310_3_0,0
159336,310_3_0,0
158245,310_3_0,0
161005,310_3_0,0
159857,310_3_0,0
159854,310_3_0,0
156901,310_3_0,0
160464,310_3_0,0
157622,310_3_0,0
158800,310_3_0,0
157271,310_3_0,0
157082,310_3_0,0
156341,310_3_0,0
159154,310_3_0,0
154714,310_3_0,0
161007,310_3_0,0
154719,310_3_0,0
157420,310_3_0,0
159690,310_3_0,0
160833,310_3_0,0
158801,310_3_0,0
156711,310_3_0,0
156172,310_3_0,0
158031,310_3_0,0
157818,310_3_0,0
157820,310_3_0,0
154523,310_3_0,0
160470,310_3_0,0
156715,310_3_0,0
158980,310_3_0,0
10061,103_1_0,0
8911,103_1_0,0
11428,103_1_0,0
12041,103_1_0,0
12038,103_1_0,0
9295,103_1_0,0
9114,103_1_0,0
6824,103_1_0,0
10451,103_1_0,0
12039,103_1_0,0
9482,103_1_0,0
12576,103_1_0,0
7187,103_1_0,0
11640,103_1_0,0
13285,103_1_0,0
7941,103_1_0,0
8730,103_1_0,0
11230,103_1_0,0
12421,103_1_0,0
92920,204_2_1,0
93689,204_2_1,0
89995,204_2_1,0
88173,204_2_1,0
90907,204_2_1,0
41947,113_2_1,0
44024,113_2_1,0
46783,113_2_1,0
41754,113_2_1,0
46582,113_2_1,0
43654,113_2_1,0
46224,113_2_1,0
44599,113_2_1,0
42924,113_2_1,0
46225,113_2_1,0
44767,113_2_1,0
44596,113_2_1,0
44210,113_2_1,0
44966,113_2_1,0
45851,113_2_1,0
46401,113_2_1,0
42739,113_2_1,0
40995,113_2_1,0
42554,113_2_1,0
46978,113_2_1,0
37832,111_1_0,0
35331,111_1_0,0
37648,111_1_0,0
35936,111_1_0,0
38022,111_1_0,0
37645,111_1_0,0
33837,111_1_0,0
34208,111_1_0,0
35531,111_1_0,0
38227,111_1_0,0
35529,111_1_0,0
39710,111_1_0,0
36693,111_1_0,0
36498,111_1_0,0
131590,216_2_1,0
130472,216_2_1,0
129919,216_2_1,0
128978,216_2_1,0
131038,216_2_1,0
129339,216_2_1,0
127670,216_2_1,0
128986,216_2_1,0
131592,216_2_1,0
5933,101_1_1,0
4278,101_1_1,0
6438,101_1_1,0
6267,101_1_1,0
2583,101_1_1,0
1666,101_1_1,0
5015,101_1_1,0
4280,101_1_1,0
2796,101_1_1,0
164868,316_3_1,0
164323,316_3_1,0
165423,316_3_1,0
167782,316_3_1,0
167564,316_3_1,0
161952,316_3_1,0
163306,316_3_1,0
164509,316_3_1,0
167028,316_3_1,0
164139,316_3_1,0
164514,316_3_1,0
165076,316_3_1,0
166674,316_3_1,0
166307,316_3_1,0
167565,316_3_1,0
163086,316_3_1,0
163730,316_3_1,0
164138,316_3_1,0
162863,316_3_1,0
162671,316_3_1,0
166148,316_3_1,0
163301,316_3_1,0
161191,316_3_1,0
162495,316_3_1,0
165590,316_3_1,0
163528,316_3_1,0
161590,316_3_1,0
165077,316_3_1,0
164136,316_3_1,0
163303,316_3_1,0
163726,316_3_1,0
164144,316_3_1,0
161953,316_3_1,0
167026,316_3_1,0
163087,316_3_1,0
163728,316_3_1,0
167196,316_3_1,0
161591,316_3_1,0
164867,316_3_1,0
166495,316_3_1,0
164322,316_3_1,0
163940,316_3_1,0
164140,316_3_1,0
164863,316_3_1,0
167568,316_3_1,0
166150,316_3_1,0
161187,316_3_1,0
166496,316_3_1,0
162158,316_3_1,0
164143,316_3_1,0
161381,316_3_1,0
162667,316_3_1,0
167382,316_3_1,0
162861,316_3_1,0
164691,316_3_1,0
165954,316_3_1,0
166852,316_3_1,0
166854,316_3_1,0
165769,316_3_1,0
161770,316_3_1,0
167571,316_3_1,0
167563,316_3_1,0
161767,316_3_1,0
162858,316_3_1,0
167384,316_3_1,0
165079,316_3_1,0
163943,316_3_1,0
164513,316_3_1,0
163302,316_3_1,0
165424,316_3_1,0
167023,316_3_1,0
161588,316_3_1,0
167569,316_3_1,0
162340,316_3_1,0
164871,316_3_1,0
161383,316_3_1,0
163529,316_3_1,0
166149,316_3_1,0
163085,316_3_1,0
162156,316_3_1,0
163088,316_3_1,0
166497,316_3_1,0
165252,316_3_1,0
135174,219_2_0,0
134431,219_2_0,0
137066,219_2_0,0
136671,219_2_0,0
138809,219_2_0,0
136668,219_2_0,0
136081,219_2_0,0
137276,219_2_0,0
136882,219_2_0,0
137068,219_2_0,0
136477,219_2_0,0
135719,219_2_0,0
134805,219_2_0,0
136077,219_2_0,0
137067,219_2_0,0
140997,219_2_0,0
140095,219_2_0,0
138066,219_2_0,0
138812,219_2_0,0
136674,219_2_0,0
138805,219_2_0,0
135915,219_2_0,0
135549,219_2_0,0
140801,219_2_0,0
139190,219_2_0,0
138806,219_2_0,0
139377,219_2_0,0
140096,219_2_0,0
138814,219_2_0,0
138250,219_2_0,0
135005,219_2_0,0
135364,219_2_0,0
137072,219_2_0,0
137482,219_2_0,0
135720,219_2_0,0
140996,219_2_0,0
135003,219_2_0,0
140099,219_2_0,0
135724,219_2_0,0
140802,219_2_0,0
140097,219_2_0,0
138248,219_2_0,0
139376,219_2_0,0
135716,219_2_0,0
135361,219_2_0,0
137275,219_2_0,0
140995,219_2_0,0
135365,219_2_0,0
135918,219_2_0,0
135553,219_2_0,0
134800,219_2_0,0
134803,219_2_0,0
135914,219_2_0,0
139188,219_2_0,0
137069,219_2_0,0
138807,219_2_0,0
136079,219_2_0,0
134611,219_2_0,0
137480,219_2_0,0
134433,219_2_0,0
134605,219_2_0,0
140621,219_2_0,0
136479,219_2_0,0
140622,219_2_0,0
139740,219_2_0,0
137064,219_2_0,0
140998,219_2_0,0
136880,219_2_0,0
136292,219_2_0,0
137684,219_2_0,0
138813,219_2_0,0
136290,219_2_0,0
135551,219_2_0,0
135548,219_2_0,0
135718,219_2_0,0
139378,219_2_0,0
136080,219_2_0,0
136883,219_2_0,0
135722,219_2_0,0
134430,219_2_0,0
140799,219_2_0,0
137886,219_2_0,0
137688,219_2_0,0
137061,219_2_0,0
137483,219_2_0,0
137884,219_2_0,0
137274,219_2_0,0
139743,219_2_0,0
140100,219_2_0,0
134804,219_2_0,0
135367,219_2_0,0
137687,219_2_0,0
137267,219_2_0,0
140444,219_2_0,0
137683,219_2_0,0
139002,219_2_0,0
140443,219_2_0,0
135175,219_2_0,0
140800,219_2_0,0
134432,219_2_0,0
137686,219_2_0,0
134427,219_2_0,0
139189,219_2_0,0
136884,219_2_0,0
136669,219_2_0,0
172013,321_3_0,0
171443,321_3_0,0
170558,321_3_0,0
173498,321_3_0,0
173499,321_3_0,0
172014,321_3_0,0
172189,321_3_0,0
170373,321_3_0,0
170757,321_3_0,0
171824,321_3_0,0
171825,321_3_0,0
174460,321_3_0,0
168705,321_3_0,0
169798,321_3_0,0
168331,321_3_0,0
168706,321_3_0,0
168708,321_3_0,0
172375,321_3_0,0
168703,321_3_0,0
174457,321_3_0,0
168699,321_3_0,0
168522,321_3_0,0
173693,321_3_0,0
171831,321_3_0,0
170562,321_3_0,0
173885,321_3_0,0
170369,321_3_0,0
170365,321_3_0,0
171827,321_3_0,0
173891,321_3_0,0
167977,321_3_0,0
169803,321_3_0,0
170921,321_3_0,0
172012,321_3_0,0
172550,321_3_0,0
171103,321_3_0,0
170183,321_3_0,0
168156,321_3_0,0
174088,321_3_0,0
173505,321_3_0,0
173695,321_3_0,0
171442,321_3_0,0
173884,321_3_0,0
173312,321_3_0,0
168702,321_3_0,0
168697,321_3_0,0
167979,321_3_0,0
171626,321_3_0,0
173501,321_3_0,0
168707,321_3_0,0
169995,321_3_0,0
168334,321_3_0,0
171622,321_3_0,0
170367,321_3_0,0
172007,321_3_0,0
174258,321_3_0,0
173694,321_3_0,0
172731,321_3_0,0
173115,321_3_0,0
173309,321_3_0,0
171832,321_3_0,0
168526,321_3_0,0
168333,321_3_0,0
169266,321_3_0,0
174461,321_3_0,0
167976,321_3_0,0
172008,321_3_0,0
169802,321_3_0,0
173892,321_3_0,0
173313,321_3_0,0
169804,321_3_0,0
31024,110_1_1,0
27966,110_1_1,0
31639,110_1_1,0
33092,110_1_1,0
30807,110_1_1,0
31028,110_1_1,0
31984,110_1_1,0
28556,110_1_1,0
32363,110_1_1,0
31247,110_1_1,0
28146,110_1_1,0
28948,110_1_1,0
30433,110_1_1,0
31023,110_1_1,0
27260,110_1_1,0
28148,110_1_1,0
30435,110_1_1,0
27965,110_1_1,0
27262,110_1_1,0
32533,110_1_1,0
28149,110_1_1,0
31252,110_1_1,0
29520,110_1_1,0
32738,110_1_1,0
12758,108_4_0,0
12768,108_4_0,0
12238,108_4_0,0
12766,108_4_0,0
19299,108_4_0,0
19484,108_4_0,0
22258,108_4_0,0
23379,108_4_0,0
26329,108_4_0,0
24683,108_4_0,0
22998,108_4_0,0
24325,108_4_0,0
24678,108_4_0,0
25225,108_4_0,0
20381,108_4_0,0
22256,108_4_0,0
25781,108_4_0,0
20217,108_4_0,0
24682,108_4_0,0
22798,108_4_0,0
24139,108_4_0,0
20387,108_4_0,0
23970,108_4_0,0
20573,108_4_0,0
23969,108_4_0,0
25601,108_4_0,0
25407,108_4_0,0
32167,110_1_0,0
31979,110_1_0,0
29132,110_1_0,0
26870,110_1_0,0
27058,110_1_0,0
30622,110_1_0,0
69045,125_1_0,0
69422,125_1_0,0
72271,125_1_0,0
69805,125_1_0,0
73360,125_1_0,0
73006,125_1_0,0
71905,125_1_0,0
69421,125_1_0,0
72819,125_1_0,0
69237,125_1_0,0
67530,125_1_0,0
67529,125_1_0,0
70987,125_1_0,0
68870,125_1_0,0
67935,125_1_0,0
67934,125_1_0,0
71339,125_1_0,0
68336,125_1_0,0
70387,125_1_0,0
69234,125_1_0,0
73357,125_1_0,0
70763,125_1_0,0
71737,125_1_0,0
69993,125_1_0,0
69810,125_1_0,0
72278,125_1_0,0
70180,125_1_0,0
67343,125_1_0,0
71337,125_1_0,0
70184,125_1_0,0
72272,125_1_0,0
68872,125_1_0,0
71335,125_1_0,0
71340,125_1_0,0
72818,125_1_0,0
71903,125_1_0,0
73735,125_1_0,0
67942,125_1_0,0
70577,125_1_0,0
68503,125_1_0,0
67341,125_1_0,0
71538,125_1_0,0
69044,125_1_0,0
69806,125_1_0,0
71906,125_1_0,0
70764,125_1_0,0
71336,125_1_0,0
73007,125_1_0,0
69807,125_1_0,0
69811,125_1_0,0
72820,125_1_0,0
69425,125_1_0,0
67939,125_1_0,0
69808,125_1_0,0
72085,125_1_0,0
72821,125_1_0,0
70980,125_1_0,0
73734,125_1_0,0
69236,125_1_0,0
68505,125_1_0,0
71161,125_1_0,0
67534,125_1_0,0
68871,125_1_0,0
72276,125_1_0,0
69812,125_1_0,0
71334,125_1_0,0
70767,125_1_0,0
73359,125_1_0,0
68138,125_1_0,0
71533,125_1_0,0
72080,125_1_0,0
73540,125_1_0,0
69419,125_1_0,0
72081,125_1_0,0
67342,125_1_0,0
71537,125_1_0,0
67344,125_1_0,0
68502,125_1_0,0
67941,125_1_0,0
73009,125_1_0,0
73934,125_1_0,0
68335,125_1_0,0
71734,125_1_0,0
68140,125_1_0,0
70985,125_1_0,0
70986,125_1_0,0
71900,125_1_0,0
70386,125_1_0,0
72654,125_1_0,0
20386,108_1_1,0
26526,108_1_1,0
22799,108_1_1,0
20967,108_1_1,0
21890,108_1_1,0
116516,213_2_0,0
116899,213_2_0,0
115458,213_2_0,0
119355,213_2_0,0
117663,213_2_0,0
118807,213_2_0,0
117083,213_2_0,0
114290,213_2_0,0
119894,213_2_0,0
118032,213_2_0,0
115274,213_2_0,0
115459,213_2_0,0
119704,213_2_0,0
114295,213_2_0,0
120255,213_2_0,0
117271,213_2_0,0
119353,213_2_0,0
120250,213_2_0,0
120850,213_2_0,0
118413,213_2_0,0
118976,213_2_0,0
115829,213_2_0,0
117842,213_2_0,0
114682,213_2_0,0
117469,213_2_0,0
114491,213_2_0,0
118031,213_2_0,0
120257,213_2_0,0
114887,213_2_0,0
115828,213_2_0,0
115077,213_2_0,0
120070,213_2_0,0
119893,213_2_0,0
118416,213_2_0,0
119519,213_2_0,0
120660,213_2_0,0
115074,213_2_0,0
117468,213_2_0,0
117272,213_2_0,0
120661,213_2_0,0
117267,213_2_0,0
115455,213_2_0,0
117843,213_2_0,0
120458,213_2_0,0
114288,213_2_0,0
115460,213_2_0,0
117084,213_2_0,0
114686,213_2_0,0
116517,213_2_0,0
114493,213_2_0,0
120071,213_2_0,0
120258,213_2_0,0
115271,213_2_0,0
118246,213_2_0,0
116155,213_2_0,0
118603,213_2_0,0
116161,213_2_0,0
114890,213_2_0,0
115452,213_2_0,0
117846,213_2_0,0
114293,213_2_0,0
120252,213_2_0,0
115827,213_2_0,0
116160,213_2_0,0
114486,213_2_0,0
117082,213_2_0,0
115630,213_2_0,0
118420,213_2_0,0
116898,213_2_0,0
115632,213_2_0,0
117662,213_2_0,0
115457,213_2_0,0
118419,213_2_0,0
118418,213_2_0,0
115270,213_2_0,0
119351,213_2_0,0
118808,213_2_0,0
120251,213_2_0,0
117270,213_2_0,0
120254,213_2_0,0
114489,213_2_0,0
116164,213_2_0,0
118415,213_2_0,0
118979,213_2_0,0
114292,213_2_0,0
115461,213_2_0,0
114685,213_2_0,0
117841,213_2_0,0
119515,213_2_0,0
116708,213_2_0,0
120072,213_2_0,0
116163,213_2_0,0
118417,213_2_0,0
115633,213_2_0,0
116340,213_2_0,0
116514,213_2_0,0
116343,213_2_0,0
154514,105_1_1,0
154512,105_1_1,0
154520,105_1_1,0
154510,105_1_1,0
14448,105_1_1,0
20043,105_1_1,0
15371,105_1_1,0
13483,105_1_1,0
13663,105_1_1,0
14066,105_1_1,0
14067,105_1_1,0
16552,105_1_1,0
19667,105_1_1,0
14654,105_1_1,0
15550,105_1_1,0
14256,105_1_1,0
20040,105_1_1,0
18934,105_1_1,0
17080,105_1_1,0
15957,105_1_1,0
19108,105_1_1,0
13869,105_1_1,0
16892,105_1_1,0
14260,105_1_1,0
15367,105_1_1,0
13662,105_1_1,0
19304,105_1_1,0
15769,105_1_1,0
17277,105_1_1,0
214414,919_4_0,0
208960,919_4_0,0
213850,919_4_0,0
208593,919_4_0,0
211545,919_4_0,0
210818,919_4_0,0
211896,919_4_0,0
212841,919_4_0,0
209868,919_4_0,0
212249,919_4_0,0
214576,919_4_0,0
214579,919_4_0,0
213443,919_4_0,0
210446,919_4_0,0
208955,919_4_0,0
212453,919_4_0,0
211541,919_4_0,0
211543,919_4_0,0
210813,919_4_0,0
211010,919_4_0,0
208595,919_4_0,0
214411,919_4_0,0
212083,919_4_0,0
208768,919_4_0,0
211189,919_4_0,0
212643,919_4_0,0
209346,919_4_0,0
210816,919_4_0,0
213634,919_4_0,0
209519,919_4_0,0
213040,919_4_0,0
214410,919_4_0,0
211005,919_4_0,0
209520,919_4_0,0
212452,919_4_0,0
213851,919_4_0,0
211188,919_4_0,0
210079,919_4_0,0
212845,919_4_0,0
210814,919_4_0,0
209150,919_4_0,0
213854,919_4_0,0
212842,919_4_0,0
209349,919_4_0,0
208952,919_4_0,0
212247,919_4_0,0
213635,919_4_0,0
214237,919_4_0,0
210449,919_4_0,0
213849,919_4_0,0
211898,919_4_0,0
208230,919_4_0,0
211897,919_4_0,0
209344,919_4_0,0
210447,919_4_0,0
209154,919_4_0,0
212250,919_4_0,0
211732,919_4_0,0
208764,919_4_0,0
212080,919_4_0,0
211731,919_4_0,0
214580,919_4_0,0
210266,919_4_0,0
208229,919_4_0,0
210441,919_4_0,0
208409,919_4_0,0
210817,919_4_0,0
208592,919_4_0,0
212847,919_4_0,0
209866,919_4_0,0
214578,919_4_0,0
212085,919_4_0,0
208597,919_4_0,0
210448,919_4_0,0
61724,122_1_1,0
60596,122_1_1,0
62661,122_1_1,0
63935,122_1_1,0
61157,122_1_1,0
63745,122_1_1,0
63383,122_1_1,0
64119,122_1_1,0
61161,122_1_1,0
60961,122_1_1,0
64117,122_1_1,0
67147,122_1_1,0
62657,122_1_1,0
61341,122_1_1,0
63379,122_1_1,0
67149,122_1_1,0
65837,122_1_1,0
65429,122_1_1,0
62862,122_1_1,0
66233,122_1_1,0
61335,122_1_1,0
63746,122_1_1,0
63048,122_1_1,0
61916,122_1_1,0
202560,918_4_1,0
204035,918_4_1,0
207694,918_4_1,0
207692,918_4_1,0
201826,918_4_1,0
207155,918_4_1,0
206204,918_4_1,0
205266,918_4_1,0
207325,918_4_1,0
203292,918_4_1,0
202022,918_4_1,0
207323,918_4_1,0
206379,918_4_1,0
201825,918_4_1,0
202388,918_4_1,0
204207,918_4_1,0
202936,918_4_1,0
203298,918_4_1,0
207690,918_4_1,0
203511,918_4_1,0
205638,918_4_1,0
206208,918_4_1,0
206965,918_4_1,0
206383,918_4_1,0
202389,918_4_1,0
205639,918_4_1,0
207156,918_4_1,0
206586,918_4_1,0
202021,918_4_1,0
202189,918_4_1,0
202938,918_4_1,0
206022,918_4_1,0
205454,918_4_1,0
206752,918_4_1,0
205634,918_4_1,0
203849,918_4_1,0
205264,918_4_1,0
206021,918_4_1,0
203679,918_4_1,0
206964,918_4_1,0
201652,918_4_1,0
203852,918_4_1,0
203512,918_4_1,0
207497,918_4_1,0
203854,918_4_1,0
206381,918_4_1,0
201463,918_4_1,0
204729,918_4_1,0
207493,918_4_1,0
206382,918_4_1,0
203508,918_4_1,0
204041,918_4_1,0
202935,918_4_1,0
201824,918_4_1,0
204558,918_4_1,0
201829,918_4_1,0
203676,918_4_1,0
203680,918_4_1,0
206203,918_4_1,0
206587,918_4_1,0
203295,918_4_1,0
203506,918_4_1,0
203850,918_4_1,0
206757,918_4_1,0
205084,918_4_1,0
203116,918_4_1,0
201464,918_4_1,0
207887,918_4_1,0
205262,918_4_1,0
202941,918_4_1,0
204561,918_4_1,0
206759,918_4_1,0
203677,918_4_1,0
207326,918_4_1,0
204728,918_4_1,0
206966,918_4_1,0
204040,918_4_1,0
206019,918_4_1,0
202937,918_4_1,0
203848,918_4_1,0
205842,918_4_1,0
205265,918_4_1,0
201465,918_4_1,0
206758,918_4_1,0
205452,918_4_1,0
207882,918_4_1,0
206761,918_4_1,0
204206,918_4_1,0
205455,918_4_1,0
206207,918_4_1,0
207886,918_4_1,0
73537,125_1_1,0
70181,125_1_1,0
73538,125_1_1,0
69426,125_1_1,0
67346,125_1_1,0
67937,125_1_1,0
70182,125_1_1,0
67528,125_1_1,0
72274,125_1_1,0
72822,125_1_1,0
69997,125_1_1,0
16358,105_3_1,0
17826,105_3_1,0
79891,128_1_0,0
74632,128_1_0,0
78041,128_1_0,0
77097,128_1_0,0
80114,128_1_0,0
78604,128_1_0,0
77094,128_1_0,0
78407,128_1_0,0
79155,128_1_0,0
74637,128_1_0,0
78610,128_1_0,0
75939,128_1_0,0
75598,128_1_0,0
77645,128_1_0,0
78240,128_1_0,0
78413,128_1_0,0
78414,128_1_0,0
77095,128_1_0,0
74634,128_1_0,0
79893,128_1_0,0
77847,128_1_0,0
78799,128_1_0,0
78409,128_1_0,0
80659,128_1_0,0
79150,128_1_0,0
75942,128_1_0,0
80291,128_1_0,0
79896,128_1_0,0
77646,128_1_0,0
80658,128_1_0,0
77456,128_1_0,0
75027,128_1_0,0
77839,128_1_0,0
76913,128_1_0,0
74289,128_1_0,0
79889,128_1_0,0
75419,128_1_0,0
76711,128_1_0,0
79523,128_1_0,0
75026,128_1_0,0
77459,128_1_0,0
79894,128_1_0,0
79710,128_1_0,0
75417,128_1_0,0
75601,128_1_0,0
78608,128_1_0,0
80660,128_1_0,0
74635,128_1_0,0
78796,128_1_0,0
76339,128_1_0,0
77846,128_1_0,0
77099,128_1_0,0
79354,128_1_0,0
77845,128_1_0,0
78607,128_1_0,0
80459,128_1_0,0
78408,128_1_0,0
79349,128_1_0,0
77840,128_1_0,0
78415,128_1_0,0
79895,128_1_0,0
79709,128_1_0,0
78603,128_1_0,0
79714,128_1_0,0
78605,128_1_0,0
74288,128_1_0,0
76530,128_1_0,0
77841,128_1_0,0
77260,128_1_0,0
76712,128_1_0,0
78237,128_1_0,0
78039,128_1_0,0
77252,128_1_0,0
79888,128_1_0,0
80458,128_1_0,0
80115,128_1_0,0
74116,128_1_0,0
75032,128_1_0,0
79350,128_1_0,0
79713,128_1_0,0
77259,128_1_0,0
75600,128_1_0,0
77837,128_1_0,0
80661,128_1_0,0
76143,128_1_0,0
76713,128_1_0,0
79351,128_1_0,0
75936,128_1_0,0
74459,128_1_0,0
80118,128_1_0,0
75030,128_1_0,0
12770,103_1_1,0
12572,103_1_1,0
12578,103_1_1,0
11232,103_1_1,0
9296,103_1_1,0
11641,103_1_1,0
7747,103_1_1,0
7554,103_1_1,0
7189,103_1_1,0
13118,103_1_1,0
11430,103_1_1,0
8732,103_1_1,0
11854,103_1_1,0
10627,103_1_1,0
7945,103_1_1,0
10826,105_3_0,0
9291,105_3_0,0
10444,105_3_0,0
9112,105_3_0,0
10823,105_3_0,0
9113,105_3_0,0
9107,105_3_0,0
8904,105_3_0,0
9118,105_3_0,0
10829,105_3_0,0
9119,105_3_0,0
10452,105_3_0,0
8906,105_3_0,0
2400,105_3_0,0
4108,105_3_0,0
9116,105_3_0,0
9117,105_3_0,0
8909,105_3_0,0
2227,105_3_0,0
2402,105_3_0,0
2034,105_3_0,0
2225,105_3_0,0
2039,105_3_0,0
2403,105_3_0,0
8905,105_3_0,0
9292,105_3_0,0
8910,105_3_0,0
15019,105_3_0,0
5009,101_1_1,0
6439,101_1_1,0
2038,101_1_1,0
6437,101_1_1,0
3516,101_1_1,0
1115,101_1_1,0
5006,101_1_1,0
4283,101_1_1,0
4466,101_1_1,0
5011,101_1_1,0
36,101_1_1,0
1851,101_1_1,0
1121,101_1_1,0
3726,101_1_1,0
4286,101_1_1,0
5732,101_1_1,0
413,101_1_1,0
37452,111_1_1,0
38957,111_1_1,0
38024,111_1_1,0
38226,111_1_1,0
38956,111_1_1,0
39709,111_1_1,0
33838,111_1_1,0
37445,111_1_1,0
35737,111_1_1,0
37454,111_1_1,0
37456,111_1_1,0
38028,111_1_1,0
36301,111_1_1,0
39156,111_1_1,0
33639,111_1_1,0
37831,111_1_1,0
40073,111_1_1,0
39347,111_1_1,0
35743,111_1_1,0
34205,111_1_1,0
39711,111_1_1,0
109054,210_2_0,0
109439,210_2_0,0
112946,210_2_0,0
111471,210_2_0,0
107556,210_2_0,0
108713,210_2_0,0
112022,210_2_0,0
111634,210_2_0,0
113737,210_2_0,0
108885,210_2_0,0
108146,210_2_0,0
114107,210_2_0,0
110359,210_2_0,0
110534,210_2_0,0
108151,210_2_0,0
114108,210_2_0,0
108880,210_2_0,0
112021,210_2_0,0
108342,210_2_0,0
113328,210_2_0,0
111056,210_2_0,0
109436,210_2_0,0
109631,210_2_0,0
110696,210_2_0,0
111259,210_2_0,0
109052,210_2_0,0
113913,210_2_0,0
110692,210_2_0,0
108145,210_2_0,0
108710,210_2_0,0
113326,210_2_0,0
112017,210_2_0,0
113734,210_2_0,0
111254,210_2_0,0
108712,210_2_0,0
108527,210_2_0,0
107554,210_2_0,0
109056,210_2_0,0
110169,210_2_0,0
112402,210_2_0,0
108520,210_2_0,0
113325,210_2_0,0
107764,210_2_0,0
114106,210_2_0,0
113912,210_2_0,0
111472,210_2_0,0
107765,210_2_0,0
113324,210_2_0,0
112403,210_2_0,0
112587,210_2_0,0
112585,210_2_0,0
112945,210_2_0,0
109985,210_2_0,0
107962,210_2_0,0
112212,210_2_0,0
109244,210_2_0,0
112404,210_2_0,0
108150,210_2_0,0
108149,210_2_0,0
108523,210_2_0,0
109437,210_2_0,0
111053,210_2_0,0
112586,210_2_0,0
107558,210_2_0,0
107555,210_2_0,0
111252,210_2_0,0
110691,210_2_0,0
108882,210_2_0,0
110167,210_2_0,0
110695,210_2_0,0
113527,210_2_0,0
113736,210_2_0,0
111467,210_2_0,0
110535,210_2_0,0
111630,210_2_0,0
109808,210_2_0,0
110536,210_2_0,0
109053,210_2_0,0
109441,210_2_0,0
111628,210_2_0,0
112768,210_2_0,0
108881,210_2_0,0
111845,210_2_0,0
112769,210_2_0,0
111636,210_2_0,0
111258,210_2_0,0
108714,210_2_0,0
110869,210_2_0,0
111256,210_2_0,0
114109,210_2_0,0
110360,210_2_0,0
11843,108_4_1,0
11855,108_4_1,0
10629,108_4_1,0
11853,108_4_1,0
18755,108_4_1,0
20572,108_4_1,0
24675,108_4_1,0
25788,108_4_1,0
20759,108_4_1,0
21718,108_4_1,0
26696,108_4_1,0
23777,108_4_1,0
20220,108_4_1,0
24498,108_4_1,0
24849,108_4_1,0
22614,108_4_1,0
26695,108_4_1,0
21532,108_4_1,0
21533,108_4_1,0
20388,108_4_1,0
46782,113_1_0,0
43463,113_1_0,0
41380,113_1_0,0
42740,113_1_0,0
42558,113_1_0,0
46581,113_1_0,0
45483,113_1_0,0
44595,113_1_0,0
43819,113_1_0,0
43123,113_1_0,0
45485,113_1_0,0
46397,113_1_0,0
42929,113_1_0,0
45482,113_1_0,0
41569,113_1_0,0
46784,113_1_0,0
46399,113_1_0,0
46222,113_1_0,0
42352,113_1_0,0
42348,113_1_0,0
44962,113_1_0,0
196250,913_4_1,0
196628,913_4_1,0
195510,913_4_1,0
196440,913_4_1,0
198263,913_4_1,0
200527,913_4_1,0
200526,913_4_1,0
198047,913_4_1,0
198479,913_4_1,0
196436,913_4_1,0
200528,913_4_1,0
201278,913_4_1,0
197365,913_4_1,0
201082,913_4_1,0
194771,913_4_1,0
199778,913_4_1,0
197366,913_4_1,0
196438,913_4_1,0
199780,913_4_1,0
199035,913_4_1,0
197370,913_4_1,0
196623,913_4_1,0
201080,913_4_1,0
196629,913_4_1,0
196430,913_4_1,0
200707,913_4_1,0
21341,108_4_0,0
24859,108_4_0,0
25790,108_4_0,0
21894,108_4_0,0
25409,108_4_0,0
21163,108_4_0,0
123402,214_2_0,0
121573,214_2_0,0
123394,214_2_0,0
127511,214_2_0,0
124149,214_2_0,0
121030,214_2_0,0
121944,214_2_0,0
125225,214_2_0,0
126308,214_2_0,0
125042,214_2_0,0
126898,214_2_0,0
123230,214_2_0,0
123231,214_2_0,0
124671,214_2_0,0
125600,214_2_0,0
126703,214_2_0,0
124674,214_2_0,0
125932,214_2_0,0
126500,214_2_0,0
121572,214_2_0,0
124147,214_2_0,0
126899,214_2_0,0
125934,214_2_0,0
121765,214_2_0,0
125767,214_2_0,0
124324,214_2_0,0
125417,214_2_0,0
121762,214_2_0,0
123778,214_2_0,0
123775,214_2_0,0
126896,214_2_0,0
126701,214_2_0,0
121946,214_2_0,0
125221,214_2_0,0
123962,214_2_0,0
126707,214_2_0,0
124864,214_2_0,0
124327,214_2_0,0
127294,214_2_0,0
125046,214_2_0,0
123068,214_2_0,0
123789,214_2_0,0
126110,214_2_0,0
159689,305_4_1,0
146411,305_4_1,0
146412,305_4_1,0
151447,305_4_1,0
154162,305_4_1,0
151078,305_4_1,0
151444,305_4_1,0
150311,305_4_1,0
151801,305_4_1,0
152146,305_4_1,0
154331,305_4_1,0
149000,305_4_1,0
152723,305_4_1,0
151244,305_4_1,0
150702,305_4_1,0
153977,305_4_1,0
151246,305_4_1,0
149412,305_4_1,0
152352,305_4_1,0
151807,305_4_1,0
152901,305_4_1,0
147889,305_4_1,0
151448,305_4_1,0
148648,305_4_1,0
148452,305_4_1,0
150704,305_4_1,0
150529,305_4_1,0
149003,305_4_1,0
151445,305_4_1,0
150532,305_4_1,0
152144,305_4_1,0
151802,305_4_1,0
147891,305_4_1,0
152546,305_4_1,0
152544,305_4_1,0
149955,305_4_1,0
151977,305_4_1,0
149200,305_4_1,0
153235,305_4_1,0
153236,305_4_1,0
150890,305_4_1,0
151082,305_4_1,0
148831,305_4_1,0
153610,305_4_1,0
151084,305_4_1,0
151809,305_4_1,0
149006,305_4_1,0
119350,213_2_1,0
119702,213_2_1,0
118243,213_2_1,0
118607,213_2_1,0
115076,213_2_1,0
116519,213_2_1,0
115993,213_2_1,0
116345,213_2_1,0
115462,213_2_1,0
118609,213_2_1,0
119352,213_2_1,0
117080,213_2_1,0
116342,213_2_1,0
118606,213_2_1,0
119349,213_2_1,0
117660,213_2_1,0
117659,213_2_1,0
118977,213_2_1,0
116523,213_2_1,0
120259,213_2_1,0
114688,213_2_1,0
115464,213_2_1,0
120665,213_2_1,0
117672,213_2_1,0
116166,213_2_1,0
203294,918_4_0,0
204202,918_4_0,0
203291,918_4_0,0
203509,918_4_0,0
207881,918_4_0,0
203117,918_4_0,0
207884,918_4_0,0
204042,918_4_0,0
204562,918_4_0,0
206968,918_4_0,0
202563,918_4_0,0
202190,918_4_0,0
204382,918_4_0,0
203296,918_4_0,0
203507,918_4_0,0
204205,918_4_0,0
205456,918_4_0,0
202188,918_4_0,0
206205,918_4_0,0
204730,918_4_0,0
207334,918_4_0,0
202194,918_4_0,0
201834,918_4_0,0
202028,918_4_0,0
207499,918_4_0,0
204213,918_4_0,0
201659,918_4_0,0
206026,918_4_0,0
202744,918_4_0,0
206765,918_4_0,0
2236,101_1_1,0
1125,101_1_1,0
2413,101_1_1,0
3522,101_1_1,0
5738,101_1_1,0
2044,101_1_1,0
760,101_1_1,0
421,101_1_1,0
5199,101_1_1,0
41,101_1_1,0
4291,101_1_1,0
757,101_1_1,0
3520,101_1_1,0
35532,111_1_0,0
37459,111_1_0,0
37074,111_1_0,0
40257,111_1_0,0
35537,111_1_0,0
40260,111_1_0,0
38233,111_1_0,0
39349,111_1_0,0
36154,111_1_0,0
33841,111_1_0,0
39531,111_1_0,0
38389,111_1_0,0
39714,111_1_0,0
37833,111_1_0,0
35748,111_1_0,0
36306,111_1_0,0
38231,111_1_0,0
9658,113_2_0,0
10059,113_2_0,0
10277,113_2_0,0
16542,113_2_0,0
16726,113_2_0,0
16887,113_2_0,0
16543,113_2_0,0
43469,113_2_0,0
45143,113_2_0,0
44215,113_2_0,0
44218,113_2_0,0
40650,113_2_0,0
46789,113_2_0,0
42742,113_2_0,0
43823,113_2_0,0
42932,113_2_0,0
42560,113_2_0,0
42561,113_2_0,0
45666,113_2_0,0
44216,113_2_0,0
44214,113_2_0,0
82079,202_2_1,0
85279,202_2_1,0
82441,202_2_1,0
82080,202_2_1,0
87092,202_2_1,0
84333,202_2_1,0
82078,202_2_1,0
86196,202_2_1,0
84522,202_2_1,0
82947,202_2_1,0
82081,202_2_1,0
81009,202_2_1,0
85481,202_2_1,0
86197,202_2_1,0
86597,202_2_1,0
81745,202_2_1,0
81545,202_2_1,0
84700,202_2_1,0
81742,202_2_1,0
86403,202_2_1,0
83914,202_2_1,0
83917,202_2_1,0
82782,202_2_1,0
86599,202_2_1,0
85090,202_2_1,0
82951,202_2_1,0
87095,202_2_1,0
84897,202_2_1,0
82442,202_2_1,0
83916,202_2_1,0
84704,202_2_1,0
81744,202_2_1,0
82944,202_2_1,0
82082,202_2_1,0
86200,202_2_1,0
82595,202_2_1,0
81366,202_2_1,0
86402,202_2_1,0
80836,202_2_1,0
87091,202_2_1,0
86747,202_2_1,0
84334,202_2_1,0
83326,202_2_1,0
86018,202_2_1,0
83521,202_2_1,0
86750,202_2_1,0
84703,202_2_1,0
87090,202_2_1,0
81178,202_2_1,0
81010,202_2_1,0
87272,202_2_1,0
86596,202_2_1,0
84899,202_2_1,0
85485,202_2_1,0
83325,202_2_1,0
81743,202_2_1,0
87271,202_2_1,0
82083,202_2_1,0
82444,202_2_1,0
84702,202_2_1,0
85844,202_2_1,0
81741,202_2_1,0
81179,202_2_1,0
84896,202_2_1,0
80841,202_2_1,0
86016,202_2_1,0
81183,202_2_1,0
86404,202_2_1,0
80834,202_2_1,0
81182,202_2_1,0
84705,202_2_1,0
86752,202_2_1,0
81907,202_2_1,0
84900,202_2_1,0
81368,202_2_1,0
86198,202_2_1,0
84905,202_2_1,0
84902,202_2_1,0
87096,202_2_1,0
86753,202_2_1,0
86199,202_2_1,0
86019,202_2_1,0
83518,202_2_1,0
84901,202_2_1,0
80835,202_2_1,0
82946,202_2_1,0
83522,202_2_1,0
85484,202_2_1,0
87273,202_2_1,0
82597,202_2_1,0
82783,202_2_1,0
85277,202_2_1,0
81369,202_2_1,0
82948,202_2_1,0
86017,202_2_1,0
81006,202_2_1,0
82787,202_2_1,0
82790,202_2_1,0
83528,202_2_1,0
87283,202_2_1,0
86603,202_2_1,0
83921,202_2_1,0
85848,202_2_1,0
86204,202_2_1,0
82788,202_2_1,0
85287,202_2_1,0
82279,202_2_1,0
165074,316_3_0,0
162672,316_3_0,0
162857,316_3_0,0
166494,316_3_0,0
165585,316_3_0,0
167562,316_3_0,0
161585,316_3_0,0
167781,316_3_0,0
166152,316_3_0,0
164137,316_3_0,0
167197,316_3_0,0
161765,316_3_0,0
165251,316_3_0,0
165083,316_3_0,0
167780,316_3_0,0
166681,316_3_0,0
167386,316_3_0,0
164324,316_3_0,0
162339,316_3_0,0
161769,316_3_0,0
163308,316_3_0,0
165776,316_3_0,0
163532,316_3_0,0
166687,316_3_0,0
161390,316_3_0,0
165963,316_3_0,0
164882,316_3_0,0
161196,316_3_0,0
163537,316_3_0,0
164880,316_3_0,0
175834,325_3_0,0
181097,325_3_0,0
175838,325_3_0,0
174669,325_3_0,0
179805,325_3_0,0
181244,325_3_0,0
180903,325_3_0,0
179009,325_3_0,0
178656,325_3_0,0
179207,325_3_0,0
176638,325_3_0,0
180365,325_3_0,0
176230,325_3_0,0
178662,325_3_0,0
174851,325_3_0,0
178824,325_3_0,0
177907,325_3_0,0
176233,325_3_0,0
175250,325_3_0,0
179981,325_3_0,0
177706,325_3_0,0
176434,325_3_0,0
178661,325_3_0,0
176805,325_3_0,0
178477,325_3_0,0
179211,325_3_0,0
179007,325_3_0,0
181098,325_3_0,0
178482,325_3_0,0
175835,325_3_0,0
174674,325_3_0,0
178828,325_3_0,0
178120,325_3_0,0
179398,325_3_0,0
179800,325_3_0,0
176804,325_3_0,0
176635,325_3_0,0
175037,325_3_0,0
175036,325_3_0,0
181249,325_3_0,0
177905,325_3_0,0
180710,325_3_0,0
179979,325_3_0,0
181251,325_3_0,0
177002,325_3_0,0
179814,325_3_0,0
181254,325_3_0,0
180912,325_3_0,0
179016,325_3_0,0
174678,325_3_0,0
179815,325_3_0,0
177189,325_3_0,0
175254,325_3_0,0
179813,325_3_0,0
179408,325_3_0,0
178833,325_3_0,0
178305,325_3_0,0
177004,325_3_0,0
175460,325_3_0,0
88353,113_1_1,0
88166,113_1_1,0
88365,113_1_1,0
88158,113_1_1,0
94963,113_1_1,0
94961,113_1_1,0
94767,113_1_1,0
94960,113_1_1,0
94763,113_1_1,0
94764,113_1_1,0
101727,113_1_1,0
198651,305_3_1,0
198656,305_3_1,0
198658,305_3_1,0
149602,305_3_1,0
152149,305_3_1,0
153443,305_3_1,0
151979,305_3_1,0
149969,305_3_1,0
13664,105_3_1,0
15361,105_3_1,0
14849,105_3_1,0
13485,105_3_1,0
19668,105_3_1,0
15030,105_3_1,0
13490,105_3_1,0
14070,105_3_1,0
16174,105_3_1,0
16367,105_3_1,0
17469,105_3_1,0
14456,105_3_1,0
13489,105_3_1,0
17468,105_3_1,0
14853,105_3_1,0
16898,105_3_1,0
14072,105_3_1,0
19109,105_3_1,0
16907,105_3_1,0
16363,105_3_1,0
14457,105_3_1,0
36501,113_2_1,0
29320,110_1_1,0
31443,110_1_1,0
31438,110_1_1,0
30053,110_1_1,0
27063,110_1_1,0
30809,110_1_1,0
30051,110_1_1,0
33088,110_1_1,0
29873,110_1_1,0
31636,110_1_1,0
33089,110_1_1,0
28558,110_1_1,0
27960,110_1_1,0
32534,110_1_1,0
31021,110_1_1,0
28947,110_1_1,0
33443,110_1_1,0
29877,110_1_1,0
32369,110_1_1,0
30815,110_1_1,0
32742,110_1_1,0
28345,110_1_1,0
32175,110_1_1,0
31030,110_1_1,0
27067,110_1_1,0
29879,110_1_1,0
31644,110_1_1,0
27783,110_1_1,0
28559,110_1_1,0
30632,110_1_1,0
29136,110_1_1,0
142659,116_1_0,0
142843,116_1_0,0
143016,116_1_0,0
143015,116_1_0,0
143014,116_1_0,0
143189,116_1_0,0
156337,116_1_0,0
156165,116_1_0,0
156339,116_1_0,0
155991,116_1_0,0
149962,116_1_0,0
149411,116_1_0,0
149956,116_1_0,0
89439,116_1_0,0
89256,116_1_0,0
89252,116_1_0,0
88924,116_1_0,0
89255,116_1_0,0
89099,116_1_0,0
88921,116_1_0,0
88923,116_1_0,0
89253,116_1_0,0
89437,116_1_0,0
89098,116_1_0,0
89095,116_1_0,0
89436,116_1_0,0
88920,116_1_0,0
89097,116_1_0,0
89254,116_1_0,0
95879,116_1_0,0
95880,116_1_0,0
96079,116_1_0,0
95513,116_1_0,0
95888,116_1_0,0
95684,116_1_0,0
95886,116_1_0,0
95688,116_1_0,0
96086,116_1_0,0
95884,116_1_0,0
95518,116_1_0,0
51839,116_1_0,0
48501,116_1_0,0
49267,116_1_0,0
48503,116_1_0,0
49082,116_1_0,0
52560,116_1_0,0
47548,116_1_0,0
51841,116_1_0,0
49632,116_1_0,0
53677,116_1_0,0
52399,116_1_0,0
49983,116_1_0,0
53487,116_1_0,0
51677,116_1_0,0
49633,116_1_0,0
48119,116_1_0,0
48724,116_1_0,0
51131,116_1_0,0
48299,116_1_0,0
48927,116_1_0,0
52400,116_1_0,0
50924,116_1_0,0
50336,116_1_0,0
49803,116_1_0,0
52564,116_1_0,0
52748,116_1_0,0
53117,116_1_0,0
53303,116_1_0,0
47354,116_1_0,0
50335,116_1_0,0
47551,116_1_0,0
48295,116_1_0,0
48502,116_1_0,0
49804,116_1_0,0
53489,116_1_0,0
47547,116_1_0,0
52020,116_1_0,0
49986,116_1_0,0
50925,116_1_0,0
47920,116_1_0,0
52743,116_1_0,0
47355,116_1_0,0
50533,116_1_0,0
51128,116_1_0,0
50534,116_1_0,0
49808,116_1_0,0
50537,116_1_0,0
49989,116_1_0,0
50724,116_1_0,0
49086,116_1_0,0
50168,116_1_0,0
51129,116_1_0,0
50539,116_1_0,0
48723,116_1_0,0
52744,116_1_0,0
52947,116_1_0,0
47736,116_1_0,0
50166,116_1_0,0
51319,116_1_0,0
50716,116_1_0,0
49634,116_1_0,0
50165,116_1_0,0
48118,116_1_0,0
48930,116_1_0,0
51678,116_1_0,0
49087,116_1_0,0
53676,116_1_0,0
49636,116_1_0,0
47737,116_1_0,0
49088,116_1_0,0
53118,116_1_0,0
51509,116_1_0,0
49985,116_1_0,0
53304,116_1_0,0
51846,116_1_0,0
47561,116_1_0,0
49090,116_1_0,0
47931,116_1_0,0
50344,116_1_0,0
49274,116_1_0,0
48311,116_1_0,0
49990,116_1_0,0
52212,116_1_0,0
53495,116_1_0,0
49992,116_1_0,0
52405,116_1_0,0
49993,116_1_0,0
53125,116_1_0,0
48308,116_1_0,0
47185,116_1_0,0
49089,116_1_0,0
47184,116_1_0,0
47363,116_1_0,0
52214,116_1_0,0
113133,208_3_1,0
113904,208_3_1,0
113519,208_3_1,0
113319,208_3_1,0
113521,208_3_1,0
112756,208_3_1,0
111455,208_3_1,0
113130,208_3_1,0
114100,208_3_1,0
113903,208_3_1,0
113514,208_3_1,0
111240,208_3_1,0
113132,208_3_1,0
111239,208_3_1,0
113512,208_3_1,0
107951,208_3_1,0
113719,208_3_1,0
111244,208_3_1,0
107955,208_3_1,0
113513,208_3_1,0
111454,208_3_1,0
111458,208_3_1,0
114096,208_3_1,0
111238,208_3_1,0
113516,208_3_1,0
112755,208_3_1,0
113721,208_3_1,0
113717,208_3_1,0
113722,208_3_1,0
114097,208_3_1,0
93879,208_3_1,0
92724,208_3_1,0
93105,208_3_1,0
92523,208_3_1,0
87777,208_3_1,0
92913,208_3_1,0
91264,208_3_1,0
93308,208_3_1,0
93310,208_3_1,0
92727,208_3_1,0
87965,208_3_1,0
87967,208_3_1,0
93511,208_3_1,0
92356,208_3_1,0
87619,208_3_1,0
92536,208_3_1,0
93315,208_3_1,0
92359,208_3_1,0
87437,208_3_1,0
93882,208_3_1,0
92919,208_3_1,0
93687,208_3_1,0
93516,208_3_1,0
87779,208_3_1,0
93114,208_3_1,0
93122,208_3_1,0
93317,208_3_1,0
91105,208_3_1,0
92357,208_3_1,0
91107,208_3_1,0
91266,208_3_1,0
92921,208_3_1,0
91267,208_3_1,0
87626,208_3_1,0
87627,208_3_1,0
91269,208_3_1,0
87969,208_3_1,0
91270,208_3_1,0
93118,208_3_1,0
92535,208_3_1,0
93120,208_3_1,0
93314,208_3_1,0
87780,208_3_1,0
87439,208_3_1,0
94440,208_3_1,0
99988,208_3_1,0
100180,208_3_1,0
94439,208_3_1,0
100394,208_3_1,0
97961,208_3_1,0
99241,208_3_1,0
97764,208_3_1,0
99053,208_3_1,0
97958,208_3_1,0
99415,208_3_1,0
99593,208_3_1,0
99243,208_3_1,0
100596,208_3_1,0
99592,208_3_1,0
94065,208_3_1,0
100595,208_3_1,0
99989,208_3_1,0
99240,208_3_1,0
94435,208_3_1,0
100171,208_3_1,0
97765,208_3_1,0
97959,208_3_1,0
94436,208_3_1,0
99413,208_3_1,0
94587,208_3_1,0
99418,208_3_1,0
94266,208_3_1,0
94267,208_3_1,0
94438,208_3_1,0
100599,208_3_1,0
94064,208_3_1,0
100173,208_3_1,0
100391,208_3_1,0
100395,208_3_1,0
102088,208_3_1,0
103234,208_3_1,0
103638,208_3_1,0
102474,208_3_1,0
106640,208_3_1,0
105503,208_3_1,0
104929,208_3_1,0
106816,208_3_1,0
102475,208_3_1,0
101512,208_3_1,0
105296,208_3_1,0
103826,208_3_1,0
101724,208_3_1,0
102476,208_3_1,0
105109,208_3_1,0
107207,208_3_1,0
103642,208_3_1,0
100958,208_3_1,0
105504,208_3_1,0
105112,208_3_1,0
103047,208_3_1,0
107381,208_3_1,0
105293,208_3_1,0
105868,208_3_1,0
103824,208_3_1,0
100959,208_3_1,0
102087,208_3_1,0
104754,208_3_1,0
104928,208_3_1,0
101140,208_3_1,0
106451,208_3_1,0
105867,208_3_1,0
104200,208_3_1,0
100767,208_3_1,0
104753,208_3_1,0
106054,208_3_1,0
103042,208_3_1,0
105295,208_3_1,0
107203,208_3_1,0
101515,208_3_1,0
101142,208_3_1,0
102089,208_3_1,0
100949,208_3_1,0
101143,208_3_1,0
106645,208_3_1,0
106049,208_3_1,0
101516,208_3_1,0
105108,208_3_1,0
100768,208_3_1,0
101514,208_3_1,0
102274,208_3_1,0
103438,208_3_1,0
107007,208_3_1,0
100957,208_3_1,0
103233,208_3_1,0
103830,208_3_1,0
103640,208_3_1,0
103040,208_3_1,0
106051,208_3_1,0
107204,208_3_1,0
105298,208_3_1,0
106446,208_3_1,0
104751,208_3_1,0
102672,208_3_1,0
103228,208_3_1,0
105694,208_3_1,0
106050,208_3_1,0
107006,208_3_1,0
102479,208_3_1,0
104196,208_3_1,0
101321,208_3_1,0
102085,208_3_1,0
104199,208_3_1,0
102278,208_3_1,0
102277,208_3_1,0
103235,208_3_1,0
105117,208_3_1,0
107209,208_3_1,0
107212,208_3_1,0
107213,208_3_1,0
104204,208_3_1,0
104938,208_3_1,0
107011,208_3_1,0
103444,208_3_1,0
104759,208_3_1,0
104208,208_3_1,0
103835,208_3_1,0
101518,208_3_1,0
102094,208_3_1,0
104202,208_3_1,0
168704,321_3_1,0
169079,321_3_1,0
171629,321_3_1,0
173504,321_3_1,0
168527,321_3_1,0
172006,321_3_1,0
170559,321_3_1,0
169994,321_3_1,0
169993,321_3_1,0
169992,321_3_1,0
174459,321_3_1,0
171102,321_3_1,0
173887,321_3_1,0
169800,321_3_1,0
170182,321_3_1,0
173503,321_3_1,0
172928,321_3_1,0
167978,321_3_1,0
173502,321_3_1,0
169805,321_3_1,0
170918,321_3_1,0
172190,321_3_1,0
171634,321_3_1,0
168533,321_3_1,0
172202,321_3_1,0
173514,321_3_1,0
171449,321_3_1,0
173519,321_3_1,0
174265,321_3_1,0
169622,321_3_1,0
169268,321_3_1,0
174266,321_3_1,0
169434,321_3_1,0
170925,321_3_1,0
172377,321_3_1,0
10280,103_1_0,0
11033,103_1_0,0
9294,103_1_0,0
12771,103_1_0,0
12237,103_1_0,0
8377,103_1_0,0
12574,103_1_0,0
13289,103_1_0,0
7192,103_1_0,0
12418,103_1_0,0
7752,103_1_0,0
12580,103_1_0,0
12044,103_1_0,0
11862,103_1_0,0
13294,103_1_0,0
12245,103_1_0,0
6653,103_1_0,0
7200,103_1_0,0
10832,103_1_0,0
12583,103_1_0,0
144126,208_2_0,0
150882,208_2_0,0
105302,208_2_0,0
106649,208_2_0,0
107015,208_2_0,0
105115,208_2_0,0
102481,208_2_0,0
107208,208_2_0,0
104206,208_2_0,0
104010,208_2_0,0
101921,208_2_0,0
102679,208_2_0,0
28771,110_1_0,0
31801,110_1_0,0
32169,110_1_0,0
31445,110_1_0,0
11215,116_3_0,0
18186,116_3_0,0
17821,116_3_0,0
24491,116_3_0,0
24489,116_3_0,0
31433,116_3_0,0
31434,116_3_0,0
31244,116_3_0,0
31628,116_3_0,0
31436,116_3_0,0
31795,116_3_0,0
31435,116_3_0,0
31630,116_3_0,0
31239,116_3_0,0
31629,116_3_0,0
31633,116_3_0,0
38222,116_3_0,0
38018,116_3_0,0
112015,116_3_0,0
44770,116_3_0,0
11014,116_3_0,0
11628,116_3_0,0
11214,116_3_0,0
11419,116_3_0,0
11626,116_3_0,0
11015,116_3_0,0
11631,116_3_0,0
17993,116_3_0,0
17998,116_3_0,0
24493,116_3_0,0
31641,116_3_0,0
31799,116_3_0,0
31251,116_3_0,0
31439,116_3_0,0
31248,116_3_0,0
31637,116_3_0,0
31253,116_3_0,0
38223,116_3_0,0
45140,116_3_0,0
44766,116_3_0,0
45135,116_3_0,0
44768,116_3_0,0
45319,116_3_0,0
45136,116_3_0,0
44773,116_3_0,0
45318,116_3_0,0
44961,116_3_0,0
44771,116_3_0,0
53314,116_3_0,0
47739,116_3_0,0
52026,116_3_0,0
53311,116_3_0,0
50172,116_3_0,0
51141,116_3_0,0
47745,116_3_0,0
50928,116_3_0,0
48123,116_3_0,0
49453,116_3_0,0
31014,116_3_1,0
31007,116_3_1,0
31006,116_3_1,0
31017,116_3_1,0
31020,116_3_1,0
31022,116_3_1,0
37826,116_3_1,0
44597,116_3_1,0
24863,108_1_1,0
20397,108_1_1,0
22804,108_1_1,0
23007,108_1_1,0
24688,108_1_1,0
22089,108_1_1,0
20576,108_1_1,0
22805,108_1_1,0
22445,108_1_1,0
23190,108_1_1,0
24860,108_1_1,0
25792,108_1_1,0
23783,108_1_1,0
25414,108_1_1,0
21539,108_1_1,0
22261,108_1_1,0
14855,105_1_1,0
14856,105_1_1,0
15557,105_1_1,0
15204,105_1_1,0
14851,105_1_1,0
13670,105_1_1,0
13488,105_1_1,0
115081,213_2_0,0
118252,213_2_0,0
115637,213_2_0,0
116170,213_2_0,0
118981,213_2_0,0
120073,213_2_0,0
117669,213_2_0,0
120077,213_2_0,0
118250,213_2_0,0
117849,213_2_0,0
116900,213_2_0,0
120462,213_2_0,0
114498,213_2_0,0
116905,213_2_0,0
116167,213_2_0,0
119898,213_2_0,0
118039,213_2_0,0
118612,213_2_0,0
111619,208_3_0,0
111622,208_3_0,0
91974,208_3_0,0
91972,208_3_0,0
92179,208_3_0,0
88934,208_3_0,0
91812,208_3_0,0
89258,208_3_0,0
91810,208_3_0,0
92184,208_3_0,0
88932,208_3_0,0
91467,208_3_0,0
91626,208_3_0,0
89259,208_3_0,0
91627,208_3_0,0
89443,208_3_0,0
89101,208_3_0,0
92186,208_3_0,0
91811,208_3_0,0
88736,208_3_0,0
88737,208_3_0,0
91989,208_3_0,0
92187,208_3_0,0
89445,208_3_0,0
89446,208_3_0,0
92188,208_3_0,0
88926,208_3_0,0
89104,208_3_0,0
88733,208_3_0,0
92185,208_3_0,0
98881,208_3_0,0
95519,208_3_0,0
98127,208_3_0,0
96080,208_3_0,0
98693,208_3_0,0
95885,208_3_0,0
96083,208_3_0,0
98694,208_3_0,0
96081,208_3_0,0
95325,208_3_0,0
98124,208_3_0,0
98513,208_3_0,0
95326,208_3_0,0
95683,208_3_0,0
95690,208_3_0,0
95685,208_3_0,0
98882,208_3_0,0
98126,208_3_0,0
95520,208_3_0,0
98884,208_3_0,0
98692,208_3_0,0
96082,208_3_0,0
95689,208_3_0,0
95331,208_3_0,0
95327,208_3_0,0
104207,208_3_0,0
105698,208_3_0,0
106824,208_3_0,0
100772,208_3_0,0
102870,208_3_0,0
102287,208_3_0,0
105114,208_3_0,0
103440,208_3_0,0
15555,105_1_0,0
17283,105_1_0,0
16370,105_1_0,0
18004,105_1_0,0
17830,105_1_0,0
13875,105_1_0,0
15779,105_1_0,0
16172,105_1_0,0
19672,105_1_0,0
111062,210_2_1,0
112406,210_2_1,0
108529,210_2_1,0
112029,210_2_1,0
114110,210_2_1,0
112949,210_2_1,0
109059,210_2_1,0
112948,210_2_1,0
113532,210_2_1,0
111475,210_2_1,0
109638,210_2_1,0
107559,210_2_1,0
110365,210_2_1,0
109986,210_2_1,0
111477,210_2_1,0
108530,210_2_1,0
108352,210_2_1,0
109813,210_2_1,0
113147,210_2_1,0
111850,210_2_1,0
109812,210_2_1,0
110701,210_2_1,0
108534,210_2_1,0
109447,210_2_1,0
108890,210_2_1,0
107561,210_2_1,0
112589,210_2_1,0
113149,210_2_1,0
109642,210_2_1,0
111058,210_2_1,0
112770,210_2_1,0
109445,210_2_1,0
112032,210_2_1,0
111063,210_2_1,0
109991,210_2_1,0
111057,210_2_1,0
110877,210_2_1,0
113536,210_2_1,0
110874,210_2_1,0
108154,210_2_1,0
109811,210_2_1,0
10631,103_1_1,0
8919,103_1_1,0
9489,103_1_1,0
11436,103_1_1,0
11037,103_1_1,0
7006,103_1_1,0
12774,103_1_1,0
8162,103_1_1,0
11036,103_1_1,0
10070,103_1_1,0
12246,103_1_1,0
13288,108_4_0,0
13290,108_4_0,0
13120,108_4_0,0
19297,108_4_0,0
19856,108_4_0,0
24329,108_4_0,0
20579,108_4_0,0
22083,108_4_0,0
20581,108_4_0,0
23781,108_4_0,0
24855,108_4_0,0
22803,108_4_0,0
25048,108_4_0,0
45147,113_1_0,0
46585,113_1_0,0
41761,113_1_0,0
43655,113_1_0,0
41571,113_1_0,0
45323,113_1_0,0
43128,113_1_0,0
41763,113_1_0,0
44977,113_1_0,0
45324,113_1_0,0
41762,113_1_0,0
41001,113_1_0,0
44029,113_1_0,0
44775,113_1_0,0
46987,113_1_0,0
46584,113_1_0,0
45487,113_1_0,0
4469,101_1_1,0
6445,101_1_1,0
2981,101_1_1,0
2797,101_1_1,0
1505,101_1_1,0
40,101_1_1,0
1327,101_1_1,0
1326,101_1_1,0
4474,101_1_1,0
2412,101_1_1,0
2237,101_1_1,0
3157,101_1_1,0
5939,101_1_1,0
2414,101_1_1,0
5395,101_1_1,0
1669,101_1_1,0
3336,101_1_1,0
4472,101_1_1,0
3735,101_1_1,0
762,101_1_1,0
5567,101_1_1,0
34032,111_1_1,0
36310,111_1_1,0
40079,111_1_1,0
34623,111_1_1,0
36150,111_1_1,0
35746,111_1_1,0
38586,111_1_1,0
39899,111_1_1,0
38235,111_1_1,0
38965,111_1_1,0
36312,111_1_1,0
38388,111_1_1,0
34434,111_1_1,0
34625,111_1_1,0
35751,111_1_1,0
39164,111_1_1,0
39896,111_1_1,0
40076,111_1_1,0
34976,111_1_1,0
197530,305_3_0,0
197700,305_3_0,0
197362,305_3_0,0
196058,305_3_0,0
197711,305_3_0,0
197703,305_3_0,0
197713,305_3_0,0
199402,305_3_0,0
196060,305_3_0,0
199772,305_3_0,0
199399,305_3_0,0
197712,305_3_0,0
199773,305_3_0,0
199212,305_3_0,0
199771,305_3_0,0
197369,305_3_0,0
199216,305_3_0,0
197539,305_3_0,0
199409,305_3_0,0
199569,305_3_0,0
199573,305_3_0,0
199406,305_3_0,0
199030,305_3_0,0
199034,305_3_0,0
199566,305_3_0,0
197538,305_3_0,0
199411,305_3_0,0
197183,305_3_0,0
22439,305_3_0,0
22614,305_3_0,0
148285,305_3_0,0
153243,305_3_0,0
148454,305_3_0,0
151458,305_3_0,0
151627,305_3_0,0
153984,305_3_0,0
153242,305_3_0,0
149005,305_3_0,0
152358,305_3_0,0
150540,305_3_0,0
148095,305_3_0,0
149007,305_3_0,0
154168,305_3_0,0
151817,305_3_0,0
153072,305_3_0,0
148282,305_3_0,0
148094,305_3_0,0
148091,305_3_0,0
149013,305_3_0,0
151455,305_3_0,0
155597,116_1_1,0
158238,116_1_1,0
155247,116_1_1,0
155601,116_1_1,0
155600,116_1_1,0
155249,116_1_1,0
158025,116_1_1,0
158027,116_1_1,0
157617,116_1_1,0
51514,116_1_1,0
48932,116_1_1,0
51516,116_1_1,0
51844,116_1_1,0
48506,116_1_1,0
51515,116_1_1,0
50342,116_1_1,0
47559,116_1_1,0
47746,116_1_1,0
52953,116_1_1,0
53684,116_1_1,0
53124,116_1_1,0
51845,116_1_1,0
49273,116_1_1,0
60223,119_1_0,0
60052,119_1_0,0
56575,119_1_0,0
55990,119_1_0,0
55635,119_1_0,0
59245,119_1_0,0
55991,119_1_0,0
55289,119_1_0,0
60393,119_1_0,0
54570,119_1_0,0
55819,119_1_0,0
53871,119_1_0,0
54923,119_1_0,0
54753,119_1_0,0
53870,119_1_0,0
53876,119_1_0,0
54747,119_1_0,0
55825,119_1_0,0
60050,119_1_0,0
55464,119_1_0,0
59033,119_1_0,0
58467,119_1_0,0
59863,119_1_0,0
53873,119_1_0,0
55100,119_1_0,0
53868,119_1_0,0
58842,119_1_0,0
58090,119_1_0,0
54214,119_1_0,0
55818,119_1_0,0
54922,119_1_0,0
58287,119_1_0,0
55634,119_1_0,0
56764,119_1_0,0
56181,119_1_0,0
55637,119_1_0,0
56766,119_1_0,0
54216,119_1_0,0
56765,119_1_0,0
54919,119_1_0,0
59660,119_1_0,0
54057,119_1_0,0
56182,119_1_0,0
57909,119_1_0,0
60054,119_1_0,0
54932,119_1_0,0
58101,119_1_0,0
55646,119_1_0,0
55300,119_1_0,0
55642,119_1_0,0
58296,119_1_0,0
57527,119_1_0,0
57714,119_1_0,0
59255,119_1_0,0
60403,119_1_0,0
59669,119_1_0,0
54929,119_1_0,0
54394,119_1_0,0
56771,119_1_0,0
54757,119_1_0,0
57529,119_1_0,0
60230,119_1_0,0
56952,119_1_0,0
56192,119_1_0,0
55292,119_1_0,0
56775,119_1_0,0
58471,119_1_0,0
56583,119_1_0,0
55107,119_1_0,0
56388,119_1_0,0
60053,119_1_0,0
54760,119_1_0,0
54571,119_1_0,0
56193,119_1_0,0
54061,119_1_0,0
59667,119_1_0,0
58851,119_1_0,0
55641,119_1_0,0
57528,119_1_0,0
59453,119_1_0,0
56956,119_1_0,0
60224,119_1_0,0
60406,119_1_0,0
59867,119_1_0,0
56958,119_1_0,0
54221,119_1_0,0
12040,108_4_1,0
11856,108_4_1,0
12042,108_4_1,0
11857,108_4_1,0
20230,108_4_1,0
20763,108_4_1,0
204912,918_4_0,0
206211,918_4_0,0
205640,918_4_0,0
206384,918_4_0,0
204044,918_4_0,0
204563,918_4_0,0
205272,918_4_0,0
205089,918_4_0,0
205851,918_4_0,0
207890,918_4_0,0
201831,918_4_0,0
205849,918_4_0,0
201833,918_4_0,0
201835,918_4_0,0
207502,918_4_0,0
204737,918_4_0,0
205642,918_4_0,0
202569,918_4_0,0
201475,918_4_0,0
22442,108_4_0,0
23000,108_4_0,0
24503,108_4_0,0
23977,108_4_0,0
24146,108_4_0,0
22090,108_4_0,0
21337,108_4_0,0
25232,108_4_0,0
241488,926_4_1,1
239925,926_4_1,1
241491,926_4_1,1
235783,926_4_1,1
235390,926_4_1,1
238403,926_4_1,1
236697,926_4_1,1
241302,926_4_1,1
234832,926_4_1,1
235392,926_4_1,1
238989,926_4_1,1
240905,926_4_1,1
236340,926_4_1,1
239389,926_4_1,1
236339,926_4_1,1
216582,921_4_0,0
217710,921_4_0,0
216414,921_4_0,0
220607,921_4_0,0
217709,921_4_0,0
216959,921_4_0,0
217147,921_4_0,0
216217,921_4_0,0
216411,921_4_0,0
218085,921_4_0,0
216410,921_4_0,0
220246,921_4_0,0
218272,921_4_0,0
217893,921_4_0,0
218273,921_4_0,0
215316,921_4_0,0
220610,921_4_0,0
216581,921_4_0,0
216052,921_4_0,0
215311,921_4_0,0
217337,921_4_0,0
220436,921_4_0,0
214744,921_4_0,0
215845,921_4_0,0
215310,921_4_0,0
220026,921_4_0,0
214931,921_4_0,0
217703,921_4_0,0
220235,921_4_0,0
216409,921_4_0,0
217145,921_4_0,0
216406,921_4_0,0
216580,921_4_0,0
215500,921_4_0,0
216220,921_4_0,0
218889,921_4_0,0
217708,921_4_0,0
221186,921_4_0,0
217512,921_4_0,0
215676,921_4_0,0
220242,921_4_0,0
219065,921_4_0,0
218082,921_4_0,0
214740,921_4_0,0
218083,921_4_0,0
215315,921_4_0,0
216585,921_4_0,0
215498,921_4_0,0
219064,921_4_0,0
219639,921_4_0,0
220034,921_4_0,0
218091,921_4_0,0
215841,921_4_0,0
215116,921_4_0,0
219255,921_4_0,0
220241,921_4_0,0
219252,921_4_0,0
215312,921_4_0,0
216960,921_4_0,0
219837,921_4_0,0
217891,921_4_0,0
214933,921_4_0,0
219842,921_4_0,0
216213,921_4_0,0
221190,921_4_0,0
216969,921_4_0,0
221367,921_4_0,0
217716,921_4_0,0
215118,921_4_0,0
217153,921_4_0,0
215319,921_4_0,0
219069,921_4_0,0
220250,921_4_0,0
218281,921_4_0,0
219846,921_4_0,0
220039,921_4_0,0
214935,921_4_0,0
218094,921_4_0,0
219263,921_4_0,0
218277,921_4_0,0
218495,921_4_0,0
215501,921_4_0,0
220038,921_4_0,0
220041,921_4_0,0
218288,921_4_0,0
216417,921_4_0,0
218892,921_4_0,0
218682,921_4_0,0
214934,921_4_0,0
219458,921_4_0,0
219460,921_4_0,0
219647,921_4_0,0
220614,921_4_0,0
221191,921_4_0,0
219645,921_4_0,0
218675,921_4_0,0
220444,921_4_0,0
218278,921_4_0,0
216587,921_4_0,0
220805,921_4_0,0
219455,921_4_0,0
215122,921_4_0,0
220800,921_4_0,0
220804,921_4_0,0
219266,921_4_0,0
219456,921_4_0,0
218095,921_4_0,0
216418,921_4_0,0
221194,921_4_0,0
215680,921_4_0,0
216223,921_4_0,0
220037,921_4_0,0
217521,921_4_0,0
215682,921_4_0,0
214937,921_4_0,0
220247,921_4_0,0
217523,921_4_0,0
216970,921_4_0,0
217520,921_4_0,0
220981,921_4_0,0
220440,921_4_0,0
216062,921_4_0,0
242027,928_4_0,1
245715,928_4_0,1
248136,928_4_0,1
245717,928_4_0,1
243678,928_4_0,1
246447,928_4_0,1
243882,928_4_0,1
243688,928_4_0,1
242214,928_4_0,1
243880,928_4_0,1
242568,928_4_0,1
243886,928_4_0,1
244968,928_4_0,1
245710,928_4_0,1
246248,928_4_0,1
242934,928_4_0,1
247362,928_4_0,1
247723,928_4_0,1
245149,928_4_0,1
241880,928_4_0,1
245324,928_4_0,1
241673,928_4_0,1
245145,928_4_0,1
244413,928_4_0,1
245518,928_4_0,1
243881,928_4_0,1
244592,928_4_0,1
245150,928_4_0,1
242379,928_4_0,1
243680,928_4_0,1
245881,928_4_0,1
245151,928_4_0,1
243681,928_4_0,1
245152,928_4_0,1
247721,928_4_0,1
244237,928_4_0,1
245716,928_4_0,1
247536,928_4_0,1
245328,928_4_0,1
241876,928_4_0,1
242932,928_4_0,1
245516,928_4_0,1
246249,928_4_0,1
241672,928_4_0,1
242029,928_4_0,1
247541,928_4_0,1
242752,928_4_0,1
244233,928_4_0,1
242380,928_4_0,1
242375,928_4_0,1
244594,928_4_0,1
247722,928_4_0,1
245519,928_4_0,1
242570,928_4_0,1
242564,928_4_0,1
242567,928_4_0,1
246995,928_4_0,1
243305,928_4_0,1
214233,919_4_1,0
210073,919_4_1,0
208596,919_4_1,0
208232,919_4_1,0
208228,919_4_1,0
211895,919_4_1,0
208769,919_4_1,0
214029,919_4_1,0
211542,919_4_1,0
212084,919_4_1,0
209152,919_4_1,0
208061,919_4_1,0
213855,919_4_1,0
208057,919_4_1,0
208231,919_4_1,0
213858,919_4_1,0
214586,919_4_1,0
210653,919_4_1,0
213637,919_4_1,0
214585,919_4_1,0
213636,919_4_1,0
210648,919_4_1,0
208968,919_4_1,0
208774,919_4_1,0
211905,919_4_1,0
213647,919_4_1,0
212254,919_4_1,0
210819,919_4_1,0
212650,919_4_1,0
213447,919_4_1,0
214043,919_4_1,0
213247,919_4_1,0
213861,919_4_1,0
212849,919_4_1,0
212858,919_4_1,0
208775,919_4_1,0
208777,919_4_1,0
208416,919_4_1,0
214032,919_4_1,0
208964,919_4_1,0
209873,919_4_1,0
214046,919_4_1,0
211366,919_4_1,0
210647,919_4_1,0
214039,919_4_1,0
210650,919_4_1,0
212455,919_4_1,0
209522,919_4_1,0
213638,919_4_1,0
214047,919_4_1,0
208237,919_4_1,0
211191,919_4_1,0
211734,919_4_1,0
209708,919_4_1,0
211546,919_4_1,0
211192,919_4_1,0
214042,919_4_1,0
213045,919_4_1,0
214048,919_4_1,0
208065,919_4_1,0
213639,919_4_1,0
208240,919_4_1,0
211907,919_4_1,0
156707,208_2_1,0
143392,208_2_1,0
143389,208_2_1,0
143771,208_2_1,0
143391,208_2_1,0
143385,208_2_1,0
143386,208_2_1,0
143772,208_2_1,0
143769,208_2_1,0
143768,208_2_1,0
106648,208_2_1,0
101327,208_2_1,0
102868,208_2_1,0
103237,208_2_1,0
106823,208_2_1,0
101519,208_2_1,0
103646,208_2_1,0
101329,208_2_1,0
103445,208_2_1,0
102284,208_2_1,0
100961,208_2_1,0
102867,208_2_1,0
100771,208_2_1,0
100773,208_2_1,0
101326,208_2_1,0
98695,206_2_0,0
95145,206_2_0,0
96605,206_2_0,0
100396,206_2_0,0
98880,206_2_0,0
98515,206_2_0,0
97574,206_2_0,0
97369,206_2_0,0
96777,206_2_0,0
97767,206_2_0,0
95686,206_2_0,0
96437,206_2_0,0
99239,206_2_0,0
98517,206_2_0,0
96978,206_2_0,0
99242,206_2_0,0
94590,206_2_0,0
95328,206_2_0,0
96778,206_2_0,0
98128,206_2_0,0
99796,206_2_0,0
99414,206_2_0,0
96084,206_2_0,0
100593,206_2_0,0
95887,206_2_0,0
95687,206_2_0,0
95515,206_2_0,0
98514,206_2_0,0
100179,206_2_0,0
100176,206_2_0,0
94589,206_2_0,0
96607,206_2_0,0
96085,206_2_0,0
94588,206_2_0,0
99798,206_2_0,0
98691,206_2_0,0
96979,206_2_0,0
98134,206_2_0,0
98886,206_2_0,0
95339,206_2_0,0
98333,206_2_0,0
100397,206_2_0,0
95149,206_2_0,0
97376,206_2_0,0
95894,206_2_0,0
96989,206_2_0,0
97378,206_2_0,0
98520,206_2_0,0
95693,206_2_0,0
97578,206_2_0,0
98336,206_2_0,0
94972,206_2_0,0
100601,206_2_0,0
94973,206_2_0,0
96091,206_2_0,0
96784,206_2_0,0
98331,206_2_0,0
95697,206_2_0,0
100181,206_2_0,0
96785,206_2_0,0
99055,206_2_0,0
96440,206_2_0,0
97161,206_2_0,0
95338,206_2_0,0
99598,206_2_0,0
94076,206_2_0,0
96092,206_2_0,0
96987,206_2_0,0
94595,206_2_0,0
95892,206_2_0,0
100192,206_2_0,0
97581,206_2_0,0
95692,206_2_0,0
146407,305_4_1,0
146409,305_4_1,0
146410,305_4_1,0
151623,305_4_1,0
147896,305_4_1,0
148093,305_4_1,0
150891,305_4_1,0
192499,909_4_1,0
191402,909_4_1,0
189203,909_4_1,0
191598,909_4_1,0
191801,909_4_1,0
193842,909_4_1,0
194564,909_4_1,0
191599,909_4_1,0
188624,909_4_1,0
193280,909_4_1,0
193460,909_4_1,0
193463,909_4_1,0
194187,909_4_1,0
190854,909_4_1,0
190671,909_4_1,0
191796,909_4_1,0
191969,909_4_1,0
189580,909_4_1,0
188420,909_4_1,0
189589,909_4_1,0
192314,909_4_1,0
188628,909_4_1,0
190856,909_4_1,0
191036,909_4_1,0
193641,909_4_1,0
194188,909_4_1,0
189769,909_4_1,0
189023,909_4_1,0
191035,909_4_1,0
192914,909_4_1,0
188418,909_4_1,0
191038,909_4_1,0
189582,909_4_1,0
190673,909_4_1,0
192139,909_4_1,0
189583,909_4_1,0
189585,909_4_1,0
194562,909_4_1,0
188422,909_4_1,0
189408,909_4_1,0
189208,909_4_1,0
191963,909_4_1,0
193639,909_4_1,0
194563,909_4_1,0
193097,909_4_1,0
189775,909_4_1,0
188622,909_4_1,0
192502,909_4_1,0
191037,909_4_1,0
189205,909_4_1,0
190292,909_4_1,0
190859,909_4_1,0
193457,909_4_1,0
190672,909_4_1,0
188823,909_4_1,0
192921,909_4_1,0
191404,909_4_1,0
194031,909_4_1,0
188248,909_4_1,0
194385,909_4_1,0
188047,909_4_1,0
191797,909_4_1,0
189770,909_4_1,0
189946,909_4_1,0
188623,909_4_1,0
190858,909_4_1,0
192313,909_4_1,0
191403,909_4_1,0
192713,909_4_1,0
189581,909_4_1,0
193645,909_4_1,0
191594,909_4_1,0
192910,909_4_1,0
189403,909_4_1,0
188627,909_4_1,0
194379,909_4_1,0
190126,909_4_1,0
193281,909_4_1,0
190131,909_4_1,0
192145,909_4_1,0
189209,909_4_1,0
193467,909_4_1,0
190295,909_4_1,0
194198,909_4_1,0
193470,909_4_1,0
190135,909_4_1,0
194566,909_4_1,0
190675,909_4_1,0
192723,909_4_1,0
193647,909_4_1,0
189412,909_4_1,0
188250,909_4_1,0
193849,909_4_1,0
193845,909_4_1,0
194571,909_4_1,0
189032,909_4_1,0
188629,909_4_1,0
188825,909_4_1,0
189030,909_4_1,0
189210,909_4_1,0
191044,909_4_1,0
191231,909_4_1,0
190867,909_4_1,0
193283,909_4_1,0
191043,909_4_1,0
191409,909_4_1,0
188048,909_4_1,0
194196,909_4_1,0
193850,909_4_1,0
192149,909_4_1,0
189776,909_4_1,0
194195,909_4_1,0
192925,909_4_1,0
188249,909_4_1,0
190473,909_4_1,0
189415,909_4_1,0
189591,909_4_1,0
194572,909_4_1,0
194201,909_4_1,0
189036,909_4_1,0
193466,909_4_1,0
189416,909_4_1,0
188828,909_4_1,0
194569,909_4_1,0
194386,909_4_1,0
192720,909_4_1,0
194568,909_4_1,0
189951,909_4_1,0
189949,909_4_1,0
194202,909_4_1,0
189414,909_4_1,0
31987,110_1_1,0
27269,110_1_1,0
28350,110_1_1,0
30625,110_1_1,0
27268,110_1_1,0
31447,110_1_1,0
32536,110_1_1,0
26877,110_1_1,0
32371,110_1_1,0
30060,110_1_1,0
33452,110_1_1,0
28958,110_1_1,0
26876,110_1_1,0
32926,110_1_1,0
32370,110_1_1,0
27780,110_1_1,0
30438,110_1_1,0
30811,110_1_1,0
32925,110_1_1,0
27434,110_1_1,0
30630,110_1_1,0
30059,110_1_1,0
32537,110_1_1,0
143774,303_3_1,0
143396,303_3_1,0
147327,303_3_1,0
146594,303_3_1,0
144683,303_3_1,0
142671,303_3_1,0
141886,303_3_1,0
141690,303_3_1,0
146045,303_3_1,0
142853,303_3_1,0
145640,303_3_1,0
146783,303_3_1,0
142077,303_3_1,0
144509,303_3_1,0
143577,303_3_1,0
141523,303_3_1,0
146234,303_3_1,0
144687,303_3_1,0
146233,303_3_1,0
144128,303_3_1,0
147526,303_3_1,0
145073,303_3_1,0
143022,303_3_1,0
144685,303_3_1,0
142854,303_3_1,0
145637,303_3_1,0
143579,303_3_1,0
146226,303_3_1,0
146780,303_3_1,0
143202,303_3_1,0
144510,303_3_1,0
147528,303_3_1,0
144872,303_3_1,0
142668,303_3_1,0
145233,303_3_1,0
145070,303_3_1,0
144505,303_3_1,0
143206,303_3_1,0
142274,303_3_1,0
141368,303_3_1,0
142477,303_3_1,0
145440,303_3_1,0
147728,303_3_1,0
142271,303_3_1,0
145231,303_3_1,0
145229,303_3_1,0
145439,303_3_1,0
145234,303_3_1,0
141889,303_3_1,0
147529,303_3_1,0
141881,303_3_1,0
141687,303_3_1,0
147330,303_3_1,0
142852,303_3_1,0
142079,303_3_1,0
146597,303_3_1,0
143575,303_3_1,0
143205,303_3_1,0
144508,303_3_1,0
144869,303_3_1,0
147160,303_3_1,0
141885,303_3_1,0
142280,303_3_1,0
141375,303_3_1,0
145642,303_3_1,0
141696,303_3_1,0
145848,303_3_1,0
145850,303_3_1,0
144690,303_3_1,0
143588,303_3_1,0
141530,303_3_1,0
146051,303_3_1,0
144876,303_3_1,0
143786,303_3_1,0
141890,303_3_1,0
146599,303_3_1,0
145849,303_3_1,0
143963,303_3_1,0
146600,303_3_1,0
147337,303_3_1,0
146047,303_3_1,0
143587,303_3_1,0
144333,303_3_1,0
143584,303_3_1,0
142673,303_3_1,0
147531,303_3_1,0
142083,303_3_1,0
143403,303_3_1,0
141374,303_3_1,0
144693,303_3_1,0
146420,303_3_1,0
143028,303_3_1,0
144330,303_3_1,0
145237,303_3_1,0
147165,303_3_1,0
145847,303_3_1,0
143965,303_3_1,0
142478,303_3_1,0
146969,303_3_1,0
144133,303_3_1,0
146970,303_3_1,0
143211,303_3_1,0
147732,303_3_1,0
142675,303_3_1,0
146971,303_3_1,0
145238,303_3_1,0
147730,303_3_1,0
143027,303_3_1,0
145242,303_3_1,0
146422,303_3_1,0
144327,303_3_1,0
144692,303_3_1,0
142486,303_3_1,0
145651,303_3_1,0
44411,113_1_1,0
44600,113_1_1,0
43300,113_1_1,0
40845,113_1_1,0
42149,113_1_1,0
46406,113_1_1,0
41383,113_1_1,0
44974,113_1_1,0
41570,113_1_1,0
46981,113_1_1,0
46788,113_1_1,0
41575,113_1_1,0
41187,113_1_1,0
44414,113_1_1,0
42147,113_1_1,0
43471,113_1_1,0
33646,111_1_0,0
34614,111_1_0,0
36887,111_1_0,0
40258,111_1_0,0
36304,111_1_0,0
38775,111_1_0,0
35161,111_1_0,0
33840,111_1_0,0
35165,111_1_0,0
34221,111_1_0,0
34621,111_1_0,0
36305,111_1_0,0
37253,111_1_0,0
37258,111_1_0,0
37257,111_1_0,0
34035,111_1_0,0
38230,111_1_0,0
37463,111_1_0,0
2234,101_1_1,0
939,101_1_1,0
5736,101_1_1,0
2980,101_1_1,0
416,101_1_1,0
2798,101_1_1,0
4476,101_1_1,0
935,101_1_1,0
3523,101_1_1,0
2042,101_1_1,0
231,101_1_1,0
3525,101_1_1,0
4295,101_1_1,0
3730,101_1_1,0
1676,101_1_1,0
3508,113_2_0,0
3509,113_2_0,0
3152,113_2_0,0
10060,113_2_0,0
10276,113_2_0,0
23574,113_2_0,0
23185,113_2_0,0
23573,113_2_0,0
23575,113_2_0,0
23577,113_2_0,0
36693,113_2_0,0
47929,116_1_0,0
47928,116_1_0,0
47183,116_1_0,0
49991,116_1_0,0
48731,116_1_0,0
48510,116_1_0,0
50173,116_1_0,0
47740,116_1_0,0
50346,116_1_0,0
49091,116_1_0,0
47925,116_1_0,0
47560,116_1_0,0
48935,116_1_0,0
53494,116_1_0,0
47180,116_1_0,0
8733,103_1_0,0
7560,103_1_0,0
12045,103_1_0,0
7558,103_1_0,0
10457,103_1_0,0
7201,103_1_0,0
8740,103_1_0,0
12423,103_1_0,0
9301,103_1_0,0
7755,103_1_0,0
11653,103_1_0,0
10288,103_1_0,0
12043,103_1_0,0
12958,103_1_0,0
8163,103_1_0,0
9298,103_1_0,0
10290,103_1_0,0
7562,103_1_0,0
7751,103_1_0,0
11234,103_1_0,0
2791,113_2_1,0
9475,113_2_1,0
22994,113_2_1,0
29318,113_2_1,0
35936,113_2_1,0
36498,113_2_1,0
21535,108_1_0,0
26143,108_1_0,0
20232,108_1_0,0
25410,108_1_0,0
25230,108_1_0,0
22088,108_1_0,0
22084,108_1_0,0
25408,108_1_0,0
20393,108_1_0,0
20229,108_1_0,0
20583,108_1_0,0
23382,108_1_0,0
18390,105_1_1,0
14452,105_1_1,0
19862,105_1_1,0
19307,105_1_1,0
18570,105_1_1,0
13671,105_1_1,0
18761,105_1_1,0
19117,105_1_1,0
14074,105_1_1,0
19859,105_1_1,0
16558,105_1_1,0
16736,105_1_1,0
19861,105_1_1,0
15558,105_1_1,0
16902,105_1_1,0
15963,105_1_1,0
17082,105_1_1,0
16906,105_1_1,0
17285,105_1_1,0
15966,105_1_1,0
17287,105_1_1,0
15207,105_1_1,0
18197,105_1_1,0
14659,105_1_1,0
14660,105_1_1,0
19670,105_1_1,0
16734,105_1_1,0
13665,105_1_1,0
15965,105_1_1,0
14266,105_1_1,0
14073,105_1_1,0
19673,105_1_1,0
13668,105_1_1,0
15559,105_1_1,0
60597,122_1_0,0
61340,122_1_0,0
61334,122_1_0,0
64700,122_1_0,0
62287,122_1_0,0
65841,122_1_0,0
61342,122_1_0,0
62858,122_1_0,0
67146,122_1_0,0
64702,122_1_0,0
62097,122_1_0,0
62859,122_1_0,0
66621,122_1_0,0
63219,122_1_0,0
63385,122_1_0,0
63047,122_1_0,0
66620,122_1_0,0
66068,122_1_0,0
66409,122_1_0,0
61732,122_1_0,0
60603,122_1_0,0
66414,122_1_0,0
65632,122_1_0,0
64300,122_1_0,0
60966,122_1_0,0
62865,122_1_0,0
65848,122_1_0,0
66243,122_1_0,0
66244,122_1_0,0
66799,122_1_0,0
66417,122_1_0,0
61920,122_1_0,0
63227,122_1_0,0
66624,122_1_0,0
61731,122_1_0,0
60598,122_1_0,0
60788,122_1_0,0
64891,122_1_0,0
63761,122_1_0,0
62662,122_1_0,0
61348,122_1_0,0
60967,122_1_0,0
63226,122_1_0,0
65439,122_1_0,0
60599,122_1_0,0
64302,122_1_0,0
63056,122_1_0,0
66074,122_1_0,0
63763,122_1_0,0
61349,122_1_0,0
61344,122_1_0,0
60600,122_1_0,0
63386,122_1_0,0
66246,122_1_0,0
65627,122_1_0,0
64501,122_1_0,0
61162,122_1_0,0
63222,122_1_0,0
62669,122_1_0,0
63571,122_1_0,0
65243,122_1_0,0
62289,122_1_0,0
60601,122_1_0,0
62291,122_1_0,0
66245,122_1_0,0
66625,122_1_0,0
63053,122_1_0,0
61923,122_1_0,0
60790,122_1_0,0
65631,122_1_0,0
65437,122_1_0,0
65849,122_1_0,0
231703,925_4_0,0
233922,925_4_0,0
231339,925_4_0,0
234293,925_4_0,0
228546,925_4_0,0
231882,925_4_0,0
228547,925_4_0,0
231153,925_4_0,0
233381,925_4_0,0
230243,925_4_0,0
230761,925_4_0,0
228715,925_4_0,0
229663,925_4_0,0
234462,925_4_0,0
232276,925_4_0,0
234288,925_4_0,0
231148,925_4_0,0
231348,925_4_0,0
228896,925_4_0,0
231533,925_4_0,0
232442,925_4_0,0
233020,925_4_0,0
234465,925_4_0,0
231701,925_4_0,0
229286,925_4_0,0
231147,925_4_0,0
234646,925_4_0,0
229095,925_4_0,0
233215,925_4_0,0
229483,925_4_0,0
232824,925_4_0,0
230969,925_4_0,0
228553,925_4_0,0
229094,925_4_0,0
230067,925_4_0,0
230071,925_4_0,0
232074,925_4_0,0
233579,925_4_0,0
229876,925_4_0,0
232451,925_4_0,0
229484,925_4_0,0
229289,925_4_0,0
234648,925_4_0,0
230073,925_4_0,0
233214,925_4_0,0
233745,925_4_0,0
230600,925_4_0,0
231891,925_4_0,0
232283,925_4_0,0
231349,925_4_0,0
234647,925_4_0,0
228386,925_4_0,0
229290,925_4_0,0
231895,925_4_0,0
232277,925_4_0,0
232825,925_4_0,0
234467,925_4_0,0
232647,925_4_0,0
229295,925_4_0,0
233743,925_4_0,0
234134,925_4_0,0
231898,925_4_0,0
228195,925_4_0,0
230965,925_4_0,0
233924,925_4_0,0
234133,925_4_0,0
234298,925_4_0,0
230599,925_4_0,0
233024,925_4_0,0
232279,925_4_0,0
234135,925_4_0,0
231894,925_4_0,0
233025,925_4_0,0
228721,925_4_0,0
229668,925_4_0,0
228552,925_4_0,0
233388,925_4_0,0
231535,925_4_0,0
229871,925_4_0,0
231353,925_4_0,0
232076,925_4_0,0
230075,925_4_0,0
232829,925_4_0,0
230966,925_4_0,0
232078,925_4_0,0
231536,925_4_0,0
228387,925_4_0,0
232830,925_4_0,0
230248,925_4_0,0
232282,925_4_0,0
58475,119_1_1,0
54062,119_1_1,0
55295,119_1_1,0
56391,119_1_1,0
56769,119_1_1,0
55640,119_1_1,0
55994,119_1_1,0
54574,119_1_1,0
54218,119_1_1,0
58853,119_1_1,0
57722,119_1_1,0
56774,119_1_1,0
56190,119_1_1,0
54925,119_1_1,0
54400,119_1_1,0
55110,119_1_1,0
57921,119_1_1,0
58641,119_1_1,0
55995,119_1_1,0
58643,119_1_1,0
57522,119_1_1,0
60404,119_1_1,0
58472,119_1_1,0
56582,119_1_1,0
57726,119_1_1,0
226504,922_4_1,0
227453,922_4_1,0
223016,922_4_1,0
223609,922_4_1,0
221925,922_4_1,0
227262,922_4_1,0
222842,922_4_1,0
226005,922_4_1,0
227625,922_4_1,0
227450,922_4_1,0
227818,922_4_1,0
224013,922_4_1,0
221929,922_4_1,0
222685,922_4_1,0
226507,922_4_1,0
227067,922_4_1,0
225453,922_4_1,0
223808,922_4_1,0
223814,922_4_1,0
222115,922_4_1,0
223446,922_4_1,0
226508,922_4_1,0
225817,922_4_1,0
222110,922_4_1,0
226700,922_4_1,0
228013,922_4_1,0
225071,922_4_1,0
223018,922_4_1,0
223611,922_4_1,0
221923,922_4_1,0
225810,922_4_1,0
227822,922_4_1,0
224367,922_4_1,0
221926,922_4_1,0
226875,922_4_1,0
225070,922_4_1,0
221924,922_4_1,0
226503,922_4_1,0
227068,922_4_1,0
221725,922_4_1,0
228012,922_4_1,0
227258,922_4_1,0
224369,922_4_1,0
225457,922_4_1,0
223613,922_4_1,0
222111,922_4_1,0
222507,922_4_1,0
225455,922_4_1,0
223606,922_4_1,0
226501,922_4_1,0
225452,922_4_1,0
227452,922_4_1,0
222505,922_4_1,0
222683,922_4_1,0
224542,922_4_1,0
227256,922_4_1,0
227820,922_4_1,0
226191,922_4_1,0
227628,922_4_1,0
227827,922_4_1,0
226197,922_4_1,0
224551,922_4_1,0
222690,922_4_1,0
224550,922_4_1,0
223621,922_4_1,0
223619,922_4_1,0
221936,922_4_1,0
223820,922_4_1,0
224195,922_4_1,0
227267,922_4_1,0
226356,922_4_1,0
225634,922_4_1,0
221551,922_4_1,0
224016,922_4_1,0
224373,922_4_1,0
227265,922_4_1,0
223449,922_4_1,0
223614,922_4_1,0
222118,922_4_1,0
223616,922_4_1,0
223819,922_4_1,0
221558,922_4_1,0
222304,922_4_1,0
227629,922_4_1,0
222301,922_4_1,0
223618,922_4_1,0
221938,922_4_1,0
221932,922_4_1,0
225635,922_4_1,0
228017,922_4_1,0
224196,922_4_1,0
223245,922_4_1,0
224192,922_4_1,0
227831,922_4_1,0
222694,922_4_1,0
226880,922_4_1,0
222305,922_4_1,0
223623,922_4_1,0
223451,922_4_1,0
227263,922_4_1,0
224019,922_4_1,0
227630,922_4_1,0
225073,922_4_1,0
222119,922_4_1,0
221735,922_4_1,0
224372,922_4_1,0
221937,922_4_1,0
225460,922_4_1,0
227074,922_4_1,0
223622,922_4_1,0
227823,922_4_1,0
31256,110_1_0,0
27604,110_1_0,0
32364,110_1_0,0
28767,110_1_0,0
28768,110_1_0,0
26874,110_1_0,0
118429,213_2_0,0
116906,213_2_0,0
119184,213_2_0,0
120266,213_2_0,0
116168,213_2_0,0
115083,213_2_0,0
118033,213_2_0,0
114494,213_2_0,0
115638,213_2_0,0
118611,213_2_0,0
115275,213_2_0,0
114299,213_2_0,0
114497,213_2_0,0
117475,213_2_0,0
116175,213_2_0,0
117677,213_2_0,0
120856,213_2_0,0
114687,213_2_0,0
116174,213_2_0,0
115276,213_2_0,0
118426,213_2_0,0
117279,213_2_0,0
118251,213_2_0,0
120461,213_2_0,0
117853,213_2_0,0
119183,213_2_0,0
120265,213_2_0,0
114697,213_2_0,0
5730,108_4_0,0
5550,108_4_0,0
6261,108_4_0,0
6100,108_4_0,0
5548,108_4_0,0
12420,108_4_0,0
12765,108_4_0,0
13119,108_4_0,0
13287,108_4_0,0
13121,108_4_0,0
19661,108_4_0,0
19487,108_4_0,0
19486,108_4_0,0
21903,108_4_0,0
25412,108_4_0,0
100405,206_2_1,0
94441,206_2_1,0
95342,206_2_1,0
100400,206_2_1,0
97579,206_2_1,0
99423,206_2_1,0
99061,206_2_1,0
95695,206_2_1,0
96441,206_2_1,0
96788,206_2_1,0
94075,206_2_1,0
99991,206_2_1,0
100604,206_2_1,0
96089,206_2_1,0
100602,206_2_1,0
96789,206_2_1,0
99250,206_2_1,0
99056,206_2_1,0
100403,206_2_1,0
94069,206_2_1,0
175256,325_3_1,0
179984,325_3_1,0
177364,325_3_1,0
178309,325_3_1,0
178129,325_3_1,0
180179,325_3_1,0
177715,325_3_1,0
175255,325_3_1,0
179221,325_3_1,0
176810,325_3_1,0
180371,325_3_1,0
176808,325_3_1,0
176234,325_3_1,0
180542,325_3_1,0
179014,325_3_1,0
176049,325_3_1,0
175841,325_3_1,0
175676,325_3_1,0
175461,325_3_1,0
179988,325_3_1,0
177544,325_3_1,0
177919,325_3_1,0
179809,325_3_1,0
177184,325_3_1,0
177918,325_3_1,0
177363,325_3_1,0
178132,325_3_1,0
178135,325_3_1,0
179985,325_3_1,0
178835,325_3_1,0
180540,325_3_1,0
180909,325_3_1,0
178487,325_3_1,0
180719,325_3_1,0
177001,325_3_1,0
178837,325_3_1,0
175843,325_3_1,0
176645,325_3_1,0
178304,325_3_1,0
177718,325_3_1,0
178131,325_3_1,0
174856,325_3_1,0
179591,325_3_1,0
177005,325_3_1,0
176441,325_3_1,0
180538,325_3_1,0
177916,325_3_1,0
179808,325_3_1,0
176815,325_3_1,0
180722,325_3_1,0
179212,325_3_1,0
175251,325_3_1,0
175675,325_3_1,0
177185,325_3_1,0
178665,325_3_1,0
176642,325_3_1,0
202943,918_4_0,0
206212,918_4_0,0
203118,918_4_0,0
201662,918_4_0,0
205274,918_4_0,0
204566,918_4_0,0
207893,918_4_0,0
206589,918_4_0,0
202566,918_4_0,0
205269,918_4_0,0
205847,918_4_0,0
203301,918_4_0,0
207703,918_4_0,0
202197,918_4_0,0
205645,918_4_0,0
206763,918_4_0,0
15774,105_1_0,0
16366,105_1_0,0
17833,105_1_0,0
16737,105_1_0,0
16371,105_1_0,0
16368,105_1_0,0
14656,105_1_0,0
16740,105_1_0,0
187692,329_3_0,0
184368,329_3_0,0
187337,329_3_0,0
183636,329_3_0,0
186407,329_3_0,0
181989,329_3_0,0
187163,329_3_0,0
183297,329_3_0,0
183298,329_3_0,0
182187,329_3_0,0
187339,329_3_0,0
181813,329_3_0,0
181422,329_3_0,0
181996,329_3_0,0
186984,329_3_0,0
186243,329_3_0,0
183821,329_3_0,0
186980,329_3_0,0
186406,329_3_0,0
185672,329_3_0,0
181999,329_3_0,0
181991,329_3_0,0
183637,329_3_0,0
187496,329_3_0,0
183468,329_3_0,0
184166,329_3_0,0
186591,329_3_0,0
187851,329_3_0,0
183824,329_3_0,0
181998,329_3_0,0
184752,329_3_0,0
181427,329_3_0,0
185848,329_3_0,0
184941,329_3_0,0
181816,329_3_0,0
187338,329_3_0,0
184541,329_3_0,0
185499,329_3_0,0
184753,329_3_0,0
184749,329_3_0,0
186246,329_3_0,0
183997,329_3_0,0
184940,329_3_0,0
187334,329_3_0,0
185845,329_3_0,0
186063,329_3_0,0
185316,329_3_0,0
187340,329_3_0,0
186245,329_3_0,0
187164,329_3_0,0
186249,329_3_0,0
183299,329_3_0,0
181821,329_3_0,0
187694,329_3_0,0
185682,329_3_0,0
182920,329_3_0,0
183643,329_3_0,0
186795,329_3_0,0
186068,329_3_0,0
185503,329_3_0,0
186794,329_3_0,0
182922,329_3_0,0
187865,329_3_0,0
183474,329_3_0,0
186252,329_3_0,0
184374,329_3_0,0
182371,329_3_0,0
184170,329_3_0,0
182010,329_3_0,0
183475,329_3_0,0
182002,329_3_0,0
184551,329_3_0,0
186597,329_3_0,0
184173,329_3_0,0
183999,329_3_0,0
187170,329_3_0,0
185679,329_3_0,0
183834,329_3_0,0
186251,329_3_0,0
183832,329_3_0,0
186255,329_3_0,0
183476,329_3_0,0
186601,329_3_0,0
182199,329_3_0,0
187343,329_3_0,0
182754,329_3_0,0
187342,329_3_0,0
184947,329_3_0,0
184372,329_3_0,0
184005,329_3_0,0
184004,329_3_0,0
183831,329_3_0,0
182561,329_3_0,0
185675,329_3_0,0
187503,329_3_0,0
184553,329_3_0,0
186253,329_3_0,0
186991,329_3_0,0
184946,329_3_0,0
185319,329_3_0,0
182197,329_3_0,0
185145,329_3_0,0
186413,329_3_0,0
185143,329_3_0,0
184174,329_3_0,0
184754,329_3_0,0
187862,329_3_0,0
184179,329_3_0,0
187167,329_3_0,0
181619,329_3_0,0
185853,329_3_0,0
186256,329_3_0,0
181621,329_3_0,0
182008,329_3_0,0
183305,329_3_0,0
183304,329_3_0,0
185506,329_3_0,0
186070,329_3_0,0
183642,329_3_0,0
182195,329_3_0,0
184554,329_3_0,0
181620,329_3_0,0
186419,329_3_0,0
186986,329_3_0,0
182005,329_3_0,0
184377,329_3_0,0
7007,103_1_1,0
7947,103_1_1,0
12959,103_1_1,0
11434,103_1_1,0
12956,103_1_1,0
8735,103_1_1,0
10069,103_1_1,0
9124,103_1_1,0
112774,210_2_1,0
113537,210_2_1,0
107771,210_2_1,0
107968,210_2_1,0
113915,210_2_1,0
112216,210_2_1,0
113530,210_2_1,0
108722,210_2_1,0
111064,210_2_1,0
108715,210_2_1,0
109989,210_2_1,0
108348,210_2_1,0
111263,210_2_1,0
108891,210_2_1,0
108719,210_2_1,0
110698,210_2_1,0
109990,210_2_1,0
113333,210_2_1,0
110871,210_2_1,0
113335,210_2_1,0
113145,210_2_1,0
110364,210_2_1,0
113144,210_2_1,0
111643,210_2_1,0
107965,210_2_1,0
111480,210_2_1,0
110538,210_2_1,0
108347,210_2_1,0
110699,210_2_1,0
112409,210_2_1,0
112775,210_2_1,0
111640,210_2_1,0
113917,210_2_1,0
113918,210_2_1,0
107564,210_2_1,0
108156,210_2_1,0
113337,210_2_1,0
111066,210_2_1,0
107967,210_2_1,0
112771,210_2_1,0
111638,210_2_1,0
114111,210_2_1,0
109988,210_2_1,0
112593,210_2_1,0
109058,210_2_1,0
113923,210_2_1,0
111639,210_2_1,0
107964,210_2_1,0
108721,210_2_1,0
108889,210_2_1,0
23385,108_4_0,0
20395,108_4_0,0
25953,108_4_0,0
24853,108_4_0,0
22447,108_4_0,0
25049,108_4_0,0
23005,108_4_0,0
24857,108_4_0,0
20392,108_4_0,0
21895,108_4_0,0
22085,108_4_0,0
20224,108_4_0,0
16553,105_3_1,0
16557,105_3_1,0
14455,105_3_1,0
19114,105_3_1,0
109054,113_1_0,0
109439,113_1_0,0
112022,113_1_0,0
108885,113_1_0,0
108880,113_1_0,0
112021,113_1_0,0
109436,113_1_0,0
109631,113_1_0,0
109052,113_1_0,0
112017,113_1_0,0
109056,113_1_0,0
112402,113_1_0,0
112403,113_1_0,0
112212,113_1_0,0
109244,113_1_0,0
112404,113_1_0,0
109437,113_1_0,0
108882,113_1_0,0
109053,113_1_0,0
109441,113_1_0,0
108881,113_1_0,0
111845,113_1_0,0
46041,113_1_0,0
40453,113_1_0,0
41008,113_1_0,0
44973,113_1_0,0
44968,113_1_0,0
46787,113_1_0,0
46405,113_1_0,0
45857,113_1_0,0
43820,113_1_0,0
41955,113_1_0,0
43301,113_1_0,0
42153,113_1_0,0
46984,113_1_0,0
41185,113_1_0,0
42148,113_1_0,0
46791,113_1_0,0
46403,113_1_0,0
44777,113_1_0,0
41572,113_1_0,0
44969,113_1_0,0
3527,101_1_1,0
4814,101_1_1,0
6106,101_1_1,0
1502,101_1_1,0
3528,101_1_1,0
1127,101_1_1,0
4651,101_1_1,0
4293,101_1_1,0
5561,101_1_1,0
756,101_1_1,0
5565,101_1_1,0
1126,101_1_1,0
46,101_1_1,0
5020,101_1_1,0
5937,101_1_1,0
47,101_1_1,0
591,101_1_1,0
2590,101_1_1,0
5196,101_1_1,0
5568,101_1_1,0
5562,101_1_1,0
3922,101_1_1,0
3524,101_1_1,0
5393,101_1_1,0
1670,101_1_1,0
5394,101_1_1,0
758,101_1_1,0
4473,101_1_1,0
1855,101_1_1,0
1674,101_1_1,0
4471,101_1_1,0
2592,101_1_1,0
1675,101_1_1,0
417,101_1_1,0
2800,101_1_1,0
5200,101_1_1,0
9472,113_2_1,0
29132,113_2_1,0
36154,113_2_1,0
35748,113_2_1,0
36306,113_2_1,0
217154,921_4_1,0
219068,921_4_1,0
215125,921_4_1,0
219264,921_4_1,0
217344,921_4_1,0
214751,921_4_1,0
220248,921_4_1,0
219453,921_4_1,0
220441,921_4_1,0
217151,921_4_1,0
217347,921_4_1,0
215502,921_4_1,0
220249,921_4_1,0
216779,921_4_1,0
221365,921_4_1,0
216962,921_4_1,0
216061,921_4_1,0
220443,921_4_1,0
218674,921_4_1,0
220611,921_4_1,0
216589,921_4_1,0
221366,921_4_1,0
217895,921_4_1,0
218287,921_4_1,0
219265,921_4_1,0
217155,921_4_1,0
217714,921_4_1,0
220042,921_4_1,0
218284,921_4_1,0
215124,921_4_1,0
219262,921_4_1,0
3916,108_4_1,0
11852,108_4_1,0
21534,108_4_1,0
20578,108_4_1,0
26332,108_4_1,0
25605,108_4_1,0
23002,108_4_1,0
227627,922_4_0,0
227461,922_4_0,0
227071,922_4_0,0
223023,922_4_0,0
223452,922_4_0,0
225074,922_4_0,0
223818,922_4_0,0
222847,922_4_0,0
222509,922_4_0,0
221553,922_4_0,0
223243,922_4_0,0
223454,922_4_0,0
227459,922_4_0,0
221737,922_4_0,0
224371,922_4_0,0
36311,111_1_1,0
38033,111_1_1,0
34617,111_1_1,0
36697,111_1_1,0
34215,111_1_1,0
38387,111_1_1,0
36696,111_1_1,0
38035,111_1_1,0
37252,111_1_1,0
37081,111_1_1,0
34622,111_1_1,0
34615,111_1_1,0
37075,111_1_1,0
40080,111_1_1,0
37652,111_1_1,0
34034,111_1_1,0
37078,111_1_1,0
37255,111_1_1,0
38770,111_1_1,0
34802,111_1_1,0
35337,111_1_1,0
36503,111_1_1,0
38036,111_1_1,0
10058,113_2_0,0
9875,113_2_0,0
9656,113_2_0,0
17078,113_2_0,0
37074,113_2_0,0
158625,310_3_1,0
154912,310_3_1,0
154911,310_3_1,0
156168,310_3_1,0
160062,310_3_1,0
155434,310_3_1,0
155997,310_3_1,0
154521,310_3_1,0
160259,310_3_1,0
156535,310_3_1,0
160657,310_3_1,0
154720,310_3_1,0
155079,310_3_1,0
157436,310_3_1,0
155078,310_3_1,0
158811,310_3_1,0
160065,310_3_1,0
159864,310_3_1,0
160472,310_3_1,0
158631,310_3_1,0
154722,310_3_1,0
157628,310_3_1,0
158808,310_3_1,0
159862,310_3_1,0
158981,310_3_1,0
156908,310_3_1,0
155606,310_3_1,0
158040,310_3_1,0
160665,310_3_1,0
157829,310_3_1,0
155258,310_3_1,0
157623,310_3_1,0
159863,310_3_1,0
157273,310_3_1,0
159157,310_3_1,0
156544,310_3_1,0
154913,310_3_1,0
157626,310_3_1,0
156720,310_3_1,0
156349,310_3_1,0
154533,310_3_1,0
158036,310_3_1,0
158034,310_3_1,0
157827,310_3_1,0
160264,310_3_1,0
158447,310_3_1,0
155257,310_3_1,0
159693,310_3_1,0
159696,310_3_1,0
158983,310_3_1,0
157090,310_3_1,0
158628,310_3_1,0
158809,310_3_1,0
157826,310_3_1,0
160074,310_3_1,0
159503,310_3_1,0
157830,310_3_1,0
156546,310_3_1,0
159860,310_3_1,0
160072,310_3_1,0
155803,310_3_1,0
160067,310_3_1,0
156003,310_3_1,0
155259,310_3_1,0
154536,310_3_1,0
156907,310_3_1,0
161013,310_3_1,0
155256,310_3_1,0
159339,310_3_1,0
154534,310_3_1,0
159505,310_3_1,0
159502,310_3_1,0
158810,310_3_1,0
158039,310_3_1,0
156717,310_3_1,0
158982,310_3_1,0
159342,310_3_1,0
156176,310_3_1,0
156906,310_3_1,0
160265,310_3_1,0
157625,310_3_1,0
154914,310_3_1,0
159159,310_3_1,0
158246,310_3_1,0
160071,310_3_1,0
156345,310_3_1,0
156539,310_3_1,0
159156,310_3_1,0
63052,122_1_1,0
60786,122_1_1,0
65241,122_1_1,0
61927,122_1_1,0
65845,122_1_1,0
63940,122_1_1,0
64301,122_1_1,0
62479,122_1_1,0
66239,122_1_1,0
62292,122_1_1,0
63760,122_1_1,0
61346,122_1_1,0
60965,122_1_1,0
60604,122_1_1,0
64705,122_1_1,0
64306,122_1_1,0
66416,122_1_1,0
61735,122_1_1,0
64707,122_1_1,0
61163,122_1_1,0
62299,122_1_1,0
65060,122_1_1,0
64708,122_1_1,0
62298,122_1_1,0
66075,122_1_1,0
64704,122_1_1,0
125240,214_2_1,0
121580,214_2_1,0
121407,214_2_1,0
124154,214_2_1,0
127513,214_2_1,0
122873,214_2_1,0
121032,214_2_1,0
125606,214_2_1,0
125777,214_2_1,0
126712,214_2_1,0
122331,214_2_1,0
126904,214_2_1,0
124678,214_2_1,0
125941,214_2_1,0
125045,214_2_1,0
126709,214_2_1,0
125603,214_2_1,0
124514,214_2_1,0
122146,214_2_1,0
123966,214_2_1,0
125607,214_2_1,0
122687,214_2_1,0
123238,214_2_1,0
122334,214_2_1,0
127290,214_2_1,0
127289,214_2_1,0
122326,214_2_1,0
123967,214_2_1,0
121770,214_2_1,0
126315,214_2_1,0
126112,214_2_1,0
125942,214_2_1,0
125774,214_2_1,0
126710,214_2_1,0
127292,214_2_1,0
123968,214_2_1,0
126313,214_2_1,0
121769,214_2_1,0
126505,214_2_1,0
125772,214_2_1,0
122332,214_2_1,0
123237,214_2_1,0
127514,214_2_1,0
122143,214_2_1,0
124331,214_2_1,0
122689,214_2_1,0
126109,214_2_1,0
122690,214_2_1,0
124865,214_2_1,0
123604,214_2_1,0
123965,214_2_1,0
121409,214_2_1,0
123964,214_2_1,0
124330,214_2_1,0
125232,214_2_1,0
123236,214_2_1,0
122874,214_2_1,0
125775,214_2_1,0
127293,214_2_1,0
123607,214_2_1,0
131036,216_2_0,0
131944,216_2_0,0
128227,216_2_0,0
129525,216_2_0,0
127852,216_2_0,0
132880,216_2_0,0
133066,216_2_0,0
133630,216_2_0,0
128044,216_2_0,0
128783,216_2_0,0
128988,216_2_0,0
132878,216_2_0,0
128236,216_2_0,0
129921,216_2_0,0
130476,216_2_0,0
129924,216_2_0,0
132497,216_2_0,0
128597,216_2_0,0
128234,216_2_0,0
128043,216_2_0,0
128780,216_2_0,0
132674,216_2_0,0
129726,216_2_0,0
132138,216_2_0,0
132319,216_2_0,0
128789,216_2_0,0
130482,216_2_0,0
132141,216_2_0,0
131963,216_2_0,0
128602,216_2_0,0
131417,216_2_0,0
129930,216_2_0,0
128600,216_2_0,0
132501,216_2_0,0
133633,216_2_0,0
133070,216_2_0,0
129174,216_2_0,0
131779,216_2_0,0
131044,216_2_0,0
130280,216_2_0,0
132682,216_2_0,0
128053,216_2_0,0
129531,216_2_0,0
130111,216_2_0,0
134049,216_2_0,0
134224,216_2_0,0
129173,216_2_0,0
131416,216_2_0,0
128047,216_2_0,0
128416,216_2_0,0
131418,216_2_0,0
132143,216_2_0,0
133634,216_2_0,0
127676,216_2_0,0
130477,216_2_0,0
129727,216_2_0,0
131219,216_2_0,0
131594,216_2_0,0
130278,216_2_0,0
131961,216_2_0,0
134047,216_2_0,0
130856,216_2_0,0
128990,216_2_0,0
132678,216_2_0,0
132885,216_2_0,0
130282,216_2_0,0
131956,216_2_0,0
130115,216_2_0,0
127678,216_2_0,0
132503,216_2_0,0
130854,216_2_0,0
133830,216_2_0,0
131597,216_2_0,0
129725,216_2_0,0
128786,216_2_0,0
130858,216_2_0,0
132137,216_2_0,0
134223,216_2_0,0
131960,216_2_0,0
127855,216_2_0,0
130283,216_2_0,0
133250,216_2_0,0
129349,216_2_0,0
130279,216_2_0,0
128239,216_2_0,0
132680,216_2_0,0
132888,216_2_0,0
128048,216_2_0,0
133455,216_2_0,0
127856,216_2_0,0
130481,216_2_0,0
128417,216_2_0,0
128792,216_2_0,0
129175,216_2_0,0
131777,216_2_0,0
131224,216_2_0,0
130857,216_2_0,0
128598,216_2_0,0
130114,216_2_0,0
131964,216_2_0,0
133632,216_2_0,0
128991,216_2_0,0
134046,216_2_0,0
131953,216_2_0,0
128420,216_2_0,0
132139,216_2_0,0
128052,216_2_0,0
129728,216_2_0,0
72457,125_1_0,0
73358,125_1_0,0
73011,125_1_0,0
72824,125_1_0,0
71531,125_1_0,0
69046,125_1_0,0
69243,125_1_0,0
70773,125_1_0,0
68509,125_1_0,0
71165,125_1_0,0
73179,125_1_0,0
70772,125_1_0,0
69432,125_1_0,0
67728,125_1_0,0
72087,125_1_0,0
73181,125_1_0,0
69999,125_1_0,0
68877,125_1_0,0
70396,125_1_0,0
73364,125_1_0,0
73365,125_1_0,0
68511,125_1_0,0
73936,125_1_0,0
67349,125_1_0,0
73015,125_1_0,0
69814,125_1_0,0
71351,125_1_0,0
71345,125_1_0,0
67353,125_1_0,0
68676,125_1_0,0
69239,125_1_0,0
72464,125_1_0,0
70393,125_1_0,0
67536,125_1_0,0
70191,125_1_0,0
70187,125_1_0,0
70768,125_1_0,0
69051,125_1_0,0
68515,125_1_0,0
67354,125_1_0,0
71907,125_1_0,0
72284,125_1_0,0
68875,125_1_0,0
68343,125_1_0,0
71341,125_1_0,0
73183,125_1_0,0
69819,125_1_0,0
72828,125_1_0,0
70185,125_1_0,0
70991,125_1_0,0
68510,125_1_0,0
70995,125_1_0,0
73361,125_1_0,0
71542,125_1_0,0
68146,125_1_0,0
70994,125_1_0,0
72088,125_1_0,0
68677,125_1_0,0
72283,125_1_0,0
71742,125_1_0,0
67537,125_1_0,0
68148,125_1_0,0
67730,125_1_0,0
73542,125_1_0,0
71541,125_1_0,0
70000,125_1_0,0
70391,125_1_0,0
71342,125_1_0,0
72286,125_1_0,0
73739,125_1_0,0
73182,125_1_0,0
67347,125_1_0,0
69433,125_1_0,0
73935,125_1_0,0
69431,125_1_0,0
73941,125_1_0,0
68506,125_1_0,0
68339,125_1_0,0
68874,125_1_0,0
69429,125_1_0,0
73544,125_1_0,0
73546,125_1_0,0
68342,125_1_0,0
71346,125_1_0,0
71166,125_1_0,0
72656,125_1_0,0
73363,125_1_0,0
70769,125_1_0,0
153073,305_4_1,0
150314,305_4_1,0
150315,305_4_1,0
151625,305_4_1,0
150539,305_4_1,0
149782,305_4_1,0
150144,305_4_1,0
153981,305_4_1,0
150318,305_4_1,0
149012,305_4_1,0
150542,305_4_1,0
154335,305_4_1,0
151252,305_4_1,0
152360,305_4_1,0
152147,305_4_1,0
153982,305_4_1,0
153789,305_4_1,0
152554,305_4_1,0
148649,305_4_1,0
153615,305_4_1,0
152904,305_4_1,0
152552,305_4_1,0
150321,305_4_1,0
149203,305_4_1,0
153077,305_4_1,0
152906,305_4_1,0
148090,305_4_1,0
153241,305_4_1,0
150319,305_4_1,0
151980,305_4_1,0
151454,305_4_1,0
148455,305_4_1,0
149204,305_4_1,0
150322,305_4_1,0
150706,305_4_1,0
148457,305_4_1,0
152726,305_4_1,0
153988,305_4_1,0
164516,316_3_1,0
166504,316_3_1,0
163313,316_3_1,0
164330,316_3_1,0
165084,316_3_1,0
165091,316_3_1,0
161194,316_3_1,0
161198,316_3_1,0
167031,316_3_1,0
161388,316_3_1,0
163321,316_3_1,0
163949,316_3_1,0
161967,316_3_1,0
166499,316_3_1,0
165960,316_3_1,0
161775,316_3_1,0
161195,316_3_1,0
165425,316_3_1,0
162497,316_3_1,0
165429,316_3_1,0
164147,316_3_1,0
163736,316_3_1,0
163540,316_3_1,0
163738,316_3_1,0
165092,316_3_1,0
162167,316_3_1,0
164697,316_3_1,0
167578,316_3_1,0
167030,316_3_1,0
164327,316_3_1,0
162347,316_3_1,0
167390,316_3_1,0
165962,316_3_1,0
163094,316_3_1,0
161964,316_3_1,0
165256,316_3_1,0
164525,316_3_1,0
163091,316_3_1,0
165259,316_3_1,0
164694,316_3_1,0
161202,316_3_1,0
163948,316_3_1,0
162873,316_3_1,0
167388,316_3_1,0
162346,316_3_1,0
164333,316_3_1,0
166310,316_3_1,0
162875,316_3_1,0
165254,316_3_1,0
161776,316_3_1,0
164146,316_3_1,0
164524,316_3_1,0
166501,316_3_1,0
164695,316_3_1,0
163092,316_3_1,0
161958,316_3_1,0
164520,316_3_1,0
165427,316_3_1,0
163322,316_3_1,0
164883,316_3_1,0
161593,316_3_1,0
161772,316_3_1,0
162352,316_3_1,0
165773,316_3_1,0
163316,316_3_1,0
162162,316_3_1,0
166314,316_3_1,0
166689,316_3_1,0
167786,316_3_1,0
167387,316_3_1,0
164331,316_3_1,0
166505,316_3_1,0
162674,316_3_1,0
164522,316_3_1,0
163947,316_3_1,0
163732,316_3_1,0
160836,310_3_0,0
157629,310_3_0,0
161010,310_3_0,0
156006,310_3_0,0
160076,310_3_0,0
158806,310_3_0,0
160661,310_3_0,0
172194,321_3_0,0
172199,321_3_0,0
172933,321_3_0,0
171636,321_3_0,0
169621,321_3_0,0
168711,321_3_0,0
171446,321_3_0,0
172935,321_3_0,0
169620,321_3_0,0
173507,321_3_0,0
171444,321_3_0,0
170922,321_3_0,0
170190,321_3_0,0
169267,321_3_0,0
174092,321_3_0,0
173120,321_3_0,0
172017,321_3_0,0
169087,321_3_0,0
171265,321_3_0,0
168714,321_3_0,0
168531,321_3_0,0
170568,321_3_0,0
173315,321_3_0,0
170189,321_3_0,0
172201,321_3_0,0
169616,321_3_0,0
173509,321_3_0,0
170761,321_3_0,0
170758,321_3_0,0
170760,321_3_0,0
168897,321_3_0,0
171835,321_3_0,0
171109,321_3_0,0
172198,321_3_0,0
171448,321_3_0,0
173513,321_3_0,0
167981,321_3_0,0
170383,321_3_0,0
172736,321_3_0,0
169080,321_3_0,0
170569,321_3_0,0
169996,321_3_0,0
171268,321_3_0,0
172552,321_3_0,0
172555,321_3_0,0
169081,321_3_0,0
167982,321_3_0,0
169082,321_3_0,0
169999,321_3_0,0
172380,321_3_0,0
170571,321_3_0,0
171837,321_3_0,0
173515,321_3_0,0
171269,321_3_0,0
171450,321_3_0,0
172932,321_3_0,0
173122,321_3_0,0
172197,321_3_0,0
169435,321_3_0,0
170570,321_3_0,0
168337,321_3_0,0
173700,321_3_0,0
174467,321_3_0,0
174261,321_3_0,0
71168,125_1_1,0
71344,125_1_1,0
69815,125_1_1,0
69048,125_1_1,0
68512,125_1_1,0
2035,105_3_0,0
2230,105_3_0,0
2406,105_3_0,0
2401,105_3_0,0
2231,105_3_0,0
10831,105_3_0,0
8907,105_3_0,0
2581,105_3_0,0
2228,105_3_0,0
2037,105_3_0,0
2408,105_3_0,0
2588,105_3_0,0
8911,105_3_0,0
9295,105_3_0,0
9114,105_3_0,0
10451,105_3_0,0
8730,105_3_0,0
17289,105_3_0,0
18198,105_3_0,0
15029,105_3_0,0
20050,105_3_0,0
16903,105_3_0,0
16369,105_3_0,0
15962,105_3_0,0
16738,105_3_0,0
18007,105_3_0,0
15960,105_3_0,0
13666,105_3_0,0
20049,105_3_0,0
19308,105_3_0,0
18763,105_3_0,0
88162,113_1_1,0
88161,113_1_1,0
88165,113_1_1,0
88362,113_1_1,0
88163,113_1_1,0
88364,113_1_1,0
88159,113_1_1,0
88366,113_1_1,0
88361,113_1_1,0
88168,113_1_1,0
88164,113_1_1,0
94964,113_1_1,0
94967,113_1_1,0
94769,113_1_1,0
101728,113_1_1,0
107556,113_1_1,0
108146,113_1_1,0
108151,113_1_1,0
108342,113_1_1,0
108145,113_1_1,0
108527,113_1_1,0
107554,113_1_1,0
108520,113_1_1,0
107764,113_1_1,0
107765,113_1_1,0
108150,113_1_1,0
108149,113_1_1,0
108523,113_1_1,0
107558,113_1_1,0
107555,113_1_1,0
42935,113_1_1,0
43659,113_1_1,0
43822,113_1_1,0
44409,113_1_1,0
43467,113_1_1,0
46231,113_1_1,0
43303,113_1_1,0
42933,113_1_1,0
46982,113_1_1,0
77844,128_1_0,0
76144,128_1_0,0
77096,128_1_0,0
78239,128_1_0,0
77255,128_1_0,0
74118,128_1_0,0
75224,128_1_0,0
76534,128_1_0,0
74294,128_1_0,0
79719,128_1_0,0
75427,128_1_0,0
80122,128_1_0,0
79900,128_1_0,0
80123,128_1_0,0
79360,128_1_0,0
80462,128_1_0,0
78047,128_1_0,0
74643,128_1_0,0
80300,128_1_0,0
77267,128_1_0,0
79162,128_1_0,0
78416,128_1_0,0
78981,128_1_0,0
77851,128_1_0,0
76348,128_1_0,0
75034,128_1_0,0
74465,128_1_0,0
74640,128_1_0,0
80471,128_1_0,0
74129,128_1_0,0
78053,128_1_0,0
74125,128_1_0,0
80301,128_1_0,0
78980,128_1_0,0
74126,128_1_0,0
75223,128_1_0,0
75944,128_1_0,0
76541,128_1_0,0
76538,128_1_0,0
77266,128_1_0,0
75220,128_1_0,0
79356,128_1_0,0
80662,128_1_0,0
80664,128_1_0,0
80297,128_1_0,0
75765,128_1_0,0
76150,128_1_0,0
78984,128_1_0,0
79525,128_1_0,0
74466,128_1_0,0
75603,128_1_0,0
75762,128_1_0,0
79528,128_1_0,0
79902,128_1_0,0
78044,128_1_0,0
80120,128_1_0,0
78046,128_1_0,0
75035,128_1_0,0
78804,128_1_0,0
78978,128_1_0,0
75945,128_1_0,0
76346,128_1_0,0
74840,128_1_0,0
75424,128_1_0,0
74838,128_1_0,0
76539,128_1_0,0
79718,128_1_0,0
78983,128_1_0,0
77853,128_1_0,0
78979,128_1_0,0
75426,128_1_0,0
74124,128_1_0,0
79898,128_1_0,0
77265,128_1_0,0
76719,128_1_0,0
78050,128_1_0,0
77263,128_1_0,0
79158,128_1_0,0
74834,128_1_0,0
80666,128_1_0,0
76351,128_1_0,0
77269,128_1_0,0
76148,128_1_0,0
75764,128_1_0,0
80464,128_1_0,0
79161,128_1_0,0
76533,128_1_0,0
76149,128_1_0,0
75761,128_1_0,0
78043,128_1_0,0
75221,128_1_0,0
79159,128_1_0,0
78049,128_1_0,0
77854,128_1_0,0
76344,128_1_0,0
79526,128_1_0,0
88178,204_2_1,0
89262,204_2_1,0
92532,204_2_1,0
89996,204_2_1,0
88735,204_2_1,0
87625,204_2_1,0
88175,204_2_1,0
93319,204_2_1,0
89263,204_2_1,0
89817,204_2_1,0
93121,204_2_1,0
90002,204_2_1,0
92355,204_2_1,0
91818,204_2_1,0
91813,204_2_1,0
87617,204_2_1,0
89815,204_2_1,0
87618,204_2_1,0
92922,204_2_1,0
91987,204_2_1,0
90378,204_2_1,0
88933,204_2_1,0
90911,204_2_1,0
88930,204_2_1,0
90729,204_2_1,0
89822,204_2_1,0
88931,204_2_1,0
89448,204_2_1,0
93515,204_2_1,0
89819,204_2_1,0
93885,204_2_1,0
87634,204_2_1,0
89455,204_2_1,0
93696,204_2_1,0
92360,204_2_1,0
88745,204_2_1,0
91274,204_2_1,0
91110,204_2_1,0
89452,204_2_1,0
87443,204_2_1,0
92924,204_2_1,0
92738,204_2_1,0
88741,204_2_1,0
88182,204_2_1,0
89830,204_2_1,0
88744,204_2_1,0
93522,204_2_1,0
89108,204_2_1,0
88939,204_2_1,0
87633,204_2_1,0
91631,204_2_1,0
89109,204_2_1,0
90381,204_2_1,0
90013,204_2_1,0
92365,204_2_1,0
90386,204_2_1,0
88566,204_2_1,0
91271,204_2_1,0
88373,204_2_1,0
91822,204_2_1,0
91992,204_2_1,0
92540,204_2_1,0
90192,204_2_1,0
93524,204_2_1,0
92541,204_2_1,0
88180,204_2_1,0
87629,204_2_1,0
93521,204_2_1,0
90382,204_2_1,0
90557,204_2_1,0
90187,204_2_1,0
89828,204_2_1,0
89832,204_2_1,0
93323,204_2_1,0
93520,204_2_1,0
90735,204_2_1,0
92736,204_2_1,0
87783,204_2_1,0
91469,204_2_1,0
92193,204_2_1,0
90736,204_2_1,0
91475,204_2_1,0
88564,204_2_1,0
90913,204_2_1,0
90007,204_2_1,0
88739,204_2_1,0
88941,204_2_1,0
93693,204_2_1,0
87785,204_2_1,0
89449,204_2_1,0
90384,204_2_1,0
90914,204_2_1,0
91821,204_2_1,0
92737,204_2_1,0
89642,204_2_1,0
90730,204_2_1,0
90385,204_2_1,0
92928,204_2_1,0
90912,204_2_1,0
89639,204_2_1,0
88184,204_2_1,0
160655,305_4_0,0
159859,305_4_0,0
161008,305_4_0,0
160832,305_4_0,0
161006,305_4_0,0
159855,305_4_0,0
160469,305_4_0,0
144317,305_4_0,0
146961,305_4_0,0
147322,305_4_0,0
141678,305_4_0,0
144495,305_4_0,0
141680,305_4_0,0
147518,305_4_0,0
141685,305_4_0,0
146956,305_4_0,0
142258,305_4_0,0
144864,305_4_0,0
147318,305_4_0,0
144498,305_4_0,0
146776,305_4_0,0
144494,305_4_0,0
142259,305_4_0,0
146778,305_4_0,0
144316,305_4_0,0
141872,305_4_0,0
144319,305_4_0,0
146967,305_4_0,0
150317,305_4_0,0
153788,305_4_0,0
149600,305_4_0,0
153612,305_4_0,0
150541,305_4_0,0
152553,305_4_0,0
149011,305_4_0,0
151811,305_4_0,0
151250,305_4_0,0
48931,116_1_0,0
49277,116_1_0,0
53123,116_1_0,0
50341,116_1_0,0
52025,116_1_0,0
52023,116_1_0,0
51134,116_1_0,0
49458,116_1_0,0
51520,116_1_0,0
47557,116_1_0,0
51518,116_1_0,0
47555,116_1_0,0
51138,116_1_0,0
47366,116_1_0,0
47370,116_1_0,0
51843,116_1_0,0
49994,116_1_0,0
50726,116_1_0,0
50542,116_1_0,0
47927,116_1_0,0
53126,116_1_0,0
50931,116_1_0,0
47556,116_1_0,0
47181,116_1_0,0
47368,116_1_0,0
53316,116_1_0,0
53310,116_1_0,0
52950,116_1_0,0
51137,116_1_0,0
52566,116_1_0,0
52751,116_1_0,0
51135,116_1_0,0
48126,116_1_0,0
48310,116_1_0,0
48509,116_1_0,0
50546,116_1_0,0
50179,116_1_0,0
49809,116_1_0,0
48732,116_1_0,0
38585,111_1_0,0
38773,111_1_0,0
39348,111_1_0,0
35164,111_1_0,0
35338,111_1_0,0
33844,111_1_0,0
38962,111_1_0,0
34626,111_1_0,0
38966,111_1_0,0
33843,111_1_0,0
130113,216_2_1,0
133248,216_2_1,0
130479,216_2_1,0
127860,216_2_1,0
132317,216_2_1,0
130852,216_2_1,0
132316,216_2_1,0
130855,216_2_1,0
6442,101_1_1,0
1504,101_1_1,0
938,101_1_1,0
5017,101_1_1,0
5566,101_1_1,0
3737,101_1_1,0
5198,101_1_1,0
592,101_1_1,0
2982,101_1_1,0
4816,101_1_1,0
3734,101_1_1,0
2041,101_1_1,0
2591,101_1_1,0
5741,101_1_1,0
45,101_1_1,0
43,101_1_1,0
1501,101_1_1,0
135552,219_2_0,0
136676,219_2_0,0
138068,219_2_0,0
140271,219_2_0,0
139566,219_2_0,0
140803,219_2_0,0
137887,219_2_0,0
139187,219_2_0,0
135916,219_2_0,0
135360,219_2_0,0
140798,219_2_0,0
137070,219_2_0,0
140098,219_2_0,0
137486,219_2_0,0
136289,219_2_0,0
137268,219_2_0,0
137484,219_2_0,0
135004,219_2_0,0
137481,219_2_0,0
138626,219_2_0,0
134608,219_2_0,0
137269,219_2_0,0
140810,219_2_0,0
135011,219_2_0,0
137493,219_2_0,0
139005,219_2_0,0
139012,219_2_0,0
135178,219_2_0,0
137690,219_2_0,0
134437,219_2_0,0
139195,219_2_0,0
139747,219_2_0,0
140629,219_2_0,0
139009,219_2_0,0
137895,219_2_0,0
140626,219_2_0,0
135375,219_2_0,0
137689,219_2_0,0
136889,219_2_0,0
138820,219_2_0,0
139568,219_2_0,0
139193,219_2_0,0
139571,219_2_0,0
135373,219_2_0,0
136484,219_2_0,0
136296,219_2_0,0
136088,219_2_0,0
141001,219_2_0,0
138635,219_2_0,0
138639,219_2_0,0
135179,219_2_0,0
135006,219_2_0,0
140273,219_2_0,0
137277,219_2_0,0
139192,219_2_0,0
134438,219_2_0,0
136678,219_2_0,0
139575,219_2_0,0
136887,219_2_0,0
138450,219_2_0,0
139194,219_2_0,0
139380,219_2_0,0
138822,219_2_0,0
136488,219_2_0,0
138447,219_2_0,0
141002,219_2_0,0
137282,219_2_0,0
135180,219_2_0,0
136087,219_2_0,0
138444,219_2_0,0
138449,219_2_0,0
137488,219_2_0,0
138818,219_2_0,0
139006,219_2_0,0
137077,219_2_0,0
139744,219_2_0,0
136680,219_2_0,0
139198,219_2_0,0
138821,219_2_0,0
138253,219_2_0,0
135729,219_2_0,0
140814,219_2_0,0
134613,219_2_0,0
134808,219_2_0,0
139745,219_2_0,0
139746,219_2_0,0
137697,219_2_0,0
137491,219_2_0,0
137892,219_2_0,0
139199,219_2_0,0
140627,219_2_0,0
137076,219_2_0,0
136083,219_2_0,0
5557,108_4_0,0
6104,108_4_0,0
5929,108_4_0,0
5931,108_4_0,0
12949,108_4_0,0
12764,108_4_0,0
12763,108_4_0,0
24148,108_4_0,0
23003,108_4_0,0
21898,108_4_0,0
20577,108_4_0,0
26700,108_4_0,0
23001,108_4_0,0
25231,108_4_0,0
20582,108_4_0,0
23974,108_4_0,0
20396,108_4_0,0
27064,110_1_1,0
30634,110_1_1,0
33255,110_1_1,0
31031,110_1_1,0
28770,110_1_1,0
27782,110_1_1,0
28154,110_1_1,0
27435,110_1_1,0
30626,110_1_1,0
33450,110_1_1,0
29135,110_1_1,0
33095,110_1_1,0
28769,110_1_1,0
32748,110_1_1,0
30437,110_1_1,0
27970,110_1_1,0
31645,110_1_1,0
28151,110_1_1,0
32927,110_1_1,0
27605,110_1_1,0
26873,110_1_1,0
31446,110_1_1,0
29322,110_1_1,0
29706,110_1_1,0
29324,110_1_1,0
28957,110_1_1,0
10456,103_1_0,0
7953,103_1_0,0
12775,103_1_0,0
8734,103_1_0,0
10633,103_1_0,0
6828,103_1_0,0
6654,103_1_0,0
9122,103_1_0,0
9667,103_1_0,0
12780,103_1_0,0
12776,103_1_0,0
9488,103_1_0,0
9127,103_1_0,0
11435,103_1_0,0
8921,103_1_0,0
6652,103_1_0,0
12777,103_1_0,0
10453,103_1_0,0
9674,103_1_0,0
6831,103_1_0,0
9671,103_1_0,0
13122,103_1_0,0
12240,103_1_0,0
5012,108_4_1,0
3920,108_4_1,0
5007,108_4_1,0
10628,108_4_1,0
205094,918_4_0,0
205460,918_4_0,0
204913,918_4_0,0
203122,918_4_0,0
203119,918_4_0,0
205275,918_4_0,0
202565,918_4_0,0
202026,918_4_0,0
207702,918_4_0,0
201469,918_4_0,0
205273,918_4_0,0
206594,918_4_0,0
205843,918_4_0,0
207700,918_4_0,0
201468,918_4_0,0
201658,918_4_0,0
204567,918_4_0,0
205268,918_4_0,0
119363,213_2_0,0
120469,213_2_0,0
120263,213_2_0,0
119900,213_2_0,0
120662,213_2_0,0
114898,213_2_0,0
119899,213_2_0,0
117476,213_2_0,0
117477,213_2_0,0
118430,213_2_0,0
119520,213_2_0,0
115831,213_2_0,0
119182,213_2_0,0
120463,213_2_0,0
118985,213_2_0,0
117852,213_2_0,0
116171,213_2_0,0
116169,213_2_0,0
117848,213_2_0,0
120664,213_2_0,0
115279,213_2_0,0
116165,213_2_0,0
116525,213_2_0,0
117478,213_2_0,0
119357,213_2_0,0
116714,213_2_0,0
118041,213_2_0,0
120262,213_2_0,0
116522,213_2_0,0
116176,213_2_0,0
119897,213_2_0,0
117472,213_2_0,0
114692,213_2_0,0
114699,213_2_0,0
115830,213_2_0,0
118040,213_2_0,0
114691,213_2_0,0
117671,213_2_0,0
119707,213_2_0,0
114700,213_2_0,0
117479,213_2_0,0
114896,213_2_0,0
21726,108_1_0,0
24854,108_1_0,0
23580,108_1_0,0
22081,108_1_0,0
26702,108_1_0,0
21538,108_1_0,0
26697,108_1_0,0
21724,108_1_0,0
21342,108_1_0,0
22443,108_1_0,0
28561,110_1_0,0
30056,110_1_0,0
31254,110_1_0,0
29523,110_1_0,0
30257,110_1_0,0
31646,110_1_0,0
154717,105_1_1,0
154525,105_1_1,0
16362,105_1_1,0
15552,105_1_1,0
18757,105_1_1,0
18393,105_1_1,0
15775,105_1_1,0
143582,303_3_0,0
145075,303_3_0,0
147530,303_3_0,0
146239,303_3_0,0
142481,303_3_0,0
144328,303_3_0,0
146236,303_3_0,0
144695,303_3_0,0
147168,303_3_0,0
141894,303_3_0,0
142082,303_3_0,0
143966,303_3_0,0
144331,303_3_0,0
144132,303_3_0,0
146238,303_3_0,0
145241,303_3_0,0
145445,303_3_0,0
143583,303_3_0,0
142281,303_3_0,0
146049,303_3_0,0
142484,303_3_0,0
143399,303_3_0,0
144513,303_3_0,0
141891,303_3_0,0
147333,303_3_0,0
143787,303_3_0,0
146974,303_3_0,0
142672,303_3_0,0
146418,303_3_0,0
142479,303_3_0,0
146419,303_3_0,0
147171,303_3_0,0
145845,303_3_0,0
145649,303_3_0,0
145644,303_3_0,0
144329,303_3_0,0
143586,303_3_0,0
143209,303_3_0,0
146972,303_3_0,0
144515,303_3_0,0
143208,303_3_0,0
141695,303_3_0,0
144878,303_3_0,0
147167,303_3_0,0
145851,303_3_0,0
146973,303_3_0,0
142278,303_3_0,0
144517,303_3_0,0
143785,303_3_0,0
142483,303_3_0,0
141697,303_3_0,0
143207,303_3_0,0
141188,303_3_0,0
9299,103_1_1,0
11238,103_1_1,0
12243,103_1_1,0
7199,103_1_1,0
9880,103_1_1,0
9490,103_1_1,0
12241,103_1_1,0
11858,103_1_1,0
9491,103_1_1,0
13123,103_1_1,0
7754,103_1_1,0
11038,103_1_1,0
10291,103_1_1,0
11652,103_1_1,0
7948,103_1_1,0
10632,103_1_1,0
9675,103_1_1,0
7749,103_1_1,0
9487,103_1_1,0
12242,103_1_1,0
6829,103_1_1,0
196442,913_4_0,0
197188,913_4_0,0
198055,913_4_0,0
200164,913_4_0,0
195871,913_4_0,0
199583,913_4_0,0
196257,913_4_0,0
200350,913_4_0,0
201090,913_4_0,0
197724,913_4_0,0
196449,913_4_0,0
197540,913_4_0,0
199783,913_4_0,0
198271,913_4_0,0
196071,913_4_0,0
196262,913_4_0,0
195336,913_4_0,0
194987,913_4_0,0
198485,913_4_0,0
198487,913_4_0,0
199041,913_4_0,0
199580,913_4_0,0
197192,913_4_0,0
198868,913_4_0,0
198268,913_4_0,0
196253,913_4_0,0
195689,913_4_0,0
201284,913_4_0,0
199419,913_4_0,0
198666,913_4_0,0
197371,913_4_0,0
196256,913_4_0,0
196258,913_4_0,0
199966,913_4_0,0
194775,913_4_0,0
196820,913_4_0,0
196640,913_4_0,0
200897,913_4_0,0
196637,913_4_0,0
197897,913_4_0,0
198867,913_4_0,0
199579,913_4_0,0
197194,913_4_0,0
196073,913_4_0,0
199788,913_4_0,0
198483,913_4_0,0
200161,913_4_0,0
199414,913_4_0,0
200712,913_4_0,0
195337,913_4_0,0
195688,913_4_0,0
194780,913_4_0,0
196632,913_4_0,0
194986,913_4_0,0
199575,913_4_0,0
200347,913_4_0,0
196447,913_4_0,0
195872,913_4_0,0
200900,913_4_0,0
194985,913_4_0,0
200535,913_4_0,0
200167,913_4_0,0
199582,913_4_0,0
196636,913_4_0,0
201281,913_4_0,0
196448,913_4_0,0
197895,913_4_0,0
199789,913_4_0,0
200532,913_4_0,0
198266,913_4_0,0
201089,913_4_0,0
197185,913_4_0,0
198054,913_4_0,0
201088,913_4_0,0
199224,913_4_0,0
199415,913_4_0,0
198667,913_4_0,0
197721,913_4_0,0
199786,913_4_0,0
196635,913_4_0,0
199223,913_4_0,0
197193,913_4_0,0
194984,913_4_0,0
196446,913_4_0,0
197541,913_4_0,0
195339,913_4_0,0
198870,913_4_0,0
195874,913_4_0,0
201092,913_4_0,0
199040,913_4_0,0
195687,913_4_0,0
201286,913_4_0,0
198664,913_4_0,0
194778,913_4_0,0
201283,913_4_0,0
195686,913_4_0,0
196252,913_4_0,0
198051,913_4_0,0
197000,913_4_0,0
197896,913_4_0,0
200354,913_4_0,0
199967,913_4_0,0
199972,913_4_0,0
196997,913_4_0,0
195685,913_4_0,0
196068,913_4_0,0
200893,913_4_0,0
197373,913_4_0,0
200351,913_4_0,0
200898,913_4_0,0
200534,913_4_0,0
200353,913_4_0,0
199787,913_4_0,0
198866,913_4_0,0
195340,913_4_0,0
198272,913_4_0,0
14658,105_3_1,0
17630,105_3_1,0
18760,105_3_1,0
18939,105_3_1,0
19110,105_3_1,0
14454,105_3_1,0
16905,105_3_1,0
19674,105_3_1,0
235790,926_4_0,0
238628,926_4_0,0
234840,926_4_0,0
237781,926_4_0,0
237774,926_4_0,0
238626,926_4_0,0
236162,926_4_0,0
237773,926_4_0,0
238996,926_4_0,0
234837,926_4_0,0
238622,926_4_0,0
240712,926_4_0,0
238802,926_4_0,0
235975,926_4_0,0
239568,926_4_0,0
241316,926_4_0,0
235032,926_4_0,0
235595,926_4_0,0
238627,926_4_0,0
235402,926_4_0,0
240915,926_4_0,0
241497,926_4_0,0
240497,926_4_0,0
237990,926_4_0,0
235597,926_4_0,0
237220,926_4_0,0
236345,926_4_0,0
240709,926_4_0,0
235034,926_4_0,0
241088,926_4_0,0
237776,926_4_0,0
241318,926_4_0,0
239192,926_4_0,0
239934,926_4_0,0
238624,926_4_0,0
237218,926_4_0,0
238807,926_4_0,0
240711,926_4_0,0
237991,926_4_0,0
238806,926_4_0,0
236530,926_4_0,0
237423,926_4_0,0
240128,926_4_0,0
236529,926_4_0,0
235400,926_4_0,0
235031,926_4_0,0
237984,926_4_0,0
238804,926_4_0,0
111650,210_2_1,0
111478,210_2_1,0
112217,210_2_1,0
110537,210_2_1,0
113332,210_2_1,0
109451,210_2_1,0
112023,210_2_1,0
112031,210_2_1,0
109247,210_2_1,0
113922,210_2_1,0
112026,210_2_1,0
109987,210_2_1,0
111060,210_2_1,0
109446,210_2_1,0
108535,210_2_1,0
113921,210_2_1,0
112772,210_2_1,0
111262,210_2_1,0
109639,210_2_1,0
111854,210_2_1,0
112025,210_2_1,0
110175,210_2_1,0
114113,210_2_1,0
110876,210_2_1,0
112215,210_2_1,0
111646,210_2_1,0
109245,210_2_1,0
109635,210_2_1,0
112024,210_2_1,0
107770,210_2_1,0
113534,210_2_1,0
110540,210_2_1,0
110872,210_2_1,0
109452,210_2_1,0
113739,210_2_1,0
113531,210_2_1,0
108353,210_2_1,0
110873,210_2_1,0
108533,210_2_1,0
112592,210_2_1,0
112952,210_2_1,0
109640,210_2_1,0
230763,925_4_1,1
232275,925_4_1,1
230592,925_4_1,1
231344,925_4_1,1
228900,925_4_1,1
228549,925_4_1,1
234645,925_4_1,1
233921,925_4_1,1
229285,925_4_1,1
229867,925_4_1,1
233204,925_4_1,1
230765,925_4_1,1
231151,925_4_1,1
232269,925_4_1,1
234294,925_4_1,1
234291,925_4_1,1
232070,925_4_1,1
232270,925_4_1,1
231887,925_4_1,1
231700,925_4_1,1
230062,925_4_1,1
232820,925_4_1,1
233740,925_4_1,1
229476,925_4_1,1
232064,925_4_1,1
231531,925_4_1,1
228383,925_4_1,0
233386,925_4_1,0
230603,925_4_1,0
230428,925_4_1,0
233031,925_4_1,0
232278,925_4_1,0
233211,925_4_1,0
232828,925_4_1,0
232077,925_4_1,0
231159,925_4_1,0
231709,925_4_1,0
593,101_1_1,0
5392,101_1_1,0
5018,101_1_1,0
4294,101_1_1,0
3733,101_1_1,0
6440,101_1_1,0
2235,101_1_1,0
4813,101_1_1,0
2593,101_1_1,0
5742,101_1_1,0
5016,101_1_1,0
5740,101_1_1,0
759,101_1_1,0
6269,101_1_1,0
1325,101_1_1,0
4290,101_1_1,0
1124,101_1_1,0
5737,101_1_1,0
4287,101_1_1,0
2415,101_1_1,0
4296,101_1_1,0
1673,101_1_1,0
1122,101_1_1,0
36695,111_1_1,0
38391,111_1_1,0
38590,111_1_1,0
34216,111_1_1,0
34977,111_1_1,0
38234,111_1_1,0
37073,111_1_1,0
38032,111_1_1,0
37072,111_1_1,0
39166,111_1_1,0
38588,111_1_1,0
34618,111_1_1,0
36153,111_1_1,0
37836,111_1_1,0
33842,111_1_1,0
36694,111_1_1,0
34975,111_1_1,0
34619,111_1_1,0
36699,111_1_1,0
35162,111_1_1,0
33650,111_1_1,0
34973,111_1_1,0
37834,111_1_1,0
37259,111_1_1,0
44776,113_1_0,0
44410,113_1_0,0
46583,113_1_0,0
46790,113_1_0,0
45326,113_1_0,0
45325,113_1_0,0
44408,113_1_0,0
42152,113_1_0,0
42150,113_1_0,0
41186,113_1_0,0
44602,113_1_0,0
44413,113_1_0,0
42151,113_1_0,0
42361,113_1_0,0
46986,113_1_0,0
45856,113_1_0,0
41003,113_1_0,0
43468,113_1_0,0
109246,210_2_0,0
108718,210_2_0,0
109248,210_2_0,0
108350,210_2_0,0
111853,210_2_0,0
112410,210_2_0,0
107966,210_2_0,0
21720,108_4_1,0
25415,108_4_1,0
20394,108_4_1,0
22624,108_4_1,0
20762,108_4_1,0
20233,108_4_1,0
23187,108_4_1,0
26703,108_4_1,0
23008,108_4_1,0
21899,108_4_1,0
23381,108_4_1,0
24147,108_4_1,0
20764,108_4_1,0
24500,108_4_1,0
21343,108_4_1,0
22087,108_4_0,0
25234,108_4_0,0
20223,108_4_0,0
20971,108_4_0,0
23782,108_4_0,0
90009,204_2_0,0
92192,204_2_0,0
89643,204_2_0,0
88563,204_2_0,0
88740,204_2_0,0
89106,204_2_0,0
87442,204_2_0,0
91628,204_2_0,0
90918,204_2_0,0
92929,204_2_0,0
90734,204_2_0,0
87974,204_2_0,0
88181,204_2_0,0
93694,204_2_0,0
93884,204_2_0,0
87630,204_2_0,0
88185,204_2_0,0
93692,204_2_0,0
88746,204_2_0,0
91109,204_2_0,0
90733,204_2_0,0
91273,204_2_0,0
89826,204_2_0,0
90559,204_2_0,0
90556,204_2_0,0
93123,204_2_0,0
90555,204_2_0,0
93321,204_2_0,0
149417,305_4_1,0
153787,305_4_1,0
150543,305_4_1,0
152148,305_4_1,0
153437,305_4_1,0
148651,305_4_1,0
153440,305_4_1,0
149598,305_4_1,0
153439,305_4_1,0
152725,305_4_1,0
149009,305_4_1,0
153441,305_4_1,0
150537,305_4_1,0
149783,305_4_1,0
151819,305_4_1,0
149785,305_4_1,0
153244,305_4_1,0
149968,305_4_1,0
154334,305_4_1,0
152730,305_4_1,0
149004,305_4_1,0
149597,305_4_1,0
149414,305_4_1,0
150146,305_4_1,0
151820,305_4_1,0
148459,305_4_1,0
152727,305_4_1,0
152363,305_4_1,0
148458,305_4_1,0
153983,305_4_1,0
152154,305_4_1,0
152548,305_4_1,0
152362,305_4_1,0
150893,305_4_1,0
151453,305_4_1,0
115995,213_2_1,0
114900,213_2_1,0
120466,213_2_1,0
115994,213_2_1,0
119896,213_2_1,0
120855,213_2_1,0
118249,213_2_1,0
119706,213_2_1,0
118037,213_2_1,0
120467,213_2_1,0
116901,213_2_1,0
115641,213_2_1,0
115833,213_2_1,0
114694,213_2_1,0
117473,213_2_1,0
120853,213_2_1,0
121772,214_2_0,0
125236,214_2_0,0
122497,214_2_0,0
125048,214_2_0,0
123239,214_2_0,0
127086,214_2_0,0
123240,214_2_0,0
122876,214_2_0,0
125421,214_2_0,0
121408,214_2_0,0
125768,214_2_0,0
124155,214_2_0,0
123781,214_2_0,0
125044,214_2_0,0
123788,214_2_0,0
125049,214_2_0,0
122501,214_2_0,0
122327,214_2_0,0
121033,214_2_0,0
125773,214_2_0,0
125422,214_2_0,0
123071,214_2_0,0
125770,214_2_0,0
123070,214_2_0,0
123787,214_2_0,0
123786,214_2_0,0
125769,214_2_0,0
127090,214_2_0,0
121579,214_2_0,0
123782,214_2_0,0
122144,214_2_0,0
122691,214_2_0,0
125047,214_2_0,0
57715,119_1_0,0
57917,119_1_0,0
59252,119_1_0,0
53879,119_1_0,0
58469,119_1_0,0
55639,119_1_0,0
56001,119_1_0,0
58476,119_1_0,0
55473,119_1_0,0
54930,119_1_0,0
54927,119_1_0,0
58854,119_1_0,0
57724,119_1_0,0
55472,119_1_0,0
54761,119_1_0,0
59041,119_1_0,0
55999,119_1_0,0
54573,119_1_0,0
57920,119_1_0,0
58295,119_1_0,0
60228,119_1_0,0
57916,119_1_0,0
57712,119_1_0,0
56578,119_1_0,0
57913,119_1_0,0
57130,119_1_0,0
54572,119_1_0,0
54575,119_1_0,0
58850,119_1_0,0
58852,119_1_0,0
58098,119_1_0,0
56581,119_1_0,0
57723,119_1_0,0
60229,119_1_0,0
55474,119_1_0,0
56580,119_1_0,0
54758,119_1_0,0
60233,119_1_0,0
57128,119_1_0,0
57524,119_1_0,0
56188,119_1_0,0
59455,119_1_0,0
58473,119_1_0,0
56002,119_1_0,0
55299,119_1_0,0
57312,119_1_0,0
56387,119_1_0,0
54396,119_1_0,0
58474,119_1_0,0
54928,119_1_0,0
55296,119_1_0,0
57523,119_1_0,0
56189,119_1_0,0
54577,119_1_0,0
56384,119_1_0,0
55643,119_1_0,0
55648,119_1_0,0
54931,119_1_0,0
57129,119_1_0,0
59454,119_1_0,0
59250,119_1_0,0
59251,119_1_0,0
56195,119_1_0,0
54398,119_1_0,0
58640,119_1_0,0
56385,119_1_0,0
59456,119_1_0,0
59870,119_1_0,0
54579,119_1_0,0
47179,116_1_1,0
47369,116_1_1,0
50343,116_1_1,0
48508,116_1_1,0
52022,116_1_1,0
49278,116_1_1,0
49812,116_1_1,0
51682,116_1_1,0
52213,116_1_1,0
50545,116_1_1,0
50175,116_1_1,0
51680,116_1_1,0
53683,116_1_1,0
53685,116_1_1,0
50178,116_1_1,0
49451,116_1_1,0
50929,116_1_1,0
48729,116_1_1,0
49457,116_1_1,0
53312,116_1_1,0
48303,116_1_1,0
52951,116_1_1,0
47182,116_1_1,0
49272,116_1_1,0
53682,116_1_1,0
53121,116_1_1,0
53122,116_1_1,0
52406,116_1_1,0
53496,116_1_1,0
209359,919_4_0,0
211548,919_4_0,0
209357,919_4_0,0
213047,919_4_0,0
214421,919_4_0,0
210822,919_4_0,0
211016,919_4_0,0
208966,919_4_0,0
210826,919_4_0,0
214418,919_4_0,0
210823,919_4_0,0
214036,919_4_0,0
210082,919_4_0,0
212253,919_4_0,0
209872,919_4_0,0
213046,919_4_0,0
214034,919_4_0,0
210451,919_4_0,0
208412,919_4_0,0
209355,919_4_0,0
214420,919_4_0,0
212454,919_4_0,0
214415,919_4_0,0
209705,919_4_0,0
208235,919_4_0,0
208773,919_4_0,0
209358,919_4_0,0
208598,919_4_0,0
214582,919_4_0,0
210654,919_4_0,0
211371,919_4_0,0
212252,919_4_0,0
213446,919_4_0,0
213044,919_4_0,0
209353,919_4_0,0
209521,919_4_0,0
210824,919_4_0,0
213640,919_4_0,0
214584,919_4_0,0
211902,919_4_0,0
213248,919_4_0,0
213644,919_4_0,0
208965,919_4_0,0
212648,919_4_0,0
212652,919_4_0,0
208064,919_4_0,0
211733,919_4_0,0
214241,919_4_0,0
213860,919_4_0,0
208414,919_4_0,0
214041,919_4_0,0
210270,919_4_0,0
210649,919_4_0,0
211373,919_4_0,0
211904,919_4_0,0
212089,919_4_0,0
213645,919_4_0,0
209703,919_4_0,0
213246,919_4_0,0
211735,919_4_0,0
210825,919_4_0,0
208413,919_4_0,0
211017,919_4_0,0
213862,919_4_0,0
208242,919_4_0,0
208241,919_4_0,0
208236,919_4_0,0
209707,919_4_0,0
210084,919_4_0,0
208417,919_4_0,0
210267,919_4_0,0
211013,919_4_0,0
211549,919_4_0,0
211015,919_4_0,0
208415,919_4_0,0
209875,919_4_0,0
202742,918_4_1,0
201472,918_4_1,0
205458,918_4_1,0
202394,918_4_1,0
204914,918_4_1,0
204385,918_4_1,0
205646,918_4_1,0
205270,918_4_1,0
207696,918_4_1,0
206389,918_4_1,0
202393,918_4_1,0
204564,918_4_1,0
201471,918_4_1,0
202192,918_4_1,0
201661,918_4_1,0
207894,918_4_1,0
206973,918_4_1,0
202944,918_4_1,0
204384,918_4_1,0
204916,918_4_1,0
206764,918_4_1,0
205271,918_4_1,0
207891,918_4_0,0
206766,918_4_0,0
205643,918_4_0,0
207701,918_4_0,0
207500,918_4_0,0
205095,918_4_0,0
202745,918_4_0,0
206972,918_4_0,0
205461,918_4_0,0
5390,108_4_0,0
12769,108_4_0,0
19672,108_4_0,0
23189,108_4_0,0
26146,108_4_0,0
21537,108_4_0,0
20231,108_4_0,0
21540,108_4_0,0
21900,108_4_0,0
17288,105_3_1,0
14265,105_3_1,0
15964,105_3_1,0
19671,105_3_1,0
18935,105_3_1,0
14852,105_3_1,0
16733,105_3_1,0
13491,105_3_1,0
16178,105_3_1,0
15961,105_3_1,0
15209,105_3_1,0
20047,105_3_1,0
16171,105_3_1,0
17631,105_3_1,0
39715,111_1_0,0
34613,111_1_0,0
37654,111_1_0,0
37656,111_1_0,0
34036,111_1_0,0
40262,111_1_0,0
38582,111_1_0,0
38774,111_1_0,0
38392,111_1_0,0
38031,111_1_0,0
36152,111_1_0,0
34616,111_1_0,0
36308,111_1_0,0
35159,111_1_0,0
40075,111_1_0,0
170384,321_3_1,0
170567,321_3_1,0
174262,321_3_1,0
172931,321_3_1,0
170381,321_3_1,0
173894,321_3_1,0
172559,321_3_1,0
171633,321_3_1,0
173699,321_3_1,0
172735,321_3_1,0
170762,321_3_1,0
172196,321_3_1,0
171838,321_3_1,0
169083,321_3_1,0
168532,321_3_1,0
168710,321_3_1,0
173698,321_3_1,0
168340,321_3_1,0
170565,321_3_1,0
171839,321_3_1,0
172381,321_3_1,0
169618,321_3_1,0
174463,321_3_1,0
168341,321_3_1,0
168713,321_3_1,0
168336,321_3_1,0
169086,321_3_1,0
172554,321_3_1,0
168335,321_3_1,0
171632,321_3_1,0
173518,321_3_1,0
168158,321_3_1,0
169617,321_3_1,0
168338,321_3_1,0
172379,321_3_1,0
169619,321_3_1,0
172560,321_3_1,0
173512,321_3_1,0
170380,321_3_1,0
170566,321_3_1,0
169085,321_3_1,0
142663,116_1_0,0
142662,116_1_0,0
143017,116_1_0,0
142665,116_1_0,0
143193,116_1_0,0
156536,116_1_0,0
155993,116_1_0,0
155998,116_1_0,0
155999,116_1_0,0
156533,116_1_0,0
156537,116_1_0,0
156171,116_1_0,0
156344,116_1_0,0
156170,116_1_0,0
155995,116_1_0,0
149960,116_1_0,0
149593,116_1_0,0
149592,116_1_0,0
88934,116_1_0,0
89258,116_1_0,0
88932,116_1_0,0
89259,116_1_0,0
89443,116_1_0,0
89101,116_1_0,0
89445,116_1_0,0
89446,116_1_0,0
88926,116_1_0,0
89104,116_1_0,0
95519,116_1_0,0
96080,116_1_0,0
95885,116_1_0,0
96083,116_1_0,0
96081,116_1_0,0
95683,116_1_0,0
95690,116_1_0,0
95685,116_1_0,0
95520,116_1_0,0
96082,116_1_0,0
95689,116_1_0,0
102870,116_1_0,0
102287,116_1_0,0
51683,116_1_0,0
51681,116_1_0,0
49811,116_1_0,0
48309,116_1_0,0
53313,116_1_0,0
52955,116_1_0,0
107956,208_3_1,0
113139,208_3_1,0
112940,208_3_1,0
113908,208_3_1,0
112761,208_3_1,0
113731,208_3_1,0
113135,208_3_1,0
112762,208_3_1,0
113725,208_3_1,0
107958,208_3_1,0
107959,208_3_1,0
114105,208_3_1,0
111247,208_3_1,0
111250,208_3_1,0
114103,208_3_1,0
113321,208_3_1,0
112942,208_3_1,0
111251,208_3_1,0
114102,208_3_1,0
111462,208_3_1,0
112582,208_3_1,0
112763,208_3_1,0
112760,208_3_1,0
113730,208_3_1,0
111466,208_3_1,0
111463,208_3_1,0
113320,208_3_1,0
113726,208_3_1,0
113727,208_3_1,0
113137,208_3_1,0
111248,208_3_1,0
113140,208_3_1,0
91102,208_3_1,0
93690,208_3_1,0
93883,208_3_1,0
91104,208_3_1,0
93115,208_3_1,0
87620,208_3_1,0
93318,208_3_1,0
92538,208_3_1,0
87623,208_3_1,0
92734,208_3_1,0
91108,208_3_1,0
91097,208_3_1,0
93113,208_3_1,0
92533,208_3_1,0
92733,208_3_1,0
91098,208_3_1,0
93116,208_3_1,0
93691,208_3_1,0
92732,208_3_1,0
91100,208_3_1,0
91268,208_3_1,0
93688,208_3_1,0
92728,208_3_1,0
93312,208_3_1,0
87622,208_3_1,0
87624,208_3_1,0
93119,208_3_1,0
91099,208_3_1,0
92729,208_3_1,0
93316,208_3_1,0
92534,208_3_1,0
92537,208_3_1,0
87621,208_3_1,0
92539,208_3_1,0
92730,208_3_1,0
92731,208_3_1,0
93117,208_3_1,0
93514,208_3_1,0
92358,208_3_1,0
91101,208_3_1,0
87438,208_3_1,0
91103,208_3_1,0
93112,208_3_1,0
93513,208_3_1,0
87782,208_3_1,0
87781,208_3_1,0
93111,208_3_1,0
100396,208_3_1,0
97767,208_3_1,0
99239,208_3_1,0
99242,208_3_1,0
94590,208_3_1,0
99796,208_3_1,0
99414,208_3_1,0
100593,208_3_1,0
100179,208_3_1,0
100176,208_3_1,0
94589,208_3_1,0
94588,208_3_1,0
99798,208_3_1,0
100397,208_3_1,0
100601,208_3_1,0
100181,208_3_1,0
99055,208_3_1,0
99598,208_3_1,0
94076,208_3_1,0
94595,208_3_1,0
100192,208_3_1,0
106458,208_3_1,0
105870,208_3_1,0
105874,208_3_1,0
104939,208_3_1,0
105301,208_3_1,0
102480,208_3_1,0
105116,208_3_1,0
106057,208_3_1,0
106652,208_3_1,0
106647,208_3_1,0
105702,208_3_1,0
106646,208_3_1,0
107387,208_3_1,0
104932,208_3_1,0
106456,208_3_1,0
103644,208_3_1,0
105304,208_3_1,0
104563,208_3_1,0
104758,208_3_1,0
103837,208_3_1,0
100963,208_3_1,0
101322,208_3_1,0
107008,208_3_1,0
101522,208_3_1,0
105871,208_3_1,0
103834,208_3_1,0
101730,208_3_1,0
107009,208_3_1,0
104937,208_3_1,0
106454,208_3_1,0
101732,208_3_1,0
101149,208_3_1,0
107013,208_3_1,0
103050,208_3_1,0
106455,208_3_1,0
107385,208_3_1,0
104757,208_3_1,0
107210,208_3_1,0
105697,208_3_1,0
105696,208_3_1,0
103236,208_3_1,0
101731,208_3_1,0
103443,208_3_1,0
101521,208_3_1,0
101919,208_3_1,0
103836,208_3_1,0
104209,208_3_1,0
104936,208_3_1,0
106459,208_3_1,0
105299,208_3_1,0
102676,208_3_1,0
103833,208_3_1,0
102677,208_3_1,0
105118,208_3_1,0
100965,208_3_1,0
101525,208_3_1,0
106251,208_3_1,0
104009,208_3_1,0
102865,208_3_1,0
103051,208_3_1,0
103238,208_3_1,0
105695,208_3_1,0
102869,208_3_1,0
102863,208_3_1,0
102283,208_3_1,0
104561,208_3_1,0
101147,208_3_1,0
106828,208_3_1,0
103645,208_3_1,0
104559,208_3_1,0
104760,208_3_1,0
104205,208_3_1,0
101526,208_3_1,0
100962,208_3_1,0
200896,913_4_1,0
198486,913_4_1,0
195690,913_4_1,0
200348,913_4_1,0
197727,913_4_1,0
194779,913_4_1,0
195335,913_4_1,0
195152,913_4_1,0
194982,913_4_1,0
197186,913_4_1,0
195153,913_4_1,0
200713,913_4_1,0
198267,913_4_1,0
200716,913_4_1,0
199578,913_4_1,0
200717,913_4_1,0
200165,913_4_1,0
196445,913_4_1,0
199968,913_4_1,0
199785,913_4_1,0
199970,913_4_1,0
196821,913_4_1,0
197376,913_4_1,0
9476,113_2_1,0
9470,113_2_1,0
22997,113_2_1,0
36304,113_2_1,0
36305,113_2_1,0
43470,113_2_1,0
44781,113_2_1,0
45146,113_2_1,0
44217,113_2_1,0
44027,113_2_1,0
41954,113_2_1,0
177003,325_3_0,0
180908,325_3_0,0
177186,325_3_0,0
180541,325_3_0,0
181252,325_3_0,0
175045,325_3_0,0
177714,325_3_0,0
177007,325_3_0,0
180721,325_3_0,0
179218,325_3_0,0
181253,325_3_0,0
175677,325_3_0,0
174677,325_3_0,0
179595,325_3_0,0
179216,325_3_0,0
175840,325_3_0,0
179213,325_3_0,0
175459,325_3_0,0
179590,325_3_0,0
180911,325_3_0,0
174857,325_3_0,0
176814,325_3_0,0
176812,325_3_0,0
179983,325_3_0,0
181255,325_3_0,0
179812,325_3_0,0
179219,325_3_0,0
177187,325_3_0,0
180368,325_3_0,0
175457,325_3_0,0
179013,325_3_0,0
178306,325_3_0,0
177367,325_3_0,0
176643,325_3_0,0
179406,325_3_0,0
179593,325_3_0,0
177000,325_3_0,0
174676,325_3_0,0
178834,325_3_0,0
179986,325_3_0,0
176641,325_3_0,0
175462,325_3_0,0
176437,325_3_0,0
178488,325_3_0,0
175252,325_3_0,0
178133,325_3_0,0
177712,325_3_0,0
179011,325_3_0,0
178831,325_3_0,0
178667,325_3_0,0
177360,325_3_0,0
33449,110_1_1,0
32746,110_1_1,0
28953,110_1_1,0
32173,110_1_1,0
28155,110_1_1,0
28950,110_1_1,0
29325,110_1_1,0
32171,110_1_1,0
32535,110_1_1,0
32174,110_1_1,0
31029,110_1_1,0
30260,110_1_1,0
28766,110_1_1,0
28563,110_1_1,0
31986,110_1_1,0
28765,110_1_1,0
32928,110_1_1,0
30258,110_1_1,0
31988,110_1_1,0
29707,110_1_1,0
30061,110_1_1,0
30631,110_1_1,0
31804,110_1_1,0
32365,110_1_1,0
32366,110_1_1,0
27267,110_1_1,0
31448,110_1_1,0
31803,110_1_1,0
27784,110_1_1,0
30814,110_1_1,0
10275,113_2_0,0
9876,113_2_0,0
16893,113_2_0,0
16551,113_2_0,0
23576,113_2_0,0
23779,113_2_0,0
23378,113_2_0,0
23778,113_2_0,0
23578,113_2_0,0
23572,113_2_0,0
36887,113_2_0,0
37253,113_2_0,0
37258,113_2_0,0
37257,113_2_0,0
11235,103_1_0,0
11237,103_1_0,0
9125,103_1_0,0
7556,103_1_0,0
12579,103_1_0,0
8916,103_1_0,0
7952,103_1_0,0
8562,103_1_0,0
7376,103_1_0,0
12772,103_1_0,0
12244,103_1_0,0
12781,103_1_0,0
8161,103_1_0,0
11651,103_1_0,0
11654,103_1_0,0
12955,103_1_0,0
11242,103_1_0,0
7008,103_1_0,0
12954,103_1_0,0
11437,103_1_0,0
232,101_1_1,0
6444,101_1_1,0
5938,101_1_1,0
5019,101_1_1,0
590,101_1_1,0
4812,101_1_1,0
3732,101_1_1,0
414,101_1_1,0
234,101_1_1,0
4815,101_1_1,0
1672,101_1_1,0
422,101_1_1,0
11423,116_3_0,0
11632,116_3_0,0
18189,116_3_0,0
17819,116_3_0,0
17995,116_3_0,0
17994,116_3_0,0
17817,116_3_0,0
38224,116_3_0,0
38023,116_3_0,0
112405,116_3_0,0
44772,116_3_0,0
44774,116_3_0,0
45317,116_3_0,0
44963,116_3_0,0
45141,116_3_0,0
44965,116_3_0,0
11224,116_3_0,0
11022,116_3_0,0
11023,116_3_0,0
11638,116_3_0,0
11029,116_3_0,0
11637,116_3_0,0
11218,116_3_0,0
31250,116_3_0,0
38580,116_3_0,0
44962,116_3_0,0
4275,116_3_0,0
4639,116_3_0,0
4640,116_3_0,0
11025,116_3_0,0
11420,116_3_0,0
11020,116_3_0,0
11635,116_3_0,0
11028,116_3_0,0
11422,116_3_0,0
24676,116_3_0,0
24499,116_3_0,0
24848,116_3_0,0
31441,116_3_0,0
31249,116_3_0,0
38022,116_3_0,0
38227,116_3_0,0
45147,116_3_0,0
45323,116_3_0,0
44977,116_3_0,0
45324,116_3_0,0
44775,116_3_0,0
47930,116_3_0,0
50171,116_3_0,0
48736,116_3_0,0
52952,116_3_0,0
51521,116_3_0,0
47365,116_3_0,0
47744,116_3_0,0
49456,116_3_0,0
49095,116_3_0,0
52402,116_3_0,0
51324,116_3_0,0
118983,213_2_0,0
116903,213_2_0,0
115466,213_2_0,0
119358,213_2_0,0
115636,213_2_0,0
119361,213_2_0,0
114895,213_2_0,0
115997,213_2_0,0
116904,213_2_0,0
115468,213_2_0,0
119362,213_2_0,0
120667,213_2_0,0
120264,213_2_0,0
114897,213_2_0,0
114696,213_2_0,0
115634,213_2_0,0
119359,213_2_0,0
120470,213_2_0,0
118986,213_2_0,0
117277,213_2_0,0
44595,116_3_1,0
37832,116_3_1,0
30627,110_1_0,0
30255,110_1_0,0
29323,110_1_0,0
32368,110_1_0,0
15373,105_1_1,0
19860,105_1_1,0
15372,105_1_1,0
18569,105_1_1,0
17081,105_1_1,0
13667,105_1_1,0
14264,105_1_1,0
16556,105_1_1,0
154915,310_3_1,0
156538,310_3_1,0
155255,310_3_1,0
155801,310_3_1,0
155800,310_3_1,0
157627,310_3_1,0
156007,310_3_1,0
158035,310_3_1,0
155804,310_3_1,0
156910,310_3_1,0
158807,310_3_1,0
155080,310_3_1,0
154723,310_3_1,0
157088,310_3_1,0
158984,310_3_1,0
160835,310_3_1,0
160475,310_3_1,0
156909,310_3_1,0
157275,310_3_1,0
157431,310_3_1,0
159158,310_3_1,0
155439,310_3_1,0
156543,310_3_1,0
157274,310_3_1,0
160263,310_3_1,0
156547,310_3_1,0
154539,310_3_1,0
154532,310_3_1,0
155441,310_3_1,0
157825,310_3_1,0
160073,310_3_1,0
156347,310_3_1,0
158038,310_3_1,0
155799,310_3_1,0
158804,310_3_1,0
160066,310_3_1,0
159155,310_3_1,0
155608,310_3_1,0
158450,310_3_1,0
155607,310_3_1,0
159501,310_3_1,0
157434,310_3_1,0
155436,310_3_1,0
161012,310_3_1,0
155802,310_3_1,0
156005,310_3_1,0
156719,310_3_1,0
158247,310_3_1,0
157630,310_3_1,0
156002,310_3_1,0
156542,310_3_1,0
24856,108_1_0,0
21904,108_1_0,0
25603,108_1_0,0
24502,108_1_0,0
20228,108_1_0,0
21896,108_1_0,0
26699,108_1_0,0
20226,108_1_0,0
22621,108_1_0,0
25411,108_1_0,0
26528,108_1_0,0
157415,208_2_0,0
157428,208_2_0,0
157422,208_2_0,0
144124,208_2_0,0
144127,208_2_0,0
197700,208_2_0,0
197711,208_2_0,0
197703,208_2_0,0
197713,208_2_0,0
197712,208_2_0,0
105700,208_2_0,0
104386,208_2_0,0
103052,208_2_0,0
106650,208_2_0,0
101523,208_2_0,0
16732,105_1_0,0
19112,105_1_0,0
16175,105_1_0,0
16364,105_1_0,0
18937,105_1_0,0
14451,105_1_0,0
15773,105_1_0,0
15776,105_1_0,0
112594,210_2_1,0
112407,210_2_1,0
113916,210_2_1,0
108531,210_2_1,0
111065,210_2_1,0
108717,210_2_1,0
111261,210_2_1,0
108351,210_2_1,0
113329,210_2_1,0
113148,210_2_1,0
109641,210_2_1,0
109448,210_2_1,0
110541,210_2_1,0
109249,210_2_1,0
112214,210_2_1,0
110702,210_2_1,0
109449,210_2_1,0
113151,210_2_1,0
113540,210_2_1,0
113336,210_2_1,0
111647,210_2_1,0
112773,210_2_1,0
111260,210_2_1,0
107769,210_2_1,0
111061,210_2_1,0
112947,210_2_1,0
108720,210_2_1,0
110878,210_2_1,0
110362,210_2_1,0
113533,210_2_1,0
111479,210_2_1,0
111851,210_2_1,0
113738,210_2_1,0
110174,210_2_1,0
110697,210_2_1,0
8560,103_1_1,0
12779,103_1_1,0
9672,103_1_1,0
6655,103_1_1,0
10630,103_1_1,0
7375,103_1_1,0
9121,103_1_1,0
9300,103_1_1,0
10068,103_1_1,0
8381,103_1_1,0
12778,103_1_1,0
8160,103_1_1,0
11860,103_1_1,0
9486,103_1_1,0
12425,103_1_1,0
9666,103_1_1,0
8915,103_1_1,0
9673,103_1_1,0
12424,103_1_1,0
12046,103_1_1,0
111625,208_3_0,0
111624,208_3_0,0
111626,208_3_0,0
111623,208_3_0,0
88936,208_3_0,0
91814,208_3_0,0
89447,208_3_0,0
91817,208_3_0,0
88738,208_3_0,0
89257,208_3_0,0
88927,208_3_0,0
89100,208_3_0,0
91815,208_3_0,0
92182,208_3_0,0
91625,208_3_0,0
91985,208_3_0,0
91988,208_3_0,0
92183,208_3_0,0
89261,208_3_0,0
91986,208_3_0,0
89264,208_3_0,0
88929,208_3_0,0
88928,208_3_0,0
88937,208_3_0,0
88935,208_3_0,0
89442,208_3_0,0
89105,208_3_0,0
88734,208_3_0,0
91816,208_3_0,0
91990,208_3_0,0
89102,208_3_0,0
91984,208_3_0,0
89260,208_3_0,0
89444,208_3_0,0
91468,208_3_0,0
89103,208_3_0,0
98695,208_3_0,0
98880,208_3_0,0
98515,208_3_0,0
95686,208_3_0,0
98517,208_3_0,0
95328,208_3_0,0
98128,208_3_0,0
96084,208_3_0,0
95887,208_3_0,0
95687,208_3_0,0
95515,208_3_0,0
98514,208_3_0,0
96085,208_3_0,0
98691,208_3_0,0
98134,208_3_0,0
98886,208_3_0,0
95339,208_3_0,0
98333,208_3_0,0
95894,208_3_0,0
98520,208_3_0,0
95693,208_3_0,0
98336,208_3_0,0
96091,208_3_0,0
98331,208_3_0,0
95697,208_3_0,0
95338,208_3_0,0
96092,208_3_0,0
95892,208_3_0,0
95692,208_3_0,0
111627,208_3_0,0
104933,208_3_0,0
106820,208_3_0,0
106821,208_3_0,0
105300,208_3_0,0
102286,208_3_0,0
100770,208_3_0,0
101920,208_3_0,0
22622,108_4_0,0
25604,108_4_0,0
24501,108_4_0,0
23583,108_4_0,0
22999,108_4_0,0
25233,108_4_0,0
26527,108_4_0,0
21719,108_4_0,0
44213,113_1_0,0
42936,113_1_0,0
40846,113_1_0,0
46230,113_1_0,0
46404,113_1_0,0
43656,113_1_0,0
40649,113_1_0,0
45663,113_1_0,0
44212,113_1_0,0
42744,113_1_0,0
46792,113_1_0,0
40651,113_1_0,0
42741,113_1_0,0
46227,113_1_0,0
45489,113_1_0,0
204045,918_4_0,0
204734,918_4_0,0
203683,918_4_0,0
203300,918_4_0,0
206971,918_4_0,0
205090,918_4_0,0
206592,918_4_0,0
206028,918_4_0,0
205267,918_4_0,0
205641,918_4_0,0
204210,918_4_0,0
205848,918_4_0,0
202942,918_4_0,0
202025,918_4_0,0
201657,918_4_0,0
207333,918_4_0,0
203517,918_4_0,0
203120,918_4_0,0
207695,918_4_0,0
204047,918_4_0,0
204565,918_4_0,0
207892,918_4_0,0
202193,918_4_0,0
206595,918_4_0,0
199571,305_3_0,0
196063,305_3_0,0
196065,305_3_0,0
197367,305_3_0,0
199781,305_3_0,0
197720,305_3_0,0
199412,305_3_0,0
196991,305_3_0,0
197716,305_3_0,0
199413,305_3_0,0
196992,305_3_0,0
197184,305_3_0,0
196064,305_3_0,0
199404,305_3_0,0
197717,305_3_0,0
199570,305_3_0,0
199033,305_3_0,0
196996,305_3_0,0
199572,305_3_0,0
199219,305_3_0,0
199213,305_3_0,0
196993,305_3_0,0
196066,305_3_0,0
196989,305_3_0,0
199218,305_3_0,0
199031,305_3_0,0
196990,305_3_0,0
199217,305_3_0,0
199779,305_3_0,0
199214,305_3_0,0
197181,305_3_0,0
199408,305_3_0,0
196061,305_3_0,0
196062,305_3_0,0
197535,305_3_0,0
199410,305_3_0,0
196995,305_3_0,0
197715,305_3_0,0
199032,305_3_0,0
199568,305_3_0,0
22624,305_3_0,0
149416,305_3_0,0
150538,305_3_0,0
150316,305_3_0,0
150888,305_3_0,0
151088,305_3_0,0
152361,305_3_0,0
148650,305_3_0,0
151085,305_3_0,0
151087,305_3_0,0
153442,305_3_0,0
150892,305_3_0,0
152152,305_3_0,0
152550,305_3_0,0
150313,305_3_0,0
152551,305_3_0,0
153614,305_3_0,0
148460,305_3_0,0
147895,305_3_0,0
151981,305_3_0,0
152153,305_3_0,0
150320,305_3_0,0
149967,305_3_0,0
149008,305_3_0,0
150323,305_3_0,0
151816,305_3_0,0
149415,305_3_0,0
2799,101_1_0,0
3529,101_1_0,0
4475,101_1_0,0
6107,101_1_0,0
1322,101_1_0,0
6271,101_1_0,0
2043,101_1_0,0
5021,101_1_0,0
4652,101_1_0,0
3521,101_1_0,0
4289,101_1_0,0
4653,101_1_0,0
1323,101_1_0,0
5192,108_4_1,0
24330,108_4_1,0
25793,108_4_1,0
20584,108_4_1,0
21340,108_4_1,0
20225,108_4_1,0
24861,108_4_1,0
39716,111_1_1,0
38034,111_1_1,0
35163,111_1_1,0
34624,111_1_1,0
35749,111_1_1,0
33839,111_1_1,0
33649,111_1_1,0
39351,111_1_1,0
39532,111_1_1,0
34217,111_1_1,0
35341,111_1_1,0
35533,111_1_1,0
33647,111_1_1,0
33845,111_1_1,0
38029,111_1_1,0
36505,111_1_1,0
39717,111_1_1,0
40078,111_1_1,0
36307,111_1_1,0
35167,111_1_1,0
38964,111_1_1,0
36155,111_1_1,0
37080,111_1_1,0
33846,111_1_1,0
23383,108_4_0,0
25607,108_4_0,0
157620,116_1_1,0
155602,116_1_1,0
157822,116_1_1,0
157618,116_1_1,0
157823,116_1_1,0
158241,116_1_1,0
155252,116_1_1,0
49092,116_1_1,0
48733,116_1_1,0
49638,116_1_1,0
48305,116_1_1,0
50728,116_1_1,0
52027,116_1_1,0
48734,116_1_1,0
47932,116_1_1,0
47933,116_1_1,0
50930,116_1_1,0
47558,116_1_1,0
48730,116_1_1,0
49452,116_1_1,0
47743,116_1_1,0
47926,116_1_1,0
48735,116_1_1,0
48934,116_1_1,0
51140,116_1_1,0
52024,116_1_1,0
50729,116_1_1,0
51326,116_1_1,0
50177,116_1_1,0
156706,208_2_1,0
156704,208_2_1,0
156900,208_2_1,0
8720,208_2_1,0
8896,208_2_1,0
8722,208_2_1,0
8899,208_2_1,0
8895,208_2_1,0
9102,208_2_1,0
8723,208_2_1,0
8893,208_2_1,0
8900,208_2_1,0
15544,208_2_1,0
15541,208_2_1,0
143388,208_2_1,0
143773,208_2_1,0
143574,208_2_1,0
143393,208_2_1,0
143770,208_2_1,0
143573,208_2_1,0
143572,208_2_1,0
143571,208_2_1,0
197362,208_2_1,0
197369,208_2_1,0
197183,208_2_1,0
22439,208_2_1,0
22614,208_2_1,0
150540,208_2_1,0
102090,208_2_1,0
102862,208_2_1,0
106825,208_2_1,0
107014,208_2_1,0
106827,208_2_1,0
103053,208_2_1,0
104388,208_2_1,0
104387,208_2_1,0
101148,208_2_1,0
103054,208_2_1,0
106829,208_2_1,0
106252,208_2_1,0
101324,208_2_1,0
105303,208_2_1,0
103055,208_2_1,0
107010,208_2_1,0
102675,208_2_1,0
146228,305_4_1,0
146230,305_4_1,0
146229,305_4_1,0
146417,305_4_1,0
146415,305_4_1,0
149010,305_4_1,0
151813,305_4_1,0
151978,305_4_1,0
153611,305_4_1,0
152359,305_4_1,0
154340,305_4_1,0
149963,305_4_1,0
153785,305_4_1,0
151814,305_4_1,0
148283,305_4_1,0
151086,305_4_1,0
152151,305_4_1,0
59253,119_1_1,0
54924,119_1_1,0
57721,119_1_1,0
57719,119_1_1,0
56390,119_1_1,0
54395,119_1_1,0
57725,119_1_1,0
55298,119_1_1,0
56770,119_1_1,0
57717,119_1_1,0
59037,119_1_1,0
56579,119_1_1,0
58099,119_1_1,0
57720,119_1_1,0
57716,119_1_1,0
59661,119_1_1,0
60225,119_1_1,0
57718,119_1_1,0
54399,119_1_1,0
59254,119_1_1,0
55644,119_1_1,0
56196,119_1_1,0
57127,119_1_1,0
57126,119_1_1,0
55649,119_1_1,0
59665,119_1_1,0
56389,119_1_1,0
59869,119_1_1,0
55294,119_1_1,0
56776,119_1_1,0
59663,119_1_1,0
57914,119_1_1,0
54063,119_1_1,0
55829,119_1_1,0
59038,119_1_1,0
56194,119_1_1,0
57131,119_1_1,0
56191,119_1_1,0
54759,119_1_1,0
54060,119_1_1,0
56773,119_1_1,0
59670,119_1_1,0
59457,119_1_1,0
60055,119_1_1,0
56957,119_1_1,0
60056,119_1_1,0
56954,119_1_1,0
55301,119_1_1,0
60231,119_1_1,0
61730,122_1_0,0
61734,122_1_0,0
60785,122_1_0,0
66240,122_1_0,0
66626,122_1_0,0
64304,122_1_0,0
65846,122_1_0,0
67152,122_1_0,0
62297,122_1_0,0
65850,122_1_0,0
67150,122_1_0,0
66073,122_1_0,0
62665,122_1_0,0
61347,122_1_0,0
61919,122_1_0,0
67154,122_1_0,0
65237,122_1_0,0
65436,122_1_0,0
62480,122_1_0,0
62664,122_1_0,0
63762,122_1_0,0
66242,122_1_0,0
62293,122_1_0,0
63573,122_1_0,0
66076,122_1_0,0
60791,122_1_0,0
62866,122_1_0,0
65852,122_1_0,0
67155,122_1_0,0
62102,122_1_0,0
62107,122_1_0,0
65853,122_1_0,0
62474,122_1_0,0
64124,122_1_0,0
61729,122_1_0,0
63388,122_1_0,0
65438,122_1_0,0
63942,122_1_0,0
66800,122_1_0,0
63223,122_1_0,0
66990,122_1_0,0
64303,122_1_0,0
65626,122_1_0,0
66238,122_1_0,0
62103,122_1_0,0
66415,122_1_0,0
63941,122_1_0,0
64892,122_1_0,0
66989,122_1_0,0
65238,122_1_0,0
66988,122_1_0,0
66627,122_1_0,0
66241,122_1_0,0
66991,122_1_0,0
66798,122_1_0,0
60605,122_1_0,0
62473,122_1_0,0
65058,122_1_0,0
63054,122_1_0,0
64502,122_1_0,0
61733,122_1_0,0
64893,122_1_0,0
63055,122_1_0,0
63387,122_1_0,0
62477,122_1_0,0
64503,122_1_0,0
63759,122_1_0,0
63574,122_1_0,0
63758,122_1_0,0
62295,122_1_0,0
63225,122_1_0,0
64703,122_1_0,0
62104,122_1_0,0
65441,122_1_0,0
63221,122_1_0,0
64706,122_1_0,0
65847,122_1_0,0
67151,122_1_0,0
64123,122_1_0,0
62478,122_1_0,0
62105,122_1_0,0
62294,122_1_0,0
65059,122_1_0,0
89450,204_2_0,0
93887,204_2_0,0
88377,204_2_0,0
90188,204_2_0,0
92361,204_2_0,0
88375,204_2_0,0
87632,204_2_0,0
93518,204_2_0,0
89825,204_2_0,0
90558,204_2_0,0
91632,204_2_0,0
88565,204_2_0,0
87635,204_2_0,0
87789,204_2_0,0
92739,204_2_0,0
90919,204_2_0,0
92190,204_2_0,0
91472,204_2_0,0
88940,204_2_0,0
93517,204_2_0,0
92363,204_2_0,0
91819,204_2_0,0
91111,204_2_0,0
90008,204_2_0,0
90732,204_2_0,0
88183,204_2_0,0
90186,204_2_0,0
90383,204_2_0,0
91630,204_2_0,0
88942,204_2_0,0
87971,204_2_0,0
90191,204_2_0,0
92930,204_2_0,0
91629,204_2_0,0
87788,204_2_0,0
90190,204_2_0,0
10285,113_2_0,0
9663,113_2_0,0
44971,113_2_0,0
40455,113_2_0,0
46228,113_2_0,0
46229,113_2_0,0
41574,113_2_0,0
44779,113_2_0,0
41006,113_2_0,0
44975,113_2_0,0
8738,103_1_0,0
9881,103_1_0,0
7951,103_1_0,0
8917,103_1_0,0
7954,103_1_0,0
7557,103_1_0,0
11241,103_1_0,0
8380,103_1_0,0
7750,103_1_0,0
7559,103_1_0,0
13292,103_1_0,0
7950,103_1_0,0
10067,103_1_0,0
9670,103_1_0,0
13297,103_1_0,0
7955,103_1_0,0
6651,103_1_0,0
10454,103_1_0,0
10833,103_1_0,0
10459,103_1_0,0
5940,101_1_1,0
5197,101_1_1,0
5559,101_1_1,0
761,101_1_1,0
5391,101_1_1,0
415,101_1_1,0
3736,101_1_1,0
6441,101_1_1,0
5560,101_1_1,0
3156,101_1_1,0
5563,101_1_1,0
3337,101_1_1,0
6443,101_1_1,0
47178,116_1_0,0
48507,116_1_0,0
53120,116_1_0,0
38769,111_1_0,0
35745,111_1_0,0
37254,111_1_0,0
33847,111_1_0,0
37657,111_1_0,0
34620,111_1_0,0
37653,111_1_0,0
38232,111_1_0,0
37458,111_1_0,0
38587,111_1_0,0
35166,111_1_0,0
38963,111_1_0,0
35535,111_1_0,0
38591,111_1_0,0
38772,111_1_0,0
34033,111_1_0,0
40074,111_1_0,0
9469,113_2_1,0
84118,202_2_1,0
81187,202_2_1,0
84908,202_2_1,0
81914,202_2_1,0
81188,202_2_1,0
82278,202_2_1,0
85849,202_2_1,0
86930,202_2_1,0
86601,202_2_1,0
84527,202_2_1,0
83150,202_2_1,0
81916,202_2_1,0
81918,202_2_1,0
83919,202_2_1,0
80845,202_2_1,0
82952,202_2_1,0
87280,202_2_1,0
82090,202_2_1,0
83531,202_2_1,0
85282,202_2_1,0
85651,202_2_1,0
82084,202_2_1,0
85283,202_2_1,0
84711,202_2_1,0
84910,202_2_1,0
84525,202_2_1,0
84712,202_2_1,0
81186,202_2_1,0
82447,202_2_1,0
81011,202_2_1,0
86927,202_2_1,0
80848,202_2_1,0
85486,202_2_1,0
83736,202_2_1,0
80849,202_2_1,0
86202,202_2_1,0
87278,202_2_1,0
85094,202_2_1,0
83525,202_2_1,0
84530,202_2_1,0
80850,202_2_1,0
86754,202_2_1,0
86024,202_2_1,0
82955,202_2_1,0
81912,202_2_1,0
82791,202_2_1,0
87279,202_2_1,0
86928,202_2_1,0
85285,202_2_1,0
81017,202_2_1,0
86408,202_2_1,0
81014,202_2_1,0
87101,202_2_1,0
81371,202_2_1,0
81550,202_2_1,0
81373,202_2_1,0
86605,202_2_1,0
81190,202_2_1,0
86602,202_2_1,0
82276,202_2_1,0
84708,202_2_1,0
85092,202_2_1,0
84117,202_2_1,0
85284,202_2_1,0
85489,202_2_1,0
81551,202_2_1,0
84529,202_2_1,0
86026,202_2_1,0
81913,202_2_1,0
82086,202_2_1,0
82446,202_2_1,0
81915,202_2_1,0
87281,202_2_1,0
86606,202_2_1,0
84710,202_2_1,0
81013,202_2_1,0
85286,202_2_1,0
84911,202_2_1,0
83918,202_2_1,0
81750,202_2_1,0
83527,202_2_1,0
85488,202_2_1,0
84909,202_2_1,0
86604,202_2_1,0
84116,202_2_1,0
80846,202_2_1,0
82789,202_2_1,0
82449,202_2_1,0
81547,202_2_1,0
83151,202_2_1,0
83735,202_2_1,0
84709,202_2_1,0
83530,202_2_1,0
86023,202_2_1,0
81549,202_2_1,0
86407,202_2_1,0
85650,202_2_1,0
81751,202_2_1,0
86025,202_2_1,0
82601,202_2_1,0
87277,202_2_1,0
82599,202_2_1,0
85487,202_2_1,0
81015,202_2_1,0
86208,202_2_1,0
86757,202_2_1,0
82448,202_2_1,0
87285,202_2_1,0
87284,202_2_1,0
87098,202_2_1,0
87100,202_2_1,0
84524,202_2_1,0
87099,202_2_1,0
86932,202_2_1,0
81189,202_2_1,0
83732,202_2_1,0
82598,202_2_1,0
83532,202_2_1,0
86929,202_2_1,0
82793,202_2_1,0
83920,202_2_1,0
81370,202_2_1,0
86207,202_2_1,0
82091,202_2_1,0
84906,202_2_1,0
83332,202_2_1,0
86201,202_2_1,0
83329,202_2_1,0
82602,202_2_1,0
84523,202_2_1,0
86206,202_2_1,0
83734,202_2_1,0
82275,202_2_1,0
85850,202_2_1,0
83526,202_2_1,0
87282,202_2_1,0
82089,202_2_1,0
86406,202_2_1,0
146424,303_3_1,0
147169,303_3_1,0
145442,303_3_1,0
145650,303_3_1,0
142482,303_3_1,0
144880,303_3_1,0
144691,303_3_1,0
143212,303_3_1,0
143962,303_3_1,0
143401,303_3_1,0
147336,303_3_1,0
142480,303_3_1,0
141529,303_3_1,0
141528,303_3_1,0
145236,303_3_1,0
141194,303_3_1,0
146787,303_3_1,0
147731,303_3_1,0
144881,303_3_1,0
147332,303_3_1,0
143397,303_3_1,0
146785,303_3_1,0
145645,303_3_1,0
141189,303_3_1,0
147170,303_3_1,0
145844,303_3_1,0
143585,303_3_1,0
143398,303_3_1,0
144694,303_3_1,0
146421,303_3_1,0
142284,303_3_1,0
144879,303_3_1,0
142282,303_3_1,0
144514,303_3_1,0
143402,303_3_1,0
144877,303_3_1,0
141526,303_3_1,0
143025,303_3_1,0
141190,303_3_1,0
141895,303_3_1,0
141192,303_3_1,0
145078,303_3_1,0
141893,303_3_1,0
141376,303_3_1,0
142084,303_3_1,0
30628,110_1_1,0
28348,110_1_1,0
28152,110_1_1,0
32747,110_1_1,0
27781,110_1_1,0
32367,110_1_1,0
33259,110_1_1,0
30058,110_1_1,0
31034,110_1_1,0
32538,110_1_1,0
33258,110_1_1,0
27065,110_1_1,0
30254,110_1_1,0
28764,110_1_1,0
30629,110_1_1,0
28347,110_1_1,0
30817,110_1_1,0
29522,110_1_1,0
33256,110_1_1,0
26875,110_1_1,0
27971,110_1_1,0
28153,110_1_1,0
32744,110_1_1,0
28956,110_1_1,0
27972,110_1_1,0
27969,110_1_1,0
196261,913_4_1,0
197195,913_4_1,0
198872,913_4_1,0
197004,913_4_1,0
198269,913_4_1,0
199037,913_4_1,0
197003,913_4_1,0
200714,913_4_1,0
199036,913_4_1,0
195155,913_4_1,0
199971,913_4_1,0
196255,913_4_1,0
195154,913_4_1,0
194776,913_4_1,0
194777,913_4_1,0
200715,913_4_1,0
200349,913_4_1,0
197542,913_4_1,0
197374,913_4_1,0
199418,913_4_1,0
195873,913_4_1,0
199225,913_4_1,0
197722,913_4_1,0
198484,913_4_1,0
198663,913_4_1,0
196072,913_4_1,0
199574,913_4_1,0
196444,913_4_1,0
197002,913_4_1,0
196999,913_4_1,0
195151,913_4_1,0
197005,913_4_1,0
197726,913_4_1,0
199973,913_4_1,0
199576,913_4_1,0
199969,913_4_1,0
201091,913_4_1,0
200533,913_4_1,0
196254,913_4_1,0
197187,913_4_1,0
198052,913_4_1,0
199417,913_4_1,0
198050,913_4_1,0
198660,913_4_1,0
196631,913_4_1,0
32539,110_1_0,0
27266,110_1_0,0
28955,110_1_0,0
33448,110_1_0,0
30057,110_1_0,0
30813,110_1_0,0
29134,110_1_0,0
26878,110_1_0,0
31985,110_1_0,0
31032,110_1_0,0
120076,213_2_0,0
118423,213_2_0,0
114301,213_2_0,0
116347,213_2_0,0
118810,213_2_0,0
119708,213_2_0,0
118813,213_2_0,0
117673,213_2_0,0
114698,213_2_0,0
116902,213_2_0,0
119356,213_2_0,0
115277,213_2_0,0
116715,213_2_0,0
117850,213_2_0,0
114496,213_2_0,0
120260,213_2_0,0
115635,213_2_0,0
117278,213_2_0,0
120854,213_2_0,0
119360,213_2_0,0
114297,213_2_0,0
118984,213_2_0,0
119185,213_2_0,0
118034,213_2_0,0
120852,213_2_0,0
114499,213_2_0,0
115080,213_2_0,0
120261,213_2_0,0
115996,213_2_0,0
116716,213_2_0,0
114300,213_2_0,0
115832,213_2_0,0
117676,213_2_0,0
118425,213_2_0,0
116521,213_2_0,0
118038,213_2_0,0
117847,213_2_0,0
120075,213_2_0,0
119705,213_2_0,0
120663,213_2_0,0
14854,105_1_1,0
15777,105_1_1,0
18758,105_1_1,0
16365,105_1_1,0
17281,105_1_1,0
16741,105_1_1,0
13876,105_1_1,0
17084,105_1_1,0
18936,105_1_1,0
14458,105_1_1,0
16554,105_1_1,0
17286,105_1_1,0
16176,105_1_1,0
16739,105_1_1,0
17628,105_1_1,0
14263,105_1_1,0
16555,105_1_1,0
18008,105_1_1,0
19490,105_1_1,0
19111,105_1_1,0
19305,105_1_1,0
16180,105_1_1,0
16901,105_1_1,0
15553,105_1_1,0
17829,105_1_1,0
14657,105_1_1,0
16173,105_1_1,0
18005,105_1_1,0
20767,108_1_1,0
24149,108_1_1,0
22080,108_1_1,0
22082,108_1_1,0
21536,108_1_1,0
20970,108_1_1,0
23581,108_1_1,0
21901,108_1_1,0
24689,108_1_1,0
26331,108_1_1,0
21723,108_1_1,0
25416,108_1_1,0
22446,108_1_1,0
23582,108_1_1,0
6436,108_4_0,0
6263,108_4_0,0
6265,108_4_0,0
12576,108_4_0,0
13285,108_4_0,0
12421,108_4_0,0
205459,918_4_0,0
206974,918_4_0,0
203121,918_4_0,0
203515,918_4_0,0
203303,918_4_0,0
202195,918_4_0,0
206027,918_4_0,0
206590,918_4_0,0
205462,918_4_0,0
204046,918_4_0,0
207503,918_4_0,0
207698,918_4_0,0
205846,918_4_0,0
207699,918_4_0,0
202027,918_4_0,0
202567,918_4_0,0
202196,918_4_0,0
206029,918_4_0,0
201476,918_4_0,0
206388,918_4_0,0
203857,918_4_0,0
203302,918_4_0,0
207501,918_4_0,0
206030,918_4_0,0
204733,918_4_0,0
175048,325_3_1,0
177361,325_3_1,0
180720,325_3_1,0
179807,325_3_1,0
177543,325_3_1,0
178136,325_3_1,0
180178,325_3_1,0
180369,325_3_1,0
180539,325_3_1,0
180180,325_3_1,0
176046,325_3_1,0
177917,325_3_1,0
180537,325_3_1,0
174679,325_3_1,0
177717,325_3_1,0
177365,325_3_1,0
175253,325_3_1,0
177542,325_3_1,0
179217,325_3_1,0
178664,325_3_1,0
176809,325_3_1,0
175047,325_3_1,0
176807,325_3_1,0
179594,325_3_1,0
179810,325_3_1,0
176644,325_3_1,0
177713,325_3_1,0
180714,325_3_1,0
180718,325_3_1,0
180715,325_3_1,0
179989,325_3_1,0
176439,325_3_1,0
179405,325_3_1,0
178836,325_3_1,0
176438,325_3_1,0
179816,325_3_1,0
175844,325_3_1,0
179409,325_3_1,0
177920,325_3_1,0
180717,325_3_1,0
179214,325_3_1,0
179404,325_3_1,0
175044,325_3_1,0
175842,325_3_1,0
179015,325_3_1,0
177721,325_3_1,0
176235,325_3_1,0
179592,325_3_1,0
177711,325_3_1,0
178669,325_3_1,0
175458,325_3_1,0
178134,325_3_1,0
178130,325_3_1,0
112588,210_2_1,0
113330,210_2_1,0
107563,210_2_1,0
112950,210_2_1,0
113539,210_2_1,0
111641,210_2_1,0
107772,210_2_1,0
113334,210_2_1,0
109450,210_2_1,0
112213,210_2_1,0
112591,210_2_1,0
110700,210_2_1,0
107562,210_2_1,0
109636,210_2_1,0
108152,210_2_1,0
113146,210_2_1,0
108716,210_2_1,0
112027,210_2_1,0
112033,210_2_1,0
113742,210_2_1,0
111474,210_2_1,0
114112,210_2_1,0
113150,210_2_1,0
110367,210_2_1,0
107773,210_2_1,0
109057,210_2_1,0
107560,210_2_1,0
108528,210_2_1,0
108155,210_2_1,0
111644,210_2_1,0
111852,210_2_1,0
108349,210_2_1,0
112030,210_2_1,0
112951,210_2_1,0
113535,210_2_1,0
113331,210_2_1,0
7561,103_1_1,0
8561,103_1_1,0
10455,103_1_1,0
12773,103_1_1,0
7946,103_1_1,0
12582,103_1_1,0
11240,103_1_1,0
9882,103_1_1,0
8739,103_1_1,0
11650,103_1_1,0
7756,103_1_1,0
7373,103_1_1,0
9126,103_1_1,0
95334,206_2_1,0
94269,206_2_1,0
100406,206_2_1,0
98522,206_2_1,0
94071,206_2_1,0
98887,206_2_1,0
95703,206_2_1,0
94593,206_2_1,0
100185,206_2_1,0
98334,206_2_1,0
96273,206_2_1,0
94776,206_2_1,0
98697,206_2_1,0
94442,206_2_1,0
96612,206_2_1,0
100188,206_2_1,0
95148,206_2_1,0
95699,206_2_1,0
96087,206_2_1,0
100606,206_2_1,0
94072,206_2_1,0
95341,206_2_1,0
96787,206_2_1,0
97164,206_2_1,0
95895,206_2_1,0
97580,206_2_1,0
97770,206_2_1,0
97771,206_2_1,0
94594,206_2_1,0
97966,206_2_1,0
94077,206_2_1,0
95891,206_2_1,0
95694,206_2_1,0
98131,206_2_1,0
95521,206_2_1,0
97158,206_2_1,0
100401,206_2_1,0
99054,206_2_1,0
98136,206_2_1,0
100399,206_2_1,0
99060,206_2_1,0
95337,206_2_1,0
99992,206_2_1,0
98133,206_2_1,0
94597,206_2_1,0
95893,206_2_1,0
99596,206_2_1,0
94268,206_2_1,0
97165,206_2_1,0
100187,206_2_1,0
97583,206_2_1,0
97163,206_2_1,0
99059,206_2_1,0
98332,206_2_1,0
94780,206_2_1,0
100189,206_2_1,0
100605,206_2_1,0
97965,206_2_1,0
99063,206_2_1,0
99804,206_2_1,0
99597,206_2_1,0
99058,206_2_1,0
99600,206_2_1,0
96270,206_2_1,0
96088,206_2_1,0
99802,206_2_1,0
99801,206_2_1,0
98521,206_2_1,0
95150,206_2_1,0
96986,206_2_1,0
95343,206_2_1,0
99251,206_2_1,0
94970,206_2_1,0
96090,206_2_1,0
95696,206_2_1,0
97377,206_2_1,0
94070,206_2_1,0
100191,206_2_1,0
100398,206_2_1,0
94775,206_2_1,0
98696,206_2_1,0
96611,206_2_1,0
95340,206_2_1,0
95702,206_2_1,0
95523,206_2_1,0
97159,206_2_1,0
98518,206_2_1,0
96790,206_2_1,0
97157,206_2_1,0
97162,206_2_1,0
96786,206_2_1,0
98135,206_2_1,0
97963,206_2_1,0
97585,206_2_1,0
97582,206_2_1,0
98132,206_2_1,0
98335,206_2_1,0
97584,206_2_1,0
99248,206_2_1,0
96271,206_2_1,0
96272,206_2_1,0
95701,206_2_1,0
96988,206_2_1,0
94777,206_2_1,0
96791,206_2_1,0
99599,206_2_1,0
94067,206_2_1,0
94074,206_2_1,0
95335,206_2_1,0
99800,206_2_1,0
97964,206_2_1,0
95698,206_2_1,0
100402,206_2_1,0
97373,206_2_1,0
98519,206_2_1,0
96990,206_2_1,0
243302,928_4_0,2
246446,928_4_0,2
245147,928_4_0,2
246445,928_4_0,2
243304,928_4_0,2
243478,928_4_0,2
246822,928_4_0,2
244418,928_4_0,2
247364,928_4_0,2
246825,928_4_0,2
243885,928_4_0,2
245882,928_4_0,2
246063,928_4_0,2
242026,928_4_0,2
245327,928_4_0,2
246993,928_4_0,2
245325,928_4_0,2
246066,928_4_0,2
244966,928_4_0,2
244416,928_4_0,2
242025,928_4_0,2
245332,928_4_0,2
243686,928_4_0,2
245326,928_4_0,2
247538,928_4_0,2
186067,329_3_0,0
186599,329_3_0,0
182564,329_3_0,0
182007,329_3_0,0
183301,329_3_0,0
183472,329_3_0,0
182198,329_3_0,0
185317,329_3_0,0
182925,329_3_0,0
184556,329_3_0,0
183837,329_3_0,0
185851,329_3_0,0
186069,329_3_0,0
182194,329_3_0,0
184558,329_3_0,0
184371,329_3_0,0
185504,329_3_0,0
182006,329_3_0,0
184001,329_3_0,0
186414,329_3_0,0
182562,329_3_0,0
184176,329_3_0,0
186412,329_3_0,0
182923,329_3_0,0
185139,329_3_0,0
183471,329_3_0,0
182001,329_3_0,0
185141,329_3_0,0
181439,329_3_0,0
186417,329_3_0,0
187498,329_3_0,0
184178,329_3_0,0
186988,329_3_0,0
183302,329_3_0,0
187168,329_3_0,0
182557,329_3_0,0
185502,329_3_0,0
185142,329_3_0,0
184369,329_3_0,0
183119,329_3_0,0
187172,329_3_0,0
187500,329_3_0,0
184550,329_3_0,0
182192,329_3_0,0
184375,329_3_0,0
183836,329_3_0,0
184943,329_3_0,0
184557,329_3_0,0
183120,329_3_0,0
183306,329_3_0,0
181819,329_3_0,0
181440,329_3_0,0
183641,329_3_0,0
181818,329_3_0,0
186254,329_3_0,0
187502,329_3_0,0
186250,329_3_0,0
185680,329_3_0,0
186600,329_3_0,0
187171,329_3_0,0
184373,329_3_0,0
185674,329_3_0,0
186071,329_3_0,0
186987,329_3_0,0
181817,329_3_0,0
187497,329_3_0,0
182558,329_3_0,0
184169,329_3_0,0
184948,329_3_0,0
187504,329_3_0,0
183477,329_3_0,0
182926,329_3_0,0
182196,329_3_0,0
182009,329_3_0,0
181623,329_3_0,0
186990,329_3_0,0
184555,329_3_0,0
184177,329_3_0,0
185681,329_3_0,0
184175,329_3_0,0
187863,329_3_0,0
184552,329_3_0,0
182563,329_3_0,0
186416,329_3_0,0
187860,329_3_0,0
182373,329_3_0,0
186796,329_3_0,0
184944,329_3_0,0
183123,329_3_0,0
182004,329_3_0,0
183833,329_3_0,0
182372,329_3_0,0
186415,329_3_0,0
187696,329_3_0,0
185320,329_3_0,0
183830,329_3_0,0
185318,329_3_0,0
184002,329_3_0,0
187695,329_3_0,0
185677,329_3_0,0
182753,329_3_0,0
187501,329_3_0,0
184000,329_3_0,0
181622,329_3_0,0
184370,329_3_0,0
189410,909_4_1,0
189780,909_4_1,0
189031,909_4_1,0
193464,909_4_1,0
188425,909_4_1,0
190674,909_4_1,0
189214,909_4_1,0
188634,909_4_1,0
194199,909_4_1,0
189592,909_4_1,0
190676,909_4_1,0
192724,909_4_1,0
190866,909_4_1,0
188051,909_4_1,0
189212,909_4_1,0
194388,909_4_1,0
189954,909_4_1,0
191802,909_4_1,0
189952,909_4_1,0
190860,909_4_1,0
188252,909_4_1,0
192505,909_4_1,0
191410,909_4_1,0
189598,909_4_1,0
189027,909_4_1,0
192150,909_4_1,0
193285,909_4_1,0
189953,909_4_1,0
188251,909_4_1,0
194389,909_4_1,0
190136,909_4_1,0
188257,909_4_1,0
189597,909_4_1,0
188258,909_4_1,0
191230,909_4_1,0
192316,909_4_1,0
192147,909_4_1,0
189599,909_4_1,0
190299,909_4_1,0
192315,909_4_1,0
192924,909_4_1,0
188254,909_4_1,0
190471,909_4_1,0
192926,909_4_1,0
188827,909_4_1,0
194394,909_4_1,0
188255,909_4_1,0
192152,909_4_1,0
190134,909_4_1,0
191407,909_4_1,0
190864,909_4_1,0
188633,909_4_1,0
190137,909_4_1,0
190474,909_4_1,0
191233,909_4_1,0
194573,909_4_1,0
191232,909_4_1,0
192721,909_4_1,0
193847,909_4_1,0
189950,909_4_1,0
189593,909_4_1,0
188835,909_4_1,0
192143,909_4_1,0
191040,909_4_1,0
188830,909_4_1,0
191603,909_4_1,0
189411,909_4_1,0
192506,909_4_1,0
188428,909_4_1,0
189035,909_4_1,0
193100,909_4_1,0
193851,909_4_1,0
188050,909_4_1,0
190863,909_4_1,0
192504,909_4_1,0
188635,909_4_1,0
194034,909_4_1,0
190297,909_4_1,0
191041,909_4_1,0
193103,909_4_1,0
192151,909_4_1,0
189590,909_4_1,0
194393,909_4_1,0
188834,909_4_1,0
190294,909_4_1,0
191042,909_4_1,0
188052,909_4_1,0
188824,909_4_1,0
189955,909_4_1,0
194197,909_4_1,0
189781,909_4_1,0
190296,909_4_1,0
188833,909_4_1,0
191405,909_4_1,0
191804,909_4_1,0
192722,909_4_1,0
188631,909_4_1,0
190298,909_4_1,0
192144,909_4_1,0
192718,909_4_1,0
190679,909_4_1,0
194203,909_4_1,0
188427,909_4_1,0
192719,909_4_1,0
189213,909_4_1,0
193648,909_4_1,0
191605,909_4_1,0
189037,909_4_1,0
189778,909_4_1,0
192503,909_4_1,0
188829,909_4_1,0
194570,909_4_1,0
189594,909_4_1,0
189779,909_4_1,0
188831,909_4_1,0
192148,909_4_1,0
192507,909_4_1,0
190133,909_4_1,0
190865,909_4_1,0
189956,909_4_1,0
192923,909_4_1,0
189029,909_4_1,0
192146,909_4_1,0
191971,909_4_1,0
193102,909_4_1,0
188826,909_4_1,0
20390,108_4_0,0
20766,108_4_0,0
20391,108_4_0,0
26144,108_4_0,0
216221,921_4_0,0
217152,921_4_0,0
220615,921_4_0,0
219649,921_4_0,0
215320,921_4_0,0
214752,921_4_0,0
217345,921_4_0,0
215503,921_4_0,0
218282,921_4_0,0
215683,921_4_0,0
215681,921_4_0,0
220035,921_4_0,0
218681,921_4_0,0
217715,921_4_0,0
216965,921_4_0,0
216416,921_4_0,0
215851,921_4_0,0
215852,921_4_0,0
216593,921_4_0,0
218891,921_4_0,0
219270,921_4_0,0
218280,921_4_0,0
220442,921_4_0,0
220799,921_4_0,0
219644,921_4_0,0
216777,921_4_0,0
216420,921_4_0,0
220439,921_4_0,0
216592,921_4_0,0
215506,921_4_0,0
216963,921_4_0,0
219271,921_4_0,0
219070,921_4_0,0
217517,921_4_0,0
214753,921_4_0,0
218496,921_4_0,0
217897,921_4_0,0
220984,921_4_0,0
220802,921_4_0,0
216967,921_4_0,0
214749,921_4_0,0
215317,921_4_0,0
217898,921_4_0,0
219844,921_4_0,0
220613,921_4_0,0
216419,921_4_0,0
217896,921_4_0,0
217901,921_4_0,0
215126,921_4_0,0
216782,921_4_0,0
215849,921_4_0,0
220801,921_4_0,0
219268,921_4_0,0
218285,921_4_0,0
218286,921_4_0,0
220036,921_4_0,0
220979,921_4_0,0
216778,921_4_0,0
214747,921_4_0,0
216588,921_4_0,0
216590,921_4_0,0
219267,921_4_0,0
215119,921_4_0,0
221369,921_4_0,0
220982,921_4_0,0
215121,921_4_0,0
218283,921_4_0,0
216968,921_4_0,0
220616,921_4_0,0
218893,921_4_0,0
218491,921_4_0,0
220040,921_4_0,0
216781,921_4_0,0
215318,921_4_0,0
217519,921_4_0,0
219461,921_4_0,0
218676,921_4_0,0
218492,921_4_0,0
215120,921_4_0,0
216064,921_4_0,0
215684,921_4_0,0
221196,921_4_0,0
220618,921_4_0,0
216966,921_4_0,0
218279,921_4_0,0
220978,921_4_0,0
220983,921_4_0,0
218497,921_4_0,0
215850,921_4_0,0
218673,921_4_0,0
217900,921_4_0,0
219648,921_4_0,0
217522,921_4_0,0
217902,921_4_0,0
216225,921_4_0,0
221195,921_4_0,0
217516,921_4_0,0
219071,921_4_0,0
220798,921_4_0,0
219459,921_4_0,0
221368,921_4_0,0
214750,921_4_0,0
66628,122_1_1,0
61343,122_1_1,0
62667,122_1_1,0
61345,122_1_1,0
61350,122_1_1,0
66992,122_1_1,0
60606,122_1_1,0
60789,122_1_1,0
61546,122_1_1,0
62475,122_1_1,0
66418,122_1_1,0
61921,122_1_1,0
65851,122_1_1,0
65240,122_1_1,0
66072,122_1_1,0
66993,122_1_1,0
62666,122_1_1,0
66797,122_1_1,0
61925,122_1_1,0
62663,122_1_1,0
61548,122_1_1,0
63756,122_1_1,0
60787,122_1_1,0
60607,122_1_1,0
68341,125_1_0,0
71540,125_1_0,0
68514,125_1_0,0
71349,125_1_0,0
73737,125_1_0,0
72657,125_1_0,0
67348,125_1_0,0
70578,125_1_0,0
71164,125_1_0,0
67944,125_1_0,0
69049,125_1_0,0
67729,125_1_0,0
67355,125_1_0,0
70186,125_1_0,0
72086,125_1_0,0
69816,125_1_0,0
70190,125_1_0,0
68147,125_1_0,0
69817,125_1_0,0
73743,125_1_0,0
73541,125_1_0,0
70989,125_1_0,0
69617,125_1_0,0
67731,125_1_0,0
73738,125_1_0,0
70992,125_1_0,0
68142,125_1_0,0
68878,125_1_0,0
71740,125_1_0,0
72285,125_1_0,0
71163,125_1_0,0
70189,125_1_0,0
73744,125_1_0,0
69242,125_1_0,0
67943,125_1_0,0
70001,125_1_0,0
69240,125_1_0,0
68682,125_1_0,0
72461,125_1_0,0
67539,125_1_0,0
71908,125_1_0,0
73545,125_1_0,0
73018,125_1_0,0
70395,125_1_0,0
68513,125_1_0,0
69820,125_1_0,0
72829,125_1_0,0
67356,125_1_0,0
69050,125_1_0,0
68678,125_1_0,0
72830,125_1_0,0
69620,125_1_0,0
68144,125_1_0,0
71350,125_1_0,0
68679,125_1_0,0
73543,125_1_0,0
72281,125_1_0,0
67352,125_1_0,0
67350,125_1_0,0
73016,125_1_0,0
70392,125_1_0,0
69430,125_1_0,0
73940,125_1_0,0
68143,125_1_0,0
71741,125_1_0,0
68876,125_1_0,0
71738,125_1_0,0
73184,125_1_0,0
68508,125_1_0,0
70988,125_1_0,0
70394,125_1_0,0
72279,125_1_0,0
69619,125_1_0,0
70770,125_1_0,0
72460,125_1_0,0
73017,125_1_0,0
72463,125_1_0,0
69622,125_1_0,0
70390,125_1_0,0
69616,125_1_0,0
67732,125_1_0,0
71739,125_1_0,0
71347,125_1_0,0
71343,125_1_0,0
70002,125_1_0,0
71167,125_1_0,0
239561,926_4_1,2
237609,926_4_1,2
235587,926_4_1,2
236154,926_4_1,2
235388,926_4_1,2
241310,926_4_1,1
237415,926_4_1,1
239392,926_4_1,1
235973,926_4_1,1
235393,926_4_1,1
240115,926_4_1,1
241086,926_4_1,1
235207,926_4_1,1
241493,926_4_1,1
236337,926_4_1,1
237417,926_4_1,1
239746,926_4_1,1
237418,926_4_1,1
19489,105_1_0,0
15554,105_1_0,0
16559,105_1_0,0
17831,105_1_0,0
16904,105_1_0,0
15374,105_1_0,0
213859,919_4_1,0
209709,919_4_1,0
210656,919_4_1,0
212647,919_4_1,0
211014,919_4_1,0
214422,919_4_1,0
208772,919_4_1,0
214419,919_4_1,0
210453,919_4_1,0
208967,919_4_1,0
213449,919_4_1,0
212855,919_4_1,0
213642,919_4_1,0
210651,919_4_1,0
213244,919_4_1,0
213049,919_4_1,0
208969,919_4_1,0
213646,919_4_1,0
212649,919_4_1,0
213643,919_4_1,0
212651,919_4_1,0
209706,919_4_1,0
211372,919_4_1,0
213444,919_4_1,0
211906,919_4_1,0
210820,919_4_1,0
208600,919_4_1,0
211367,919_4_1,0
211903,919_4_1,0
213245,919_4_1,0
208418,919_4_1,0
214583,919_4_1,0
212857,919_4_1,0
209354,919_4_1,0
210452,919_4_1,0
210083,919_4_1,0
208239,919_4_1,0
212086,919_4_1,0
209523,919_4_1,0
209526,919_4_1,0
212853,919_4_1,0
212854,919_4_1,0
210269,919_4_1,0
211012,919_4_1,0
214587,919_4_1,0
209704,919_4_1,0
212850,919_4_1,0
209159,919_4_1,0
211901,919_4_1,0
210268,919_4_1,0
213856,919_4_1,0
209157,919_4_1,0
212851,919_4_1,0
210455,919_4_1,0
213249,919_4_1,0
214045,919_4_1,0
213445,919_4_1,0
214037,919_4_1,0
209525,919_4_1,0
211908,919_4_1,0
210652,919_4_1,0
209356,919_4_1,0
210655,919_4_1,0
212088,919_4_1,0
208234,919_4_1,0
209155,919_4_1,0
198659,305_3_1,0
198657,305_3_1,0
151808,305_3_1,0
153444,305_3_1,0
151812,305_3_1,0
148096,305_3_1,0
151815,305_3_1,0
153075,305_3_1,0
148652,305_3_1,0
147897,305_3_1,0
149965,305_3_1,0
149966,305_3_1,0
149599,305_3_1,0
148832,305_3_1,0
150545,305_3_1,0
149781,305_3_1,0
153076,305_3_1,0
151621,305_3_1,0
154338,305_3_1,0
151083,305_3_1,0
154337,305_3_1,0
148092,305_3_1,0
151452,305_3_1,0
148830,305_3_1,0
150145,305_3_1,0
154339,305_3_1,0
153989,305_3_1,0
153786,305_3_1,0
153987,305_3_1,0
154170,305_3_1,0
152150,305_3_1,0
153438,305_3_1,0
149784,305_3_1,0
151620,305_3_1,0
18759,105_3_1,0
15208,105_3_1,0
2589,105_3_0,0
2582,105_3_0,0
2586,105_3_0,0
2579,105_3_0,0
2587,105_3_0,0
2405,105_3_0,0
9294,105_3_0,0
10832,105_3_0,0
4114,105_3_0,0
2404,105_3_0,0
3727,105_3_0,0
2036,105_3_0,0
8733,105_3_0,0
10457,105_3_0,0
8740,105_3_0,0
9301,105_3_0,0
9298,105_3_0,0
10456,105_3_0,0
8734,105_3_0,0
9122,105_3_0,0
9127,105_3_0,0
8921,105_3_0,0
10453,105_3_0,0
109246,113_1_0,0
109248,113_1_0,0
111853,113_1_0,0
112410,113_1_0,0
40648,113_1_0,0
41002,113_1_0,0
43299,113_1_0,0
42743,113_1_0,0
46980,113_1_0,0
44780,113_1_0,0
45490,113_1_0,0
44415,113_1_0,0
43658,113_1_0,0
41005,113_1_0,0
46040,113_1_0,0
41953,113_1_0,0
44026,113_1_0,0
43302,113_1_0,0
43821,113_1_0,0
941,101_1_1,0
3334,101_1_1,0
44,101_1_1,0
42,101_1_1,0
1506,101_1_1,0
419,101_1_1,0
940,101_1_1,0
3924,101_1_1,0
1503,101_1_1,0
3923,101_1_1,0
5022,101_1_1,0
420,101_1_1,0
5564,101_1_1,0
4119,101_1_1,0
936,101_1_1,0
2233,101_1_1,0
3158,101_1_1,0
3921,101_1_1,0
1671,101_1_1,0
1856,101_1_1,0
233,101_1_1,0
3338,101_1_1,0
589,101_1_1,0
4470,101_1_1,0
73736,125_1_1,0
72462,125_1_1,0
68340,125_1_1,0
67535,125_1_1,0
69241,125_1_1,0
71171,125_1_1,0
37261,111_1_1,0
36151,111_1_1,0
38584,111_1_1,0
37077,111_1_1,0
34974,111_1_1,0
35539,111_1_1,0
35340,111_1_1,0
36313,111_1_1,0
39898,111_1_1,0
34218,111_1_1,0
37076,111_1_1,0
35747,111_1_1,0
38390,111_1_1,0
35536,111_1_1,0
35942,111_1_1,0
39165,111_1_1,0
34220,111_1_1,0
36152,113_2_1,0
36308,113_2_1,0
79359,128_1_0,0
74469,128_1_0,0
79157,128_1_0,0
76350,128_1_0,0
80294,128_1_0,0
78612,128_1_0,0
77464,128_1_0,0
77852,128_1_0,0
74638,128_1_0,0
74835,128_1_0,0
78802,128_1_0,0
75431,128_1_0,0
80469,128_1_0,0
75604,128_1_0,0
74463,128_1_0,0
80467,128_1_0,0
78614,128_1_0,0
76535,128_1_0,0
75432,128_1_0,0
75430,128_1_0,0
78803,128_1_0,0
76916,128_1_0,0
75219,128_1_0,0
74290,128_1_0,0
75222,128_1_0,0
80463,128_1_0,0
77463,128_1_0,0
77649,128_1_0,0
74127,128_1_0,0
79355,128_1_0,0
80663,128_1_0,0
79358,128_1_0,0
74131,128_1_0,0
75605,128_1_0,0
79899,128_1_0,0
80295,128_1_0,0
80466,128_1_0,0
76915,128_1_0,0
79527,128_1_0,0
76347,128_1_0,0
80665,128_1_0,0
80298,128_1_0,0
77268,128_1_0,0
77102,128_1_0,0
77271,128_1_0,0
79715,128_1_0,0
78615,128_1_0,0
74295,128_1_0,0
78419,128_1_0,0
76536,128_1_0,0
78801,128_1_0,0
76345,128_1_0,0
79897,128_1_0,0
77101,128_1_0,0
75602,128_1_0,0
79357,128_1_0,0
74467,128_1_0,0
77849,128_1_0,0
78244,128_1_0,0
75033,128_1_0,0
75036,128_1_0,0
77460,128_1_0,0
74641,128_1_0,0
77262,128_1_0,0
75225,128_1_0,0
76917,128_1_0,0
74639,128_1_0,0
78982,128_1_0,0
76537,128_1_0,0
78045,128_1_0,0
80465,128_1_0,0
78418,128_1_0,0
74837,128_1_0,0
77462,128_1_0,0
74644,128_1_0,0
74464,128_1_0,0
78051,128_1_0,0
74293,128_1_0,0
78417,128_1_0,0
75428,128_1_0,0
75425,128_1_0,0
79901,128_1_0,0
74839,128_1_0,0
74130,128_1_0,0
77850,128_1_0,0
74123,128_1_0,0
80299,128_1_0,0
74642,128_1_0,0
76151,128_1_0,0
76718,128_1_0,0
75433,128_1_0,0
76531,128_1_0,0
75429,128_1_0,0
74291,128_1_0,0
75766,128_1_0,0
10281,113_2_0,0
9661,113_2_0,0
10283,113_2_0,0
9664,113_2_0,0
9879,113_2_0,0
9665,113_2_0,0
10282,113_2_0,0
10284,113_2_0,0
17079,113_2_0,0
16896,113_2_0,0
16888,113_2_0,0
30056,113_2_0,0
30257,113_2_0,0
5004,108_4_1,0
5010,108_4_1,0
5195,108_4_1,0
5191,108_4_1,0
12041,108_4_1,0
12038,108_4_1,0
12039,108_4_1,0
24862,108_4_1,0
21725,108_4_1,0
24858,108_4_1,0
23976,108_4_1,0
21339,108_4_1,0
20580,108_4_1,0
26145,108_4_1,0
155610,310_3_1,0
156721,310_3_1,0
155609,310_3_1,0
156540,310_3_1,0
158629,310_3_1,0
155437,310_3_1,0
155440,310_3_1,0
158250,310_3_1,0
156174,310_3_1,0
158805,310_3_1,0
160262,310_3_1,0
158037,310_3_1,0
160664,310_3_1,0
157083,310_3_1,0
158630,310_3_1,0
156350,310_3_1,0
160075,310_3_1,0
160077,310_3_1,0
158033,310_3_1,0
158449,310_3_1,0
160471,310_3_1,0
154537,310_3_1,0
154530,310_3_1,0
160834,310_3_1,0
155074,310_3_1,0
160662,310_3_1,0
160069,310_3_1,0
157435,310_3_1,0
159338,310_3_1,0
155077,310_3_1,0
154529,310_3_1,0
160266,310_3_1,0
156346,310_3_1,0
154535,310_3_1,0
160663,310_3_1,0
154528,310_3_1,0
160267,310_3_1,0
156541,310_3_1,0
154526,310_3_1,0
157433,310_3_1,0
156348,310_3_1,0
154538,310_3_1,0
158249,310_3_1,0
156004,310_3_1,0
155438,310_3_1,0
160261,310_3_1,0
157432,310_3_1,0
161011,310_3_1,0
155442,310_3_1,0
160837,310_3_1,0
158248,310_3_1,0
156545,310_3_1,0
156718,310_3_1,0
161014,310_3_1,0
159694,310_3_1,0
159861,310_3_1,0
141694,303_3_0,0
145446,303_3_0,0
142485,303_3_0,0
142279,303_3_0,0
146048,303_3_0,0
145447,303_3_0,0
147166,303_3_0,0
146050,303_3_0,0
145239,303_3_0,0
143590,303_3_0,0
145448,303_3_0,0
145842,303_3_0,0
147335,303_3_0,0
144516,303_3_0,0
144334,303_3_0,0
147532,303_3_0,0
145076,303_3_0,0
144512,303_3_0,0
146052,303_3_0,0
146784,303_3_0,0
143026,303_3_0,0
143961,303_3_0,0
145444,303_3_0,0
146601,303_3_0,0
143784,303_3_0,0
145843,303_3_0,0
145443,303_3_0,0
145647,303_3_0,0
99246,206_2_0,0
95333,206_2_0,0
98337,206_2_0,0
100404,206_2_0,0
98698,206_2_0,0
98889,206_2_0,0
95700,206_2_0,0
94774,206_2_0,0
94969,206_2_0,0
95524,206_2_0,0
94068,206_2_0,0
97374,206_2_0,0
100190,206_2_0,0
99803,206_2_0,0
96991,206_2_0,0
97375,206_2_0,0
99249,206_2_0,0
99422,206_2_0,0
95691,206_2_0,0
99057,206_2_0,0
95890,206_2_0,0
89451,204_2_0,0
89107,204_2_0,0
91471,204_2_0,0
90006,204_2_0,0
87786,204_2_0,0
93320,204_2_0,0
90189,204_2_0,0
90012,204_2_0,0
91474,204_2_0,0
91633,204_2_0,0
87441,204_2_0,0
87972,204_2_0,0
90010,204_2_0,0
89823,204_2_0,0
91820,204_2_0,0
91991,204_2_0,0
90185,204_2_0,0
90011,204_2_0,0
88186,204_2_0,0
93886,204_2_0,0
88747,204_2_0,0
90916,204_2_0,0
91114,204_2_0,0
89640,204_2_0,0
93125,204_2_0,0
89827,204_2_0,0
92927,204_2_0,0
89831,204_2_0,0
91272,204_2_0,0
87628,204_2_0,0
88742,204_2_0,0
87787,204_2_0,0
93519,204_2_0,0
88938,204_2_0,0
88371,204_2_0,0
88374,204_2_0,0
92189,204_2_0,0
91635,204_2_0,0
89265,204_2_0,0
90915,204_2_0,0
55106,119_1_0,0
55647,119_1_0,0
55998,119_1_0,0
56000,119_1_0,0
57525,119_1_0,0
58855,119_1_0,0
56392,119_1_0,0
55828,119_1_0,0
57313,119_1_0,0
60405,119_1_0,0
58478,119_1_0,0
59039,119_1_0,0
55638,119_1_0,0
58100,119_1_0,0
54220,119_1_0,0
59668,119_1_0,0
57915,119_1_0,0
58642,119_1_0,0
57526,119_1_0,0
54059,119_1_0,0
60232,119_1_0,0
59866,119_1_0,0
58848,119_1_0,0
56386,119_1_0,0
56953,119_1_0,0
56955,119_1_0,0
60226,119_1_0,0
58297,119_1_0,0
59664,119_1_0,0
58294,119_1_0,0
58477,119_1_0,0
59249,119_1_0,0
227073,922_4_1,0
226357,922_4_1,0
224547,922_4_1,0
227076,922_4_1,0
227455,922_4_1,0
227829,922_4_1,0
226876,922_4_1,0
227825,922_4_1,0
224902,922_4_1,0
221931,922_4_1,0
222846,922_4_1,0
224014,922_4_1,0
221559,922_4_1,0
224548,922_4_1,0
227075,922_4_1,0
225264,922_4_1,0
226877,922_4_1,0
224374,922_4_1,0
228018,922_4_1,0
223244,922_4_1,0
224017,922_4_1,0
222691,922_4_1,0
221933,922_4_1,0
221731,922_4_1,0
226010,922_4_1,0
221732,922_4_1,0
226510,922_4_1,0
221552,922_4_1,0
225072,922_4_1,0
223617,922_4_1,0
221935,922_4_1,0
223615,922_4_1,0
223022,922_4_1,0
224022,922_4_1,0
224023,922_4_1,0
224544,922_4_1,0
225637,922_4_1,0
223025,922_4_1,0
224722,922_4_1,0
224015,922_4_1,0
224018,922_4_1,0
227458,922_4_1,0
224721,922_4_1,0
223020,922_4_1,0
225633,922_4_1,0
222303,922_4_1,0
223019,922_4_1,0
226713,922_4_1,0
222692,922_4_1,0
227456,922_4_1,0
227460,922_4_1,0
227072,922_4_1,0
224908,922_4_1,0
221557,922_4_1,0
221930,922_4_1,0
225261,922_4_1,0
226511,922_4_1,0
224024,922_4_1,0
222845,922_4_1,0
225263,922_4_1,0
226711,922_4_1,0
226878,922_4_1,0
224376,922_4_1,0
224906,922_4_1,0
226708,922_4_1,0
223242,922_4_1,0
226712,922_4_1,0
221556,922_4_1,0
226013,922_4_1,0
227830,922_4_1,0
227268,922_4_1,0
226882,922_4_1,0
222511,922_4_1,0
226358,922_4_1,0
221939,922_4_1,0
222120,922_4_1,0
224545,922_4_1,0
226198,922_4_1,0
227457,922_4_1,0
225820,922_4_1,0
222121,922_4_1,0
221730,922_4_1,0
223453,922_4_1,0
223246,922_4_1,0
224543,922_4_1,0
226709,922_4_1,0
223816,922_4_1,0
226194,922_4_1,0
224375,922_4_1,0
225819,922_4_1,0
227828,922_4_1,0
227454,922_4_1,0
227266,922_4_1,0
221734,922_4_1,0
226011,922_4_1,0
225458,922_4_1,0
222844,922_4_1,0
226012,922_4_1,0
225260,922_4_1,0
223024,922_4_1,0
224552,922_4_1,0
226359,922_4_1,0
228019,922_4_1,0
223817,922_4_1,0
224903,922_4_1,0
227824,922_4_1,0
227264,922_4_1,0
225459,922_4_1,0
227269,922_4_1,0
222117,922_4_1,0
221733,922_4_1,0
221555,922_4_1,0
159693,305_4_1,0
159696,305_4_1,0
159503,305_4_1,0
159505,305_4_1,0
159502,305_4_1,0
152729,305_4_1,0
150707,305_4_1,0
150889,305_4_1,0
149596,305_4_1,0
154336,305_4_1,0
151457,305_4_1,0
147894,305_4_1,0
152905,305_4_1,0
147893,305_4_1,0
153074,305_4_1,0
153071,305_4_1,0
149595,305_4_1,0
50727,116_1_1,0
47367,116_1_1,0
50543,116_1_1,0
47742,116_1_1,0
52752,116_1_1,0
48122,116_1_1,0
48306,116_1_1,0
48936,116_1_1,0
53315,116_1_1,0
49276,116_1_1,0
48307,116_1_1,0
51327,116_1_1,0
50170,116_1_1,0
51519,116_1_1,0
49275,116_1_1,0
51139,116_1_1,0
52403,116_1_1,0
51684,116_1_1,0
52215,116_1_1,0
50725,116_1_1,0
51517,116_1_1,0
52954,116_1_1,0
49454,116_1_1,0
48933,116_1_1,0
47364,116_1_1,0
51325,116_1_1,0
49270,116_1_1,0
229872,925_4_0,0
230771,925_4_0,0
228190,925_4_0,0
233209,925_4_0,0
233577,925_4_0,0
232648,925_4_0,0
233212,925_4_0,0
228197,925_4_0,0
232281,925_4_0,0
228910,925_4_0,0
231351,925_4_0,0
234297,925_4_0,0
230249,925_4_0,0
232827,925_4_0,0
228717,925_4_0,0
233744,925_4_0,0
233023,925_4_0,0
228905,925_4_0,0
229482,925_4_0,0
230770,925_4_0,0
230429,925_4_0,0
232645,925_4_0,0
228912,925_4_0,0
228385,925_4_0,0
228722,925_4_0,0
232285,925_4_0,0
229293,925_4_0,0
231707,925_4_0,0
230068,925_4_0,0
230767,925_4_0,0
228906,925_4_0,0
230968,925_4_0,0
232644,925_4_0,0
233580,925_4_0,0
228904,925_4_0,0
233029,925_4_0,0
229089,925_4_0,0
232826,925_4_0,0
230967,925_4_0,0
229672,925_4_0,0
228196,925_4_0,0
228719,925_4_0,0
229669,925_4_0,0
230430,925_4_0,0
232284,925_4_0,0
228909,925_4_0,0
233210,925_4_0,0
234649,925_4_0,0
231354,925_4_0,0
234299,925_4_0,0
233925,925_4_0,0
234132,925_4_0,0
232079,925_4_0,0
231896,925_4_0,0
233578,925_4_0,0
228191,925_4_0,0
231893,925_4_0,0
233923,925_4_0,0
231534,925_4_0,0
233928,925_4_0,0
233028,925_4_0,0
234468,925_4_0,0
230769,925_4_0,0
231350,925_4_0,0
231160,925_4_0,0
228194,925_4_0,0
228382,925_4_0,0
231156,925_4_0,0
228193,925_4_0,0
231157,925_4_0,0
230074,925_4_0,0
229297,925_4_0,0
228380,925_4_0,0
232450,925_4_0,0
228554,925_4_0,0
234131,925_4_0,0
230604,925_4_0,0
230766,925_4_0,0
230070,925_4_0,0
229875,925_4_0,0
229093,925_4_0,0
232072,925_4_0,0
228381,925_4_0,0
232073,925_4_0,0
229090,925_4_0,0
233926,925_4_0,0
230972,925_4_0,0
232075,925_4_0,0
129530,216_2_0,0
129350,216_2_0,0
129353,216_2_0,0
130480,216_2_0,0
134048,216_2_0,0
130484,216_2_0,0
133251,216_2_0,0
128049,216_2_0,0
128788,216_2_0,0
132144,216_2_0,0
131596,216_2_0,0
134222,216_2_0,0
131221,216_2_0,0
127677,216_2_0,0
129929,216_2_0,0
129529,216_2_0,0
133458,216_2_0,0
130654,216_2_0,0
131958,216_2_0,0
127857,216_2_0,0
131042,216_2_0,0
128787,216_2_0,0
129528,216_2_0,0
132887,216_2_0,0
128599,216_2_0,0
128790,216_2_0,0
131223,216_2_0,0
129532,216_2_0,0
128050,216_2_0,0
129928,216_2_0,0
133834,216_2_0,0
132502,216_2_0,0
128992,216_2_0,0
132500,216_2_0,0
133252,216_2_0,0
128791,216_2_0,0
132676,216_2_0,0
128606,216_2_0,0
131949,216_2_0,0
132886,216_2_0,0
131955,216_2_0,0
127859,216_2_0,0
131222,216_2_0,0
132679,216_2_0,0
132891,216_2_0,0
130478,216_2_0,0
130853,216_2_0,0
131595,216_2_0,0
128051,216_2_0,0
130655,216_2_0,0
127679,216_2_0,0
131220,216_2_0,0
132499,216_2_0,0
128419,216_2_0,0
128601,216_2_0,0
131957,216_2_0,0
130851,216_2_0,0
132681,216_2_0,0
132884,216_2_0,0
129351,216_2_0,0
128607,216_2_0,0
133457,216_2_0,0
133833,216_2_0,0
128241,216_2_0,0
130652,216_2_0,0
129527,216_2_0,0
128418,216_2_0,0
128604,216_2_0,0
131950,216_2_0,0
127675,216_2_0,0
133075,216_2_0,0
129533,216_2_0,0
134045,216_2_0,0
132889,216_2_0,0
133831,216_2_0,0
128603,216_2_0,0
128054,216_2_0,0
132140,216_2_0,0
128238,216_2_0,0
128240,216_2_0,0
133454,216_2_0,0
131962,216_2_0,0
130112,216_2_0,0
131778,216_2_0,0
130116,216_2_0,0
130483,216_2_0,0
134225,216_2_0,0
132318,216_2_0,0
130850,216_2_0,0
131951,216_2_0,0
134221,216_2_0,0
132677,216_2_0,0
129347,216_2_0,0
131948,216_2_0,0
128242,216_2_0,0
131959,216_2_0,0
131954,216_2_0,0
133072,216_2_0,0
128237,216_2_0,0
125237,214_2_1,0
121231,214_2_1,0
125234,214_2_1,0
123235,214_2_1,0
126901,214_2_1,0
123241,214_2_1,0
122333,214_2_1,0
121230,214_2_1,0
127512,214_2_1,0
123785,214_2_1,0
121773,214_2_1,0
121768,214_2_1,0
126111,214_2_1,0
126504,214_2_1,0
122328,214_2_1,0
125235,214_2_1,0
126316,214_2_1,0
124158,214_2_1,0
124862,214_2_1,0
126314,214_2_1,0
122148,214_2_1,0
125423,214_2_1,0
121771,214_2_1,0
125424,214_2_1,0
124329,214_2_1,0
123073,214_2_1,0
122502,214_2_1,0
123404,214_2_1,0
122872,214_2_1,0
123784,214_2_1,0
123072,214_2_1,0
125233,214_2_1,0
124157,214_2_1,0
127291,214_2_1,0
125605,214_2_1,0
121581,214_2_1,0
125944,214_2_1,0
124675,214_2_1,0
126113,214_2_1,0
122329,214_2_1,0
122503,214_2_1,0
122147,214_2_1,0
124863,214_2_1,0
126114,214_2_1,0
126312,214_2_1,0
122688,214_2_1,0
121950,214_2_1,0
126108,214_2_1,0
122499,214_2_1,0
126713,214_2_1,0
123407,214_2_1,0
127088,214_2_1,0
123067,214_2_1,0
122330,214_2_1,0
123069,214_2_1,0
123405,214_2_1,0
122500,214_2_1,0
125420,214_2_1,0
121947,214_2_1,0
126714,214_2_1,0
126902,214_2_1,0
123064,214_2_1,0
125771,214_2_1,0
122692,214_2_1,0
125776,214_2_1,0
121948,214_2_1,0
127089,214_2_1,0
121949,214_2_1,0
123406,214_2_1,0
124332,214_2_1,0
122875,214_2_1,0
126711,214_2_1,0
124153,214_2_1,0
123783,214_2_1,0
125943,214_2_1,0
124328,214_2_1,0
125945,214_2_1,0
127087,214_2_1,0
5389,108_4_0,0
6102,108_4_0,0
5735,108_4_0,0
12771,108_4_0,0
12237,108_4_0,0
12574,108_4_0,0
13289,108_4_0,0
12418,108_4_0,0
12580,108_4_0,0
13294,108_4_0,0
12245,108_4_0,0
12583,108_4_0,0
24144,108_4_0,0
25602,108_4_0,0
26698,108_4_0,0
25608,108_4_0,0
21722,108_4_0,0
20227,108_4_0,0
20972,108_4_0,0
22623,108_4_0,0
25413,108_4_0,0
24687,108_4_0,0
20969,108_4_0,0
25606,108_4_0,0
21338,108_4_0,0
81917,202_2_1,0
82792,202_2_1,0
85653,202_2_1,0
86600,202_2_1,0
81372,202_2_1,0
80851,202_2_1,0
82277,202_2_1,0
83333,202_2_1,0
83733,202_2_1,0
81374,202_2_1,0
80844,202_2_1,0
84337,202_2_1,0
81548,202_2_1,0
80847,202_2_1,0
86756,202_2_1,0
84531,202_2_1,0
86931,202_2_1,0
84707,202_2_1,0
82088,202_2_1,0
86021,202_2_1,0
85652,202_2_1,0
84907,202_2_1,0
86203,202_2_1,0
81911,202_2_1,0
83331,202_2_1,0
83737,202_2_1,0
85093,202_2_1,0
85851,202_2_1,0
81012,202_2_1,0
85649,202_2_1,0
84713,202_2_1,0
88370,113_1_1,0
88368,113_1_1,0
88369,113_1_1,0
88170,113_1_1,0
94772,113_1_1,0
94968,113_1_1,0
94771,113_1_1,0
94768,113_1_1,0
94773,113_1_1,0
108350,113_1_1,0
43127,113_1_1,0
40647,113_1_1,0
41952,113_1_1,0
45664,113_1_1,0
45142,113_1_1,0
43466,113_1_1,0
44601,113_1_1,0
41956,113_1_1,0
41957,113_1_1,0
44976,113_1_1,0
45665,113_1_1,0
44412,113_1_1,0
45144,113_1_1,0
41573,113_1_1,0
41007,113_1_1,0
46985,113_1_1,0
35744,111_1_0,0
37260,111_1_0,0
38589,111_1_0,0
37457,111_1_0,0
38583,111_1_0,0
37462,111_1_0,0
37835,111_1_0,0
34219,111_1_0,0
37651,111_1_0,0
38037,111_1_0,0
35339,111_1_0,0
34212,111_1_0,0
39163,111_1_0,0
40259,111_1_0,0
37464,111_1_0,0
37460,111_1_0,0
38771,111_1_0,0
34214,111_1_0,0
39713,111_1_0,0
36506,111_1_0,0
36309,111_1_0,0
34213,111_1_0,0
139011,219_2_0,0
135177,219_2_0,0
136086,219_2_0,0
138251,219_2_0,0
136679,219_2_0,0
138629,219_2_0,0
138634,219_2_0,0
139929,219_2_0,0
135726,219_2_0,0
138823,219_2_0,0
135728,219_2_0,0
136489,219_2_0,0
137893,219_2_0,0
140816,219_2_0,0
140450,219_2_0,0
135009,219_2_0,0
137487,219_2_0,0
140275,219_2_0,0
141000,219_2_0,0
136486,219_2_0,0
136295,219_2_0,0
140807,219_2_0,0
137490,219_2_0,0
137494,219_2_0,0
135182,219_2_0,0
137492,219_2_0,0
140811,219_2_0,0
138819,219_2_0,0
134615,219_2_0,0
138069,219_2_0,0
138824,219_2_0,0
138446,219_2_0,0
134435,219_2_0,0
135372,219_2_0,0
134612,219_2_0,0
135725,219_2_0,0
140449,219_2_0,0
134807,219_2_0,0
134436,219_2_0,0
139191,219_2_0,0
140448,219_2_0,0
139197,219_2_0,0
135370,219_2_0,0
139570,219_2_0,0
138817,219_2_0,0
138445,219_2_0,0
138630,219_2_0,0
137074,219_2_0,0
136485,219_2_0,0
140808,219_2_0,0
139576,219_2_0,0
137693,219_2_0,0
135012,219_2_0,0
136084,219_2_0,0
135727,219_2_0,0
135181,219_2_0,0
135010,219_2_0,0
136298,219_2_0,0
139928,219_2_0,0
140446,219_2_0,0
135007,219_2_0,0
139748,219_2_0,0
136483,219_2_0,0
136482,219_2_0,0
140274,219_2_0,0
135554,219_2_0,0
140276,219_2_0,0
136294,219_2_0,0
137696,219_2_0,0
139573,219_2_0,0
139196,219_2_0,0
134440,219_2_0,0
139927,219_2_0,0
139008,219_2_0,0
140623,219_2_0,0
139007,219_2_0,0
140809,219_2_0,0
135369,219_2_0,0
135374,219_2_0,0
138825,219_2_0,0
140447,219_2_0,0
140102,219_2_0,0
136886,219_2_0,0
134439,219_2_0,0
140812,219_2_0,0
136297,219_2_0,0
135376,219_2_0,0
135368,219_2_0,0
137278,219_2_0,0
137280,219_2_0,0
135371,219_2_0,0
138448,219_2_0,0
139379,219_2_0,0
138443,219_2_0,0
134614,219_2_0,0
137890,219_2_0,0
138633,219_2_0,0
139003,219_2_0,0
140278,219_2_0,0
139930,219_2_0,0
137075,219_2_0,0
138252,219_2_0,0
134806,219_2_0,0
140815,219_2_0,0
140277,219_2_0,0
138638,219_2_0,0
139926,219_2_0,0
140813,219_2_0,0
138816,219_2_0,0
138070,219_2_0,0
135919,219_2_0,0
139004,219_2_0,0
140101,219_2_0,0
138632,219_2_0,0
140628,219_2_0,0
136487,219_2_0,0
136888,219_2_0,0
140625,219_2_0,0
139574,219_2_0,0
5398,101_1_1,0
4292,101_1_1,0
588,101_1_1,0
1123,101_1_1,0
4120,101_1_1,0
3335,101_1_1,0
418,101_1_1,0
4654,101_1_1,0
50176,116_1_0,0
51329,116_1_0,0
52028,116_1_0,0
49093,116_1_0,0
51136,116_1_0,0
53493,116_1_0,0
47741,116_1_0,0
52404,116_1_0,0
50169,116_1_0,0
12581,103_1_0,0
7371,103_1_0,0
8736,103_1_0,0
11859,103_1_0,0
8164,103_1_0,0
9669,103_1_0,0
12426,103_1_0,0
11239,103_1_0,0
12957,103_1_0,0
11864,103_1_0,0
8913,103_1_0,0
9297,103_1_0,0
7753,103_1_0,0
11863,103_1_0,0
7374,103_1_0,0
9676,103_1_0,0
8918,103_1_0,0
10289,103_1_0,0
11861,103_1_0,0
12047,103_1_0,0
8737,103_1_0,0
13296,103_1_0,0
194983,913_4_1,0
197898,913_4_1,0
198871,913_4_1,0
198053,913_4_1,0
198270,913_4_1,0
196260,913_4_1,0
200160,913_4_1,0
197723,913_4_1,0
197372,913_4_1,0
194981,913_4_1,0
201282,913_4_1,0
201285,913_4_1,0
195517,913_4_1,0
196819,913_4_1,0
200162,913_4_1,0
198661,913_4_1,0
197375,913_4_1,0
198662,913_4_1,0
197190,913_4_1,0
199416,913_4_1,0
196443,913_4_1,0
200163,913_4_1,0
199039,913_4_1,0
199782,913_4_1,0
196633,913_4_1,0
197001,913_4_1,0
196638,913_4_1,0
196069,913_4_1,0
196998,913_4_1,0
199222,913_4_1,0
195516,913_4_1,0
197725,913_4_1,0
200894,913_4_1,0
197191,913_4_1,0
195338,913_4_1,0
195691,913_4_1,0
198869,913_4_1,0
198665,913_4_1,0
199581,913_4_1,0
196822,913_4_1,0
200352,913_4_1,0
195692,913_4_1,0
200899,913_4_1,0
198056,913_4_1,0
197189,913_4_1,0
27968,110_1_1,0
33253,110_1_1,0
31255,110_1_1,0
33254,110_1_1,0
32172,110_1_1,0
32924,110_1_1,0
30812,110_1_1,0
31033,110_1_1,0
28951,110_1_1,0
29876,110_1_1,0
30256,110_1_1,0
33451,110_1_1,0
29139,110_1_1,0
30633,110_1_1,0
27066,110_1_1,0
33096,110_1_1,0
28346,110_1_1,0
30259,110_1_1,0
28349,110_1_1,0
29709,110_1_1,0
28954,110_1_1,0
29708,110_1_1,0
29878,110_1_1,0
29524,110_1_1,0
30439,110_1_1,0
133249,216_2_1,0
132142,216_2_1,0
130281,216_2_1,0
133073,216_2_1,0
133835,216_2_1,0
133456,216_2_1,0
162874,316_3_1,0
162350,316_3_1,0
167029,316_3_1,0
161963,316_3_1,0
161200,316_3_1,0
163536,316_3_1,0
167198,316_3_1,0
163735,316_3_1,0
162872,316_3_1,0
161773,316_3_1,0
161592,316_3_1,0
164145,316_3_1,0
166502,316_3_1,0
165090,316_3_1,0
161774,316_3_1,0
162353,316_3_1,0
161959,316_3_1,0
162348,316_3_1,0
161392,316_3_1,0
164332,316_3_1,0
162871,316_3_1,0
162160,316_3_1,0
165089,316_3_1,0
161201,316_3_1,0
164875,316_3_1,0
162165,316_3_1,0
165771,316_3_1,0
166153,316_3_1,0
167200,316_3_1,0
164876,316_3_1,0
161396,316_3_1,0
167580,316_3_1,0
164515,316_3_1,0
166500,316_3_1,0
163538,316_3_1,0
165591,316_3_1,0
165430,316_3_1,0
163315,316_3_1,0
167032,316_3_1,0
165592,316_3_1,0
163737,316_3_1,0
165775,316_3_1,0
161957,316_3_1,0
164523,316_3_1,0
167581,316_3_1,0
164517,316_3_1,0
165086,316_3_1,0
164148,316_3_1,0
162161,316_3_1,0
161961,316_3_1,0
161387,316_3_1,0
161397,316_3_1,0
166154,316_3_1,0
167389,316_3_1,0
164329,316_3_1,0
161965,316_3_1,0
165257,316_3_1,0
163314,316_3_1,0
165593,316_3_1,0
162166,316_3_1,0
161386,316_3_1,0
164518,316_3_1,0
166312,316_3_1,0
164879,316_3_1,0
164149,316_3_1,0
161394,316_3_1,0
161389,316_3_1,0
161391,316_3_1,0
164335,316_3_1,0
165594,316_3_1,0
164521,316_3_1,0
166690,316_3_1,0
162344,316_3_1,0
161594,316_3_1,0
163733,316_3_1,0
165258,316_3_1,0
164334,316_3_1,0
163317,316_3_1,0
165088,316_3_1,0
161597,316_3_1,0
162870,316_3_1,0
166859,316_3_1,0
167199,316_3_1,0
165085,316_3_1,0
161966,316_3_1,0
166503,316_3_1,0
162675,316_3_1,0
165087,316_3_1,0
163090,316_3_1,0
163535,316_3_1,0
164519,316_3_1,0
165774,316_3_1,0
162351,316_3_1,0
165260,316_3_1,0
165255,316_3_1,0
164150,316_3_1,0
162676,316_3_1,0
166311,316_3_1,0
161393,316_3_1,0
162164,316_3_1,0
165961,316_3_1,0
167787,316_3_1,0
163319,316_3_1,0
163533,316_3_1,0
167579,316_3_1,0
164336,316_3_1,0
166155,316_3_1,0
163539,316_3_1,0
166686,316_3_1,0
161596,316_3_1,0
162345,316_3_1,0
163734,316_3_1,0
163946,316_3_1,0
166685,316_3_1,0
164881,316_3_1,0
165959,316_3_1,0
161960,316_3_1,0
162678,316_3_1,0
170379,321_3_0,0
171110,321_3_0,0
170377,321_3_0,0
172020,321_3_0,0
173317,321_3_0,0
171267,321_3_0,0
171635,321_3_0,0
172195,321_3_0,0
171108,321_3_0,0
168894,321_3_0,0
170191,321_3_0,0
174466,321_3_0,0
171836,321_3_0,0
172378,321_3_0,0
172557,321_3_0,0
172376,321_3_0,0
172021,321_3_0,0
168157,321_3_0,0
168529,321_3_0,0
168712,321_3_0,0
168339,321_3_0,0
170000,321_3_0,0
174091,321_3_0,0
172382,321_3_0,0
171271,321_3_0,0
173121,321_3_0,0
171447,321_3_0,0
172018,321_3_0,0
171266,321_3_0,0
173511,321_3_0,0
172016,321_3_0,0
172934,321_3_0,0
170192,321_3_0,0
172022,321_3_0,0
168896,321_3_0,0
167985,321_3_0,0
169810,321_3_0,0
173701,321_3_0,0
172553,321_3_0,0
168709,321_3_0,0
169997,321_3_0,0
170924,321_3_0,0
172015,321_3_0,0
172200,321_3_0,0
170378,321_3_0,0
174468,321_3_0,0
174263,321_3_0,0
173508,321_3_0,0
170001,321_3_0,0
170193,321_3_0,0
168893,321_3_0,0
169437,321_3_0,0
169431,321_3_0,0
168159,321_3_0,0
172556,321_3_0,0
173510,321_3_0,0
174464,321_3_0,0
170923,321_3_0,0
173124,321_3_0,0
174465,321_3_0,0
174264,321_3_0,0
168895,321_3_0,0
169998,321_3_0,0
172019,321_3_0,0
172558,321_3_0,0
173895,321_3_0,0
172734,321_3_0,0
167983,321_3_0,0
169808,321_3_0,0
173896,321_3_0,0
168530,321_3_0,0
173125,321_3_0,0
171631,321_3_0,0
171106,321_3_0,0
173316,321_3_0,0
169807,321_3_0,0
169432,321_3_0,0
169436,321_3_0,0
203858,918_4_0,0
205644,918_4_0,0
203513,918_4_0,0
206591,918_4_0,0
207697,918_4_0,0
202392,918_4_0,0
203516,918_4_0,0
206387,918_4_0,0
204214,918_4_0,0
204212,918_4_0,0
204915,918_4_0,0
206386,918_4_0,0
203299,918_4_0,0
202743,918_4_0,0
205091,918_4_0,0
205093,918_4_0,0
203514,918_4_0,0
206385,918_4_0,0
207332,918_4_0,0
202391,918_4_0,0
207504,918_4_0,0
205850,918_4_0,0
206593,918_4_0,0
204211,918_4_0,0
206762,918_4_0,0
203304,918_4_0,0
201473,918_4_0,0
204383,918_4_0,0
201470,918_4_0,0
202191,918_4_0,0
204736,918_4_0,0
201474,918_4_0,0
202564,918_4_0,0
23188,108_4_0,0
22802,108_4_0,0
26701,108_4_0,0
23384,108_4_0,0
23009,108_4_0,0
23004,108_4_0,0
21893,108_4_0,0
18392,105_1_1,0
15027,105_1_1,0
18391,105_1_1,0
15026,105_1_1,0
16560,105_1_1,0
16900,105_1_1,0
15778,105_1_1,0
16562,105_1_1,0
19491,105_1_1,0
16177,105_1_1,0
19116,105_1_1,0
16899,105_1_1,0
14453,105_1_1,0
15205,105_1_1,0
19858,105_1_1,0
16561,105_1_1,0
15556,105_1_1,0
16361,105_1_1,0
15206,105_1_1,0
17832,105_1_1,0
16179,105_1_1,0
18938,105_1_1,0
16372,105_1_1,0
17083,105_1_1,0
17282,105_1_1,0
16373,105_1_1,0
14850,105_1_1,0
13669,105_1_1,0
17629,105_1_1,0
16735,105_1_1,0
20046,105_1_1,0
18006,105_1_1,0
14071,105_1_1,0
19113,105_1_1,0
19115,105_1_1,0
114495,213_2_0,0
114899,213_2_0,0
117674,213_2_0,0
118036,213_2_0,0
116346,213_2_0,0
120078,213_2_0,0
115082,213_2_0,0
116172,213_2_0,0
114689,213_2_0,0
119524,213_2_0,0
117276,213_2_0,0
114695,213_2_0,0
116712,213_2_0,0
116713,213_2_0,0
120666,213_2_0,0
116348,213_2_0,0
117474,213_2_0,0
116908,213_2_0,0
118247,213_2_0,0
115085,213_2_0,0
119521,213_2_0,0
119901,213_2_0,0
117670,213_2_0,0
120851,213_2_0,0
114693,213_2_0,0
114298,213_2_0,0
119522,213_2_0,0
118427,213_2_0,0
115278,213_2_0,0
118428,213_2_0,0
115998,213_2_0,0
117851,213_2_0,0
116173,213_2_0,0
115463,213_2_0,0
115084,213_2_0,0
118809,213_2_0,0
120468,213_2_0,0
24145,108_1_0,0
21721,108_1_0,0
214748,921_4_1,0
216594,921_4_1,0
217346,921_4_1,0
216421,921_4_1,0
218678,921_4_1,0
216964,921_4_1,0
215123,921_4_1,0
218096,921_4_1,0
218493,921_4_1,0
216222,921_4_1,0
219269,921_4_1,0
218490,921_4_1,0
216780,921_4_1,0
215504,921_4_1,0
220803,921_4_1,0
219646,921_4_1,0
219457,921_4_1,0
216224,921_4_1,0
219845,921_4_1,0
221193,921_4_1,0
214936,921_4_1,0
219454,921_4_1,0
220617,921_4_1,0
219848,921_4_1,0
221192,921_4_1,0
219847,921_4_1,0
218679,921_4_1,0
217711,921_4_1,0
219850,921_4_1,0
216063,921_4_1,0
218498,921_4_1,0
218677,921_4_1,0
217713,921_4_1,0
220806,921_4_1,0
217518,921_4_1,0
216060,921_4_1,0
226879,922_4_0,0
221736,922_4_0,0
226196,922_4_0,0
224907,922_4_0,0
226710,922_4_0,0
224020,922_4_0,0
224193,922_4_0,0
225636,922_4_0,0
224546,922_4_0,0
227826,922_4_0,0
224194,922_4_0,0
29880,110_1_0,0
31642,110_1_0,0
32743,110_1_0,0
8914,103_1_1,0
13298,103_1_1,0
10834,103_1_1,0
7949,103_1_1,0
7372,103_1_1,0
13295,103_1_1,0
7009,103_1_1,0
13293,103_1_1,0
8912,103_1_1,0
8920,103_1_1,0
9668,103_1_1,0
9123,103_1_1,0
111642,210_2_1,0
108892,210_2_1,0
110363,210_2_1,0
108893,210_2_1,0
108153,210_2_1,0
107969,210_2_1,0
111473,210_2_1,0
112590,210_2_1,0
110173,210_2_1,0
109637,210_2_1,0
111476,210_2_1,0
111645,210_2_1,0
111059,210_2_1,0
109992,210_2_1,0
109633,210_2_1,0
113740,210_2_1,0
113741,210_2_1,0
110539,210_2_1,0
111649,210_2_1,0
113920,210_2_1,0
109810,210_2_1,0
113538,210_2_1,0
109634,210_2_1,0
110366,210_2_1,0
108157,210_2_1,0
111849,210_2_1,0
111648,210_2_1,0
113919,210_2_1,0
112776,210_2_1,0
110875,210_2_1,0
107768,210_2_1,0
108532,210_2_1,0
17632,105_1_0,0
17280,105_1_0,0
13492,105_1_0,0
15025,105_1_0,0
164878,316_3_0,0
166688,316_3_0,0
163318,316_3_0,0
164699,316_3_0,0
161595,316_3_0,0
164328,316_3_0,0
162500,316_3_0,0
167577,316_3_0,0
161197,316_3_0,0
162349,316_3_0,0
165426,316_3_0,0
163534,316_3_0,0
165772,316_3_0,0
161395,316_3_0,0
162498,316_3_0,0
164877,316_3_0,0
161962,316_3_0,0
163095,316_3_0,0
165253,316_3_0,0
163093,316_3_0,0
161199,316_3_0,0
162499,316_3_0,0
165428,316_3_0,0
166313,316_3_0,0
165964,316_3_0,0
166498,316_3_0,0
163320,316_3_0,0
200895,913_4_0,0
199577,913_4_0,0
196070,913_4_0,0
196639,913_4_0,0
200166,913_4_0,0
199784,913_4_0,0
199220,913_4_0,0
199221,913_4_0,0
196634,913_4_0,0
196259,913_4_0,0
199038,913_4_0,0
