platform_id,timestamp,queue_length,queue_length_type,train_id
214_2_0,21630,3,Before Onboard,2_0_4
214_2_0,21630,0,After Onboard,2_0_4
303_3_0,21630,0,Before Onboard,3_0_8
303_3_0,21630,0,After Onboard,3_0_8
213_2_1,21630,0,Before Onboard,2_1_4
213_2_1,21630,0,After Onboard,2_1_4
108_4_0,21660,4,Before Onboard,4_0_7
108_4_0,21660,0,After Onboard,4_0_7
305_3_1,21660,0,Before Onboard,3_1_7
305_3_1,21660,0,After Onboard,3_1_7
208_3_1,21660,1,Before Onboard,3_1_5
208_3_1,21660,0,After Onboard,3_1_5
202_2_1,21660,2,Before Onboard,2_1_7
202_2_1,21660,0,After Onboard,2_1_7
113_2_1,21660,1,Before Onboard,2_1_9
113_2_1,21660,0,After Onboard,2_1_9
113_2_0,21660,0,Before Onboard,2_0_9
113_2_0,21660,0,After Onboard,2_0_9
925_4_0,21660,1,Before Onboard,4_0_3
925_4_0,21660,0,After Onboard,4_0_3
105_3_0,21660,0,Before Onboard,3_0_9
105_3_0,21660,0,After Onboard,3_0_9
922_4_1,21660,4,Before Onboard,4_1_3
922_4_1,21660,0,After Onboard,4_1_3
105_3_1,21660,0,Before Onboard,3_1_9
105_3_1,21660,0,After Onboard,3_1_9
325_3_0,21660,0,Before Onboard,3_0_1
325_3_0,21660,0,After Onboard,3_0_1
316_3_0,21660,2,Before Onboard,3_0_7
316_3_0,21660,0,After Onboard,3_0_7
321_3_1,21660,4,Before Onboard,3_1_1
321_3_1,21660,0,After Onboard,3_1_1
116_3_1,21690,1,Before Onboard,3_1_4
116_3_1,21690,0,After Onboard,3_1_4
116_3_0,21690,0,Before Onboard,3_0_4
116_3_0,21690,0,After Onboard,3_0_4
310_3_1,21690,4,Before Onboard,3_1_8
310_3_1,21690,0,After Onboard,3_1_8
208_2_0,21690,1,Before Onboard,2_0_6
208_2_0,21690,0,After Onboard,2_0_6
208_3_0,21720,1,Before Onboard,3_0_5
208_3_0,21720,0,After Onboard,3_0_5
921_4_1,21720,2,Before Onboard,4_1_4
921_4_1,21720,0,After Onboard,4_1_4
922_4_0,21720,0,Before Onboard,4_0_4
922_4_0,21720,0,After Onboard,4_0_4
305_3_0,21750,2,Before Onboard,3_0_6
305_3_0,21750,0,After Onboard,3_0_6
108_4_1,21780,4,Before Onboard,4_1_5
108_4_1,21780,0,After Onboard,4_1_5
925_4_1,21780,0,When Arrival,4_1_3
206_2_0,21780,7,Before Onboard,2_0_7
206_2_0,21780,0,After Onboard,2_0_7
305_4_0,21780,2,Before Onboard,4_0_5
305_4_0,21780,0,After Onboard,4_0_5
113_1_1,21780,5,Before Onboard,1_1_5
113_1_1,21780,0,After Onboard,1_1_5
116_1_0,21780,0,Before Onboard,1_0_5
116_1_0,21780,0,After Onboard,1_0_5
926_4_0,21780,0,When Arrival,4_0_3
208_2_1,21780,2,Before Onboard,2_1_5
208_2_1,21780,0,After Onboard,2_1_5
113_1_0,21810,2,Before Onboard,1_0_6
113_1_0,21810,0,After Onboard,1_0_6
119_1_0,21810,9,Before Onboard,1_0_4
119_1_0,21810,0,After Onboard,1_0_4
116_1_1,21810,0,Before Onboard,1_1_4
116_1_1,21810,0,After Onboard,1_1_4
303_3_1,21810,7,Before Onboard,3_1_6
303_3_1,21810,0,After Onboard,3_1_6
111_1_1,21810,9,Before Onboard,1_1_6
111_1_1,21810,0,After Onboard,1_1_6
213_2_0,21840,7,Before Onboard,2_0_9
213_2_0,21840,0,After Onboard,2_0_9
918_4_1,21840,0,When Arrival,4_1_5
919_4_0,21840,0,When Arrival,4_0_5
913_4_0,21840,9,Before Onboard,4_0_6
913_4_0,21840,0,After Onboard,4_0_6
925_4_1,21840,7,Before Onboard,4_1_3
925_4_1,21840,0,After Onboard,4_1_3
108_4_1,21840,1,Before Onboard,4_1_8
108_4_1,21840,0,After Onboard,4_1_8
113_2_1,21840,0,When Arrival,2_1_5
110_1_0,21840,8,Before Onboard,1_0_7
110_1_0,21840,0,After Onboard,1_0_7
108_4_0,21840,0,Before Onboard,4_0_8
108_4_0,21840,0,After Onboard,4_0_8
926_4_0,21840,12,Before Onboard,4_0_3
926_4_0,21840,0,After Onboard,4_0_3
108_1_1,21840,0,Before Onboard,1_1_7
108_1_1,21840,0,After Onboard,1_1_7
206_2_1,21870,3,Before Onboard,2_1_6
206_2_1,21870,0,After Onboard,2_1_6
216_2_0,21870,0,When Arrival,2_0_4
310_3_0,21900,0,When Arrival,3_0_7
122_1_0,21900,15,Before Onboard,1_0_3
122_1_0,21900,0,After Onboard,1_0_3
918_4_1,21900,15,Before Onboard,4_1_5
918_4_1,21900,0,After Onboard,4_1_5
103_1_1,21900,11,Before Onboard,1_1_9
103_1_1,21900,0,After Onboard,1_1_9
919_4_0,21900,14,Before Onboard,4_0_5
919_4_0,21900,0,After Onboard,4_0_5
113_2_0,21900,3,Before Onboard,2_0_5
113_2_0,21900,0,After Onboard,2_0_5
105_1_0,21900,12,Before Onboard,1_0_9
105_1_0,21900,0,After Onboard,1_0_9
111_1_0,21900,0,When Arrival,1_0_7
204_2_1,21900,0,When Arrival,2_1_7
113_2_1,21900,0,Before Onboard,2_1_5
113_2_1,21900,0,After Onboard,2_1_5
119_1_1,21900,4,Before Onboard,1_1_3
119_1_1,21900,0,After Onboard,1_1_3
105_1_1,21930,1,Before Onboard,1_1_8
105_1_1,21930,0,After Onboard,1_1_8
101_1_1,21930,19,Before Onboard,1_1_10
101_1_1,21930,0,After Onboard,1_1_10
216_2_0,21930,12,Before Onboard,2_0_4
216_2_0,21930,0,After Onboard,2_0_4
103_1_0,21930,4,Before Onboard,1_0_10
103_1_0,21930,0,After Onboard,1_0_10
204_2_0,21930,11,Before Onboard,2_0_8
204_2_0,21930,0,After Onboard,2_0_8
214_2_1,21930,20,Before Onboard,2_1_4
214_2_1,21930,0,After Onboard,2_1_4
108_1_0,21930,6,Before Onboard,1_0_8
108_1_0,21930,0,After Onboard,1_0_8
321_3_0,21960,12,Before Onboard,3_0_3
321_3_0,21960,0,After Onboard,3_0_3
310_3_0,21960,9,Before Onboard,3_0_7
310_3_0,21960,0,After Onboard,3_0_7
111_1_0,21960,8,Before Onboard,1_0_7
111_1_0,21960,0,After Onboard,1_0_7
101_1_1,21960,0,Before Onboard,1_1_11
101_1_1,21960,0,After Onboard,1_1_11
913_4_1,21960,3,Before Onboard,4_1_7
913_4_1,21960,0,After Onboard,4_1_7
216_2_1,21960,1,Before Onboard,2_1_3
216_2_1,21960,0,After Onboard,2_1_3
101_1_0,21960,0,Before Onboard,1_0_11
101_1_0,21960,0,After Onboard,1_0_11
210_2_1,21960,0,When Arrival,2_1_9
204_2_1,21960,2,Before Onboard,2_1_7
204_2_1,21960,0,After Onboard,2_1_7
110_1_1,21960,6,Before Onboard,1_1_7
110_1_1,21960,0,After Onboard,1_1_7
305_4_1,21960,0,When Arrival,4_1_8
316_3_1,21960,7,Before Onboard,3_1_3
316_3_1,21960,0,After Onboard,3_1_3
219_2_0,21960,22,Before Onboard,2_0_3
219_2_0,21960,0,After Onboard,2_0_3
210_2_0,21990,0,When Arrival,2_0_6
122_1_1,21990,3,Before Onboard,1_1_2
122_1_1,21990,0,After Onboard,1_1_2
125_1_0,21990,11,Before Onboard,1_0_2
125_1_0,21990,0,After Onboard,1_0_2
210_2_1,22020,15,Before Onboard,2_1_9
210_2_1,22020,0,After Onboard,2_1_9
305_4_1,22020,10,Before Onboard,4_1_8
305_4_1,22020,0,After Onboard,4_1_8
214_2_0,22020,0,When Arrival,2_0_5
105_3_1,22020,4,Before Onboard,3_1_7
105_3_1,22020,0,After Onboard,3_1_7
128_1_0,22020,21,Before Onboard,1_0_1
128_1_0,22020,0,After Onboard,1_0_1
125_1_1,22020,1,Before Onboard,1_1_1
125_1_1,22020,0,After Onboard,1_1_1
213_2_1,22020,0,When Arrival,2_1_5
208_3_1,22050,0,When Arrival,3_1_6
305_3_1,22050,0,When Arrival,3_1_8
210_2_0,22050,0,Before Onboard,2_0_6
210_2_0,22050,0,After Onboard,2_0_6
116_3_0,22080,0,When Arrival,3_0_5
919_4_1,22080,0,When Arrival,4_1_5
214_2_0,22080,7,Before Onboard,2_0_5
214_2_0,22080,0,After Onboard,2_0_5
926_4_1,22080,0,When Arrival,4_1_3
303_3_0,22080,14,Before Onboard,3_0_9
303_3_0,22080,0,After Onboard,3_0_9
921_4_0,22080,0,When Arrival,4_0_5
208_2_0,22080,0,When Arrival,2_0_7
116_3_1,22080,0,When Arrival,3_1_5
213_2_1,22080,11,Before Onboard,2_1_5
213_2_1,22080,0,After Onboard,2_1_5
928_4_0,22080,0,When Arrival,4_0_3
918_4_0,22080,6,Before Onboard,4_0_8
918_4_0,22080,0,After Onboard,4_0_8
305_3_1,22110,4,Before Onboard,3_1_8
305_3_1,22110,0,After Onboard,3_1_8
208_3_1,22110,17,Before Onboard,3_1_6
208_3_1,22110,0,After Onboard,3_1_6
325_3_0,22110,21,Before Onboard,3_0_2
325_3_0,22110,0,After Onboard,3_0_2
105_3_0,22110,3,Before Onboard,3_0_10
105_3_0,22110,0,After Onboard,3_0_10
113_1_1,22110,0,When Arrival,1_1_6
202_2_1,22110,11,Before Onboard,2_1_8
202_2_1,22110,0,After Onboard,2_1_8
105_3_1,22110,0,Before Onboard,3_1_10
105_3_1,22110,0,After Onboard,3_1_10
113_2_1,22110,11,Before Onboard,2_1_10
113_2_1,22110,0,After Onboard,2_1_10
113_2_0,22110,0,Before Onboard,2_0_10
113_2_0,22110,0,After Onboard,2_0_10
116_1_0,22110,0,When Arrival,1_0_6
208_3_0,22110,2,When Arrival,3_0_6
316_3_0,22110,5,Before Onboard,3_0_8
316_3_0,22110,0,After Onboard,3_0_8
321_3_1,22110,11,Before Onboard,3_1_2
321_3_1,22110,0,After Onboard,3_1_2
208_2_0,22140,0,Before Onboard,2_0_7
208_2_0,22140,0,After Onboard,2_0_7
310_3_1,22140,7,Before Onboard,3_1_9
310_3_1,22140,0,After Onboard,3_1_9
921_4_0,22140,17,Before Onboard,4_0_5
921_4_0,22140,0,After Onboard,4_0_5
926_4_1,22140,6,Before Onboard,4_1_3
926_4_1,22140,0,After Onboard,4_1_3
116_1_1,22140,0,When Arrival,1_1_5
111_1_1,22140,0,When Arrival,1_1_7
928_4_0,22140,22,Before Onboard,4_0_3
928_4_0,22140,0,After Onboard,4_0_3
305_3_0,22140,1,When Arrival,3_0_7
919_4_1,22140,9,Before Onboard,4_1_5
919_4_1,22140,0,After Onboard,4_1_5
116_3_0,22140,12,Before Onboard,3_0_5
116_3_0,22140,0,After Onboard,3_0_5
116_3_1,22140,0,Before Onboard,3_1_5
116_3_1,22140,0,After Onboard,3_1_5
108_4_0,22140,0,When Arrival,4_0_8
113_1_0,22140,0,When Arrival,1_0_7
909_4_1,22140,20,Before Onboard,4_1_6
909_4_1,22140,0,After Onboard,4_1_6
922_4_1,22140,0,When Arrival,4_1_4
208_2_1,22170,0,When Arrival,2_1_6
208_3_0,22170,3,Before Onboard,3_0_6
208_3_0,22170,0,After Onboard,3_0_6
116_1_0,22170,3,Before Onboard,1_0_6
116_1_0,22170,0,After Onboard,1_0_6
206_2_0,22170,0,When Arrival,2_0_8
110_1_0,22170,0,When Arrival,1_0_8
108_1_1,22170,0,When Arrival,1_1_8
113_1_1,22170,0,Before Onboard,1_1_6
113_1_1,22170,0,After Onboard,1_1_6
922_4_0,22200,0,When Arrival,4_0_5
111_1_1,22200,11,Before Onboard,1_1_7
111_1_1,22200,0,After Onboard,1_1_7
116_1_1,22200,0,Before Onboard,1_1_5
116_1_1,22200,0,After Onboard,1_1_5
113_1_0,22200,1,Before Onboard,1_0_7
113_1_0,22200,0,After Onboard,1_0_7
922_4_1,22200,18,Before Onboard,4_1_4
922_4_1,22200,0,After Onboard,4_1_4
925_4_0,22200,14,Before Onboard,4_0_4
925_4_0,22200,0,After Onboard,4_0_4
108_4_0,22200,14,Before Onboard,4_0_8
108_4_0,22200,0,After Onboard,4_0_8
305_3_0,22200,5,Before Onboard,3_0_7
305_3_0,22200,0,After Onboard,3_0_7
921_4_1,22200,0,When Arrival,4_1_5
303_3_1,22200,0,When Arrival,3_1_7
119_1_0,22200,15,Before Onboard,1_0_5
119_1_0,22200,0,After Onboard,1_0_5
105_1_0,22230,0,When Arrival,1_0_10
108_1_1,22230,1,Before Onboard,1_1_8
108_1_1,22230,0,After Onboard,1_1_8
103_1_1,22230,0,When Arrival,1_1_10
206_2_0,22230,12,Before Onboard,2_0_8
206_2_0,22230,0,After Onboard,2_0_8
122_1_0,22230,0,When Arrival,1_0_4
208_2_1,22230,1,Before Onboard,2_1_6
208_2_1,22230,0,After Onboard,2_1_6
110_1_0,22230,14,Before Onboard,1_0_8
110_1_0,22230,0,After Onboard,1_0_8
206_2_1,22260,0,When Arrival,2_1_7
305_4_0,22260,2,When Arrival,4_0_6
325_3_1,22260,0,When Arrival,3_1_1
105_1_1,22260,0,When Arrival,1_1_9
922_4_0,22260,4,Before Onboard,4_0_5
922_4_0,22260,0,After Onboard,4_0_5
108_1_0,22260,0,When Arrival,1_0_9
921_4_1,22260,6,Before Onboard,4_1_5
921_4_1,22260,0,After Onboard,4_1_5
303_3_1,22260,17,Before Onboard,3_1_7
303_3_1,22260,0,After Onboard,3_1_7
108_4_1,22260,0,When Arrival,4_1_6
122_1_0,22290,16,Before Onboard,1_0_4
122_1_0,22290,0,After Onboard,1_0_4
111_1_0,22290,0,When Arrival,1_0_8
119_1_1,22290,1,Before Onboard,1_1_4
119_1_1,22290,0,After Onboard,1_1_4
113_2_1,22290,2,When Arrival,2_1_6
105_1_0,22290,2,Before Onboard,1_0_10
105_1_0,22290,0,After Onboard,1_0_10
110_1_1,22290,0,When Arrival,1_1_8
103_1_1,22290,15,Before Onboard,1_1_10
103_1_1,22290,0,After Onboard,1_1_10
113_2_0,22290,1,When Arrival,2_0_6
213_2_0,22290,13,Before Onboard,2_0_10
213_2_0,22290,0,After Onboard,2_0_10
913_4_0,22320,0,When Arrival,4_0_7
206_2_1,22320,2,Before Onboard,2_1_7
206_2_1,22320,0,After Onboard,2_1_7
108_4_1,22320,2,Before Onboard,4_1_6
108_4_1,22320,0,After Onboard,4_1_6
214_2_1,22320,0,When Arrival,2_1_5
122_1_1,22320,0,When Arrival,1_1_3
108_1_0,22320,0,Before Onboard,1_0_9
108_1_0,22320,0,After Onboard,1_0_9
925_4_1,22320,0,When Arrival,4_1_4
329_3_0,22320,24,Before Onboard,3_0_1
329_3_0,22320,0,After Onboard,3_0_1
105_1_1,22320,1,Before Onboard,1_1_9
105_1_1,22320,0,After Onboard,1_1_9
204_2_0,22320,0,When Arrival,2_0_9
926_4_0,22320,0,When Arrival,4_0_4
325_3_1,22320,8,Before Onboard,3_1_1
325_3_1,22320,0,After Onboard,3_1_1
125_1_0,22320,0,When Arrival,1_0_3
305_4_0,22320,11,Before Onboard,4_0_6
305_4_0,22320,0,After Onboard,4_0_6
216_2_0,22320,0,When Arrival,2_0_5
101_1_1,22320,14,Before Onboard,1_1_11
101_1_1,22320,0,After Onboard,1_1_11
103_1_0,22320,1,Before Onboard,1_0_11
103_1_0,22320,0,After Onboard,1_0_11
204_2_1,22350,0,When Arrival,2_1_8
310_3_0,22350,0,When Arrival,3_0_8
219_2_0,22350,0,When Arrival,2_0_4
216_2_1,22350,0,When Arrival,2_1_4
128_1_0,22350,0,When Arrival,1_0_2
111_1_0,22350,4,Before Onboard,1_0_8
111_1_0,22350,0,After Onboard,1_0_8
101_1_0,22350,3,Before Onboard,1_0_12
101_1_0,22350,0,After Onboard,1_0_12
113_2_0,22350,8,Before Onboard,2_0_6
113_2_0,22350,0,After Onboard,2_0_6
101_1_1,22350,0,Before Onboard,1_1_12
101_1_1,22350,0,After Onboard,1_1_12
110_1_1,22350,6,Before Onboard,1_1_8
110_1_1,22350,0,After Onboard,1_1_8
125_1_1,22350,0,When Arrival,1_1_2
113_2_1,22350,2,Before Onboard,2_1_6
113_2_1,22350,0,After Onboard,2_1_6
316_3_1,22350,0,When Arrival,3_1_4
925_4_1,22380,9,Before Onboard,4_1_4
925_4_1,22380,0,After Onboard,4_1_4
918_4_1,22380,0,When Arrival,4_1_6
913_4_0,22380,16,Before Onboard,4_0_7
913_4_0,22380,0,After Onboard,4_0_7
122_1_1,22380,6,Before Onboard,1_1_3
122_1_1,22380,0,After Onboard,1_1_3
214_2_1,22380,15,Before Onboard,2_1_5
214_2_1,22380,0,After Onboard,2_1_5
919_4_0,22380,0,When Arrival,4_0_6
108_4_1,22380,1,Before Onboard,4_1_9
108_4_1,22380,0,After Onboard,4_1_9
125_1_0,22380,13,Before Onboard,1_0_3
125_1_0,22380,0,After Onboard,1_0_3
926_4_0,22380,12,Before Onboard,4_0_4
926_4_0,22380,0,After Onboard,4_0_4
204_2_0,22380,19,Before Onboard,2_0_9
204_2_0,22380,0,After Onboard,2_0_9
216_2_0,22380,19,Before Onboard,2_0_5
216_2_0,22380,0,After Onboard,2_0_5
108_4_0,22380,3,Before Onboard,4_0_9
108_4_0,22380,0,After Onboard,4_0_9
216_2_1,22410,1,Before Onboard,2_1_4
216_2_1,22410,0,After Onboard,2_1_4
210_2_1,22410,0,When Arrival,2_1_10
204_2_1,22410,1,Before Onboard,2_1_8
204_2_1,22410,0,After Onboard,2_1_8
310_3_0,22410,14,Before Onboard,3_0_8
310_3_0,22410,0,After Onboard,3_0_8
321_3_0,22410,11,Before Onboard,3_0_4
321_3_0,22410,0,After Onboard,3_0_4
316_3_1,22410,12,Before Onboard,3_1_4
316_3_1,22410,0,After Onboard,3_1_4
219_2_0,22410,21,Before Onboard,2_0_4
219_2_0,22410,0,After Onboard,2_0_4
105_3_1,22410,0,When Arrival,3_1_8
125_1_1,22410,1,Before Onboard,1_1_2
125_1_1,22410,0,After Onboard,1_1_2
128_1_0,22410,13,Before Onboard,1_0_2
128_1_0,22410,0,After Onboard,1_0_2
210_2_0,22440,0,When Arrival,2_0_7
918_4_1,22440,9,Before Onboard,4_1_6
918_4_1,22440,0,After Onboard,4_1_6
913_4_1,22440,0,When Arrival,4_1_8
919_4_0,22440,8,Before Onboard,4_0_6
919_4_0,22440,0,After Onboard,4_0_6
105_3_1,22470,7,Before Onboard,3_1_8
105_3_1,22470,0,After Onboard,3_1_8
214_2_0,22470,0,When Arrival,2_0_6
210_2_1,22470,23,Before Onboard,2_1_10
210_2_1,22470,0,After Onboard,2_1_10
303_3_0,22470,0,When Arrival,3_0_10
213_2_1,22470,0,When Arrival,2_1_6
913_4_1,22500,5,Before Onboard,4_1_8
913_4_1,22500,0,After Onboard,4_1_8
116_1_0,22500,0,When Arrival,1_0_7
113_1_1,22500,0,When Arrival,1_1_7
305_4_1,22500,0,When Arrival,4_1_9
321_3_1,22500,0,When Arrival,3_1_3
208_3_1,22500,0,When Arrival,3_1_7
305_3_1,22500,0,When Arrival,3_1_9
210_2_0,22500,2,Before Onboard,2_0_7
210_2_0,22500,0,After Onboard,2_0_7
202_2_1,22500,0,When Arrival,2_1_9
316_3_0,22500,0,When Arrival,3_0_9
325_3_0,22500,0,When Arrival,3_0_3
214_2_0,22530,3,Before Onboard,2_0_6
214_2_0,22530,0,After Onboard,2_0_6
116_3_0,22530,3,When Arrival,3_0_6
303_3_0,22530,9,Before Onboard,3_0_10
303_3_0,22530,0,After Onboard,3_0_10
116_3_1,22530,1,When Arrival,3_1_6
116_1_1,22530,0,When Arrival,1_1_6
111_1_1,22530,0,When Arrival,1_1_8
208_2_0,22530,0,When Arrival,2_0_8
113_1_0,22530,0,When Arrival,1_0_8
119_1_0,22530,0,When Arrival,1_0_6
213_2_1,22530,11,Before Onboard,2_1_6
213_2_1,22530,0,After Onboard,2_1_6
105_3_0,22560,10,Before Onboard,3_0_11
105_3_0,22560,0,After Onboard,3_0_11
208_3_1,22560,26,Before Onboard,3_1_7
208_3_1,22560,0,After Onboard,3_1_7
305_4_1,22560,12,Before Onboard,4_1_9
305_4_1,22560,0,After Onboard,4_1_9
918_4_0,22560,0,When Arrival,4_0_9
105_3_1,22560,0,Before Onboard,3_1_11
105_3_1,22560,0,After Onboard,3_1_11
108_1_1,22560,0,When Arrival,1_1_9
110_1_0,22560,0,When Arrival,1_0_9
116_1_0,22560,24,Before Onboard,1_0_7
116_1_0,22560,0,After Onboard,1_0_7
316_3_0,22560,5,Before Onboard,3_0_9
316_3_0,22560,0,After Onboard,3_0_9
113_2_1,22560,6,Before Onboard,2_1_11
113_2_1,22560,0,After Onboard,2_1_11
202_2_1,22560,15,Before Onboard,2_1_9
202_2_1,22560,0,After Onboard,2_1_9
113_2_0,22560,5,Before Onboard,2_0_11
113_2_0,22560,0,After Onboard,2_0_11
305_3_1,22560,0,Before Onboard,3_1_9
305_3_1,22560,0,After Onboard,3_1_9
321_3_1,22560,9,Before Onboard,3_1_3
321_3_1,22560,0,After Onboard,3_1_3
113_1_1,22560,0,Before Onboard,1_1_7
113_1_1,22560,0,After Onboard,1_1_7
325_3_0,22560,6,Before Onboard,3_0_3
325_3_0,22560,0,After Onboard,3_0_3
208_3_0,22560,7,When Arrival,3_0_7
116_3_1,22590,3,Before Onboard,3_1_6
116_3_1,22590,0,After Onboard,3_1_6
111_1_1,22590,15,Before Onboard,1_1_8
111_1_1,22590,0,After Onboard,1_1_8
119_1_0,22590,7,Before Onboard,1_0_6
119_1_0,22590,0,After Onboard,1_0_6
310_3_1,22590,8,Before Onboard,3_1_10
310_3_1,22590,0,After Onboard,3_1_10
116_1_1,22590,0,Before Onboard,1_1_6
116_1_1,22590,0,After Onboard,1_1_6
305_3_0,22590,4,When Arrival,3_0_8
116_3_0,22590,3,Before Onboard,3_0_6
116_3_0,22590,0,After Onboard,3_0_6
208_2_0,22590,1,Before Onboard,2_0_8
208_2_0,22590,0,After Onboard,2_0_8
113_1_0,22590,0,Before Onboard,1_0_8
113_1_0,22590,0,After Onboard,1_0_8
918_4_0,22620,11,Before Onboard,4_0_9
918_4_0,22620,0,After Onboard,4_0_9
122_1_0,22620,0,When Arrival,1_0_5
110_1_0,22620,8,Before Onboard,1_0_9
110_1_0,22620,0,After Onboard,1_0_9
208_3_0,22620,7,Before Onboard,3_0_7
208_3_0,22620,0,After Onboard,3_0_7
921_4_0,22620,0,When Arrival,4_0_6
926_4_1,22620,0,When Arrival,4_1_4
108_1_1,22620,9,Before Onboard,1_1_9
108_1_1,22620,0,After Onboard,1_1_9
206_2_0,22620,0,When Arrival,2_0_9
928_4_0,22620,0,When Arrival,4_0_4
919_4_1,22620,0,When Arrival,4_1_6
103_1_1,22620,0,When Arrival,1_1_11
105_1_0,22620,0,When Arrival,1_0_11
909_4_1,22620,0,When Arrival,4_1_7
119_1_1,22620,0,When Arrival,1_1_5
208_2_1,22620,1,When Arrival,2_1_7
103_1_0,22650,0,When Arrival,1_0_12
303_3_1,22650,0,When Arrival,3_1_8
108_1_0,22650,0,When Arrival,1_0_10
305_3_0,22650,8,Before Onboard,3_0_8
305_3_0,22650,0,After Onboard,3_0_8
105_1_1,22650,0,When Arrival,1_1_10
206_2_0,22680,12,Before Onboard,2_0_9
206_2_0,22680,0,After Onboard,2_0_9
110_1_1,22680,0,When Arrival,1_1_9
111_1_0,22680,0,When Arrival,1_0_9
122_1_0,22680,19,Before Onboard,1_0_5
122_1_0,22680,0,After Onboard,1_0_5
921_4_0,22680,13,Before Onboard,4_0_6
921_4_0,22680,0,After Onboard,4_0_6
103_1_1,22680,10,Before Onboard,1_1_11
103_1_1,22680,0,After Onboard,1_1_11
926_4_1,22680,13,Before Onboard,4_1_4
926_4_1,22680,0,After Onboard,4_1_4
928_4_0,22680,15,Before Onboard,4_0_4
928_4_0,22680,0,After Onboard,4_0_4
925_4_0,22680,0,When Arrival,4_0_5
922_4_1,22680,0,When Arrival,4_1_5
105_1_0,22680,6,Before Onboard,1_0_11
105_1_0,22680,0,After Onboard,1_0_11
213_2_0,22680,0,When Arrival,2_0_11
119_1_1,22680,2,Before Onboard,1_1_5
119_1_1,22680,0,After Onboard,1_1_5
919_4_1,22680,12,Before Onboard,4_1_6
919_4_1,22680,0,After Onboard,4_1_6
108_4_0,22680,1,When Arrival,4_0_9
909_4_1,22680,19,Before Onboard,4_1_7
909_4_1,22680,0,After Onboard,4_1_7
208_2_1,22680,4,Before Onboard,2_1_7
208_2_1,22680,0,After Onboard,2_1_7
303_3_1,22710,6,Before Onboard,3_1_8
303_3_1,22710,0,After Onboard,3_1_8
105_1_1,22710,2,Before Onboard,1_1_10
105_1_1,22710,0,After Onboard,1_1_10
125_1_0,22710,0,When Arrival,1_0_4
103_1_0,22710,0,Before Onboard,1_0_12
103_1_0,22710,0,After Onboard,1_0_12
325_3_1,22710,0,When Arrival,3_1_2
206_2_1,22710,0,When Arrival,2_1_8
101_1_1,22710,15,Before Onboard,1_1_12
101_1_1,22710,0,After Onboard,1_1_12
108_1_0,22710,7,Before Onboard,1_0_10
108_1_0,22710,0,After Onboard,1_0_10
329_3_0,22710,0,When Arrival,3_0_2
122_1_1,22710,0,When Arrival,1_1_4
213_2_0,22740,6,Before Onboard,2_0_11
213_2_0,22740,0,After Onboard,2_0_11
101_1_0,22740,0,Before Onboard,1_0_13
101_1_0,22740,0,After Onboard,1_0_13
922_4_0,22740,0,When Arrival,4_0_6
113_2_0,22740,0,When Arrival,2_0_7
113_2_1,22740,0,When Arrival,2_1_7
922_4_1,22740,18,Before Onboard,4_1_5
922_4_1,22740,0,After Onboard,4_1_5
921_4_1,22740,0,When Arrival,4_1_6
925_4_0,22740,15,Before Onboard,4_0_5
925_4_0,22740,0,After Onboard,4_0_5
101_1_1,22740,0,Before Onboard,1_1_13
101_1_1,22740,0,After Onboard,1_1_13
111_1_0,22740,4,Before Onboard,1_0_9
111_1_0,22740,0,After Onboard,1_0_9
125_1_1,22740,0,When Arrival,1_1_3
108_4_0,22740,2,Before Onboard,4_0_9
108_4_0,22740,0,After Onboard,4_0_9
128_1_0,22740,0,When Arrival,1_0_3
110_1_1,22740,5,Before Onboard,1_1_9
110_1_1,22740,0,After Onboard,1_1_9
206_2_1,22770,2,Before Onboard,2_1_8
206_2_1,22770,0,After Onboard,2_1_8
214_2_1,22770,0,When Arrival,2_1_6
329_3_0,22770,19,Before Onboard,3_0_2
329_3_0,22770,0,After Onboard,3_0_2
122_1_1,22770,1,Before Onboard,1_1_4
122_1_1,22770,0,After Onboard,1_1_4
125_1_0,22770,13,Before Onboard,1_0_4
125_1_0,22770,0,After Onboard,1_0_4
204_2_0,22770,0,When Arrival,2_0_10
325_3_1,22770,14,Before Onboard,3_1_2
325_3_1,22770,0,After Onboard,3_1_2
216_2_0,22770,0,When Arrival,2_0_6
108_4_1,22800,1,When Arrival,4_1_7
113_2_1,22800,7,Before Onboard,2_1_7
113_2_1,22800,0,After Onboard,2_1_7
321_3_0,22800,0,When Arrival,3_0_5
204_2_1,22800,0,When Arrival,2_1_9
113_2_0,22800,0,Before Onboard,2_0_7
113_2_0,22800,0,After Onboard,2_0_7
921_4_1,22800,4,Before Onboard,4_1_6
921_4_1,22800,0,After Onboard,4_1_6
316_3_1,22800,0,When Arrival,3_1_5
125_1_1,22800,3,Before Onboard,1_1_3
125_1_1,22800,0,After Onboard,1_1_3
305_4_0,22800,2,When Arrival,4_0_7
216_2_1,22800,0,When Arrival,2_1_5
219_2_0,22800,0,When Arrival,2_0_5
310_3_0,22800,0,When Arrival,3_0_9
128_1_0,22800,11,Before Onboard,1_0_3
128_1_0,22800,0,After Onboard,1_0_3
922_4_0,22800,3,Before Onboard,4_0_6
922_4_0,22800,0,After Onboard,4_0_6
204_2_0,22830,18,Before Onboard,2_0_10
204_2_0,22830,0,After Onboard,2_0_10
214_2_1,22830,17,Before Onboard,2_1_6
214_2_1,22830,0,After Onboard,2_1_6
216_2_0,22830,15,Before Onboard,2_0_6
216_2_0,22830,0,After Onboard,2_0_6
204_2_1,22860,1,Before Onboard,2_1_9
204_2_1,22860,0,After Onboard,2_1_9
925_4_1,22860,0,When Arrival,4_1_5
926_4_0,22860,0,When Arrival,4_0_5
321_3_0,22860,8,Before Onboard,3_0_5
321_3_0,22860,0,After Onboard,3_0_5
105_3_1,22860,0,When Arrival,3_1_9
216_2_1,22860,0,Before Onboard,2_1_5
216_2_1,22860,0,After Onboard,2_1_5
219_2_0,22860,22,Before Onboard,2_0_5
219_2_0,22860,0,After Onboard,2_0_5
316_3_1,22860,15,Before Onboard,3_1_5
316_3_1,22860,0,After Onboard,3_1_5
310_3_0,22860,10,Before Onboard,3_0_9
310_3_0,22860,0,After Onboard,3_0_9
305_4_0,22860,8,Before Onboard,4_0_7
305_4_0,22860,0,After Onboard,4_0_7
210_2_1,22860,0,When Arrival,2_1_11
108_4_1,22860,7,Before Onboard,4_1_7
108_4_1,22860,0,After Onboard,4_1_7
913_4_0,22860,0,When Arrival,4_0_8
113_1_1,22890,1,When Arrival,1_1_8
210_2_0,22890,0,When Arrival,2_0_8
116_1_0,22890,0,When Arrival,1_0_8
108_4_1,22920,1,Before Onboard,4_1_10
108_4_1,22920,0,After Onboard,4_1_10
919_4_0,22920,0,When Arrival,4_0_7
925_4_1,22920,8,Before Onboard,4_1_5
925_4_1,22920,0,After Onboard,4_1_5
105_3_1,22920,11,Before Onboard,3_1_9
105_3_1,22920,0,After Onboard,3_1_9
926_4_0,22920,4,Before Onboard,4_0_5
926_4_0,22920,0,After Onboard,4_0_5
214_2_0,22920,0,When Arrival,2_0_7
913_4_0,22920,19,Before Onboard,4_0_8
913_4_0,22920,0,After Onboard,4_0_8
918_4_1,22920,0,When Arrival,4_1_7
108_4_0,22920,0,Before Onboard,4_0_10
108_4_0,22920,0,After Onboard,4_0_10
210_2_1,22920,20,Before Onboard,2_1_11
210_2_1,22920,0,After Onboard,2_1_11
213_2_1,22920,0,When Arrival,2_1_7
113_1_0,22920,1,When Arrival,1_0_9
119_1_0,22920,0,When Arrival,1_0_7
111_1_1,22920,0,When Arrival,1_1_9
116_1_1,22920,0,When Arrival,1_1_7
303_3_0,22920,0,When Arrival,3_0_11
113_1_1,22950,10,Before Onboard,1_1_8
113_1_1,22950,0,After Onboard,1_1_8
316_3_0,22950,0,When Arrival,3_0_10
305_3_1,22950,0,When Arrival,3_1_10
110_1_0,22950,0,When Arrival,1_0_10
202_2_1,22950,0,When Arrival,2_1_10
116_1_0,22950,17,Before Onboard,1_0_8
116_1_0,22950,0,After Onboard,1_0_8
108_1_1,22950,0,When Arrival,1_1_10
208_3_1,22950,0,When Arrival,3_1_8
325_3_0,22950,0,When Arrival,3_0_4
210_2_0,22950,3,Before Onboard,2_0_8
210_2_0,22950,0,After Onboard,2_0_8
321_3_1,22950,0,When Arrival,3_1_4
214_2_0,22980,8,Before Onboard,2_0_7
214_2_0,22980,0,After Onboard,2_0_7
919_4_0,22980,12,Before Onboard,4_0_7
919_4_0,22980,0,After Onboard,4_0_7
113_1_0,22980,2,Before Onboard,1_0_9
113_1_0,22980,0,After Onboard,1_0_9
918_4_1,22980,9,Before Onboard,4_1_7
918_4_1,22980,0,After Onboard,4_1_7
913_4_1,22980,0,When Arrival,4_1_9
303_3_0,22980,8,Before Onboard,3_0_11
303_3_0,22980,0,After Onboard,3_0_11
119_1_0,22980,8,Before Onboard,1_0_7
119_1_0,22980,0,After Onboard,1_0_7
213_2_1,22980,9,Before Onboard,2_1_7
213_2_1,22980,0,After Onboard,2_1_7
111_1_1,22980,13,Before Onboard,1_1_9
111_1_1,22980,0,After Onboard,1_1_9
116_1_1,22980,1,Before Onboard,1_1_7
116_1_1,22980,0,After Onboard,1_1_7
208_2_0,22980,0,When Arrival,2_0_9
116_3_1,22980,0,When Arrival,3_1_7
116_3_0,22980,2,When Arrival,3_0_7
208_3_1,23010,24,Before Onboard,3_1_8
208_3_1,23010,0,After Onboard,3_1_8
325_3_0,23010,10,Before Onboard,3_0_4
325_3_0,23010,0,After Onboard,3_0_4
113_2_0,23010,2,Before Onboard,2_0_12
113_2_0,23010,0,After Onboard,2_0_12
108_1_1,23010,3,Before Onboard,1_1_10
108_1_1,23010,0,After Onboard,1_1_10
103_1_1,23010,0,When Arrival,1_1_12
110_1_0,23010,4,Before Onboard,1_0_10
110_1_0,23010,0,After Onboard,1_0_10
105_3_1,23010,4,Before Onboard,3_1_12
105_3_1,23010,0,After Onboard,3_1_12
105_3_0,23010,0,Before Onboard,3_0_12
105_3_0,23010,0,After Onboard,3_0_12
122_1_0,23010,0,When Arrival,1_0_6
316_3_0,23010,3,Before Onboard,3_0_10
316_3_0,23010,0,After Onboard,3_0_10
202_2_1,23010,19,Before Onboard,2_1_10
202_2_1,23010,0,After Onboard,2_1_10
208_3_0,23010,9,When Arrival,3_0_8
305_3_1,23010,6,Before Onboard,3_1_10
305_3_1,23010,0,After Onboard,3_1_10
321_3_1,23010,5,Before Onboard,3_1_4
321_3_1,23010,0,After Onboard,3_1_4
105_1_0,23010,0,When Arrival,1_0_12
119_1_1,23010,0,When Arrival,1_1_6
113_2_1,23010,0,Before Onboard,2_1_12
113_2_1,23010,0,After Onboard,2_1_12
305_4_1,23040,0,When Arrival,4_1_10
305_3_0,23040,9,When Arrival,3_0_9
116_3_1,23040,2,Before Onboard,3_1_7
116_3_1,23040,0,After Onboard,3_1_7
208_2_0,23040,0,Before Onboard,2_0_9
208_2_0,23040,0,After Onboard,2_0_9
116_3_0,23040,2,Before Onboard,3_0_7
116_3_0,23040,0,After Onboard,3_0_7
105_1_1,23040,0,When Arrival,1_1_11
310_3_1,23040,9,Before Onboard,3_1_11
310_3_1,23040,0,After Onboard,3_1_11
108_1_0,23040,0,When Arrival,1_0_11
913_4_1,23040,3,Before Onboard,4_1_9
913_4_1,23040,0,After Onboard,4_1_9
122_1_0,23070,14,Before Onboard,1_0_6
122_1_0,23070,0,After Onboard,1_0_6
119_1_1,23070,1,Before Onboard,1_1_6
119_1_1,23070,0,After Onboard,1_1_6
206_2_0,23070,0,When Arrival,2_0_10
208_3_0,23070,9,Before Onboard,3_0_8
208_3_0,23070,0,After Onboard,3_0_8
111_1_0,23070,0,When Arrival,1_0_10
103_1_1,23070,15,Before Onboard,1_1_12
103_1_1,23070,0,After Onboard,1_1_12
208_2_1,23070,3,When Arrival,2_1_8
105_1_0,23070,4,Before Onboard,1_0_12
105_1_0,23070,0,After Onboard,1_0_12
110_1_1,23070,0,When Arrival,1_1_10
125_1_0,23100,0,When Arrival,1_0_5
105_1_1,23100,1,Before Onboard,1_1_11
105_1_1,23100,0,After Onboard,1_1_11
101_1_1,23100,21,Before Onboard,1_1_13
101_1_1,23100,0,After Onboard,1_1_13
305_4_1,23100,2,Before Onboard,4_1_10
305_4_1,23100,0,After Onboard,4_1_10
305_3_0,23100,9,Before Onboard,3_0_9
305_3_0,23100,0,After Onboard,3_0_9
103_1_0,23100,2,Before Onboard,1_0_13
103_1_0,23100,0,After Onboard,1_0_13
122_1_1,23100,0,When Arrival,1_1_5
108_1_0,23100,4,Before Onboard,1_0_11
108_1_0,23100,0,After Onboard,1_0_11
303_3_1,23100,0,When Arrival,3_1_9
206_2_0,23130,11,Before Onboard,2_0_10
206_2_0,23130,0,After Onboard,2_0_10
213_2_0,23130,0,When Arrival,2_0_12
101_1_1,23130,3,Before Onboard,1_1_14
101_1_1,23130,0,After Onboard,1_1_14
125_1_1,23130,0,When Arrival,1_1_4
111_1_0,23130,5,Before Onboard,1_0_10
111_1_0,23130,0,After Onboard,1_0_10
208_2_1,23130,3,Before Onboard,2_1_8
208_2_1,23130,0,After Onboard,2_1_8
101_1_0,23130,0,Before Onboard,1_0_14
101_1_0,23130,0,After Onboard,1_0_14
110_1_1,23130,8,Before Onboard,1_1_10
110_1_1,23130,0,After Onboard,1_1_10
128_1_0,23130,0,When Arrival,1_0_4
919_4_1,23160,0,When Arrival,4_1_7
206_2_1,23160,0,When Arrival,2_1_9
303_3_1,23160,11,Before Onboard,3_1_9
303_3_1,23160,0,After Onboard,3_1_9
329_3_0,23160,0,When Arrival,3_0_3
325_3_1,23160,0,When Arrival,3_1_3
909_4_1,23160,0,When Arrival,4_1_8
122_1_1,23160,2,Before Onboard,1_1_5
122_1_1,23160,0,After Onboard,1_1_5
926_4_1,23160,0,When Arrival,4_1_5
928_4_0,23160,0,When Arrival,4_0_5
921_4_0,23160,0,When Arrival,4_0_7
125_1_0,23160,15,Before Onboard,1_0_5
125_1_0,23160,0,After Onboard,1_0_5
918_4_0,23160,6,Before Onboard,4_0_10
918_4_0,23160,0,After Onboard,4_0_10
128_1_0,23190,15,Before Onboard,1_0_4
128_1_0,23190,0,After Onboard,1_0_4
113_2_0,23190,0,When Arrival,2_0_8
213_2_0,23190,3,Before Onboard,2_0_12
213_2_0,23190,0,After Onboard,2_0_12
125_1_1,23190,3,Before Onboard,1_1_4
125_1_1,23190,0,After Onboard,1_1_4
113_2_1,23190,0,When Arrival,2_1_8
909_4_1,23220,21,Before Onboard,4_1_8
909_4_1,23220,0,After Onboard,4_1_8
204_2_0,23220,0,When Arrival,2_0_11
926_4_1,23220,17,Before Onboard,4_1_5
926_4_1,23220,0,After Onboard,4_1_5
329_3_0,23220,17,Before Onboard,3_0_3
329_3_0,23220,0,After Onboard,3_0_3
214_2_1,23220,0,When Arrival,2_1_7
108_4_0,23220,1,When Arrival,4_0_10
928_4_0,23220,17,Before Onboard,4_0_5
928_4_0,23220,0,After Onboard,4_0_5
921_4_0,23220,20,Before Onboard,4_0_7
921_4_0,23220,0,After Onboard,4_0_7
919_4_1,23220,8,Before Onboard,4_1_7
919_4_1,23220,0,After Onboard,4_1_7
325_3_1,23220,8,Before Onboard,3_1_3
325_3_1,23220,0,After Onboard,3_1_3
925_4_0,23220,0,When Arrival,4_0_6
206_2_1,23220,2,Before Onboard,2_1_9
206_2_1,23220,0,After Onboard,2_1_9
216_2_0,23220,0,When Arrival,2_0_7
922_4_1,23220,0,When Arrival,4_1_6
321_3_0,23250,0,When Arrival,3_0_6
216_2_1,23250,0,When Arrival,2_1_6
219_2_0,23250,0,When Arrival,2_0_6
316_3_1,23250,0,When Arrival,3_1_6
310_3_0,23250,0,When Arrival,3_0_10
204_2_1,23250,0,When Arrival,2_1_10
113_2_0,23250,17,Before Onboard,2_0_8
113_2_0,23250,0,After Onboard,2_0_8
113_2_1,23250,0,Before Onboard,2_1_8
113_2_1,23250,0,After Onboard,2_1_8
113_1_1,23280,1,When Arrival,1_1_9
204_2_0,23280,17,Before Onboard,2_0_11
204_2_0,23280,0,After Onboard,2_0_11
921_4_1,23280,0,When Arrival,4_1_7
108_4_0,23280,7,Before Onboard,4_0_10
108_4_0,23280,0,After Onboard,4_0_10
214_2_1,23280,12,Before Onboard,2_1_7
214_2_1,23280,0,After Onboard,2_1_7
925_4_0,23280,15,Before Onboard,4_0_6
925_4_0,23280,0,After Onboard,4_0_6
922_4_1,23280,17,Before Onboard,4_1_6
922_4_1,23280,0,After Onboard,4_1_6
216_2_0,23280,28,Before Onboard,2_0_7
216_2_0,23280,0,After Onboard,2_0_7
922_4_0,23280,0,When Arrival,4_0_7
116_1_0,23280,5,When Arrival,1_0_9
119_1_0,23310,0,When Arrival,1_0_8
219_2_0,23310,22,Before Onboard,2_0_6
219_2_0,23310,0,After Onboard,2_0_6
116_1_1,23310,0,When Arrival,1_1_8
105_3_1,23310,0,When Arrival,3_1_10
111_1_1,23310,0,When Arrival,1_1_10
321_3_0,23310,7,Before Onboard,3_0_6
321_3_0,23310,0,After Onboard,3_0_6
204_2_1,23310,0,Before Onboard,2_1_10
204_2_1,23310,0,After Onboard,2_1_10
113_1_0,23310,0,When Arrival,1_0_10
316_3_1,23310,8,Before Onboard,3_1_6
316_3_1,23310,0,After Onboard,3_1_6
216_2_1,23310,3,Before Onboard,2_1_6
216_2_1,23310,0,After Onboard,2_1_6
310_3_0,23310,11,Before Onboard,3_0_10
310_3_0,23310,0,After Onboard,3_0_10
113_1_1,23340,2,Before Onboard,1_1_9
113_1_1,23340,0,After Onboard,1_1_9
110_1_0,23340,0,When Arrival,1_0_11
108_4_1,23340,2,When Arrival,4_1_8
210_2_0,23340,0,When Arrival,2_0_9
921_4_1,23340,4,Before Onboard,4_1_7
921_4_1,23340,0,After Onboard,4_1_7
116_1_0,23340,13,Before Onboard,1_0_9
116_1_0,23340,0,After Onboard,1_0_9
108_1_1,23340,0,When Arrival,1_1_11
305_4_0,23340,10,When Arrival,4_0_8
922_4_0,23340,2,Before Onboard,4_0_7
922_4_0,23340,0,After Onboard,4_0_7
113_1_0,23370,1,Before Onboard,1_0_10
113_1_0,23370,0,After Onboard,1_0_10
213_2_1,23370,0,When Arrival,2_1_8
116_1_1,23370,1,Before Onboard,1_1_8
116_1_1,23370,0,After Onboard,1_1_8
111_1_1,23370,10,Before Onboard,1_1_10
111_1_1,23370,0,After Onboard,1_1_10
105_3_1,23370,9,Before Onboard,3_1_10
105_3_1,23370,0,After Onboard,3_1_10
210_2_1,23370,12,Before Onboard,2_1_12
210_2_1,23370,0,After Onboard,2_1_12
119_1_0,23370,17,Before Onboard,1_0_8
119_1_0,23370,0,After Onboard,1_0_8
214_2_0,23370,0,When Arrival,2_0_8
108_4_1,23400,5,Before Onboard,4_1_8
108_4_1,23400,0,After Onboard,4_1_8
122_1_0,23400,0,When Arrival,1_0_7
925_4_1,23400,0,When Arrival,4_1_6
305_4_0,23400,30,Before Onboard,4_0_8
305_4_0,23400,0,After Onboard,4_0_8
108_1_1,23400,0,Before Onboard,1_1_11
108_1_1,23400,0,After Onboard,1_1_11
202_2_1,23400,0,When Arrival,2_1_11
110_1_0,23400,8,Before Onboard,1_0_11
110_1_0,23400,0,After Onboard,1_0_11
103_1_1,23400,0,When Arrival,1_1_13
316_3_0,23400,0,When Arrival,3_0_11
913_4_0,23400,0,When Arrival,4_0_9
210_2_0,23400,0,Before Onboard,2_0_9
210_2_0,23400,0,After Onboard,2_0_9
119_1_1,23400,0,When Arrival,1_1_7
305_3_1,23400,1,When Arrival,3_1_11
105_1_0,23400,0,When Arrival,1_0_13
926_4_0,23400,0,When Arrival,4_0_6
321_3_1,23400,0,When Arrival,3_1_5
325_3_0,23400,0,When Arrival,3_0_5
208_3_1,23400,0,When Arrival,3_1_9
214_2_0,23430,7,Before Onboard,2_0_8
214_2_0,23430,0,After Onboard,2_0_8
101_1_1,23430,0,When Arrival,1_1_14
310_3_1,23430,0,When Arrival,3_1_12
208_2_0,23430,0,When Arrival,2_0_10
108_1_0,23430,0,When Arrival,1_0_12
116_3_1,23430,1,When Arrival,3_1_8
116_3_0,23430,3,When Arrival,3_0_8
213_2_1,23430,9,Before Onboard,2_1_8
213_2_1,23430,0,After Onboard,2_1_8
105_1_1,23430,2,When Arrival,1_1_12
303_3_0,23430,12,Before Onboard,3_0_12
303_3_0,23430,0,After Onboard,3_0_12
122_1_0,23460,9,Before Onboard,1_0_7
122_1_0,23460,0,After Onboard,1_0_7
110_1_1,23460,0,When Arrival,1_1_11
111_1_0,23460,0,When Arrival,1_0_11
103_1_1,23460,11,Before Onboard,1_1_13
103_1_1,23460,0,After Onboard,1_1_13
119_1_1,23460,5,Before Onboard,1_1_7
119_1_1,23460,0,After Onboard,1_1_7
918_4_1,23460,0,When Arrival,4_1_8
113_2_1,23460,8,Before Onboard,2_1_13
113_2_1,23460,0,After Onboard,2_1_13
202_2_1,23460,23,Before Onboard,2_1_11
202_2_1,23460,0,After Onboard,2_1_11
105_1_0,23460,0,Before Onboard,1_0_13
105_1_0,23460,0,After Onboard,1_0_13
305_3_1,23460,1,Before Onboard,3_1_11
305_3_1,23460,0,After Onboard,3_1_11
208_3_1,23460,19,Before Onboard,3_1_9
208_3_1,23460,0,After Onboard,3_1_9
108_4_1,23460,2,Before Onboard,4_1_11
108_4_1,23460,0,After Onboard,4_1_11
105_3_1,23460,0,Before Onboard,3_1_13
105_3_1,23460,0,After Onboard,3_1_13
925_4_1,23460,4,Before Onboard,4_1_6
925_4_1,23460,0,After Onboard,4_1_6
325_3_0,23460,11,Before Onboard,3_0_5
325_3_0,23460,0,After Onboard,3_0_5
321_3_1,23460,9,Before Onboard,3_1_5
321_3_1,23460,0,After Onboard,3_1_5
108_4_0,23460,3,Before Onboard,4_0_11
108_4_0,23460,0,After Onboard,4_0_11
105_3_0,23460,1,Before Onboard,3_0_13
105_3_0,23460,0,After Onboard,3_0_13
316_3_0,23460,4,Before Onboard,3_0_11
316_3_0,23460,0,After Onboard,3_0_11
913_4_0,23460,15,Before Onboard,4_0_9
913_4_0,23460,0,After Onboard,4_0_9
208_3_0,23460,11,When Arrival,3_0_9
919_4_0,23460,0,When Arrival,4_0_8
926_4_0,23460,6,Before Onboard,4_0_6
926_4_0,23460,0,After Onboard,4_0_6
113_2_0,23460,4,Before Onboard,2_0_13
113_2_0,23460,0,After Onboard,2_0_13
116_3_1,23490,5,Before Onboard,3_1_8
116_3_1,23490,0,After Onboard,3_1_8
310_3_1,23490,6,Before Onboard,3_1_12
310_3_1,23490,0,After Onboard,3_1_12
108_1_0,23490,0,Before Onboard,1_0_12
108_1_0,23490,0,After Onboard,1_0_12
101_1_1,23490,10,Before Onboard,1_1_14
101_1_1,23490,0,After Onboard,1_1_14
105_1_1,23490,4,Before Onboard,1_1_12
105_1_1,23490,0,After Onboard,1_1_12
125_1_0,23490,0,When Arrival,1_0_6
116_3_0,23490,3,Before Onboard,3_0_8
116_3_0,23490,0,After Onboard,3_0_8
103_1_0,23490,1,Before Onboard,1_0_14
103_1_0,23490,0,After Onboard,1_0_14
122_1_1,23490,0,When Arrival,1_1_6
208_2_0,23490,5,Before Onboard,2_0_10
208_2_0,23490,0,After Onboard,2_0_10
305_3_0,23490,7,When Arrival,3_0_10
206_2_0,23520,0,When Arrival,2_0_11
101_1_1,23520,3,Before Onboard,1_1_15
101_1_1,23520,0,After Onboard,1_1_15
125_1_1,23520,0,When Arrival,1_1_5
111_1_0,23520,3,Before Onboard,1_0_11
111_1_0,23520,0,After Onboard,1_0_11
208_3_0,23520,12,Before Onboard,3_0_9
208_3_0,23520,0,After Onboard,3_0_9
208_2_1,23520,3,When Arrival,2_1_9
913_4_1,23520,0,When Arrival,4_1_10
101_1_0,23520,0,Before Onboard,1_0_15
101_1_0,23520,0,After Onboard,1_0_15
128_1_0,23520,0,When Arrival,1_0_5
919_4_0,23520,10,Before Onboard,4_0_8
919_4_0,23520,0,After Onboard,4_0_8
918_4_1,23520,17,Before Onboard,4_1_8
918_4_1,23520,0,After Onboard,4_1_8
110_1_1,23520,6,Before Onboard,1_1_11
110_1_1,23520,0,After Onboard,1_1_11
305_3_0,23550,10,Before Onboard,3_0_10
305_3_0,23550,0,After Onboard,3_0_10
125_1_0,23550,12,Before Onboard,1_0_6
125_1_0,23550,0,After Onboard,1_0_6
303_3_1,23550,0,When Arrival,3_1_10
122_1_1,23550,4,Before Onboard,1_1_6
122_1_1,23550,0,After Onboard,1_1_6
208_2_1,23580,5,Before Onboard,2_1_9
208_2_1,23580,0,After Onboard,2_1_9
213_2_0,23580,0,When Arrival,2_0_13
913_4_1,23580,2,Before Onboard,4_1_10
913_4_1,23580,0,After Onboard,4_1_10
305_4_1,23580,0,When Arrival,4_1_11
128_1_0,23580,14,Before Onboard,1_0_5
128_1_0,23580,0,After Onboard,1_0_5
206_2_0,23580,9,Before Onboard,2_0_11
206_2_0,23580,0,After Onboard,2_0_11
125_1_1,23580,0,Before Onboard,1_1_5
125_1_1,23580,0,After Onboard,1_1_5
303_3_1,23610,7,Before Onboard,3_1_10
303_3_1,23610,0,After Onboard,3_1_10
325_3_1,23610,0,When Arrival,3_1_4
329_3_0,23610,0,When Arrival,3_0_4
206_2_1,23610,0,When Arrival,2_1_10
113_2_1,23640,0,When Arrival,2_1_9
213_2_0,23640,9,Before Onboard,2_0_13
213_2_0,23640,0,After Onboard,2_0_13
113_2_0,23640,0,When Arrival,2_0_9
918_4_0,23640,0,When Arrival,4_0_11
305_4_1,23640,5,Before Onboard,4_1_11
305_4_1,23640,0,After Onboard,4_1_11
113_1_1,23670,1,When Arrival,1_1_10
216_2_0,23670,0,When Arrival,2_0_8
204_2_0,23670,0,When Arrival,2_0_12
214_2_1,23670,0,When Arrival,2_1_8
325_3_1,23670,11,Before Onboard,3_1_4
325_3_1,23670,0,After Onboard,3_1_4
329_3_0,23670,17,Before Onboard,3_0_4
329_3_0,23670,0,After Onboard,3_0_4
206_2_1,23670,1,Before Onboard,2_1_10
206_2_1,23670,0,After Onboard,2_1_10
116_1_0,23670,7,When Arrival,1_0_10
204_2_1,23700,0,When Arrival,2_1_11
919_4_1,23700,0,When Arrival,4_1_8
113_1_0,23700,0,When Arrival,1_0_11
918_4_0,23700,1,Before Onboard,4_0_11
918_4_0,23700,0,After Onboard,4_0_11
321_3_0,23700,0,When Arrival,3_0_7
926_4_1,23700,0,When Arrival,4_1_6
113_2_1,23700,14,Before Onboard,2_1_9
113_2_1,23700,0,After Onboard,2_1_9
316_3_1,23700,0,When Arrival,3_1_7
928_4_0,23700,0,When Arrival,4_0_6
119_1_0,23700,0,When Arrival,1_0_9
921_4_0,23700,0,When Arrival,4_0_8
216_2_1,23700,0,When Arrival,2_1_7
310_3_0,23700,0,When Arrival,3_0_11
116_1_1,23700,1,When Arrival,1_1_9
219_2_0,23700,0,When Arrival,2_0_7
113_2_0,23700,3,Before Onboard,2_0_9
113_2_0,23700,0,After Onboard,2_0_9
111_1_1,23700,0,When Arrival,1_1_11
909_4_1,23700,0,When Arrival,4_1_9
214_2_1,23730,9,Before Onboard,2_1_8
214_2_1,23730,0,After Onboard,2_1_8
108_1_1,23730,0,When Arrival,1_1_12
116_1_0,23730,12,Before Onboard,1_0_10
116_1_0,23730,0,After Onboard,1_0_10
113_1_1,23730,3,Before Onboard,1_1_10
113_1_1,23730,0,After Onboard,1_1_10
216_2_0,23730,15,Before Onboard,2_0_8
216_2_0,23730,0,After Onboard,2_0_8
110_1_0,23730,0,When Arrival,1_0_12
204_2_0,23730,16,Before Onboard,2_0_12
204_2_0,23730,0,After Onboard,2_0_12
119_1_0,23760,15,Before Onboard,1_0_9
119_1_0,23760,0,After Onboard,1_0_9
204_2_1,23760,1,Before Onboard,2_1_11
204_2_1,23760,0,After Onboard,2_1_11
925_4_0,23760,0,When Arrival,4_0_7
216_2_1,23760,1,Before Onboard,2_1_7
216_2_1,23760,0,After Onboard,2_1_7
310_3_0,23760,17,Before Onboard,3_0_11
310_3_0,23760,0,After Onboard,3_0_11
321_3_0,23760,10,Before Onboard,3_0_7
321_3_0,23760,0,After Onboard,3_0_7
316_3_1,23760,11,Before Onboard,3_1_7
316_3_1,23760,0,After Onboard,3_1_7
928_4_0,23760,28,Before Onboard,4_0_6
928_4_0,23760,0,After Onboard,4_0_6
108_4_0,23760,0,When Arrival,4_0_11
921_4_0,23760,17,Before Onboard,4_0_8
921_4_0,23760,0,After Onboard,4_0_8
926_4_1,23760,15,Before Onboard,4_1_6
926_4_1,23760,0,After Onboard,4_1_6
219_2_0,23760,16,Before Onboard,2_0_7
219_2_0,23760,0,After Onboard,2_0_7
105_3_1,23760,0,When Arrival,3_1_11
111_1_1,23760,7,Before Onboard,1_1_11
111_1_1,23760,0,After Onboard,1_1_11
116_1_1,23760,4,Before Onboard,1_1_9
116_1_1,23760,0,After Onboard,1_1_9
909_4_1,23760,24,Before Onboard,4_1_9
909_4_1,23760,0,After Onboard,4_1_9
922_4_1,23760,0,When Arrival,4_1_7
210_2_1,23760,0,When Arrival,2_1_13
113_1_0,23760,3,Before Onboard,1_0_11
113_1_0,23760,0,After Onboard,1_0_11
919_4_1,23760,6,Before Onboard,4_1_8
919_4_1,23760,0,After Onboard,4_1_8
103_1_1,23790,0,When Arrival,1_1_14
119_1_1,23790,0,When Arrival,1_1_8
108_1_1,23790,14,Before Onboard,1_1_12
108_1_1,23790,0,After Onboard,1_1_12
122_1_0,23790,0,When Arrival,1_0_8
210_2_0,23790,0,When Arrival,2_0_10
110_1_0,23790,13,Before Onboard,1_0_12
110_1_0,23790,0,After Onboard,1_0_12
105_1_0,23790,0,When Arrival,1_0_14
210_2_1,23820,21,Before Onboard,2_1_13
210_2_1,23820,0,After Onboard,2_1_13
105_1_1,23820,2,When Arrival,1_1_13
922_4_1,23820,17,Before Onboard,4_1_7
922_4_1,23820,0,After Onboard,4_1_7
101_1_1,23820,0,When Arrival,1_1_15
921_4_1,23820,0,When Arrival,4_1_8
105_3_1,23820,13,Before Onboard,3_1_11
105_3_1,23820,0,After Onboard,3_1_11
108_1_0,23820,0,When Arrival,1_0_13
922_4_0,23820,0,When Arrival,4_0_8
214_2_0,23820,0,When Arrival,2_0_9
303_3_0,23820,0,When Arrival,3_0_13
213_2_1,23820,0,When Arrival,2_1_9
108_4_0,23820,0,Before Onboard,4_0_11
108_4_0,23820,0,After Onboard,4_0_11
925_4_0,23820,18,Before Onboard,4_0_7
925_4_0,23820,0,After Onboard,4_0_7
316_3_0,23850,0,When Arrival,3_0_12
325_3_0,23850,0,When Arrival,3_0_6
321_3_1,23850,0,When Arrival,3_1_6
122_1_0,23850,16,Before Onboard,1_0_8
122_1_0,23850,0,After Onboard,1_0_8
105_1_0,23850,3,Before Onboard,1_0_14
105_1_0,23850,0,After Onboard,1_0_14
305_3_1,23850,0,When Arrival,3_1_12
110_1_1,23850,0,When Arrival,1_1_12
202_2_1,23850,0,When Arrival,2_1_12
210_2_0,23850,0,Before Onboard,2_0_10
210_2_0,23850,0,After Onboard,2_0_10
119_1_1,23850,4,Before Onboard,1_1_8
119_1_1,23850,0,After Onboard,1_1_8
111_1_0,23850,0,When Arrival,1_0_12
208_3_1,23850,5,When Arrival,3_1_10
103_1_1,23850,10,Before Onboard,1_1_14
103_1_1,23850,0,After Onboard,1_1_14
921_4_1,23880,3,Before Onboard,4_1_8
921_4_1,23880,0,After Onboard,4_1_8
108_4_1,23880,0,When Arrival,4_1_9
214_2_0,23880,8,Before Onboard,2_0_9
214_2_0,23880,0,After Onboard,2_0_9
208_2_0,23880,0,When Arrival,2_0_11
125_1_0,23880,0,When Arrival,1_0_7
105_1_1,23880,3,Before Onboard,1_1_13
105_1_1,23880,0,After Onboard,1_1_13
122_1_1,23880,0,When Arrival,1_1_7
213_2_1,23880,14,Before Onboard,2_1_9
213_2_1,23880,0,After Onboard,2_1_9
922_4_0,23880,1,Before Onboard,4_0_8
922_4_0,23880,0,After Onboard,4_0_8
305_4_0,23880,5,When Arrival,4_0_9
103_1_0,23880,2,Before Onboard,1_0_15
103_1_0,23880,0,After Onboard,1_0_15
303_3_0,23880,14,Before Onboard,3_0_13
303_3_0,23880,0,After Onboard,3_0_13
116_3_0,23880,1,When Arrival,3_0_9
116_3_1,23880,0,When Arrival,3_1_9
108_1_0,23880,2,Before Onboard,1_0_13
108_1_0,23880,0,After Onboard,1_0_13
101_1_1,23880,13,Before Onboard,1_1_15
101_1_1,23880,0,After Onboard,1_1_15
105_3_0,23910,1,Before Onboard,3_0_14
105_3_0,23910,0,After Onboard,3_0_14
202_2_1,23910,17,Before Onboard,2_1_12
202_2_1,23910,0,After Onboard,2_1_12
316_3_0,23910,4,Before Onboard,3_0_12
316_3_0,23910,0,After Onboard,3_0_12
105_3_1,23910,0,Before Onboard,3_1_14
105_3_1,23910,0,After Onboard,3_1_14
113_2_1,23910,9,Before Onboard,2_1_14
113_2_1,23910,0,After Onboard,2_1_14
125_1_1,23910,0,When Arrival,1_1_6
208_3_1,23910,22,Before Onboard,3_1_10
208_3_1,23910,0,After Onboard,3_1_10
305_3_1,23910,8,Before Onboard,3_1_12
305_3_1,23910,0,After Onboard,3_1_12
325_3_0,23910,6,Before Onboard,3_0_6
325_3_0,23910,0,After Onboard,3_0_6
101_1_1,23910,2,Before Onboard,1_1_16
101_1_1,23910,0,After Onboard,1_1_16
110_1_1,23910,3,Before Onboard,1_1_12
110_1_1,23910,0,After Onboard,1_1_12
128_1_0,23910,0,When Arrival,1_0_6
111_1_0,23910,3,Before Onboard,1_0_12
111_1_0,23910,0,After Onboard,1_0_12
101_1_0,23910,0,Before Onboard,1_0_16
101_1_0,23910,0,After Onboard,1_0_16
321_3_1,23910,5,Before Onboard,3_1_6
321_3_1,23910,0,After Onboard,3_1_6
208_3_0,23910,9,When Arrival,3_0_10
113_2_0,23910,0,Before Onboard,2_0_14
113_2_0,23910,0,After Onboard,2_0_14
122_1_1,23940,3,Before Onboard,1_1_7
122_1_1,23940,0,After Onboard,1_1_7
125_1_0,23940,16,Before Onboard,1_0_7
125_1_0,23940,0,After Onboard,1_0_7
208_2_0,23940,2,Before Onboard,2_0_11
208_2_0,23940,0,After Onboard,2_0_11
305_4_0,23940,8,Before Onboard,4_0_9
305_4_0,23940,0,After Onboard,4_0_9
116_3_0,23940,3,Before Onboard,3_0_9
116_3_0,23940,0,After Onboard,3_0_9
310_3_1,23940,9,Before Onboard,3_1_13
310_3_1,23940,0,After Onboard,3_1_13
913_4_0,23940,0,When Arrival,4_0_10
108_4_1,23940,1,Before Onboard,4_1_9
108_4_1,23940,0,After Onboard,4_1_9
925_4_1,23940,0,When Arrival,4_1_7
116_3_1,23940,0,Before Onboard,3_1_9
116_3_1,23940,0,After Onboard,3_1_9
926_4_0,23940,0,When Arrival,4_0_7
305_3_0,23940,6,When Arrival,3_0_11
128_1_0,23970,16,Before Onboard,1_0_6
128_1_0,23970,0,After Onboard,1_0_6
125_1_1,23970,2,Before Onboard,1_1_6
125_1_1,23970,0,After Onboard,1_1_6
208_3_0,23970,11,Before Onboard,3_0_10
208_3_0,23970,0,After Onboard,3_0_10
206_2_0,23970,0,When Arrival,2_0_12
208_2_1,23970,6,When Arrival,2_1_10
919_4_0,24000,0,When Arrival,4_0_9
918_4_1,24000,0,When Arrival,4_1_9
913_4_0,24000,26,Before Onboard,4_0_10
913_4_0,24000,0,After Onboard,4_0_10
926_4_0,24000,6,Before Onboard,4_0_7
926_4_0,24000,0,After Onboard,4_0_7
305_3_0,24000,9,Before Onboard,3_0_11
305_3_0,24000,0,After Onboard,3_0_11
108_4_1,24000,3,Before Onboard,4_1_12
108_4_1,24000,0,After Onboard,4_1_12
108_4_0,24000,0,Before Onboard,4_0_12
108_4_0,24000,0,After Onboard,4_0_12
303_3_1,24000,0,When Arrival,3_1_11
925_4_1,24000,6,Before Onboard,4_1_7
925_4_1,24000,0,After Onboard,4_1_7
206_2_0,24030,13,Before Onboard,2_0_12
206_2_0,24030,0,After Onboard,2_0_12
208_2_1,24030,10,Before Onboard,2_1_10
208_2_1,24030,0,After Onboard,2_1_10
303_3_1,24060,15,Before Onboard,3_1_11
303_3_1,24060,0,After Onboard,3_1_11
113_1_1,24060,0,When Arrival,1_1_11
918_4_1,24060,16,Before Onboard,4_1_9
918_4_1,24060,0,After Onboard,4_1_9
116_1_0,24060,4,When Arrival,1_0_11
206_2_1,24060,0,When Arrival,2_1_11
325_3_1,24060,0,When Arrival,3_1_5
329_3_0,24060,0,When Arrival,3_0_5
913_4_1,24060,0,When Arrival,4_1_11
919_4_0,24060,10,Before Onboard,4_0_9
919_4_0,24060,0,After Onboard,4_0_9
213_2_0,24090,10,Before Onboard,2_0_14
213_2_0,24090,0,After Onboard,2_0_14
119_1_0,24090,0,When Arrival,1_0_10
113_2_1,24090,0,When Arrival,2_1_10
111_1_1,24090,0,When Arrival,1_1_12
116_1_1,24090,3,When Arrival,1_1_10
113_1_0,24090,0,When Arrival,1_0_12
113_2_0,24090,1,When Arrival,2_0_10
113_1_1,24120,5,Before Onboard,1_1_11
113_1_1,24120,0,After Onboard,1_1_11
110_1_0,24120,0,When Arrival,1_0_13
116_1_0,24120,11,Before Onboard,1_0_11
116_1_0,24120,0,After Onboard,1_0_11
206_2_1,24120,3,Before Onboard,2_1_11
206_2_1,24120,0,After Onboard,2_1_11
216_2_0,24120,0,When Arrival,2_0_9
329_3_0,24120,17,Before Onboard,3_0_5
329_3_0,24120,0,After Onboard,3_0_5
305_4_1,24120,0,When Arrival,4_1_12
204_2_0,24120,0,When Arrival,2_0_13
325_3_1,24120,15,Before Onboard,3_1_5
325_3_1,24120,0,After Onboard,3_1_5
108_1_1,24120,0,When Arrival,1_1_13
214_2_1,24120,0,When Arrival,2_1_9
913_4_1,24120,6,Before Onboard,4_1_11
913_4_1,24120,0,After Onboard,4_1_11
204_2_1,24150,0,When Arrival,2_1_12
116_1_1,24150,6,Before Onboard,1_1_10
116_1_1,24150,0,After Onboard,1_1_10
111_1_1,24150,18,Before Onboard,1_1_12
111_1_1,24150,0,After Onboard,1_1_12
113_1_0,24150,1,Before Onboard,1_0_12
113_1_0,24150,0,After Onboard,1_0_12
219_2_0,24150,0,When Arrival,2_0_8
310_3_0,24150,0,When Arrival,3_0_12
316_3_1,24150,0,When Arrival,3_1_8
119_1_0,24150,8,Before Onboard,1_0_10
119_1_0,24150,0,After Onboard,1_0_10
113_2_1,24150,2,Before Onboard,2_1_10
113_2_1,24150,0,After Onboard,2_1_10
321_3_0,24150,0,When Arrival,3_0_8
216_2_1,24150,0,When Arrival,2_1_8
113_2_0,24150,1,Before Onboard,2_0_10
113_2_0,24150,0,After Onboard,2_0_10
204_2_0,24180,14,Before Onboard,2_0_13
204_2_0,24180,0,After Onboard,2_0_13
216_2_0,24180,19,Before Onboard,2_0_9
216_2_0,24180,0,After Onboard,2_0_9
105_1_0,24180,0,When Arrival,1_0_15
110_1_0,24180,10,Before Onboard,1_0_13
110_1_0,24180,0,After Onboard,1_0_13
214_2_1,24180,16,Before Onboard,2_1_9
214_2_1,24180,0,After Onboard,2_1_9
305_4_1,24180,8,Before Onboard,4_1_12
305_4_1,24180,0,After Onboard,4_1_12
122_1_0,24180,0,When Arrival,1_0_9
119_1_1,24180,0,When Arrival,1_1_9
103_1_1,24180,0,When Arrival,1_1_15
108_1_1,24180,6,Before Onboard,1_1_13
108_1_1,24180,0,After Onboard,1_1_13
316_3_1,24210,11,Before Onboard,3_1_8
316_3_1,24210,0,After Onboard,3_1_8
204_2_1,24210,2,Before Onboard,2_1_12
204_2_1,24210,0,After Onboard,2_1_12
219_2_0,24210,18,Before Onboard,2_0_8
219_2_0,24210,0,After Onboard,2_0_8
210_2_1,24210,0,When Arrival,2_1_14
105_3_1,24210,0,When Arrival,3_1_12
105_1_1,24210,0,When Arrival,1_1_14
101_1_1,24210,0,When Arrival,1_1_16
108_1_0,24210,0,When Arrival,1_0_14
310_3_0,24210,15,Before Onboard,3_0_12
310_3_0,24210,0,After Onboard,3_0_12
216_2_1,24210,3,Before Onboard,2_1_8
216_2_1,24210,0,After Onboard,2_1_8
321_3_0,24210,8,Before Onboard,3_0_8
321_3_0,24210,0,After Onboard,3_0_8
926_4_1,24240,0,When Arrival,4_1_7
210_2_0,24240,0,When Arrival,2_0_11
909_4_1,24240,0,When Arrival,4_1_10
105_1_0,24240,19,Before Onboard,1_0_15
105_1_0,24240,0,After Onboard,1_0_15
919_4_1,24240,0,When Arrival,4_1_9
111_1_0,24240,0,When Arrival,1_0_13
928_4_0,24240,0,When Arrival,4_0_7
921_4_0,24240,0,When Arrival,4_0_9
103_1_1,24240,11,Before Onboard,1_1_15
103_1_1,24240,0,After Onboard,1_1_15
110_1_1,24240,0,When Arrival,1_1_13
122_1_0,24240,14,Before Onboard,1_0_9
122_1_0,24240,0,After Onboard,1_0_9
918_4_0,24240,4,Before Onboard,4_0_12
918_4_0,24240,0,After Onboard,4_0_12
119_1_1,24240,1,Before Onboard,1_1_9
119_1_1,24240,0,After Onboard,1_1_9
210_2_1,24270,14,Before Onboard,2_1_14
210_2_1,24270,0,After Onboard,2_1_14
105_1_1,24270,1,Before Onboard,1_1_14
105_1_1,24270,0,After Onboard,1_1_14
101_1_1,24270,17,Before Onboard,1_1_16
101_1_1,24270,0,After Onboard,1_1_16
103_1_0,24270,1,Before Onboard,1_0_16
103_1_0,24270,0,After Onboard,1_0_16
105_3_1,24270,0,Before Onboard,3_1_12
105_3_1,24270,0,After Onboard,3_1_12
108_1_0,24270,3,Before Onboard,1_0_14
108_1_0,24270,0,After Onboard,1_0_14
122_1_1,24270,0,When Arrival,1_1_8
125_1_0,24270,0,When Arrival,1_0_8
214_2_0,24270,0,When Arrival,2_0_10
303_3_0,24270,0,When Arrival,3_0_14
213_2_1,24270,0,When Arrival,2_1_10
210_2_0,24300,3,Before Onboard,2_0_11
210_2_0,24300,0,After Onboard,2_0_11
101_1_1,24300,1,Before Onboard,1_1_17
101_1_1,24300,0,After Onboard,1_1_17
316_3_0,24300,0,When Arrival,3_0_13
925_4_0,24300,0,When Arrival,4_0_8
125_1_1,24300,0,When Arrival,1_1_7
110_1_1,24300,5,Before Onboard,1_1_13
110_1_1,24300,0,After Onboard,1_1_13
922_4_1,24300,0,When Arrival,4_1_8
928_4_0,24300,12,Before Onboard,4_0_7
928_4_0,24300,0,After Onboard,4_0_7
108_4_0,24300,0,When Arrival,4_0_12
325_3_0,24300,0,When Arrival,3_0_7
111_1_0,24300,5,Before Onboard,1_0_13
111_1_0,24300,0,After Onboard,1_0_13
202_2_1,24300,0,When Arrival,2_1_13
926_4_1,24300,10,Before Onboard,4_1_7
926_4_1,24300,0,After Onboard,4_1_7
208_3_1,24300,6,When Arrival,3_1_11
919_4_1,24300,14,Before Onboard,4_1_9
919_4_1,24300,0,After Onboard,4_1_9
101_1_0,24300,0,Before Onboard,1_0_17
101_1_0,24300,0,After Onboard,1_0_17
305_3_1,24300,0,When Arrival,3_1_13
921_4_0,24300,10,Before Onboard,4_0_9
921_4_0,24300,0,After Onboard,4_0_9
909_4_1,24300,21,Before Onboard,4_1_10
909_4_1,24300,0,After Onboard,4_1_10
321_3_1,24300,0,When Arrival,3_1_7
128_1_0,24300,0,When Arrival,1_0_7
213_2_1,24330,8,Before Onboard,2_1_10
213_2_1,24330,0,After Onboard,2_1_10
125_1_0,24330,9,Before Onboard,1_0_8
125_1_0,24330,0,After Onboard,1_0_8
303_3_0,24330,14,Before Onboard,3_0_14
303_3_0,24330,0,After Onboard,3_0_14
116_3_0,24330,3,When Arrival,3_0_10
116_3_1,24330,1,When Arrival,3_1_10
214_2_0,24330,8,Before Onboard,2_0_10
214_2_0,24330,0,After Onboard,2_0_10
122_1_1,24330,4,Before Onboard,1_1_8
122_1_1,24330,0,After Onboard,1_1_8
208_2_0,24330,0,When Arrival,2_0_12
921_4_1,24360,0,When Arrival,4_1_9
208_3_1,24360,27,Before Onboard,3_1_11
208_3_1,24360,0,After Onboard,3_1_11
305_3_1,24360,11,Before Onboard,3_1_13
305_3_1,24360,0,After Onboard,3_1_13
325_3_0,24360,9,Before Onboard,3_0_7
325_3_0,24360,0,After Onboard,3_0_7
321_3_1,24360,7,Before Onboard,3_1_7
321_3_1,24360,0,After Onboard,3_1_7
128_1_0,24360,19,Before Onboard,1_0_7
128_1_0,24360,0,After Onboard,1_0_7
113_2_0,24360,7,Before Onboard,2_0_15
113_2_0,24360,0,After Onboard,2_0_15
113_2_1,24360,0,Before Onboard,2_1_15
113_2_1,24360,0,After Onboard,2_1_15
125_1_1,24360,1,Before Onboard,1_1_7
125_1_1,24360,0,After Onboard,1_1_7
922_4_1,24360,22,Before Onboard,4_1_8
922_4_1,24360,0,After Onboard,4_1_8
208_3_0,24360,5,When Arrival,3_0_11
105_3_0,24360,2,Before Onboard,3_0_15
105_3_0,24360,0,After Onboard,3_0_15
105_3_1,24360,0,Before Onboard,3_1_15
105_3_1,24360,0,After Onboard,3_1_15
922_4_0,24360,0,When Arrival,4_0_9
925_4_0,24360,16,Before Onboard,4_0_8
925_4_0,24360,0,After Onboard,4_0_8
108_4_0,24360,6,Before Onboard,4_0_12
108_4_0,24360,0,After Onboard,4_0_12
316_3_0,24360,11,Before Onboard,3_0_13
316_3_0,24360,0,After Onboard,3_0_13
202_2_1,24360,27,Before Onboard,2_1_13
202_2_1,24360,0,After Onboard,2_1_13
305_3_0,24390,0,When Arrival,3_0_12
116_3_0,24390,14,Before Onboard,3_0_10
116_3_0,24390,0,After Onboard,3_0_10
208_2_0,24390,3,Before Onboard,2_0_12
208_2_0,24390,0,After Onboard,2_0_12
310_3_1,24390,5,Before Onboard,3_1_14
310_3_1,24390,0,After Onboard,3_1_14
116_3_1,24390,1,Before Onboard,3_1_10
116_3_1,24390,0,After Onboard,3_1_10
922_4_0,24420,3,Before Onboard,4_0_9
922_4_0,24420,0,After Onboard,4_0_9
921_4_1,24420,6,Before Onboard,4_1_9
921_4_1,24420,0,After Onboard,4_1_9
206_2_0,24420,0,When Arrival,2_0_13
108_4_1,24420,0,When Arrival,4_1_10
305_4_0,24420,9,When Arrival,4_0_10
208_2_1,24420,2,When Arrival,2_1_11
208_3_0,24420,5,Before Onboard,3_0_11
208_3_0,24420,0,After Onboard,3_0_11
116_1_0,24450,5,When Arrival,1_0_12
305_3_0,24450,10,Before Onboard,3_0_12
305_3_0,24450,0,After Onboard,3_0_12
303_3_1,24450,0,When Arrival,3_1_12
113_1_1,24450,0,When Arrival,1_1_12
926_4_0,24480,0,When Arrival,4_0_8
208_2_1,24480,4,Before Onboard,2_1_11
208_2_1,24480,0,After Onboard,2_1_11
925_4_1,24480,0,When Arrival,4_1_8
913_4_0,24480,0,When Arrival,4_0_11
113_1_0,24480,0,When Arrival,1_0_13
305_4_0,24480,11,Before Onboard,4_0_10
305_4_0,24480,0,After Onboard,4_0_10
206_2_0,24480,18,Before Onboard,2_0_13
206_2_0,24480,0,After Onboard,2_0_13
213_2_0,24480,0,When Arrival,2_0_15
119_1_0,24480,0,When Arrival,1_0_11
111_1_1,24480,0,When Arrival,1_1_13
116_1_1,24480,2,When Arrival,1_1_11
108_4_1,24480,0,Before Onboard,4_1_10
108_4_1,24480,0,After Onboard,4_1_10
206_2_1,24510,0,When Arrival,2_1_12
116_1_0,24510,9,Before Onboard,1_0_12
116_1_0,24510,0,After Onboard,1_0_12
110_1_0,24510,0,When Arrival,1_0_14
325_3_1,24510,0,When Arrival,3_1_6
329_3_0,24510,0,When Arrival,3_0_6
303_3_1,24510,11,Before Onboard,3_1_12
303_3_1,24510,0,After Onboard,3_1_12
108_1_1,24510,0,When Arrival,1_1_14
113_1_1,24510,5,Before Onboard,1_1_12
113_1_1,24510,0,After Onboard,1_1_12
213_2_0,24540,6,Before Onboard,2_0_15
213_2_0,24540,0,After Onboard,2_0_15
919_4_0,24540,0,When Arrival,4_0_10
108_4_0,24540,3,Before Onboard,4_0_13
108_4_0,24540,0,After Onboard,4_0_13
119_1_0,24540,17,Before Onboard,1_0_11
119_1_0,24540,0,After Onboard,1_0_11
111_1_1,24540,11,Before Onboard,1_1_13
111_1_1,24540,0,After Onboard,1_1_13
116_1_1,24540,4,Before Onboard,1_1_11
116_1_1,24540,0,After Onboard,1_1_11
926_4_0,24540,9,Before Onboard,4_0_8
926_4_0,24540,0,After Onboard,4_0_8
108_4_1,24540,0,Before Onboard,4_1_13
108_4_1,24540,0,After Onboard,4_1_13
113_2_1,24540,2,When Arrival,2_1_11
925_4_1,24540,4,Before Onboard,4_1_8
925_4_1,24540,0,After Onboard,4_1_8
913_4_0,24540,20,Before Onboard,4_0_11
913_4_0,24540,0,After Onboard,4_0_11
113_1_0,24540,0,Before Onboard,1_0_13
113_1_0,24540,0,After Onboard,1_0_13
918_4_1,24540,0,When Arrival,4_1_10
113_2_0,24540,3,When Arrival,2_0_11
325_3_1,24570,5,Before Onboard,3_1_6
325_3_1,24570,0,After Onboard,3_1_6
329_3_0,24570,19,Before Onboard,3_0_6
329_3_0,24570,0,After Onboard,3_0_6
110_1_0,24570,12,Before Onboard,1_0_14
110_1_0,24570,0,After Onboard,1_0_14
122_1_0,24570,0,When Arrival,1_0_10
105_1_0,24570,0,When Arrival,1_0_16
206_2_1,24570,2,Before Onboard,2_1_12
206_2_1,24570,0,After Onboard,2_1_12
204_2_0,24570,0,When Arrival,2_0_14
103_1_1,24570,0,When Arrival,1_1_16
119_1_1,24570,0,When Arrival,1_1_10
214_2_1,24570,0,When Arrival,2_1_10
216_2_0,24570,0,When Arrival,2_0_10
108_1_1,24570,1,Before Onboard,1_1_14
108_1_1,24570,0,After Onboard,1_1_14
113_2_0,24600,7,Before Onboard,2_0_11
113_2_0,24600,0,After Onboard,2_0_11
919_4_0,24600,10,Before Onboard,4_0_10
919_4_0,24600,0,After Onboard,4_0_10
918_4_1,24600,16,Before Onboard,4_1_10
918_4_1,24600,0,After Onboard,4_1_10
310_3_0,24600,0,When Arrival,3_0_13
108_1_0,24600,0,When Arrival,1_0_15
316_3_1,24600,0,When Arrival,3_1_9
113_2_1,24600,2,Before Onboard,2_1_11
113_2_1,24600,0,After Onboard,2_1_11
219_2_0,24600,0,When Arrival,2_0_9
204_2_1,24600,0,When Arrival,2_1_13
101_1_1,24600,0,When Arrival,1_1_17
216_2_1,24600,0,When Arrival,2_1_9
321_3_0,24600,0,When Arrival,3_0_9
913_4_1,24600,0,When Arrival,4_1_12
105_1_1,24600,0,When Arrival,1_1_15
216_2_0,24630,13,Before Onboard,2_0_10
216_2_0,24630,0,After Onboard,2_0_10
214_2_1,24630,16,Before Onboard,2_1_10
214_2_1,24630,0,After Onboard,2_1_10
110_1_1,24630,0,When Arrival,1_1_14
119_1_1,24630,2,Before Onboard,1_1_10
119_1_1,24630,0,After Onboard,1_1_10
111_1_0,24630,0,When Arrival,1_0_14
105_1_0,24630,3,Before Onboard,1_0_16
105_1_0,24630,0,After Onboard,1_0_16
204_2_0,24630,13,Before Onboard,2_0_14
204_2_0,24630,0,After Onboard,2_0_14
103_1_1,24630,20,Before Onboard,1_1_16
103_1_1,24630,0,After Onboard,1_1_16
122_1_0,24630,10,Before Onboard,1_0_10
122_1_0,24630,0,After Onboard,1_0_10
321_3_0,24660,15,Before Onboard,3_0_9
321_3_0,24660,0,After Onboard,3_0_9
108_1_0,24660,4,Before Onboard,1_0_15
108_1_0,24660,0,After Onboard,1_0_15
913_4_1,24660,6,Before Onboard,4_1_12
913_4_1,24660,0,After Onboard,4_1_12
216_2_1,24660,2,Before Onboard,2_1_9
216_2_1,24660,0,After Onboard,2_1_9
101_1_1,24660,9,Before Onboard,1_1_17
101_1_1,24660,0,After Onboard,1_1_17
103_1_0,24660,2,Before Onboard,1_0_17
103_1_0,24660,0,After Onboard,1_0_17
105_3_1,24660,0,When Arrival,3_1_13
316_3_1,24660,14,Before Onboard,3_1_9
316_3_1,24660,0,After Onboard,3_1_9
204_2_1,24660,0,Before Onboard,2_1_13
204_2_1,24660,0,After Onboard,2_1_13
122_1_1,24660,0,When Arrival,1_1_9
219_2_0,24660,16,Before Onboard,2_0_9
219_2_0,24660,0,After Onboard,2_0_9
105_1_1,24660,0,Before Onboard,1_1_15
105_1_1,24660,0,After Onboard,1_1_15
125_1_0,24660,0,When Arrival,1_0_9
310_3_0,24660,11,Before Onboard,3_0_13
310_3_0,24660,0,After Onboard,3_0_13
128_1_0,24690,0,When Arrival,1_0_8
110_1_1,24690,5,Before Onboard,1_1_14
110_1_1,24690,0,After Onboard,1_1_14
125_1_1,24690,0,When Arrival,1_1_8
101_1_0,24690,0,Before Onboard,1_0_18
101_1_0,24690,0,After Onboard,1_0_18
210_2_0,24690,0,When Arrival,2_0_12
101_1_1,24690,0,Before Onboard,1_1_18
101_1_1,24690,0,After Onboard,1_1_18
111_1_0,24690,3,Before Onboard,1_0_14
111_1_0,24690,0,After Onboard,1_0_14
122_1_1,24720,2,Before Onboard,1_1_9
122_1_1,24720,0,After Onboard,1_1_9
214_2_0,24720,0,When Arrival,2_0_11
305_4_1,24720,8,Before Onboard,4_1_13
305_4_1,24720,0,After Onboard,4_1_13
105_3_1,24720,1,Before Onboard,3_1_13
105_3_1,24720,0,After Onboard,3_1_13
918_4_0,24720,0,When Arrival,4_0_13
303_3_0,24720,0,When Arrival,3_0_15
210_2_1,24720,10,Before Onboard,2_1_15
210_2_1,24720,0,After Onboard,2_1_15
213_2_1,24720,0,When Arrival,2_1_11
125_1_0,24720,12,Before Onboard,1_0_9
125_1_0,24720,0,After Onboard,1_0_9
202_2_1,24750,0,When Arrival,2_1_14
321_3_1,24750,0,When Arrival,3_1_8
125_1_1,24750,1,Before Onboard,1_1_8
125_1_1,24750,0,After Onboard,1_1_8
128_1_0,24750,17,Before Onboard,1_0_8
128_1_0,24750,0,After Onboard,1_0_8
210_2_0,24750,0,Before Onboard,2_0_12
210_2_0,24750,0,After Onboard,2_0_12
305_3_1,24750,1,When Arrival,3_1_14
325_3_0,24750,0,When Arrival,3_0_8
208_3_1,24750,8,When Arrival,3_1_12
316_3_0,24750,0,When Arrival,3_0_14
928_4_0,24780,0,When Arrival,4_0_8
116_3_0,24780,5,When Arrival,3_0_11
303_3_0,24780,10,Before Onboard,3_0_15
303_3_0,24780,0,After Onboard,3_0_15
213_2_1,24780,14,Before Onboard,2_1_11
213_2_1,24780,0,After Onboard,2_1_11
926_4_1,24780,0,When Arrival,4_1_8
214_2_0,24780,7,Before Onboard,2_0_11
214_2_0,24780,0,After Onboard,2_0_11
116_3_1,24780,3,When Arrival,3_1_11
919_4_1,24780,0,When Arrival,4_1_10
918_4_0,24780,6,Before Onboard,4_0_13
918_4_0,24780,0,After Onboard,4_0_13
909_4_1,24780,0,When Arrival,4_1_11
208_2_0,24780,0,When Arrival,2_0_13
921_4_0,24780,0,When Arrival,4_0_10
202_2_1,24810,20,Before Onboard,2_1_14
202_2_1,24810,0,After Onboard,2_1_14
325_3_0,24810,7,Before Onboard,3_0_8
325_3_0,24810,0,After Onboard,3_0_8
305_3_1,24810,3,Before Onboard,3_1_14
305_3_1,24810,0,After Onboard,3_1_14
316_3_0,24810,10,Before Onboard,3_0_14
316_3_0,24810,0,After Onboard,3_0_14
105_3_0,24810,2,Before Onboard,3_0_16
105_3_0,24810,0,After Onboard,3_0_16
208_3_0,24810,7,When Arrival,3_0_12
208_3_1,24810,34,Before Onboard,3_1_12
208_3_1,24810,0,After Onboard,3_1_12
321_3_1,24810,5,Before Onboard,3_1_8
321_3_1,24810,0,After Onboard,3_1_8
113_2_1,24810,10,Before Onboard,2_1_16
113_2_1,24810,0,After Onboard,2_1_16
105_3_1,24810,0,Before Onboard,3_1_16
105_3_1,24810,0,After Onboard,3_1_16
113_2_0,24810,0,Before Onboard,2_0_16
113_2_0,24810,0,After Onboard,2_0_16
926_4_1,24840,12,Before Onboard,4_1_8
926_4_1,24840,0,After Onboard,4_1_8
928_4_0,24840,20,Before Onboard,4_0_8
928_4_0,24840,0,After Onboard,4_0_8
113_1_1,24840,3,When Arrival,1_1_13
116_3_1,24840,18,Before Onboard,3_1_11
116_3_1,24840,0,After Onboard,3_1_11
919_4_1,24840,6,Before Onboard,4_1_10
919_4_1,24840,0,After Onboard,4_1_10
116_1_0,24840,5,When Arrival,1_0_13
922_4_1,24840,0,When Arrival,4_1_9
116_3_0,24840,6,Before Onboard,3_0_11
116_3_0,24840,0,After Onboard,3_0_11
909_4_1,24840,17,Before Onboard,4_1_11
909_4_1,24840,0,After Onboard,4_1_11
310_3_1,24840,4,Before Onboard,3_1_15
310_3_1,24840,0,After Onboard,3_1_15
208_2_0,24840,1,Before Onboard,2_0_13
208_2_0,24840,0,After Onboard,2_0_13
925_4_0,24840,0,When Arrival,4_0_9
108_4_0,24840,4,When Arrival,4_0_13
305_3_0,24840,0,When Arrival,3_0_13
921_4_0,24840,18,Before Onboard,4_0_10
921_4_0,24840,0,After Onboard,4_0_10
119_1_0,24870,0,When Arrival,1_0_12
116_1_1,24870,3,When Arrival,1_1_12
111_1_1,24870,0,When Arrival,1_1_14
208_3_0,24870,7,Before Onboard,3_0_12
208_3_0,24870,0,After Onboard,3_0_12
208_2_1,24870,8,When Arrival,2_1_12
206_2_0,24870,0,When Arrival,2_0_14
113_1_0,24870,2,When Arrival,1_0_14
108_4_0,24900,13,Before Onboard,4_0_13
108_4_0,24900,0,After Onboard,4_0_13
305_3_0,24900,4,Before Onboard,3_0_13
305_3_0,24900,0,After Onboard,3_0_13
921_4_1,24900,0,When Arrival,4_1_10
925_4_0,24900,11,Before Onboard,4_0_9
925_4_0,24900,0,After Onboard,4_0_9
108_1_1,24900,0,When Arrival,1_1_15
116_1_0,24900,6,Before Onboard,1_0_13
116_1_0,24900,0,After Onboard,1_0_13
110_1_0,24900,0,When Arrival,1_0_15
113_1_1,24900,5,Before Onboard,1_1_13
113_1_1,24900,0,After Onboard,1_1_13
303_3_1,24900,0,When Arrival,3_1_13
922_4_1,24900,20,Before Onboard,4_1_9
922_4_1,24900,0,After Onboard,4_1_9
922_4_0,24900,0,When Arrival,4_0_10
116_1_1,24930,5,Before Onboard,1_1_12
116_1_1,24930,0,After Onboard,1_1_12
111_1_1,24930,14,Before Onboard,1_1_14
111_1_1,24930,0,After Onboard,1_1_14
208_2_1,24930,9,Before Onboard,2_1_12
208_2_1,24930,0,After Onboard,2_1_12
119_1_0,24930,7,Before Onboard,1_0_12
119_1_0,24930,0,After Onboard,1_0_12
113_1_0,24930,2,Before Onboard,1_0_14
113_1_0,24930,0,After Onboard,1_0_14
206_2_0,24930,12,Before Onboard,2_0_14
206_2_0,24930,0,After Onboard,2_0_14
922_4_0,24960,2,Before Onboard,4_0_10
922_4_0,24960,0,After Onboard,4_0_10
122_1_0,24960,0,When Arrival,1_0_11
206_2_1,24960,0,When Arrival,2_1_13
108_4_1,24960,1,When Arrival,4_1_11
305_4_0,24960,11,When Arrival,4_0_11
325_3_1,24960,0,When Arrival,3_1_7
119_1_1,24960,0,When Arrival,1_1_11
105_1_0,24960,0,When Arrival,1_0_17
108_1_1,24960,1,Before Onboard,1_1_15
108_1_1,24960,0,After Onboard,1_1_15
303_3_1,24960,2,Before Onboard,3_1_13
303_3_1,24960,0,After Onboard,3_1_13
329_3_0,24960,0,When Arrival,3_0_7
110_1_0,24960,14,Before Onboard,1_0_15
110_1_0,24960,0,After Onboard,1_0_15
103_1_1,24960,0,When Arrival,1_1_17
921_4_1,24960,8,Before Onboard,4_1_10
921_4_1,24960,0,After Onboard,4_1_10
105_1_1,24990,0,When Arrival,1_1_16
213_2_0,24990,11,Before Onboard,2_0_16
213_2_0,24990,0,After Onboard,2_0_16
113_2_1,24990,2,When Arrival,2_1_12
113_2_0,24990,6,When Arrival,2_0_12
108_1_0,24990,0,When Arrival,1_0_16
325_3_1,25020,11,Before Onboard,3_1_7
325_3_1,25020,0,After Onboard,3_1_7
111_1_0,25020,0,When Arrival,1_0_15
214_2_1,25020,0,When Arrival,2_1_11
105_1_0,25020,10,Before Onboard,1_0_17
105_1_0,25020,0,After Onboard,1_0_17
122_1_0,25020,7,Before Onboard,1_0_11
122_1_0,25020,0,After Onboard,1_0_11
110_1_1,25020,0,When Arrival,1_1_15
206_2_1,25020,2,Before Onboard,2_1_13
206_2_1,25020,0,After Onboard,2_1_13
204_2_0,25020,0,When Arrival,2_0_15
926_4_0,25020,0,When Arrival,4_0_9
913_4_0,25020,0,When Arrival,4_0_12
108_4_1,25020,3,Before Onboard,4_1_11
108_4_1,25020,0,After Onboard,4_1_11
305_4_0,25020,13,Before Onboard,4_0_11
305_4_0,25020,0,After Onboard,4_0_11
216_2_0,25020,0,When Arrival,2_0_11
329_3_0,25020,15,Before Onboard,3_0_7
329_3_0,25020,0,After Onboard,3_0_7
119_1_1,25020,4,Before Onboard,1_1_11
119_1_1,25020,0,After Onboard,1_1_11
925_4_1,25020,0,When Arrival,4_1_9
103_1_1,25020,13,Before Onboard,1_1_17
103_1_1,25020,0,After Onboard,1_1_17
103_1_0,25050,1,Before Onboard,1_0_18
103_1_0,25050,0,After Onboard,1_0_18
204_2_1,25050,0,When Arrival,2_1_14
105_1_1,25050,0,Before Onboard,1_1_16
105_1_1,25050,0,After Onboard,1_1_16
113_2_1,25050,2,Before Onboard,2_1_12
113_2_1,25050,0,After Onboard,2_1_12
219_2_0,25050,0,When Arrival,2_0_10
101_1_1,25050,12,Before Onboard,1_1_18
101_1_1,25050,0,After Onboard,1_1_18
216_2_1,25050,0,When Arrival,2_1_10
122_1_1,25050,0,When Arrival,1_1_10
316_3_1,25050,0,When Arrival,3_1_10
310_3_0,25050,0,When Arrival,3_0_14
321_3_0,25050,0,When Arrival,3_0_10
108_1_0,25050,3,Before Onboard,1_0_16
108_1_0,25050,0,After Onboard,1_0_16
125_1_0,25050,0,When Arrival,1_0_10
113_2_0,25050,6,Before Onboard,2_0_12
113_2_0,25050,0,After Onboard,2_0_12
111_1_0,25080,7,Before Onboard,1_0_15
111_1_0,25080,0,After Onboard,1_0_15
216_2_0,25080,19,Before Onboard,2_0_11
216_2_0,25080,0,After Onboard,2_0_11
108_4_1,25080,1,Before Onboard,4_1_14
108_4_1,25080,0,After Onboard,4_1_14
101_1_0,25080,3,Before Onboard,1_0_19
101_1_0,25080,0,After Onboard,1_0_19
925_4_1,25080,8,Before Onboard,4_1_9
925_4_1,25080,0,After Onboard,4_1_9
125_1_1,25080,0,When Arrival,1_1_9
110_1_1,25080,6,Before Onboard,1_1_15
110_1_1,25080,0,After Onboard,1_1_15
214_2_1,25080,9,Before Onboard,2_1_11
214_2_1,25080,0,After Onboard,2_1_11
926_4_0,25080,5,Before Onboard,4_0_9
926_4_0,25080,0,After Onboard,4_0_9
918_4_1,25080,0,When Arrival,4_1_11
128_1_0,25080,0,When Arrival,1_0_9
919_4_0,25080,0,When Arrival,4_0_11
101_1_1,25080,0,Before Onboard,1_1_19
101_1_1,25080,0,After Onboard,1_1_19
913_4_0,25080,21,Before Onboard,4_0_12
913_4_0,25080,0,After Onboard,4_0_12
204_2_0,25080,13,Before Onboard,2_0_15
204_2_0,25080,0,After Onboard,2_0_15
108_4_0,25080,1,Before Onboard,4_0_14
108_4_0,25080,0,After Onboard,4_0_14
216_2_1,25110,1,Before Onboard,2_1_10
216_2_1,25110,0,After Onboard,2_1_10
210_2_1,25110,0,When Arrival,2_1_16
316_3_1,25110,16,Before Onboard,3_1_10
316_3_1,25110,0,After Onboard,3_1_10
122_1_1,25110,1,Before Onboard,1_1_10
122_1_1,25110,0,After Onboard,1_1_10
310_3_0,25110,7,Before Onboard,3_0_14
310_3_0,25110,0,After Onboard,3_0_14
105_3_1,25110,0,When Arrival,3_1_14
321_3_0,25110,8,Before Onboard,3_0_10
321_3_0,25110,0,After Onboard,3_0_10
125_1_0,25110,18,Before Onboard,1_0_10
125_1_0,25110,0,After Onboard,1_0_10
204_2_1,25110,0,Before Onboard,2_1_14
204_2_1,25110,0,After Onboard,2_1_14
219_2_0,25110,29,Before Onboard,2_0_10
219_2_0,25110,0,After Onboard,2_0_10
128_1_0,25140,18,Before Onboard,1_0_9
128_1_0,25140,0,After Onboard,1_0_9
913_4_1,25140,0,When Arrival,4_1_13
918_4_1,25140,19,Before Onboard,4_1_11
918_4_1,25140,0,After Onboard,4_1_11
210_2_0,25140,0,When Arrival,2_0_13
125_1_1,25140,0,Before Onboard,1_1_9
125_1_1,25140,0,After Onboard,1_1_9
919_4_0,25140,18,Before Onboard,4_0_11
919_4_0,25140,0,After Onboard,4_0_11
214_2_0,25170,0,When Arrival,2_0_12
210_2_1,25170,22,Before Onboard,2_1_16
210_2_1,25170,0,After Onboard,2_1_16
303_3_0,25170,0,When Arrival,3_0_16
105_3_1,25170,2,Before Onboard,3_1_14
105_3_1,25170,0,After Onboard,3_1_14
213_2_1,25170,0,When Arrival,2_1_12
305_4_1,25200,1,When Arrival,4_1_14
913_4_1,25200,3,Before Onboard,4_1_13
913_4_1,25200,0,After Onboard,4_1_13
202_2_1,25200,0,When Arrival,2_1_15
208_3_1,25200,1,When Arrival,3_1_13
321_3_1,25200,0,When Arrival,3_1_9
210_2_0,25200,2,Before Onboard,2_0_13
210_2_0,25200,0,After Onboard,2_0_13
305_3_1,25200,0,When Arrival,3_1_15
316_3_0,25200,0,When Arrival,3_0_15
325_3_0,25200,0,When Arrival,3_0_9
116_3_0,25230,0,When Arrival,3_0_12
213_2_1,25230,16,Before Onboard,2_1_12
213_2_1,25230,0,After Onboard,2_1_12
113_1_1,25230,3,When Arrival,1_1_14
116_3_1,25230,1,When Arrival,3_1_12
214_2_0,25230,7,Before Onboard,2_0_12
214_2_0,25230,0,After Onboard,2_0_12
303_3_0,25230,17,Before Onboard,3_0_16
303_3_0,25230,0,After Onboard,3_0_16
116_1_0,25230,5,When Arrival,1_0_14
208_2_0,25230,0,When Arrival,2_0_14
119_1_0,25260,0,When Arrival,1_0_13
113_1_0,25260,0,When Arrival,1_0_15
305_4_1,25260,18,Before Onboard,4_1_14
305_4_1,25260,0,After Onboard,4_1_14
111_1_1,25260,0,When Arrival,1_1_15
321_3_1,25260,18,Before Onboard,3_1_9
321_3_1,25260,0,After Onboard,3_1_9
116_1_1,25260,3,When Arrival,1_1_13
113_2_0,25260,18,Before Onboard,2_0_17
113_2_0,25260,0,After Onboard,2_0_17
208_3_1,25260,40,Before Onboard,3_1_13
208_3_1,25260,0,After Onboard,3_1_13
113_2_1,25260,1,Before Onboard,2_1_17
113_2_1,25260,0,After Onboard,2_1_17
202_2_1,25260,26,Before Onboard,2_1_15
202_2_1,25260,0,After Onboard,2_1_15
325_3_0,25260,24,Before Onboard,3_0_9
325_3_0,25260,0,After Onboard,3_0_9
105_3_1,25260,12,Before Onboard,3_1_17
105_3_1,25260,0,After Onboard,3_1_17
316_3_0,25260,21,Before Onboard,3_0_15
316_3_0,25260,0,After Onboard,3_0_15
208_3_0,25260,5,When Arrival,3_0_13
105_3_0,25260,0,Before Onboard,3_0_17
105_3_0,25260,0,After Onboard,3_0_17
305_3_1,25260,0,Before Onboard,3_1_15
305_3_1,25260,0,After Onboard,3_1_15
918_4_0,25260,0,When Arrival,4_0_14
116_3_1,25290,33,Before Onboard,3_1_12
116_3_1,25290,0,After Onboard,3_1_12
310_3_1,25290,27,Before Onboard,3_1_16
310_3_1,25290,0,After Onboard,3_1_16
108_1_1,25290,0,When Arrival,1_1_16
113_1_1,25290,14,Before Onboard,1_1_14
113_1_1,25290,0,After Onboard,1_1_14
110_1_0,25290,0,When Arrival,1_0_16
116_3_0,25290,3,Before Onboard,3_0_12
116_3_0,25290,0,After Onboard,3_0_12
208_2_0,25290,6,Before Onboard,2_0_14
208_2_0,25290,0,After Onboard,2_0_14
305_3_0,25290,4,When Arrival,3_0_14
116_1_0,25290,5,Before Onboard,1_0_14
116_1_0,25290,0,After Onboard,1_0_14
111_1_1,25320,14,Before Onboard,1_1_15
111_1_1,25320,0,After Onboard,1_1_15
206_2_0,25320,0,When Arrival,2_0_15
926_4_1,25320,0,When Arrival,4_1_9
918_4_0,25320,33,Before Onboard,4_0_14
918_4_0,25320,0,After Onboard,4_0_14
116_1_1,25320,5,Before Onboard,1_1_13
116_1_1,25320,0,After Onboard,1_1_13
921_4_0,25320,0,When Arrival,4_0_11
928_4_0,25320,0,When Arrival,4_0_9
208_3_0,25320,10,Before Onboard,3_0_13
208_3_0,25320,0,After Onboard,3_0_13
909_4_1,25320,0,When Arrival,4_1_12
919_4_1,25320,0,When Arrival,4_1_11
208_2_1,25320,0,When Arrival,2_1_13
119_1_0,25320,41,Before Onboard,1_0_13
119_1_0,25320,0,After Onboard,1_0_13
113_1_0,25320,6,Before Onboard,1_0_15
113_1_0,25320,0,After Onboard,1_0_15
105_1_0,25350,0,When Arrival,1_0_18
305_3_0,25350,22,Before Onboard,3_0_14
305_3_0,25350,0,After Onboard,3_0_14
122_1_0,25350,0,When Arrival,1_0_12
119_1_1,25350,0,When Arrival,1_1_12
103_1_1,25350,0,When Arrival,1_1_18
108_1_1,25350,51,Before Onboard,1_1_16
108_1_1,25350,0,After Onboard,1_1_16
303_3_1,25350,0,When Arrival,3_1_14
110_1_0,25350,51,Before Onboard,1_0_16
110_1_0,25350,0,After Onboard,1_0_16
928_4_0,25380,57,Before Onboard,4_0_9
928_4_0,25380,0,After Onboard,4_0_9
108_4_0,25380,0,When Arrival,4_0_14
105_1_1,25380,0,When Arrival,1_1_17
213_2_0,25380,0,When Arrival,2_0_17
921_4_0,25380,37,Before Onboard,4_0_11
921_4_0,25380,0,After Onboard,4_0_11
103_1_0,25380,0,When Arrival,1_0_19
108_1_0,25380,0,When Arrival,1_0_17
206_2_0,25380,65,Before Onboard,2_0_15
206_2_0,25380,0,After Onboard,2_0_15
925_4_0,25380,0,When Arrival,4_0_10
922_4_1,25380,0,When Arrival,4_1_10
208_2_1,25380,15,Before Onboard,2_1_13
208_2_1,25380,0,After Onboard,2_1_13
926_4_1,25380,51,Before Onboard,4_1_9
926_4_1,25380,0,After Onboard,4_1_9
909_4_1,25380,63,Before Onboard,4_1_12
909_4_1,25380,0,After Onboard,4_1_12
919_4_1,25380,52,Before Onboard,4_1_11
919_4_1,25380,0,After Onboard,4_1_11
122_1_0,25410,57,Before Onboard,1_0_12
122_1_0,25410,0,After Onboard,1_0_12
206_2_1,25410,0,When Arrival,2_1_14
111_1_0,25410,0,When Arrival,1_0_16
119_1_1,25410,22,Before Onboard,1_1_12
119_1_1,25410,0,After Onboard,1_1_12
325_3_1,25410,0,When Arrival,3_1_8
105_1_0,25410,39,Before Onboard,1_0_18
105_1_0,25410,0,After Onboard,1_0_18
329_3_0,25410,0,When Arrival,3_0_8
103_1_1,25410,60,Before Onboard,1_1_18
103_1_1,25410,0,After Onboard,1_1_18
110_1_1,25410,0,When Arrival,1_1_16
303_3_1,25410,48,Before Onboard,3_1_14
303_3_1,25410,0,After Onboard,3_1_14
213_2_0,25440,50,Before Onboard,2_0_17
213_2_0,25440,0,After Onboard,2_0_17
105_1_1,25440,13,Before Onboard,1_1_17
105_1_1,25440,0,After Onboard,1_1_17
103_1_0,25440,5,Before Onboard,1_0_19
103_1_0,25440,0,After Onboard,1_0_19
922_4_0,25440,0,When Arrival,4_0_11
108_4_0,25440,25,Before Onboard,4_0_14
108_4_0,25440,0,After Onboard,4_0_14
122_1_1,25440,0,When Arrival,1_1_11
925_4_0,25440,73,Before Onboard,4_0_10
925_4_0,25440,0,After Onboard,4_0_10
922_4_1,25440,80,Before Onboard,4_1_10
922_4_1,25440,0,After Onboard,4_1_10
113_2_0,25440,0,When Arrival,2_0_13
125_1_0,25440,0,When Arrival,1_0_11
101_1_1,25440,65,Before Onboard,1_1_19
101_1_1,25440,0,After Onboard,1_1_19
108_1_0,25440,0,Before Onboard,1_0_17
108_1_0,25440,0,After Onboard,1_0_17
921_4_1,25440,0,When Arrival,4_1_11
113_2_1,25440,0,When Arrival,2_1_13
128_1_0,25470,0,When Arrival,1_0_10
101_1_1,25470,3,Before Onboard,1_1_20
101_1_1,25470,0,After Onboard,1_1_20
110_1_1,25470,29,Before Onboard,1_1_16
110_1_1,25470,0,After Onboard,1_1_16
325_3_1,25470,57,Before Onboard,3_1_8
325_3_1,25470,0,After Onboard,3_1_8
216_2_0,25470,0,When Arrival,2_0_12
111_1_0,25470,22,Before Onboard,1_0_16
111_1_0,25470,0,After Onboard,1_0_16
125_1_1,25470,0,When Arrival,1_1_10
101_1_0,25470,0,Before Onboard,1_0_20
101_1_0,25470,0,After Onboard,1_0_20
204_2_0,25470,0,When Arrival,2_0_16
329_3_0,25470,74,Before Onboard,3_0_8
329_3_0,25470,0,After Onboard,3_0_8
214_2_1,25470,0,When Arrival,2_1_12
206_2_1,25470,22,Before Onboard,2_1_14
206_2_1,25470,0,After Onboard,2_1_14
125_1_0,25500,75,Before Onboard,1_0_11
125_1_0,25500,0,After Onboard,1_0_11
216_2_1,25500,0,When Arrival,2_1_11
321_3_0,25500,0,When Arrival,3_0_11
113_2_0,25500,42,Before Onboard,2_0_13
113_2_0,25500,0,After Onboard,2_0_13
108_4_1,25500,0,When Arrival,4_1_12
921_4_1,25500,34,Before Onboard,4_1_11
921_4_1,25500,0,After Onboard,4_1_11
204_2_1,25500,0,When Arrival,2_1_15
113_2_1,25500,0,Before Onboard,2_1_13
113_2_1,25500,0,After Onboard,2_1_13
122_1_1,25500,20,Before Onboard,1_1_11
122_1_1,25500,0,After Onboard,1_1_11
305_4_0,25500,4,When Arrival,4_0_12
316_3_1,25500,0,When Arrival,3_1_11
219_2_0,25500,0,When Arrival,2_0_11
310_3_0,25500,0,When Arrival,3_0_15
922_4_0,25500,5,Before Onboard,4_0_11
922_4_0,25500,0,After Onboard,4_0_11
214_2_1,25530,70,Before Onboard,2_1_12
214_2_1,25530,0,After Onboard,2_1_12
125_1_1,25530,7,Before Onboard,1_1_10
125_1_1,25530,0,After Onboard,1_1_10
216_2_0,25530,79,Before Onboard,2_0_12
216_2_0,25530,0,After Onboard,2_0_12
128_1_0,25530,86,Before Onboard,1_0_10
128_1_0,25530,0,After Onboard,1_0_10
204_2_0,25530,89,Before Onboard,2_0_16
204_2_0,25530,0,After Onboard,2_0_16
926_4_0,25560,0,When Arrival,4_0_10
204_2_1,25560,6,Before Onboard,2_1_15
204_2_1,25560,0,After Onboard,2_1_15
210_2_1,25560,0,When Arrival,2_1_17
108_4_1,25560,26,Before Onboard,4_1_12
108_4_1,25560,0,After Onboard,4_1_12
925_4_1,25560,0,When Arrival,4_1_10
321_3_0,25560,77,Before Onboard,3_0_11
321_3_0,25560,0,After Onboard,3_0_11
219_2_0,25560,79,Before Onboard,2_0_11
219_2_0,25560,0,After Onboard,2_0_11
216_2_1,25560,7,Before Onboard,2_1_11
216_2_1,25560,0,After Onboard,2_1_11
310_3_0,25560,70,Before Onboard,3_0_15
310_3_0,25560,0,After Onboard,3_0_15
105_3_1,25560,0,When Arrival,3_1_15
913_4_0,25560,0,When Arrival,4_0_13
305_4_0,25560,62,Before Onboard,4_0_12
305_4_0,25560,0,After Onboard,4_0_12
316_3_1,25560,70,Before Onboard,3_1_11
316_3_1,25560,0,After Onboard,3_1_11
210_2_0,25590,0,When Arrival,2_0_14
108_4_1,25620,11,Before Onboard,4_1_15
108_4_1,25620,0,After Onboard,4_1_15
214_2_0,25620,0,When Arrival,2_0_13
105_3_1,25620,42,Before Onboard,3_1_15
105_3_1,25620,0,After Onboard,3_1_15
926_4_0,25620,56,Before Onboard,4_0_10
926_4_0,25620,0,After Onboard,4_0_10
108_4_0,25620,0,Before Onboard,4_0_15
108_4_0,25620,0,After Onboard,4_0_15
113_1_1,25620,1,When Arrival,1_1_15
919_4_0,25620,0,When Arrival,4_0_12
913_4_0,25620,105,Before Onboard,4_0_13
913_4_0,25620,0,After Onboard,4_0_13
116_1_0,25620,0,When Arrival,1_0_15
213_2_1,25620,0,When Arrival,2_1_13
918_4_1,25620,0,When Arrival,4_1_12
210_2_1,25620,123,Before Onboard,2_1_17
210_2_1,25620,0,After Onboard,2_1_17
925_4_1,25620,25,Before Onboard,4_1_10
925_4_1,25620,0,After Onboard,4_1_10
316_3_0,25650,0,When Arrival,3_0_16
202_2_1,25650,0,When Arrival,2_1_16
119_1_0,25650,0,When Arrival,1_0_14
325_3_0,25650,0,When Arrival,3_0_10
113_1_0,25650,2,When Arrival,1_0_16
210_2_0,25650,6,Before Onboard,2_0_14
210_2_0,25650,0,After Onboard,2_0_14
116_1_1,25650,0,When Arrival,1_1_14
111_1_1,25650,0,When Arrival,1_1_16
208_3_1,25650,9,When Arrival,3_1_14
305_3_1,25650,0,When Arrival,3_1_16
321_3_1,25650,0,When Arrival,3_1_10
116_3_0,25680,5,When Arrival,3_0_13
913_4_1,25680,0,When Arrival,4_1_14
919_4_0,25680,82,Before Onboard,4_0_12
919_4_0,25680,0,After Onboard,4_0_12
116_3_1,25680,3,When Arrival,3_1_13
310_3_1,25680,0,When Arrival,3_1_17
113_1_1,25680,44,Before Onboard,1_1_15
113_1_1,25680,0,After Onboard,1_1_15
108_1_1,25680,0,When Arrival,1_1_17
208_2_0,25680,0,When Arrival,2_0_15
110_1_0,25680,0,When Arrival,1_0_17
214_2_0,25680,45,Before Onboard,2_0_13
214_2_0,25680,0,After Onboard,2_0_13
918_4_1,25680,87,Before Onboard,4_1_12
918_4_1,25680,0,After Onboard,4_1_12
213_2_1,25680,54,Before Onboard,2_1_13
213_2_1,25680,0,After Onboard,2_1_13
116_1_0,25680,71,Before Onboard,1_0_15
116_1_0,25680,0,After Onboard,1_0_15
303_3_0,25680,60,Before Onboard,3_0_17
303_3_0,25680,0,After Onboard,3_0_17
321_3_1,25710,29,Before Onboard,3_1_10
321_3_1,25710,0,After Onboard,3_1_10
113_2_0,25710,15,Before Onboard,2_0_18
113_2_0,25710,0,After Onboard,2_0_18
316_3_0,25710,29,Before Onboard,3_0_16
316_3_0,25710,0,After Onboard,3_0_16
116_1_1,25710,7,Before Onboard,1_1_14
116_1_1,25710,0,After Onboard,1_1_14
105_3_0,25710,14,Before Onboard,3_0_18
105_3_0,25710,0,After Onboard,3_0_18
113_1_0,25710,2,Before Onboard,1_0_16
113_1_0,25710,0,After Onboard,1_0_16
208_3_0,25710,22,When Arrival,3_0_14
202_2_1,25710,95,Before Onboard,2_1_16
202_2_1,25710,0,After Onboard,2_1_16
119_1_0,25710,59,Before Onboard,1_0_14
119_1_0,25710,0,After Onboard,1_0_14
113_2_1,25710,7,Before Onboard,2_1_18
113_2_1,25710,0,After Onboard,2_1_18
325_3_0,25710,58,Before Onboard,3_0_10
325_3_0,25710,0,After Onboard,3_0_10
105_3_1,25710,0,Before Onboard,3_1_18
105_3_1,25710,0,After Onboard,3_1_18
208_3_1,25710,106,Before Onboard,3_1_14
208_3_1,25710,0,After Onboard,3_1_14
305_3_1,25710,38,Before Onboard,3_1_16
305_3_1,25710,0,After Onboard,3_1_16
111_1_1,25710,55,Before Onboard,1_1_16
111_1_1,25710,0,After Onboard,1_1_16
110_1_0,25740,63,Before Onboard,1_0_17
110_1_0,25740,0,After Onboard,1_0_17
122_1_0,25740,0,When Arrival,1_0_13
310_3_1,25740,51,Before Onboard,3_1_17
310_3_1,25740,0,After Onboard,3_1_17
913_4_1,25740,35,Before Onboard,4_1_14
913_4_1,25740,0,After Onboard,4_1_14
103_1_1,25740,0,When Arrival,1_1_19
105_1_0,25740,0,When Arrival,1_0_19
108_1_1,25740,29,Before Onboard,1_1_17
108_1_1,25740,0,After Onboard,1_1_17
305_4_1,25740,3,When Arrival,4_1_15
116_3_1,25740,7,Before Onboard,3_1_13
116_3_1,25740,0,After Onboard,3_1_13
305_3_0,25740,4,When Arrival,3_0_15
119_1_1,25740,0,When Arrival,1_1_13
116_3_0,25740,5,Before Onboard,3_0_13
116_3_0,25740,0,After Onboard,3_0_13
208_2_0,25740,3,Before Onboard,2_0_15
208_2_0,25740,0,After Onboard,2_0_15
206_2_0,25770,0,When Arrival,2_0_16
101_1_1,25770,0,When Arrival,1_1_20
105_1_1,25770,1,When Arrival,1_1_18
208_2_1,25770,8,When Arrival,2_1_14
108_1_0,25770,0,When Arrival,1_0_18
208_3_0,25770,36,Before Onboard,3_0_14
208_3_0,25770,0,After Onboard,3_0_14
111_1_0,25800,0,When Arrival,1_0_17
122_1_0,25800,75,Before Onboard,1_0_13
122_1_0,25800,0,After Onboard,1_0_13
101_1_1,25800,79,Before Onboard,1_1_21
101_1_1,25800,0,After Onboard,1_1_21
119_1_1,25800,17,Before Onboard,1_1_13
119_1_1,25800,0,After Onboard,1_1_13
110_1_1,25800,0,When Arrival,1_1_17
103_1_1,25800,101,Before Onboard,1_1_19
103_1_1,25800,0,After Onboard,1_1_19
105_1_0,25800,23,Before Onboard,1_0_19
105_1_0,25800,0,After Onboard,1_0_19
101_1_0,25800,0,Before Onboard,1_0_21
101_1_0,25800,0,After Onboard,1_0_21
305_3_0,25800,23,Before Onboard,3_0_15
305_3_0,25800,0,After Onboard,3_0_15
303_3_1,25800,0,When Arrival,3_1_15
305_4_1,25800,3,Before Onboard,4_1_15
305_4_1,25800,0,After Onboard,4_1_15
101_1_1,25830,10,Before Onboard,1_1_20
101_1_1,25830,0,After Onboard,1_1_20
213_2_0,25830,0,When Arrival,2_0_18
105_1_1,25830,7,Before Onboard,1_1_18
105_1_1,25830,0,After Onboard,1_1_18
206_2_0,25830,112,Before Onboard,2_0_16
206_2_0,25830,0,After Onboard,2_0_16
103_1_0,25830,7,Before Onboard,1_0_20
103_1_0,25830,0,After Onboard,1_0_20
122_1_1,25830,0,When Arrival,1_1_12
208_2_1,25830,22,Before Onboard,2_1_14
208_2_1,25830,0,After Onboard,2_1_14
108_1_0,25830,23,Before Onboard,1_0_18
108_1_0,25830,0,After Onboard,1_0_18
125_1_0,25830,0,When Arrival,1_0_12
928_4_0,25860,0,When Arrival,4_0_10
325_3_1,25860,0,When Arrival,3_1_9
921_4_0,25860,0,When Arrival,4_0_12
918_4_0,25860,35,Before Onboard,4_0_15
918_4_0,25860,0,After Onboard,4_0_15
303_3_1,25860,44,Before Onboard,3_1_15
303_3_1,25860,0,After Onboard,3_1_15
926_4_1,25860,0,When Arrival,4_1_10
909_4_1,25860,0,When Arrival,4_1_13
919_4_1,25860,0,When Arrival,4_1_12
110_1_1,25860,34,Before Onboard,1_1_17
110_1_1,25860,0,After Onboard,1_1_17
128_1_0,25860,0,When Arrival,1_0_11
111_1_0,25860,46,Before Onboard,1_0_17
111_1_0,25860,0,After Onboard,1_0_17
329_3_0,25860,0,When Arrival,3_0_9
206_2_1,25860,0,When Arrival,2_1_15
125_1_1,25860,0,When Arrival,1_1_11
122_1_1,25890,22,Before Onboard,1_1_12
122_1_1,25890,0,After Onboard,1_1_12
113_2_1,25890,0,When Arrival,2_1_14
113_2_0,25890,0,When Arrival,2_0_14
125_1_0,25890,90,Before Onboard,1_0_12
125_1_0,25890,0,After Onboard,1_0_12
213_2_0,25890,40,Before Onboard,2_0_18
213_2_0,25890,0,After Onboard,2_0_18
204_2_0,25920,0,When Arrival,2_0_17
325_3_1,25920,43,Before Onboard,3_1_9
325_3_1,25920,0,After Onboard,3_1_9
925_4_0,25920,0,When Arrival,4_0_11
921_4_0,25920,86,Before Onboard,4_0_12
921_4_0,25920,0,After Onboard,4_0_12
108_4_0,25920,9,When Arrival,4_0_15
928_4_0,25920,132,Before Onboard,4_0_10
928_4_0,25920,0,After Onboard,4_0_10
125_1_1,25920,11,Before Onboard,1_1_11
125_1_1,25920,0,After Onboard,1_1_11
216_2_0,25920,0,When Arrival,2_0_13
329_3_0,25920,120,Before Onboard,3_0_9
329_3_0,25920,0,After Onboard,3_0_9
214_2_1,25920,0,When Arrival,2_1_13
909_4_1,25920,128,Before Onboard,4_1_13
909_4_1,25920,0,After Onboard,4_1_13
128_1_0,25920,97,Before Onboard,1_0_11
128_1_0,25920,0,After Onboard,1_0_11
926_4_1,25920,59,Before Onboard,4_1_10
926_4_1,25920,0,After Onboard,4_1_10
922_4_1,25920,0,When Arrival,4_1_11
919_4_1,25920,62,Before Onboard,4_1_12
919_4_1,25920,0,After Onboard,4_1_12
206_2_1,25920,18,Before Onboard,2_1_15
206_2_1,25920,0,After Onboard,2_1_15
113_2_1,25950,57,Before Onboard,2_1_14
113_2_1,25950,0,After Onboard,2_1_14
216_2_1,25950,0,When Arrival,2_1_12
321_3_0,25950,0,When Arrival,3_0_12
101_1_1,25950,28,Before Onboard,1_1_22
101_1_1,25950,0,After Onboard,1_1_22
219_2_0,25950,0,When Arrival,2_0_12
113_2_0,25950,0,Before Onboard,2_0_14
113_2_0,25950,0,After Onboard,2_0_14
310_3_0,25950,0,When Arrival,3_0_16
101_1_0,25950,0,Before Onboard,1_0_22
101_1_0,25950,0,After Onboard,1_0_22
316_3_1,25950,0,When Arrival,3_1_12
204_2_1,25950,0,When Arrival,2_1_16
204_2_0,25980,99,Before Onboard,2_0_17
204_2_0,25980,0,After Onboard,2_0_17
216_2_0,25980,96,Before Onboard,2_0_13
216_2_0,25980,0,After Onboard,2_0_13
921_4_1,25980,0,When Arrival,4_1_12
922_4_1,25980,134,Before Onboard,4_1_11
922_4_1,25980,0,After Onboard,4_1_11
108_4_0,25980,57,Before Onboard,4_0_15
108_4_0,25980,0,After Onboard,4_0_15
214_2_1,25980,54,Before Onboard,2_1_13
214_2_1,25980,0,After Onboard,2_1_13
925_4_0,25980,92,Before Onboard,4_0_11
925_4_0,25980,0,After Onboard,4_0_11
922_4_0,25980,0,When Arrival,4_0_12
321_3_0,26010,77,Before Onboard,3_0_12
321_3_0,26010,0,After Onboard,3_0_12
310_3_0,26010,61,Before Onboard,3_0_16
310_3_0,26010,0,After Onboard,3_0_16
219_2_0,26010,114,Before Onboard,2_0_12
219_2_0,26010,0,After Onboard,2_0_12
204_2_1,26010,10,Before Onboard,2_1_16
204_2_1,26010,0,After Onboard,2_1_16
116_1_0,26010,0,When Arrival,1_0_16
113_1_1,26010,3,When Arrival,1_1_16
210_2_1,26010,0,When Arrival,2_1_18
216_2_1,26010,5,Before Onboard,2_1_12
216_2_1,26010,0,After Onboard,2_1_12
105_3_1,26010,0,When Arrival,3_1_16
316_3_1,26010,75,Before Onboard,3_1_12
316_3_1,26010,0,After Onboard,3_1_12
921_4_1,26040,25,Before Onboard,4_1_12
921_4_1,26040,0,After Onboard,4_1_12
111_1_1,26040,0,When Arrival,1_1_17
922_4_0,26040,21,Before Onboard,4_0_12
922_4_0,26040,0,After Onboard,4_0_12
305_4_0,26040,9,When Arrival,4_0_13
119_1_0,26040,0,When Arrival,1_0_15
210_2_0,26040,0,When Arrival,2_0_15
113_1_0,26040,1,When Arrival,1_0_17
116_1_1,26040,0,When Arrival,1_1_15
108_4_1,26040,1,When Arrival,4_1_13
214_2_0,26070,0,When Arrival,2_0_14
210_2_1,26070,94,Before Onboard,2_1_18
210_2_1,26070,0,After Onboard,2_1_18
110_1_0,26070,0,When Arrival,1_0_18
113_1_1,26070,34,Before Onboard,1_1_16
113_1_1,26070,0,After Onboard,1_1_16
108_1_1,26070,0,When Arrival,1_1_18
116_1_0,26070,88,Before Onboard,1_0_16
116_1_0,26070,0,After Onboard,1_0_16
105_3_1,26070,64,Before Onboard,3_1_16
105_3_1,26070,0,After Onboard,3_1_16
303_3_0,26070,0,When Arrival,3_0_18
213_2_1,26070,0,When Arrival,2_1_14
913_4_0,26100,0,When Arrival,4_0_14
101_1_1,26100,41,Before Onboard,1_1_23
101_1_1,26100,0,After Onboard,1_1_23
325_3_0,26100,0,When Arrival,3_0_11
925_4_1,26100,0,When Arrival,4_1_11
305_3_1,26100,4,When Arrival,3_1_17
926_4_0,26100,0,When Arrival,4_0_11
208_3_1,26100,8,When Arrival,3_1_15
111_1_1,26100,45,Before Onboard,1_1_17
111_1_1,26100,0,After Onboard,1_1_17
202_2_1,26100,0,When Arrival,2_1_17
101_1_0,26100,0,Before Onboard,1_0_23
101_1_0,26100,0,After Onboard,1_0_23
321_3_1,26100,0,When Arrival,3_1_11
119_1_0,26100,82,Before Onboard,1_0_15
119_1_0,26100,0,After Onboard,1_0_15
305_4_0,26100,90,Before Onboard,4_0_13
305_4_0,26100,0,After Onboard,4_0_13
116_1_1,26100,7,Before Onboard,1_1_15
116_1_1,26100,0,After Onboard,1_1_15
316_3_0,26100,0,When Arrival,3_0_17
108_4_1,26100,30,Before Onboard,4_1_13
108_4_1,26100,0,After Onboard,4_1_13
210_2_0,26100,7,Before Onboard,2_0_15
210_2_0,26100,0,After Onboard,2_0_15
101_1_1,26100,0,When Arrival,1_1_21
113_1_0,26100,12,Before Onboard,1_0_17
113_1_0,26100,0,After Onboard,1_0_17
116_3_0,26130,12,When Arrival,3_0_14
122_1_0,26130,0,When Arrival,1_0_14
103_1_1,26130,0,When Arrival,1_1_20
108_1_1,26130,10,Before Onboard,1_1_18
108_1_1,26130,0,After Onboard,1_1_18
213_2_1,26130,40,Before Onboard,2_1_14
213_2_1,26130,0,After Onboard,2_1_14
105_1_0,26130,0,When Arrival,1_0_20
214_2_0,26130,45,Before Onboard,2_0_14
214_2_0,26130,0,After Onboard,2_0_14
116_3_1,26130,4,When Arrival,3_1_14
208_2_0,26130,0,When Arrival,2_0_16
110_1_0,26130,60,Before Onboard,1_0_18
110_1_0,26130,0,After Onboard,1_0_18
119_1_1,26130,0,When Arrival,1_1_14
303_3_0,26130,73,Before Onboard,3_0_18
303_3_0,26130,0,After Onboard,3_0_18
321_3_1,26160,35,Before Onboard,3_1_11
321_3_1,26160,0,After Onboard,3_1_11
918_4_1,26160,0,When Arrival,4_1_13
108_1_0,26160,0,When Arrival,1_0_19
113_2_0,26160,30,Before Onboard,2_0_19
113_2_0,26160,0,After Onboard,2_0_19
316_3_0,26160,42,Before Onboard,3_0_17
316_3_0,26160,0,After Onboard,3_0_17
919_4_0,26160,0,When Arrival,4_0_13
105_1_1,26160,1,When Arrival,1_1_19
208_3_0,26160,52,When Arrival,3_0_15
108_4_1,26160,10,Before Onboard,4_1_16
108_4_1,26160,0,After Onboard,4_1_16
925_4_1,26160,48,Before Onboard,4_1_11
925_4_1,26160,0,After Onboard,4_1_11
208_3_1,26160,189,Before Onboard,3_1_15
208_3_1,26160,0,After Onboard,3_1_15
926_4_0,26160,72,Before Onboard,4_0_11
926_4_0,26160,0,After Onboard,4_0_11
105_3_1,26160,14,Before Onboard,3_1_19
105_3_1,26160,0,After Onboard,3_1_19
202_2_1,26160,111,Before Onboard,2_1_17
202_2_1,26160,0,After Onboard,2_1_17
325_3_0,26160,63,Before Onboard,3_0_11
325_3_0,26160,0,After Onboard,3_0_11
305_3_1,26160,18,Before Onboard,3_1_17
305_3_1,26160,0,After Onboard,3_1_17
103_1_0,26160,78,Before Onboard,1_0_21
103_1_0,26160,0,After Onboard,1_0_21
108_4_0,26160,6,Before Onboard,4_0_16
108_4_0,26160,0,After Onboard,4_0_16
113_2_1,26160,7,Before Onboard,2_1_19
113_2_1,26160,0,After Onboard,2_1_19
105_3_0,26160,1,Before Onboard,3_0_19
105_3_0,26160,0,After Onboard,3_0_19
913_4_0,26160,123,Before Onboard,4_0_14
913_4_0,26160,0,After Onboard,4_0_14
101_1_1,26160,12,Before Onboard,1_1_21
101_1_1,26160,0,After Onboard,1_1_21
116_3_1,26190,19,Before Onboard,3_1_14
116_3_1,26190,0,After Onboard,3_1_14
119_1_1,26190,12,Before Onboard,1_1_14
119_1_1,26190,0,After Onboard,1_1_14
305_3_0,26190,31,When Arrival,3_0_16
116_3_0,26190,12,Before Onboard,3_0_14
116_3_0,26190,0,After Onboard,3_0_14
310_3_1,26190,38,Before Onboard,3_1_18
310_3_1,26190,0,After Onboard,3_1_18
208_2_0,26190,9,Before Onboard,2_0_16
208_2_0,26190,0,After Onboard,2_0_16
122_1_0,26190,70,Before Onboard,1_0_14
122_1_0,26190,0,After Onboard,1_0_14
105_1_0,26190,5,Before Onboard,1_0_20
105_1_0,26190,0,After Onboard,1_0_20
110_1_1,26190,0,When Arrival,1_1_18
103_1_1,26190,6,Before Onboard,1_1_20
103_1_1,26190,0,After Onboard,1_1_20
111_1_0,26190,0,When Arrival,1_0_18
206_2_0,26220,0,When Arrival,2_0_17
105_1_1,26220,6,Before Onboard,1_1_19
105_1_1,26220,0,After Onboard,1_1_19
208_2_1,26220,2,When Arrival,2_1_15
122_1_1,26220,0,When Arrival,1_1_13
913_4_1,26220,0,When Arrival,4_1_15
125_1_0,26220,0,When Arrival,1_0_13
919_4_0,26220,78,Before Onboard,4_0_13
919_4_0,26220,0,After Onboard,4_0_13
918_4_1,26220,85,Before Onboard,4_1_13
918_4_1,26220,0,After Onboard,4_1_13
108_1_0,26220,14,Before Onboard,1_0_19
108_1_0,26220,0,After Onboard,1_0_19
208_3_0,26220,58,Before Onboard,3_0_15
208_3_0,26220,0,After Onboard,3_0_15
101_1_1,26250,0,When Arrival,1_1_22
125_1_1,26250,0,When Arrival,1_1_12
111_1_0,26250,38,Before Onboard,1_0_18
111_1_0,26250,0,After Onboard,1_0_18
101_1_0,26250,19,Before Onboard,1_0_24
101_1_0,26250,0,After Onboard,1_0_24
303_3_1,26250,0,When Arrival,3_1_16
128_1_0,26250,0,When Arrival,1_0_12
110_1_1,26250,20,Before Onboard,1_1_18
110_1_1,26250,0,After Onboard,1_1_18
101_1_1,26250,0,Before Onboard,1_1_24
101_1_1,26250,0,After Onboard,1_1_24
305_3_0,26250,57,Before Onboard,3_0_16
305_3_0,26250,0,After Onboard,3_0_16
213_2_0,26280,0,When Arrival,2_0_19
206_2_0,26280,77,Before Onboard,2_0_17
206_2_0,26280,0,After Onboard,2_0_17
913_4_1,26280,34,Before Onboard,4_1_15
913_4_1,26280,0,After Onboard,4_1_15
125_1_0,26280,76,Before Onboard,1_0_13
125_1_0,26280,0,After Onboard,1_0_13
305_4_1,26280,0,When Arrival,4_1_16
208_2_1,26280,21,Before Onboard,2_1_15
208_2_1,26280,0,After Onboard,2_1_15
122_1_1,26280,29,Before Onboard,1_1_13
122_1_1,26280,0,After Onboard,1_1_13
206_2_1,26310,0,When Arrival,2_1_16
303_3_1,26310,40,Before Onboard,3_1_16
303_3_1,26310,0,After Onboard,3_1_16
128_1_0,26310,102,Before Onboard,1_0_12
128_1_0,26310,0,After Onboard,1_0_12
325_3_1,26310,0,When Arrival,3_1_10
101_1_1,26310,11,Before Onboard,1_1_22
101_1_1,26310,0,After Onboard,1_1_22
329_3_0,26310,0,When Arrival,3_0_10
125_1_1,26310,7,Before Onboard,1_1_12
125_1_1,26310,0,After Onboard,1_1_12
103_1_0,26310,27,Before Onboard,1_0_22
103_1_0,26310,0,After Onboard,1_0_22
918_4_0,26340,0,When Arrival,4_0_16
213_2_0,26340,49,Before Onboard,2_0_19
213_2_0,26340,0,After Onboard,2_0_19
113_2_0,26340,0,When Arrival,2_0_15
305_4_1,26340,21,Before Onboard,4_1_16
305_4_1,26340,0,After Onboard,4_1_16
113_2_1,26340,0,When Arrival,2_1_15
206_2_1,26370,21,Before Onboard,2_1_16
206_2_1,26370,0,After Onboard,2_1_16
329_3_0,26370,107,Before Onboard,3_0_10
329_3_0,26370,0,After Onboard,3_0_10
204_2_0,26370,0,When Arrival,2_0_18
214_2_1,26370,0,When Arrival,2_1_14
325_3_1,26370,61,Before Onboard,3_1_10
325_3_1,26370,0,After Onboard,3_1_10
216_2_0,26370,0,When Arrival,2_0_14
310_3_0,26400,0,When Arrival,3_0_17
113_2_0,26400,53,Before Onboard,2_0_15
113_2_0,26400,0,After Onboard,2_0_15
219_2_0,26400,0,When Arrival,2_0_13
919_4_1,26400,0,When Arrival,4_1_13
116_1_0,26400,14,When Arrival,1_0_17
101_1_1,26400,23,Before Onboard,1_1_25
101_1_1,26400,0,After Onboard,1_1_25
321_3_0,26400,0,When Arrival,3_0_13
921_4_0,26400,0,When Arrival,4_0_13
928_4_0,26400,0,When Arrival,4_0_11
909_4_1,26400,0,When Arrival,4_1_14
204_2_1,26400,0,When Arrival,2_1_17
918_4_0,26400,44,Before Onboard,4_0_16
918_4_0,26400,0,After Onboard,4_0_16
113_1_1,26400,5,When Arrival,1_1_17
316_3_1,26400,0,When Arrival,3_1_13
926_4_1,26400,0,When Arrival,4_1_11
101_1_0,26400,0,Before Onboard,1_0_25
101_1_0,26400,0,After Onboard,1_0_25
101_1_1,26400,0,When Arrival,1_1_23
113_2_1,26400,0,Before Onboard,2_1_15
113_2_1,26400,0,After Onboard,2_1_15
216_2_1,26400,0,When Arrival,2_1_13
113_1_0,26430,2,When Arrival,1_0_18
214_2_1,26430,72,Before Onboard,2_1_14
214_2_1,26430,0,After Onboard,2_1_14
116_1_1,26430,0,When Arrival,1_1_16
204_2_0,26430,100,Before Onboard,2_0_18
204_2_0,26430,0,After Onboard,2_0_18
119_1_0,26430,0,When Arrival,1_0_16
111_1_1,26430,0,When Arrival,1_1_18
216_2_0,26430,97,Before Onboard,2_0_14
216_2_0,26430,0,After Onboard,2_0_14
105_3_1,26460,0,When Arrival,3_1_17
103_1_1,26460,0,When Arrival,1_1_21
101_1_1,26460,20,Before Onboard,1_1_23
101_1_1,26460,0,After Onboard,1_1_23
926_4_1,26460,75,Before Onboard,4_1_11
926_4_1,26460,0,After Onboard,4_1_11
113_1_1,26460,16,Before Onboard,1_1_17
113_1_1,26460,0,After Onboard,1_1_17
103_1_0,26460,35,Before Onboard,1_0_23
103_1_0,26460,0,After Onboard,1_0_23
204_2_1,26460,7,Before Onboard,2_1_17
204_2_1,26460,0,After Onboard,2_1_17
210_2_1,26460,0,When Arrival,2_1_19
922_4_1,26460,0,When Arrival,4_1_12
108_4_0,26460,0,When Arrival,4_0_16
216_2_1,26460,7,Before Onboard,2_1_13
216_2_1,26460,0,After Onboard,2_1_13
921_4_0,26460,110,Before Onboard,4_0_13
921_4_0,26460,0,After Onboard,4_0_13
925_4_0,26460,0,When Arrival,4_0_12
116_1_0,26460,77,Before Onboard,1_0_17
116_1_0,26460,0,After Onboard,1_0_17
909_4_1,26460,155,Before Onboard,4_1_14
909_4_1,26460,0,After Onboard,4_1_14
316_3_1,26460,80,Before Onboard,3_1_13
316_3_1,26460,0,After Onboard,3_1_13
110_1_0,26460,0,When Arrival,1_0_19
919_4_1,26460,57,Before Onboard,4_1_13
919_4_1,26460,0,After Onboard,4_1_13
310_3_0,26460,66,Before Onboard,3_0_17
310_3_0,26460,0,After Onboard,3_0_17
928_4_0,26460,128,Before Onboard,4_0_11
928_4_0,26460,0,After Onboard,4_0_11
108_1_1,26460,0,When Arrival,1_1_19
105_1_0,26460,0,When Arrival,1_0_21
219_2_0,26460,103,Before Onboard,2_0_13
219_2_0,26460,0,After Onboard,2_0_13
321_3_0,26460,70,Before Onboard,3_0_13
321_3_0,26460,0,After Onboard,3_0_13
113_1_0,26490,5,Before Onboard,1_0_18
113_1_0,26490,0,After Onboard,1_0_18
116_1_1,26490,11,Before Onboard,1_1_16
116_1_1,26490,0,After Onboard,1_1_16
210_2_0,26490,0,When Arrival,2_0_16
119_1_0,26490,63,Before Onboard,1_0_16
119_1_0,26490,0,After Onboard,1_0_16
111_1_1,26490,63,Before Onboard,1_1_18
111_1_1,26490,0,After Onboard,1_1_18
925_4_0,26520,83,Before Onboard,4_0_12
925_4_0,26520,0,After Onboard,4_0_12
105_1_0,26520,75,Before Onboard,1_0_21
105_1_0,26520,0,After Onboard,1_0_21
921_4_1,26520,0,When Arrival,4_1_13
103_1_1,26520,19,Before Onboard,1_1_21
103_1_1,26520,0,After Onboard,1_1_21
110_1_0,26520,59,Before Onboard,1_0_19
110_1_0,26520,0,After Onboard,1_0_19
122_1_0,26520,0,When Arrival,1_0_15
214_2_0,26520,0,When Arrival,2_0_15
119_1_1,26520,0,When Arrival,1_1_15
922_4_0,26520,0,When Arrival,4_0_13
108_1_1,26520,83,Before Onboard,1_1_19
108_1_1,26520,0,After Onboard,1_1_19
210_2_1,26520,90,Before Onboard,2_1_19
210_2_1,26520,0,After Onboard,2_1_19
922_4_1,26520,122,Before Onboard,4_1_12
922_4_1,26520,0,After Onboard,4_1_12
108_4_0,26520,0,Before Onboard,4_0_16
108_4_0,26520,0,After Onboard,4_0_16
303_3_0,26520,0,When Arrival,3_0_19
105_3_1,26520,0,Before Onboard,3_1_17
105_3_1,26520,0,After Onboard,3_1_17
213_2_1,26520,0,When Arrival,2_1_15
210_2_0,26550,9,Before Onboard,2_0_16
210_2_0,26550,0,After Onboard,2_0_16
108_1_0,26550,0,When Arrival,1_0_20
103_1_0,26550,0,When Arrival,1_0_24
105_1_1,26550,5,When Arrival,1_1_20
305_3_1,26550,2,When Arrival,3_1_18
316_3_0,26550,0,When Arrival,3_0_18
325_3_0,26550,0,When Arrival,3_0_12
321_3_1,26550,0,When Arrival,3_1_12
101_1_1,26550,20,Before Onboard,1_1_26
101_1_1,26550,0,After Onboard,1_1_26
208_3_1,26550,5,When Arrival,3_1_16
101_1_0,26550,0,Before Onboard,1_0_26
101_1_0,26550,0,After Onboard,1_0_26
202_2_1,26550,0,When Arrival,2_1_18
116_3_1,26580,3,When Arrival,3_1_15
108_4_1,26580,1,When Arrival,4_1_14
110_1_1,26580,0,When Arrival,1_1_19
303_3_0,26580,72,Before Onboard,3_0_19
303_3_0,26580,0,After Onboard,3_0_19
305_4_0,26580,16,When Arrival,4_0_14
922_4_0,26580,8,Before Onboard,4_0_13
922_4_0,26580,0,After Onboard,4_0_13
310_3_1,26580,0,When Arrival,3_1_19
921_4_1,26580,27,Before Onboard,4_1_13
921_4_1,26580,0,After Onboard,4_1_13
116_3_0,26580,18,When Arrival,3_0_15
208_2_0,26580,2,When Arrival,2_0_17
111_1_0,26580,0,When Arrival,1_0_19
214_2_0,26580,38,Before Onboard,2_0_15
214_2_0,26580,0,After Onboard,2_0_15
122_1_0,26580,66,Before Onboard,1_0_15
122_1_0,26580,0,After Onboard,1_0_15
119_1_1,26580,30,Before Onboard,1_1_15
119_1_1,26580,0,After Onboard,1_1_15
213_2_1,26580,73,Before Onboard,2_1_15
213_2_1,26580,0,After Onboard,2_1_15
321_3_1,26610,38,Before Onboard,3_1_12
321_3_1,26610,0,After Onboard,3_1_12
105_3_0,26610,34,Before Onboard,3_0_20
105_3_0,26610,0,After Onboard,3_0_20
105_1_0,26610,0,When Arrival,1_0_22
208_3_1,26610,154,Before Onboard,3_1_16
208_3_1,26610,0,After Onboard,3_1_16
208_3_0,26610,54,When Arrival,3_0_16
105_3_1,26610,0,Before Onboard,3_1_20
105_3_1,26610,0,After Onboard,3_1_20
108_1_0,26610,18,Before Onboard,1_0_20
108_1_0,26610,0,After Onboard,1_0_20
316_3_0,26610,37,Before Onboard,3_0_18
316_3_0,26610,0,After Onboard,3_0_18
305_3_1,26610,65,Before Onboard,3_1_18
305_3_1,26610,0,After Onboard,3_1_18
103_1_0,26610,28,Before Onboard,1_0_24
103_1_0,26610,0,After Onboard,1_0_24
125_1_0,26610,0,When Arrival,1_0_14
103_1_1,26610,0,When Arrival,1_1_22
325_3_0,26610,49,Before Onboard,3_0_12
325_3_0,26610,0,After Onboard,3_0_12
105_1_1,26610,5,Before Onboard,1_1_20
105_1_1,26610,0,After Onboard,1_1_20
122_1_1,26610,0,When Arrival,1_1_14
101_1_1,26610,18,Before Onboard,1_1_24
101_1_1,26610,0,After Onboard,1_1_24
113_2_0,26610,42,Before Onboard,2_0_20
113_2_0,26610,0,After Onboard,2_0_20
113_2_1,26610,12,Before Onboard,2_1_20
113_2_1,26610,0,After Onboard,2_1_20
202_2_1,26610,95,Before Onboard,2_1_18
202_2_1,26610,0,After Onboard,2_1_18
125_1_1,26640,0,When Arrival,1_1_13
108_4_1,26640,3,Before Onboard,4_1_14
108_4_1,26640,0,After Onboard,4_1_14
913_4_0,26640,0,When Arrival,4_0_15
111_1_0,26640,36,Before Onboard,1_0_19
111_1_0,26640,0,After Onboard,1_0_19
310_3_1,26640,40,Before Onboard,3_1_19
310_3_1,26640,0,After Onboard,3_1_19
305_3_0,26640,42,When Arrival,3_0_17
116_3_0,26640,55,Before Onboard,3_0_15
116_3_0,26640,0,After Onboard,3_0_15
208_2_0,26640,14,Before Onboard,2_0_17
208_2_0,26640,0,After Onboard,2_0_17
925_4_1,26640,0,When Arrival,4_1_12
110_1_1,26640,37,Before Onboard,1_1_19
110_1_1,26640,0,After Onboard,1_1_19
926_4_0,26640,0,When Arrival,4_0_12
305_4_0,26640,51,Before Onboard,4_0_14
305_4_0,26640,0,After Onboard,4_0_14
128_1_0,26640,0,When Arrival,1_0_13
116_3_1,26640,3,Before Onboard,3_1_15
116_3_1,26640,0,After Onboard,3_1_15
105_1_0,26670,21,Before Onboard,1_0_22
105_1_0,26670,0,After Onboard,1_0_22
122_1_1,26670,20,Before Onboard,1_1_14
122_1_1,26670,0,After Onboard,1_1_14
206_2_0,26670,0,When Arrival,2_0_18
125_1_0,26670,76,Before Onboard,1_0_14
125_1_0,26670,0,After Onboard,1_0_14
208_2_1,26670,16,When Arrival,2_1_16
103_1_1,26670,17,Before Onboard,1_1_22
103_1_1,26670,0,After Onboard,1_1_22
208_3_0,26670,66,Before Onboard,3_0_16
208_3_0,26670,0,After Onboard,3_0_16
305_3_0,26700,57,Before Onboard,3_0_17
305_3_0,26700,0,After Onboard,3_0_17
101_1_1,26700,32,Before Onboard,1_1_27
101_1_1,26700,0,After Onboard,1_1_27
101_1_1,26700,0,When Arrival,1_1_25
913_4_0,26700,101,Before Onboard,4_0_15
913_4_0,26700,0,After Onboard,4_0_15
101_1_0,26700,0,Before Onboard,1_0_27
101_1_0,26700,0,After Onboard,1_0_27
125_1_1,26700,8,Before Onboard,1_1_13
125_1_1,26700,0,After Onboard,1_1_13
925_4_1,26700,44,Before Onboard,4_1_12
925_4_1,26700,0,After Onboard,4_1_12
926_4_0,26700,48,Before Onboard,4_0_12
926_4_0,26700,0,After Onboard,4_0_12
128_1_0,26700,93,Before Onboard,1_0_13
128_1_0,26700,0,After Onboard,1_0_13
108_4_0,26700,21,Before Onboard,4_0_17
108_4_0,26700,0,After Onboard,4_0_17
303_3_1,26700,0,When Arrival,3_1_17
108_4_1,26700,0,Before Onboard,4_1_17
108_4_1,26700,0,After Onboard,4_1_17
918_4_1,26700,0,When Arrival,4_1_14
919_4_0,26700,0,When Arrival,4_0_14
208_2_1,26730,25,Before Onboard,2_1_16
208_2_1,26730,0,After Onboard,2_1_16
206_2_0,26730,89,Before Onboard,2_0_18
206_2_0,26730,0,After Onboard,2_0_18
213_2_0,26730,0,When Arrival,2_0_20
103_1_0,26760,27,Before Onboard,1_0_25
103_1_0,26760,0,After Onboard,1_0_25
206_2_1,26760,0,When Arrival,2_1_17
919_4_0,26760,62,Before Onboard,4_0_14
919_4_0,26760,0,After Onboard,4_0_14
913_4_1,26760,0,When Arrival,4_1_16
303_3_1,26760,45,Before Onboard,3_1_17
303_3_1,26760,0,After Onboard,3_1_17
329_3_0,26760,0,When Arrival,3_0_11
105_1_0,26760,0,When Arrival,1_0_23
325_3_1,26760,0,When Arrival,3_1_11
101_1_1,26760,19,Before Onboard,1_1_25
101_1_1,26760,0,After Onboard,1_1_25
918_4_1,26760,94,Before Onboard,4_1_14
918_4_1,26760,0,After Onboard,4_1_14
103_1_1,26760,0,When Arrival,1_1_23
213_2_0,26790,48,Before Onboard,2_0_20
213_2_0,26790,0,After Onboard,2_0_20
113_1_1,26790,0,When Arrival,1_1_18
113_2_0,26790,0,When Arrival,2_0_16
113_2_1,26790,0,When Arrival,2_1_16
116_1_0,26790,34,When Arrival,1_0_18
325_3_1,26820,60,Before Onboard,3_1_11
325_3_1,26820,0,After Onboard,3_1_11
214_2_1,26820,0,When Arrival,2_1_15
111_1_1,26820,0,When Arrival,1_1_19
105_1_0,26820,33,Before Onboard,1_0_23
105_1_0,26820,0,After Onboard,1_0_23
103_1_1,26820,10,Before Onboard,1_1_23
103_1_1,26820,0,After Onboard,1_1_23
329_3_0,26820,101,Before Onboard,3_0_11
329_3_0,26820,0,After Onboard,3_0_11
119_1_0,26820,0,When Arrival,1_0_17
113_1_0,26820,2,When Arrival,1_0_19
204_2_0,26820,0,When Arrival,2_0_19
116_1_1,26820,16,When Arrival,1_1_17
206_2_1,26820,24,Before Onboard,2_1_17
206_2_1,26820,0,After Onboard,2_1_17
913_4_1,26820,27,Before Onboard,4_1_16
913_4_1,26820,0,After Onboard,4_1_16
216_2_0,26820,0,When Arrival,2_0_15
316_3_1,26850,0,When Arrival,3_1_14
113_2_1,26850,58,Before Onboard,2_1_16
113_2_1,26850,0,After Onboard,2_1_16
219_2_0,26850,0,When Arrival,2_0_14
101_1_1,26850,17,Before Onboard,1_1_28
101_1_1,26850,0,After Onboard,1_1_28
101_1_0,26850,0,Before Onboard,1_0_28
101_1_0,26850,0,After Onboard,1_0_28
108_1_1,26850,0,When Arrival,1_1_20
110_1_0,26850,0,When Arrival,1_0_20
204_2_1,26850,0,When Arrival,2_1_18
113_1_1,26850,7,Before Onboard,1_1_18
113_1_1,26850,0,After Onboard,1_1_18
113_2_0,26850,20,Before Onboard,2_0_16
113_2_0,26850,0,After Onboard,2_0_16
310_3_0,26850,0,When Arrival,3_0_18
216_2_1,26850,0,When Arrival,2_1_14
116_1_0,26850,86,Before Onboard,1_0_18
116_1_0,26850,0,After Onboard,1_0_18
321_3_0,26850,0,When Arrival,3_0_14
101_1_1,26850,0,When Arrival,1_1_26
113_1_0,26880,7,Before Onboard,1_0_19
113_1_0,26880,0,After Onboard,1_0_19
216_2_0,26880,89,Before Onboard,2_0_15
216_2_0,26880,0,After Onboard,2_0_15
305_4_1,26880,44,Before Onboard,4_1_17
305_4_1,26880,0,After Onboard,4_1_17
116_1_1,26880,19,Before Onboard,1_1_17
116_1_1,26880,0,After Onboard,1_1_17
111_1_1,26880,49,Before Onboard,1_1_19
111_1_1,26880,0,After Onboard,1_1_19
105_1_1,26880,0,When Arrival,1_1_21
214_2_1,26880,77,Before Onboard,2_1_15
214_2_1,26880,0,After Onboard,2_1_15
918_4_0,26880,0,When Arrival,4_0_17
108_1_0,26880,0,When Arrival,1_0_21
204_2_0,26880,105,Before Onboard,2_0_19
204_2_0,26880,0,After Onboard,2_0_19
119_1_0,26880,76,Before Onboard,1_0_17
119_1_0,26880,0,After Onboard,1_0_17
105_3_1,26910,0,When Arrival,3_1_18
122_1_0,26910,0,When Arrival,1_0_16
316_3_1,26910,92,Before Onboard,3_1_14
316_3_1,26910,0,After Onboard,3_1_14
108_1_1,26910,56,Before Onboard,1_1_20
108_1_1,26910,0,After Onboard,1_1_20
103_1_0,26910,32,Before Onboard,1_0_26
103_1_0,26910,0,After Onboard,1_0_26
105_1_0,26910,0,When Arrival,1_0_24
119_1_1,26910,0,When Arrival,1_1_16
216_2_1,26910,8,Before Onboard,2_1_14
216_2_1,26910,0,After Onboard,2_1_14
210_2_1,26910,0,When Arrival,2_1_20
204_2_1,26910,7,Before Onboard,2_1_18
204_2_1,26910,0,After Onboard,2_1_18
110_1_0,26910,82,Before Onboard,1_0_20
110_1_0,26910,0,After Onboard,1_0_20
321_3_0,26910,76,Before Onboard,3_0_14
321_3_0,26910,0,After Onboard,3_0_14
101_1_1,26910,8,Before Onboard,1_1_26
101_1_1,26910,0,After Onboard,1_1_26
219_2_0,26910,97,Before Onboard,2_0_14
219_2_0,26910,0,After Onboard,2_0_14
310_3_0,26910,49,Before Onboard,3_0_18
310_3_0,26910,0,After Onboard,3_0_18
103_1_1,26910,0,When Arrival,1_1_24
919_4_1,26940,0,When Arrival,4_1_14
909_4_1,26940,0,When Arrival,4_1_15
926_4_1,26940,0,When Arrival,4_1_12
921_4_0,26940,0,When Arrival,4_0_14
928_4_0,26940,0,When Arrival,4_0_12
108_1_0,26940,8,Before Onboard,1_0_21
108_1_0,26940,0,After Onboard,1_0_21
918_4_0,26940,35,Before Onboard,4_0_17
918_4_0,26940,0,After Onboard,4_0_17
105_1_1,26940,24,Before Onboard,1_1_21
105_1_1,26940,0,After Onboard,1_1_21
210_2_0,26940,0,When Arrival,2_0_17
213_2_1,26970,0,When Arrival,2_1_16
111_1_0,26970,0,When Arrival,1_0_20
103_1_1,26970,15,Before Onboard,1_1_24
103_1_1,26970,0,After Onboard,1_1_24
303_3_0,26970,0,When Arrival,3_0_20
122_1_0,26970,96,Before Onboard,1_0_16
122_1_0,26970,0,After Onboard,1_0_16
105_3_1,26970,9,Before Onboard,3_1_18
105_3_1,26970,0,After Onboard,3_1_18
110_1_1,26970,0,When Arrival,1_1_20
214_2_0,26970,0,When Arrival,2_0_16
210_2_1,26970,90,Before Onboard,2_1_20
210_2_1,26970,0,After Onboard,2_1_20
119_1_1,26970,18,Before Onboard,1_1_16
119_1_1,26970,0,After Onboard,1_1_16
105_1_0,26970,0,Before Onboard,1_0_24
105_1_0,26970,0,After Onboard,1_0_24
321_3_1,27000,0,When Arrival,3_1_13
208_3_1,27000,7,When Arrival,3_1_17
925_4_0,27000,0,When Arrival,4_0_13
926_4_1,27000,80,Before Onboard,4_1_12
926_4_1,27000,0,After Onboard,4_1_12
928_4_0,27000,122,Before Onboard,4_0_12
928_4_0,27000,1,After Onboard,4_0_12
122_1_1,27000,0,When Arrival,1_1_15
305_3_1,27000,0,When Arrival,3_1_19
316_3_0,27000,0,When Arrival,3_0_19
125_1_0,27000,0,When Arrival,1_0_15
909_4_1,27000,120,Before Onboard,4_1_15
909_4_1,27000,0,After Onboard,4_1_15
202_2_1,27000,0,When Arrival,2_1_19
921_4_0,27000,103,Before Onboard,4_0_14
921_4_0,27000,0,After Onboard,4_0_14
210_2_0,27000,9,Before Onboard,2_0_17
210_2_0,27000,0,After Onboard,2_0_17
922_4_1,27000,0,When Arrival,4_1_13
325_3_0,27000,0,When Arrival,3_0_13
101_1_0,27000,20,Before Onboard,1_0_29
101_1_0,27000,0,After Onboard,1_0_29
101_1_1,27000,0,Before Onboard,1_1_29
101_1_1,27000,0,After Onboard,1_1_29
108_4_0,27000,29,When Arrival,4_0_17
919_4_1,27000,60,Before Onboard,4_1_14
919_4_1,27000,0,After Onboard,4_1_14
101_1_1,27000,0,When Arrival,1_1_27
208_2_0,27030,1,When Arrival,2_0_18
105_1_1,27030,0,When Arrival,1_1_22
125_1_1,27030,0,When Arrival,1_1_14
128_1_0,27030,0,When Arrival,1_0_14
214_2_0,27030,42,Before Onboard,2_0_16
214_2_0,27030,0,After Onboard,2_0_16
116_3_1,27030,1,When Arrival,3_1_16
213_2_1,27030,64,Before Onboard,2_1_16
213_2_1,27030,0,After Onboard,2_1_16
111_1_0,27030,37,Before Onboard,1_0_20
111_1_0,27030,0,After Onboard,1_0_20
116_3_0,27030,22,When Arrival,3_0_16
110_1_1,27030,26,Before Onboard,1_1_20
110_1_1,27030,0,After Onboard,1_1_20
303_3_0,27030,62,Before Onboard,3_0_20
303_3_0,27030,0,After Onboard,3_0_20
108_1_0,27030,0,When Arrival,1_0_22
922_4_1,27060,106,Before Onboard,4_1_13
922_4_1,27060,0,After Onboard,4_1_13
921_4_1,27060,0,When Arrival,4_1_14
103_1_1,27060,0,When Arrival,1_1_25
103_1_0,27060,23,Before Onboard,1_0_27
103_1_0,27060,0,After Onboard,1_0_27
101_1_1,27060,17,Before Onboard,1_1_27
101_1_1,27060,0,After Onboard,1_1_27
105_3_0,27060,39,Before Onboard,3_0_21
105_3_0,27060,0,After Onboard,3_0_21
208_3_0,27060,53,When Arrival,3_0_17
122_1_1,27060,17,Before Onboard,1_1_15
122_1_1,27060,0,After Onboard,1_1_15
305_3_1,27060,28,Before Onboard,3_1_19
305_3_1,27060,0,After Onboard,3_1_19
105_3_1,27060,0,Before Onboard,3_1_21
105_3_1,27060,0,After Onboard,3_1_21
922_4_0,27060,0,When Arrival,4_0_14
325_3_0,27060,71,Before Onboard,3_0_13
325_3_0,27060,0,After Onboard,3_0_13
105_1_0,27060,0,When Arrival,1_0_25
125_1_0,27060,80,Before Onboard,1_0_15
125_1_0,27060,0,After Onboard,1_0_15
113_2_1,27060,47,Before Onboard,2_1_21
113_2_1,27060,0,After Onboard,2_1_21
202_2_1,27060,110,Before Onboard,2_1_19
202_2_1,27060,0,After Onboard,2_1_19
108_4_0,27060,70,Before Onboard,4_0_17
108_4_0,27060,0,After Onboard,4_0_17
321_3_1,27060,37,Before Onboard,3_1_13
321_3_1,27060,0,After Onboard,3_1_13
925_4_0,27060,75,Before Onboard,4_0_13
925_4_0,27060,0,After Onboard,4_0_13
316_3_0,27060,38,Before Onboard,3_0_19
316_3_0,27060,0,After Onboard,3_0_19
113_2_0,27060,0,Before Onboard,2_0_21
113_2_0,27060,0,After Onboard,2_0_21
208_3_1,27060,163,Before Onboard,3_1_17
208_3_1,27060,0,After Onboard,3_1_17
116_3_1,27090,51,Before Onboard,3_1_16
116_3_1,27090,0,After Onboard,3_1_16
305_3_0,27090,0,When Arrival,3_0_18
208_2_0,27090,18,Before Onboard,2_0_18
208_2_0,27090,0,After Onboard,2_0_18
125_1_1,27090,3,Before Onboard,1_1_14
125_1_1,27090,0,After Onboard,1_1_14
108_1_0,27090,8,Before Onboard,1_0_22
108_1_0,27090,0,After Onboard,1_0_22
116_3_0,27090,22,Before Onboard,3_0_16
116_3_0,27090,0,After Onboard,3_0_16
105_1_1,27090,6,Before Onboard,1_1_22
105_1_1,27090,0,After Onboard,1_1_22
310_3_1,27090,39,Before Onboard,3_1_20
310_3_1,27090,0,After Onboard,3_1_20
128_1_0,27090,97,Before Onboard,1_0_14
128_1_0,27090,0,After Onboard,1_0_14
922_4_0,27120,14,Before Onboard,4_0_14
922_4_0,27120,0,After Onboard,4_0_14
921_4_1,27120,32,Before Onboard,4_1_14
921_4_1,27120,0,After Onboard,4_1_14
108_4_1,27120,19,When Arrival,4_1_15
206_2_0,27120,0,When Arrival,2_0_19
208_3_0,27120,60,Before Onboard,3_0_17
208_3_0,27120,0,After Onboard,3_0_17
103_1_1,27120,14,Before Onboard,1_1_25
103_1_1,27120,0,After Onboard,1_1_25
208_2_1,27120,21,When Arrival,2_1_17
105_1_0,27120,8,Before Onboard,1_0_25
105_1_0,27120,0,After Onboard,1_0_25
305_4_0,27120,48,When Arrival,4_0_15
101_1_1,27150,0,When Arrival,1_1_28
101_1_0,27150,26,Before Onboard,1_0_30
101_1_0,27150,0,After Onboard,1_0_30
303_3_1,27150,0,When Arrival,3_1_18
101_1_1,27150,0,Before Onboard,1_1_30
101_1_1,27150,0,After Onboard,1_1_30
305_3_0,27150,50,Before Onboard,3_0_18
305_3_0,27150,0,After Onboard,3_0_18
108_1_0,27180,0,When Arrival,1_0_23
113_1_1,27180,0,When Arrival,1_1_19
913_4_0,27180,0,When Arrival,4_0_16
116_1_0,27180,40,When Arrival,1_0_19
305_4_0,27180,56,Before Onboard,4_0_15
305_4_0,27180,0,After Onboard,4_0_15
926_4_0,27180,0,When Arrival,4_0_13
105_1_1,27180,0,When Arrival,1_1_23
110_1_0,27180,0,When Arrival,1_0_21
206_2_0,27180,89,Before Onboard,2_0_19
206_2_0,27180,0,After Onboard,2_0_19
108_4_1,27180,44,Before Onboard,4_1_15
108_4_1,27180,0,After Onboard,4_1_15
925_4_1,27180,0,When Arrival,4_1_13
108_1_1,27180,0,When Arrival,1_1_21
208_2_1,27180,34,Before Onboard,2_1_17
208_2_1,27180,0,After Onboard,2_1_17
329_3_0,27210,0,When Arrival,3_0_12
119_1_0,27210,0,When Arrival,1_0_18
113_1_0,27210,0,When Arrival,1_0_20
101_1_1,27210,16,Before Onboard,1_1_28
101_1_1,27210,0,After Onboard,1_1_28
103_1_0,27210,28,Before Onboard,1_0_28
103_1_0,27210,0,After Onboard,1_0_28
103_1_1,27210,0,When Arrival,1_1_26
105_1_0,27210,0,When Arrival,1_0_26
111_1_1,27210,0,When Arrival,1_1_20
325_3_1,27210,0,When Arrival,3_1_12
206_2_1,27210,0,When Arrival,2_1_18
116_1_1,27210,13,When Arrival,1_1_18
303_3_1,27210,40,Before Onboard,3_1_18
303_3_1,27210,0,After Onboard,3_1_18
108_1_1,27240,17,Before Onboard,1_1_21
108_1_1,27240,0,After Onboard,1_1_21
925_4_1,27240,43,Before Onboard,4_1_13
925_4_1,27240,0,After Onboard,4_1_13
919_4_0,27240,0,When Arrival,4_0_15
110_1_0,27240,60,Before Onboard,1_0_21
110_1_0,27240,0,After Onboard,1_0_21
105_1_1,27240,20,Before Onboard,1_1_23
105_1_1,27240,0,After Onboard,1_1_23
113_2_0,27240,16,When Arrival,2_0_17
926_4_0,27240,61,Before Onboard,4_0_13
926_4_0,27240,0,After Onboard,4_0_13
213_2_0,27240,56,Before Onboard,2_0_21
213_2_0,27240,0,After Onboard,2_0_21
108_4_1,27240,0,Before Onboard,4_1_18
108_4_1,27240,0,After Onboard,4_1_18
918_4_1,27240,0,When Arrival,4_1_15
113_2_1,27240,13,When Arrival,2_1_17
108_1_0,27240,0,Before Onboard,1_0_23
108_1_0,27240,0,After Onboard,1_0_23
113_1_1,27240,48,Before Onboard,1_1_19
113_1_1,27240,0,After Onboard,1_1_19
108_4_0,27240,11,Before Onboard,4_0_18
108_4_0,27240,0,After Onboard,4_0_18
116_1_0,27240,85,Before Onboard,1_0_19
116_1_0,27240,0,After Onboard,1_0_19
913_4_0,27240,86,Before Onboard,4_0_16
913_4_0,27240,0,After Onboard,4_0_16
111_1_1,27270,66,Before Onboard,1_1_20
111_1_1,27270,0,After Onboard,1_1_20
113_1_0,27270,6,Before Onboard,1_0_20
113_1_0,27270,0,After Onboard,1_0_20
206_2_1,27270,15,Before Onboard,2_1_18
206_2_1,27270,0,After Onboard,2_1_18
214_2_1,27270,0,When Arrival,2_1_16
204_2_0,27270,0,When Arrival,2_0_20
325_3_1,27270,65,Before Onboard,3_1_12
325_3_1,27270,0,After Onboard,3_1_12
116_1_1,27270,20,Before Onboard,1_1_18
116_1_1,27270,0,After Onboard,1_1_18
119_1_0,27270,68,Before Onboard,1_0_18
119_1_0,27270,0,After Onboard,1_0_18
105_1_0,27270,8,Before Onboard,1_0_26
105_1_0,27270,0,After Onboard,1_0_26
216_2_0,27270,0,When Arrival,2_0_16
329_3_0,27270,121,Before Onboard,3_0_12
329_3_0,27270,0,After Onboard,3_0_12
103_1_1,27270,16,Before Onboard,1_1_26
103_1_1,27270,0,After Onboard,1_1_26
919_4_0,27300,77,Before Onboard,4_0_15
919_4_0,27300,0,After Onboard,4_0_15
103_1_0,27300,0,When Arrival,1_0_29
122_1_0,27300,0,When Arrival,1_0_17
310_3_0,27300,0,When Arrival,3_0_19
111_1_0,27300,0,When Arrival,1_0_21
110_1_1,27300,0,When Arrival,1_1_21
219_2_0,27300,0,When Arrival,2_0_15
113_2_0,27300,22,Before Onboard,2_0_17
113_2_0,27300,0,After Onboard,2_0_17
321_3_0,27300,0,When Arrival,3_0_15
101_1_0,27300,13,Before Onboard,1_0_31
101_1_0,27300,0,After Onboard,1_0_31
119_1_1,27300,0,When Arrival,1_1_17
316_3_1,27300,0,When Arrival,3_1_15
913_4_1,27300,0,When Arrival,4_1_17
204_2_1,27300,0,When Arrival,2_1_19
113_2_1,27300,13,Before Onboard,2_1_17
113_2_1,27300,0,After Onboard,2_1_17
918_4_1,27300,74,Before Onboard,4_1_15
918_4_1,27300,0,After Onboard,4_1_15
216_2_1,27300,0,When Arrival,2_1_15
101_1_1,27300,0,Before Onboard,1_1_31
101_1_1,27300,0,After Onboard,1_1_31
108_1_0,27330,0,When Arrival,1_0_24
214_2_1,27330,73,Before Onboard,2_1_16
214_2_1,27330,0,After Onboard,2_1_16
110_1_0,27330,0,When Arrival,1_0_22
204_2_0,27330,103,Before Onboard,2_0_20
204_2_0,27330,0,After Onboard,2_0_20
105_1_1,27330,0,When Arrival,1_1_24
108_1_1,27330,0,When Arrival,1_1_22
216_2_0,27330,113,Before Onboard,2_0_16
216_2_0,27330,0,After Onboard,2_0_16
101_1_1,27360,16,Before Onboard,1_1_29
101_1_1,27360,0,After Onboard,1_1_29
105_1_0,27360,0,When Arrival,1_0_27
103_1_0,27360,19,Before Onboard,1_0_29
103_1_0,27360,0,After Onboard,1_0_29
216_2_1,27360,7,Before Onboard,2_1_15
216_2_1,27360,0,After Onboard,2_1_15
103_1_1,27360,0,When Arrival,1_1_27
110_1_1,27360,21,Before Onboard,1_1_21
110_1_1,27360,0,After Onboard,1_1_21
111_1_0,27360,20,Before Onboard,1_0_21
111_1_0,27360,0,After Onboard,1_0_21
105_3_1,27360,0,When Arrival,3_1_19
310_3_0,27360,66,Before Onboard,3_0_19
310_3_0,27360,0,After Onboard,3_0_19
316_3_1,27360,97,Before Onboard,3_1_15
316_3_1,27360,0,After Onboard,3_1_15
913_4_1,27360,24,Before Onboard,4_1_17
913_4_1,27360,0,After Onboard,4_1_17
204_2_1,27360,9,Before Onboard,2_1_19
204_2_1,27360,0,After Onboard,2_1_19
122_1_0,27360,67,Before Onboard,1_0_17
122_1_0,27360,0,After Onboard,1_0_17
210_2_1,27360,0,When Arrival,2_1_21
119_1_1,27360,27,Before Onboard,1_1_17
119_1_1,27360,0,After Onboard,1_1_17
219_2_0,27360,100,Before Onboard,2_0_15
219_2_0,27360,0,After Onboard,2_0_15
321_3_0,27360,66,Before Onboard,3_0_15
321_3_0,27360,0,After Onboard,3_0_15
210_2_0,27390,0,When Arrival,2_0_18
105_1_1,27390,29,Before Onboard,1_1_24
105_1_1,27390,0,After Onboard,1_1_24
122_1_1,27390,0,When Arrival,1_1_16
110_1_0,27390,4,Before Onboard,1_0_22
110_1_0,27390,0,After Onboard,1_0_22
108_1_0,27390,32,Before Onboard,1_0_24
108_1_0,27390,0,After Onboard,1_0_24
125_1_0,27390,0,When Arrival,1_0_16
108_1_1,27390,0,Before Onboard,1_1_22
108_1_1,27390,0,After Onboard,1_1_22
214_2_0,27420,0,When Arrival,2_0_17
210_2_1,27420,89,Before Onboard,2_1_21
210_2_1,27420,0,After Onboard,2_1_21
128_1_0,27420,0,When Arrival,1_0_15
918_4_0,27420,0,When Arrival,4_0_18
125_1_1,27420,0,When Arrival,1_1_15
303_3_0,27420,0,When Arrival,3_0_21
103_1_1,27420,15,Before Onboard,1_1_27
103_1_1,27420,0,After Onboard,1_1_27
305_4_1,27420,62,Before Onboard,4_1_18
305_4_1,27420,0,After Onboard,4_1_18
213_2_1,27420,0,When Arrival,2_1_17
105_1_0,27420,6,Before Onboard,1_0_27
105_1_0,27420,0,After Onboard,1_0_27
105_3_1,27420,0,Before Onboard,3_1_19
105_3_1,27420,0,After Onboard,3_1_19
210_2_0,27450,7,Before Onboard,2_0_18
210_2_0,27450,0,After Onboard,2_0_18
305_3_1,27450,2,When Arrival,3_1_20
316_3_0,27450,0,When Arrival,3_0_20
101_1_0,27450,19,Before Onboard,1_0_32
101_1_0,27450,0,After Onboard,1_0_32
103_1_0,27450,0,When Arrival,1_0_30
122_1_1,27450,12,Before Onboard,1_1_16
122_1_1,27450,0,After Onboard,1_1_16
111_1_0,27450,0,When Arrival,1_0_22
325_3_0,27450,0,When Arrival,3_0_14
208_3_1,27450,48,When Arrival,3_1_18
101_1_1,27450,0,Before Onboard,1_1_32
101_1_1,27450,0,After Onboard,1_1_32
202_2_1,27450,0,When Arrival,2_1_20
125_1_0,27450,70,Before Onboard,1_0_16
125_1_0,27450,0,After Onboard,1_0_16
110_1_1,27450,0,When Arrival,1_1_22
321_3_1,27450,0,When Arrival,3_1_14
125_1_1,27480,5,Before Onboard,1_1_15
125_1_1,27480,0,After Onboard,1_1_15
303_3_0,27480,73,Before Onboard,3_0_21
303_3_0,27480,0,After Onboard,3_0_21
214_2_0,27480,37,Before Onboard,2_0_17
214_2_0,27480,0,After Onboard,2_0_17
921_4_0,27480,0,When Arrival,4_0_15
116_3_0,27480,22,When Arrival,3_0_17
105_1_1,27480,0,When Arrival,1_1_25
909_4_1,27480,0,When Arrival,4_1_16
213_2_1,27480,54,Before Onboard,2_1_17
213_2_1,27480,0,After Onboard,2_1_17
919_4_1,27480,0,When Arrival,4_1_15
110_1_0,27480,0,When Arrival,1_0_23
116_3_1,27480,4,When Arrival,3_1_17
128_1_0,27480,96,Before Onboard,1_0_15
128_1_0,27480,0,After Onboard,1_0_15
918_4_0,27480,56,Before Onboard,4_0_18
918_4_0,27480,0,After Onboard,4_0_18
108_1_0,27480,0,When Arrival,1_0_25
928_4_0,27480,1,When Arrival,4_0_13
926_4_1,27480,0,When Arrival,4_1_13
108_1_1,27480,0,When Arrival,1_1_23
208_2_0,27480,1,When Arrival,2_0_19
110_1_1,27510,35,Before Onboard,1_1_22
110_1_1,27510,0,After Onboard,1_1_22
103_1_1,27510,0,When Arrival,1_1_28
305_3_1,27510,22,Before Onboard,3_1_20
305_3_1,27510,0,After Onboard,3_1_20
103_1_0,27510,26,Before Onboard,1_0_30
103_1_0,27510,0,After Onboard,1_0_30
208_3_1,27510,205,Before Onboard,3_1_18
208_3_1,27510,0,After Onboard,3_1_18
101_1_1,27510,16,Before Onboard,1_1_30
101_1_1,27510,0,After Onboard,1_1_30
321_3_1,27510,32,Before Onboard,3_1_14
321_3_1,27510,0,After Onboard,3_1_14
105_1_0,27510,0,When Arrival,1_0_28
208_3_0,27510,59,When Arrival,3_0_18
111_1_0,27510,39,Before Onboard,1_0_22
111_1_0,27510,0,After Onboard,1_0_22
325_3_0,27510,60,Before Onboard,3_0_14
325_3_0,27510,0,After Onboard,3_0_14
316_3_0,27510,39,Before Onboard,3_0_20
316_3_0,27510,0,After Onboard,3_0_20
202_2_1,27510,90,Before Onboard,2_1_20
202_2_1,27510,0,After Onboard,2_1_20
116_3_1,27540,66,Before Onboard,3_1_17
116_3_1,27540,0,After Onboard,3_1_17
919_4_1,27540,61,Before Onboard,4_1_15
919_4_1,27540,0,After Onboard,4_1_15
925_4_0,27540,0,When Arrival,4_0_14
108_1_1,27540,36,Before Onboard,1_1_23
108_1_1,27540,0,After Onboard,1_1_23
105_1_1,27540,30,Before Onboard,1_1_25
105_1_1,27540,0,After Onboard,1_1_25
926_4_1,27540,78,Before Onboard,4_1_13
926_4_1,27540,20,After Onboard,4_1_13
305_3_0,27540,0,When Arrival,3_0_19
116_3_0,27540,22,Before Onboard,3_0_17
116_3_0,27540,0,After Onboard,3_0_17
108_4_0,27540,14,When Arrival,4_0_18
310_3_1,27540,36,Before Onboard,3_1_21
310_3_1,27540,0,After Onboard,3_1_21
909_4_1,27540,128,Before Onboard,4_1_16
909_4_1,27540,0,After Onboard,4_1_16
928_4_0,27540,134,Before Onboard,4_0_13
928_4_0,27540,84,After Onboard,4_0_13
208_2_0,27540,23,Before Onboard,2_0_19
208_2_0,27540,0,After Onboard,2_0_19
113_1_0,27540,0,When Arrival,1_0_21
922_4_1,27540,0,When Arrival,4_1_14
111_1_1,27540,0,When Arrival,1_1_21
921_4_0,27540,126,Before Onboard,4_0_15
921_4_0,27540,0,After Onboard,4_0_15
108_1_0,27540,0,Before Onboard,1_0_25
108_1_0,27540,0,After Onboard,1_0_25
110_1_0,27540,7,Before Onboard,1_0_23
110_1_0,27540,0,After Onboard,1_0_23
116_1_0,27570,31,When Arrival,1_0_20
113_1_1,27570,0,When Arrival,1_1_20
105_1_0,27570,12,Before Onboard,1_0_28
105_1_0,27570,0,After Onboard,1_0_28
206_2_0,27570,0,When Arrival,2_0_20
208_3_0,27570,63,Before Onboard,3_0_18
208_3_0,27570,0,After Onboard,3_0_18
103_1_1,27570,19,Before Onboard,1_1_28
103_1_1,27570,0,After Onboard,1_1_28
208_2_1,27570,17,When Arrival,2_1_18
108_4_0,27600,26,Before Onboard,4_0_18
108_4_0,27600,0,After Onboard,4_0_18
101_1_0,27600,21,Before Onboard,1_0_33
101_1_0,27600,0,After Onboard,1_0_33
921_4_1,27600,0,When Arrival,4_1_15
113_1_0,27600,64,Before Onboard,1_0_21
113_1_0,27600,0,After Onboard,1_0_21
303_3_1,27600,0,When Arrival,3_1_19
922_4_0,27600,0,When Arrival,4_0_15
922_4_1,27600,116,Before Onboard,4_1_14
922_4_1,27600,0,After Onboard,4_1_14
111_1_1,27600,23,Before Onboard,1_1_21
111_1_1,27600,0,After Onboard,1_1_21
116_1_1,27600,11,When Arrival,1_1_19
119_1_0,27600,0,When Arrival,1_0_19
103_1_0,27600,0,When Arrival,1_0_31
305_3_0,27600,30,Before Onboard,3_0_19
305_3_0,27600,0,After Onboard,3_0_19
925_4_0,27600,80,Before Onboard,4_0_14
925_4_0,27600,0,After Onboard,4_0_14
110_1_1,27600,0,When Arrival,1_1_23
101_1_1,27600,0,Before Onboard,1_1_33
101_1_1,27600,0,After Onboard,1_1_33
111_1_0,27600,0,When Arrival,1_0_23
108_1_1,27630,0,When Arrival,1_1_24
105_1_1,27630,0,When Arrival,1_1_26
206_2_0,27630,84,Before Onboard,2_0_20
206_2_0,27630,0,After Onboard,2_0_20
110_1_0,27630,0,When Arrival,1_0_24
108_1_0,27630,0,When Arrival,1_0_26
208_2_1,27630,35,Before Onboard,2_1_18
208_2_1,27630,0,After Onboard,2_1_18
116_1_0,27630,49,Before Onboard,1_0_20
116_1_0,27630,0,After Onboard,1_0_20
113_1_1,27630,5,Before Onboard,1_1_20
113_1_1,27630,0,After Onboard,1_1_20
325_3_1,27660,0,When Arrival,3_1_13
105_1_0,27660,0,When Arrival,1_0_29
103_1_0,27660,17,Before Onboard,1_0_31
103_1_0,27660,0,After Onboard,1_0_31
922_4_0,27660,14,Before Onboard,4_0_15
922_4_0,27660,0,After Onboard,4_0_15
329_3_0,27660,0,When Arrival,3_0_13
110_1_1,27660,28,Before Onboard,1_1_23
110_1_1,27660,0,After Onboard,1_1_23
111_1_0,27660,9,Before Onboard,1_0_23
111_1_0,27660,0,After Onboard,1_0_23
103_1_1,27660,0,When Arrival,1_1_29
305_4_0,27660,41,When Arrival,4_0_16
116_1_1,27660,16,Before Onboard,1_1_19
116_1_1,27660,0,After Onboard,1_1_19
119_1_0,27660,73,Before Onboard,1_0_19
119_1_0,27660,0,After Onboard,1_0_19
921_4_1,27660,42,Before Onboard,4_1_15
921_4_1,27660,0,After Onboard,4_1_15
113_2_0,27660,37,Before Onboard,2_0_22
113_2_0,27660,0,After Onboard,2_0_22
303_3_1,27660,35,Before Onboard,3_1_19
303_3_1,27660,0,After Onboard,3_1_19
108_4_1,27660,12,When Arrival,4_1_16
113_2_1,27660,13,Before Onboard,2_1_22
113_2_1,27660,0,After Onboard,2_1_22
101_1_1,27660,20,Before Onboard,1_1_31
101_1_1,27660,0,After Onboard,1_1_31
206_2_1,27660,0,When Arrival,2_1_19
108_1_0,27690,21,Before Onboard,1_0_26
108_1_0,27690,0,After Onboard,1_0_26
113_2_0,27690,0,When Arrival,2_0_18
110_1_0,27690,7,Before Onboard,1_0_24
110_1_0,27690,0,After Onboard,1_0_24
113_2_1,27690,0,When Arrival,2_1_18
105_1_1,27690,35,Before Onboard,1_1_26
105_1_1,27690,0,After Onboard,1_1_26
113_1_0,27690,2,When Arrival,1_0_22
111_1_1,27690,0,When Arrival,1_1_22
108_1_1,27690,0,Before Onboard,1_1_24
108_1_1,27690,0,After Onboard,1_1_24
122_1_0,27690,0,When Arrival,1_0_18
119_1_1,27690,0,When Arrival,1_1_18
108_4_0,27710,8,Before Onboard,4_0_19
108_4_0,27710,0,After Onboard,4_0_19
925_4_1,27720,0,When Arrival,4_1_14
204_2_0,27720,0,When Arrival,2_0_21
913_4_0,27720,0,When Arrival,4_0_17
108_4_1,27720,15,Before Onboard,4_1_16
108_4_1,27720,0,After Onboard,4_1_16
103_1_1,27720,10,Before Onboard,1_1_29
103_1_1,27720,0,After Onboard,1_1_29
329_3_0,27720,115,Before Onboard,3_0_13
329_3_0,27720,0,After Onboard,3_0_13
214_2_1,27720,0,When Arrival,2_1_17
926_4_0,27720,0,When Arrival,4_0_14
216_2_0,27720,0,When Arrival,2_0_17
325_3_1,27720,59,Before Onboard,3_1_13
325_3_1,27720,0,After Onboard,3_1_13
105_1_0,27720,11,Before Onboard,1_0_29
105_1_0,27720,0,After Onboard,1_0_29
305_4_0,27720,68,Before Onboard,4_0_16
305_4_0,27720,0,After Onboard,4_0_16
206_2_1,27720,23,Before Onboard,2_1_19
206_2_1,27720,0,After Onboard,2_1_19
105_3_1,27735,2,Before Onboard,3_1_22
105_3_1,27735,0,After Onboard,3_1_22
310_3_0,27750,0,When Arrival,3_0_20
219_2_0,27750,0,When Arrival,2_0_16
321_3_0,27750,0,When Arrival,3_0_16
103_1_0,27750,0,When Arrival,1_0_32
119_1_1,27750,14,Before Onboard,1_1_18
119_1_1,27750,0,After Onboard,1_1_18
108_4_1,27750,6,Before Onboard,4_1_19
108_4_1,27750,0,After Onboard,4_1_19
316_3_1,27750,0,When Arrival,3_1_16
113_1_0,27750,23,Before Onboard,1_0_22
113_1_0,27750,0,After Onboard,1_0_22
101_1_0,27750,20,Before Onboard,1_0_34
101_1_0,27750,0,After Onboard,1_0_34
113_2_1,27750,10,Before Onboard,2_1_18
113_2_1,27750,0,After Onboard,2_1_18
216_2_1,27750,0,When Arrival,2_1_16
110_1_1,27750,0,When Arrival,1_1_24
111_1_0,27750,0,When Arrival,1_0_24
101_1_1,27750,0,Before Onboard,1_1_34
101_1_1,27750,0,After Onboard,1_1_34
122_1_0,27750,67,Before Onboard,1_0_18
122_1_0,27750,0,After Onboard,1_0_18
111_1_1,27750,24,Before Onboard,1_1_22
111_1_1,27750,0,After Onboard,1_1_22
204_2_1,27750,0,When Arrival,2_1_20
113_2_0,27750,6,Before Onboard,2_0_18
113_2_0,27750,0,After Onboard,2_0_18
213_2_0,27780,0,When Arrival,2_0_22
214_2_1,27780,61,Before Onboard,2_1_17
214_2_1,27780,0,After Onboard,2_1_17
125_1_0,27780,0,When Arrival,1_0_17
918_4_1,27780,0,When Arrival,4_1_16
925_4_1,27780,57,Before Onboard,4_1_14
925_4_1,27780,26,After Onboard,4_1_14
122_1_1,27780,0,When Arrival,1_1_17
913_4_0,27780,108,Before Onboard,4_0_17
913_4_0,27780,0,After Onboard,4_0_17
204_2_0,27780,118,Before Onboard,2_0_21
204_2_0,27780,0,After Onboard,2_0_21
919_4_0,27780,0,When Arrival,4_0_16
216_2_0,27780,94,Before Onboard,2_0_17
216_2_0,27780,0,After Onboard,2_0_17
108_1_0,27780,0,When Arrival,1_0_27
105_1_1,27780,0,When Arrival,1_1_27
110_1_0,27780,0,When Arrival,1_0_25
926_4_0,27780,57,Before Onboard,4_0_14
926_4_0,27780,0,After Onboard,4_0_14
108_1_1,27780,0,When Arrival,1_1_25
310_3_0,27810,63,Before Onboard,3_0_20
310_3_0,27810,0,After Onboard,3_0_20
103_1_0,27810,19,Before Onboard,1_0_32
103_1_0,27810,0,After Onboard,1_0_32
204_2_1,27810,5,Before Onboard,2_1_20
204_2_1,27810,0,After Onboard,2_1_20
113_2_1,27810,20,Before Onboard,2_1_23
113_2_1,27810,0,After Onboard,2_1_23
105_1_0,27810,0,When Arrival,1_0_30
128_1_0,27810,0,When Arrival,1_0_16
111_1_0,27810,14,Before Onboard,1_0_24
111_1_0,27810,0,After Onboard,1_0_24
216_2_1,27810,9,Before Onboard,2_1_16
216_2_1,27810,0,After Onboard,2_1_16
113_2_0,27810,0,Before Onboard,2_0_23
113_2_0,27810,0,After Onboard,2_0_23
101_1_1,27810,9,Before Onboard,1_1_32
101_1_1,27810,0,After Onboard,1_1_32
103_1_1,27810,0,When Arrival,1_1_30
316_3_1,27810,83,Before Onboard,3_1_16
316_3_1,27810,0,After Onboard,3_1_16
125_1_1,27810,0,When Arrival,1_1_16
105_3_1,27810,0,When Arrival,3_1_20
219_2_0,27810,105,Before Onboard,2_0_16
219_2_0,27810,0,After Onboard,2_0_16
321_3_0,27810,71,Before Onboard,3_0_16
321_3_0,27810,0,After Onboard,3_0_16
110_1_1,27810,24,Before Onboard,1_1_24
110_1_1,27810,0,After Onboard,1_1_24
108_4_0,27820,27,Before Onboard,4_0_20
108_4_0,27820,0,After Onboard,4_0_20
111_1_1,27840,0,When Arrival,1_1_23
110_1_0,27840,6,Before Onboard,1_0_25
110_1_0,27840,0,After Onboard,1_0_25
125_1_0,27840,89,Before Onboard,1_0_17
125_1_0,27840,0,After Onboard,1_0_17
108_1_1,27840,5,Before Onboard,1_1_25
108_1_1,27840,0,After Onboard,1_1_25
213_2_0,27840,97,Before Onboard,2_0_22
213_2_0,27840,0,After Onboard,2_0_22
210_2_0,27840,0,When Arrival,2_0_19
913_4_1,27840,0,When Arrival,4_1_18
113_1_0,27840,0,When Arrival,1_0_23
108_1_0,27840,0,Before Onboard,1_0_27
108_1_0,27840,0,After Onboard,1_0_27
105_1_1,27840,29,Before Onboard,1_1_27
105_1_1,27840,0,After Onboard,1_1_27
919_4_0,27840,74,Before Onboard,4_0_16
919_4_0,27840,0,After Onboard,4_0_16
122_1_1,27840,24,Before Onboard,1_1_17
122_1_1,27840,0,After Onboard,1_1_17
918_4_1,27840,91,Before Onboard,4_1_16
918_4_1,27840,0,After Onboard,4_1_16
305_4_1,27870,3,When Arrival,4_1_19
125_1_1,27870,11,Before Onboard,1_1_16
125_1_1,27870,0,After Onboard,1_1_16
105_3_1,27870,2,Before Onboard,3_1_20
105_3_1,27870,0,After Onboard,3_1_20
214_2_0,27870,0,When Arrival,2_0_18
105_1_0,27870,0,Before Onboard,1_0_30
105_1_0,27870,0,After Onboard,1_0_30
128_1_0,27870,91,Before Onboard,1_0_16
128_1_0,27870,0,After Onboard,1_0_16
103_1_1,27870,15,Before Onboard,1_1_30
103_1_1,27870,0,After Onboard,1_1_30
213_2_1,27870,0,When Arrival,2_1_18
105_3_0,27885,28,Before Onboard,3_0_22
105_3_0,27885,0,After Onboard,3_0_22
918_4_0,27890,0,When Arrival,4_0_19
202_2_1,27900,0,When Arrival,2_1_21
110_1_1,27900,0,When Arrival,1_1_25
101_1_1,27900,17,Before Onboard,1_1_35
101_1_1,27900,0,After Onboard,1_1_35
111_1_0,27900,0,When Arrival,1_0_25
111_1_1,27900,21,Before Onboard,1_1_23
111_1_1,27900,0,After Onboard,1_1_23
113_1_1,27900,11,When Arrival,1_1_21
325_3_0,27900,0,When Arrival,3_0_15
305_3_1,27900,3,When Arrival,3_1_21
210_2_0,27900,91,Before Onboard,2_0_19
210_2_0,27900,0,After Onboard,2_0_19
108_4_1,27900,20,Before Onboard,4_1_20
108_4_1,27900,0,After Onboard,4_1_20
103_1_0,27900,0,When Arrival,1_0_33
208_3_1,27900,30,When Arrival,3_1_19
321_3_1,27900,0,When Arrival,3_1_15
116_1_0,27900,0,When Arrival,1_0_21
101_1_0,27900,0,Before Onboard,1_0_35
101_1_0,27900,0,After Onboard,1_0_35
316_3_0,27900,0,When Arrival,3_0_21
113_1_0,27900,21,Before Onboard,1_0_23
113_1_0,27900,0,After Onboard,1_0_23
913_4_1,27900,26,Before Onboard,4_1_18
913_4_1,27900,0,After Onboard,4_1_18
116_3_1,27930,8,When Arrival,3_1_18
108_4_0,27930,6,Before Onboard,4_0_21
108_4_0,27930,0,After Onboard,4_0_21
214_2_0,27930,43,Before Onboard,2_0_18
214_2_0,27930,0,After Onboard,2_0_18
305_4_1,27930,47,Before Onboard,4_1_19
305_4_1,27930,0,After Onboard,4_1_19
213_2_1,27930,25,Before Onboard,2_1_18
213_2_1,27930,0,After Onboard,2_1_18
208_2_0,27930,0,When Arrival,2_0_20
110_1_0,27930,0,When Arrival,1_0_26
108_1_0,27930,0,When Arrival,1_0_28
108_1_1,27930,0,When Arrival,1_1_26
105_1_1,27930,0,When Arrival,1_1_28
116_3_0,27930,48,When Arrival,3_0_18
918_4_0,27950,30,Before Onboard,4_0_19
918_4_0,27950,0,After Onboard,4_0_19
101_1_1,27960,13,Before Onboard,1_1_33
101_1_1,27960,0,After Onboard,1_1_33
111_1_0,27960,17,Before Onboard,1_0_25
111_1_0,27960,0,After Onboard,1_0_25
113_2_0,27960,21,Before Onboard,2_0_24
113_2_0,27960,0,After Onboard,2_0_24
202_2_1,27960,107,Before Onboard,2_1_21
202_2_1,27960,0,After Onboard,2_1_21
210_2_1,27960,0,When Arrival,2_1_22
103_1_1,27960,0,When Arrival,1_1_31
105_1_0,27960,0,When Arrival,1_0_31
208_3_0,27960,55,When Arrival,3_0_19
316_3_0,27960,30,Before Onboard,3_0_21
316_3_0,27960,0,After Onboard,3_0_21
325_3_0,27960,59,Before Onboard,3_0_15
325_3_0,27960,0,After Onboard,3_0_15
113_1_1,27960,11,Before Onboard,1_1_21
113_1_1,27960,0,After Onboard,1_1_21
305_3_1,27960,8,Before Onboard,3_1_21
305_3_1,27960,0,After Onboard,3_1_21
105_3_1,27960,21,Before Onboard,3_1_23
105_3_1,27960,0,After Onboard,3_1_23
113_2_1,27960,1,Before Onboard,2_1_24
113_2_1,27960,0,After Onboard,2_1_24
110_1_1,27960,31,Before Onboard,1_1_25
110_1_1,27960,0,After Onboard,1_1_25
116_1_0,27960,134,Before Onboard,1_0_21
116_1_0,27960,0,After Onboard,1_0_21
208_3_1,27960,199,Before Onboard,3_1_19
208_3_1,27960,0,After Onboard,3_1_19
321_3_1,27960,35,Before Onboard,3_1_15
321_3_1,27960,0,After Onboard,3_1_15
103_1_0,27960,20,Before Onboard,1_0_33
103_1_0,27960,0,After Onboard,1_0_33
208_2_0,27990,12,Before Onboard,2_0_20
208_2_0,27990,0,After Onboard,2_0_20
113_1_0,27990,0,When Arrival,1_0_24
110_1_0,27990,4,Before Onboard,1_0_26
110_1_0,27990,0,After Onboard,1_0_26
116_1_1,27990,9,When Arrival,1_1_20
116_3_0,27990,58,Before Onboard,3_0_18
116_3_0,27990,0,After Onboard,3_0_18
305_3_0,27990,29,When Arrival,3_0_20
119_1_0,27990,0,When Arrival,1_0_20
116_3_1,27990,8,Before Onboard,3_1_18
116_3_1,27990,0,After Onboard,3_1_18
108_1_1,27990,16,Before Onboard,1_1_26
108_1_1,27990,0,After Onboard,1_1_26
111_1_1,27990,0,When Arrival,1_1_24
108_1_0,27990,0,Before Onboard,1_0_28
108_1_0,27990,0,After Onboard,1_0_28
105_1_1,27990,7,Before Onboard,1_1_28
105_1_1,27990,0,After Onboard,1_1_28
213_2_0,27990,18,Before Onboard,2_0_23
213_2_0,27990,0,After Onboard,2_0_23
918_4_0,28000,0,When Arrival,4_0_20
108_4_0,28010,5,When Arrival,4_0_19
928_4_0,28020,84,When Arrival,4_0_14
206_2_0,28020,0,When Arrival,2_0_21
208_3_0,28020,63,Before Onboard,3_0_19
208_3_0,28020,0,After Onboard,3_0_19
926_4_1,28020,20,When Arrival,4_1_14
105_1_0,28020,9,Before Onboard,1_0_31
105_1_0,28020,0,After Onboard,1_0_31
909_4_1,28020,0,When Arrival,4_1_17
921_4_0,28020,0,When Arrival,4_0_16
919_4_1,28020,0,When Arrival,4_1_16
305_4_1,28020,3,When Arrival,4_1_20
208_2_1,28020,10,When Arrival,2_1_19
210_2_1,28020,41,Before Onboard,2_1_22
210_2_1,28020,0,After Onboard,2_1_22
103_1_1,28020,11,Before Onboard,1_1_31
103_1_1,28020,0,After Onboard,1_1_31
108_4_0,28040,13,Before Onboard,4_0_22
108_4_0,28040,0,After Onboard,4_0_22
116_1_0,28050,0,When Arrival,1_0_22
111_1_0,28050,0,When Arrival,1_0_26
113_1_0,28050,17,Before Onboard,1_0_24
113_1_0,28050,0,After Onboard,1_0_24
101_1_1,28050,21,Before Onboard,1_1_36
101_1_1,28050,0,After Onboard,1_1_36
111_1_1,28050,19,Before Onboard,1_1_24
111_1_1,28050,0,After Onboard,1_1_24
110_1_1,28050,0,When Arrival,1_1_26
305_3_0,28050,50,Before Onboard,3_0_20
305_3_0,28050,0,After Onboard,3_0_20
116_1_1,28050,23,Before Onboard,1_1_20
116_1_1,28050,0,After Onboard,1_1_20
113_1_1,28050,0,When Arrival,1_1_22
303_3_1,28050,0,When Arrival,3_1_20
101_1_0,28050,0,Before Onboard,1_0_36
101_1_0,28050,0,After Onboard,1_0_36
103_1_0,28050,0,When Arrival,1_0_34
119_1_0,28050,86,Before Onboard,1_0_20
119_1_0,28050,0,After Onboard,1_0_20
108_4_1,28050,6,Before Onboard,4_1_21
108_4_1,28050,0,After Onboard,4_1_21
918_4_0,28060,19,Before Onboard,4_0_20
918_4_0,28060,0,After Onboard,4_0_20
108_4_0,28070,8,Before Onboard,4_0_19
108_4_0,28070,0,After Onboard,4_0_19
925_4_0,28080,0,When Arrival,4_0_15
926_4_1,28080,102,Before Onboard,4_1_14
926_4_1,28080,87,After Onboard,4_1_14
108_1_0,28080,0,When Arrival,1_0_29
122_1_0,28080,0,When Arrival,1_0_19
921_4_0,28080,122,Before Onboard,4_0_16
921_4_0,28080,0,After Onboard,4_0_16
928_4_0,28080,235,Before Onboard,4_0_14
928_4_0,28080,176,After Onboard,4_0_14
922_4_1,28080,0,When Arrival,4_1_15
919_4_1,28080,63,Before Onboard,4_1_16
919_4_1,28080,0,After Onboard,4_1_16
208_2_1,28080,25,Before Onboard,2_1_19
208_2_1,28080,0,After Onboard,2_1_19
105_1_1,28080,0,When Arrival,1_1_29
108_1_1,28080,0,When Arrival,1_1_27
213_2_0,28080,0,When Arrival,2_0_24
110_1_0,28080,0,When Arrival,1_0_27
206_2_0,28080,73,Before Onboard,2_0_21
206_2_0,28080,0,After Onboard,2_0_21
305_4_1,28080,7,Before Onboard,4_1_20
305_4_1,28080,0,After Onboard,4_1_20
119_1_1,28080,0,When Arrival,1_1_19
909_4_1,28080,131,Before Onboard,4_1_17
909_4_1,28080,0,After Onboard,4_1_17
206_2_1,28110,0,When Arrival,2_1_20
329_3_0,28110,0,When Arrival,3_0_14
103_1_1,28110,0,When Arrival,1_1_32
110_1_1,28110,23,Before Onboard,1_1_26
110_1_1,28110,0,After Onboard,1_1_26
303_3_1,28110,114,Before Onboard,3_1_20
303_3_1,28110,0,After Onboard,3_1_20
113_1_1,28110,16,Before Onboard,1_1_22
113_1_1,28110,0,After Onboard,1_1_22
111_1_0,28110,18,Before Onboard,1_0_26
111_1_0,28110,0,After Onboard,1_0_26
210_2_1,28110,0,When Arrival,2_1_23
101_1_1,28110,15,Before Onboard,1_1_34
101_1_1,28110,0,After Onboard,1_1_34
113_2_0,28110,11,Before Onboard,2_0_25
113_2_0,28110,0,After Onboard,2_0_25
116_1_0,28110,15,Before Onboard,1_0_22
116_1_0,28110,0,After Onboard,1_0_22
918_4_0,28110,0,When Arrival,4_0_21
325_3_1,28110,0,When Arrival,3_1_14
103_1_0,28110,20,Before Onboard,1_0_34
103_1_0,28110,0,After Onboard,1_0_34
105_1_0,28110,0,When Arrival,1_0_32
113_2_1,28110,6,Before Onboard,2_1_25
113_2_1,28110,0,After Onboard,2_1_25
108_4_0,28120,13,When Arrival,4_0_20
108_1_0,28140,12,Before Onboard,1_0_29
108_1_0,28140,0,After Onboard,1_0_29
113_1_0,28140,0,When Arrival,1_0_25
105_1_1,28140,34,Before Onboard,1_1_29
105_1_1,28140,0,After Onboard,1_1_29
922_4_0,28140,0,When Arrival,4_0_16
122_1_0,28140,72,Before Onboard,1_0_19
122_1_0,28140,0,After Onboard,1_0_19
108_1_1,28140,0,Before Onboard,1_1_27
108_1_1,28140,0,After Onboard,1_1_27
111_1_1,28140,0,When Arrival,1_1_25
925_4_0,28140,90,Before Onboard,4_0_15
925_4_0,28140,0,After Onboard,4_0_15
119_1_1,28140,25,Before Onboard,1_1_19
119_1_1,28140,0,After Onboard,1_1_19
921_4_1,28140,0,When Arrival,4_1_16
113_2_1,28140,5,When Arrival,2_1_19
922_4_1,28140,111,Before Onboard,4_1_15
922_4_1,28140,0,After Onboard,4_1_15
113_2_0,28140,5,When Arrival,2_0_19
110_1_0,28140,6,Before Onboard,1_0_27
110_1_0,28140,0,After Onboard,1_0_27
213_2_0,28140,28,Before Onboard,2_0_24
213_2_0,28140,0,After Onboard,2_0_24
108_4_0,28150,15,Before Onboard,4_0_23
108_4_0,28150,0,After Onboard,4_0_23
310_3_1,28155,0,When Arrival,3_1_22
206_2_1,28170,20,Before Onboard,2_1_20
206_2_1,28170,0,After Onboard,2_1_20
305_4_1,28170,0,When Arrival,4_1_21
325_3_1,28170,56,Before Onboard,3_1_14
325_3_1,28170,0,After Onboard,3_1_14
918_4_0,28170,16,Before Onboard,4_0_21
918_4_0,28170,0,After Onboard,4_0_21
105_1_0,28170,8,Before Onboard,1_0_32
105_1_0,28170,0,After Onboard,1_0_32
122_1_1,28170,0,When Arrival,1_1_18
329_3_0,28170,126,Before Onboard,3_0_14
329_3_0,28170,0,After Onboard,3_0_14
214_2_1,28170,0,When Arrival,2_1_18
216_2_0,28170,0,When Arrival,2_0_18
103_1_1,28170,8,Before Onboard,1_1_32
103_1_1,28170,0,After Onboard,1_1_32
125_1_0,28170,0,When Arrival,1_0_18
210_2_1,28170,50,Before Onboard,2_1_23
210_2_1,28170,0,After Onboard,2_1_23
108_4_0,28180,12,Before Onboard,4_0_20
108_4_0,28180,0,After Onboard,4_0_20
105_3_1,28185,4,Before Onboard,3_1_24
105_3_1,28185,0,After Onboard,3_1_24
310_3_0,28200,0,When Arrival,3_0_21
305_4_0,28200,28,When Arrival,4_0_17
125_1_1,28200,0,When Arrival,1_1_17
113_1_1,28200,30,When Arrival,1_1_23
316_3_1,28200,0,When Arrival,3_1_17
113_1_0,28200,42,Before Onboard,1_0_25
113_1_0,28200,0,After Onboard,1_0_25
101_1_1,28200,36,Before Onboard,1_1_37
101_1_1,28200,0,After Onboard,1_1_37
111_1_0,28200,0,When Arrival,1_0_27
113_2_1,28200,5,Before Onboard,2_1_19
113_2_1,28200,0,After Onboard,2_1_19
921_4_1,28200,31,Before Onboard,4_1_16
921_4_1,28200,0,After Onboard,4_1_16
108_4_1,28200,7,Before Onboard,4_1_22
108_4_1,28200,0,After Onboard,4_1_22
108_4_1,28200,0,When Arrival,4_1_17
101_1_0,28200,0,Before Onboard,1_0_37
101_1_0,28200,0,After Onboard,1_0_37
110_1_1,28200,0,When Arrival,1_1_27
321_3_0,28200,0,When Arrival,3_0_17
922_4_0,28200,15,Before Onboard,4_0_16
922_4_0,28200,0,After Onboard,4_0_16
128_1_0,28200,0,When Arrival,1_0_17
216_2_1,28200,0,When Arrival,2_1_17
204_2_1,28200,0,When Arrival,2_1_21
101_1_1,28200,0,When Arrival,1_1_35
111_1_1,28200,23,Before Onboard,1_1_25
111_1_1,28200,0,After Onboard,1_1_25
113_2_0,28200,5,Before Onboard,2_0_19
113_2_0,28200,0,After Onboard,2_0_19
116_1_0,28200,0,When Arrival,1_0_23
219_2_0,28200,0,When Arrival,2_0_17
310_3_1,28215,88,Before Onboard,3_1_22
310_3_1,28215,0,After Onboard,3_1_22
918_4_0,28220,0,When Arrival,4_0_22
122_1_1,28230,26,Before Onboard,1_1_18
122_1_1,28230,0,After Onboard,1_1_18
214_2_1,28230,60,Before Onboard,2_1_18
214_2_1,28230,0,After Onboard,2_1_18
216_2_0,28230,108,Before Onboard,2_0_18
216_2_0,28230,0,After Onboard,2_0_18
213_2_0,28230,0,When Arrival,2_0_25
108_4_0,28230,0,When Arrival,4_0_21
110_1_0,28230,0,When Arrival,1_0_28
108_1_0,28230,0,When Arrival,1_0_30
105_1_1,28230,0,When Arrival,1_1_30
125_1_0,28230,88,Before Onboard,1_0_18
125_1_0,28230,0,After Onboard,1_0_18
108_1_1,28230,0,When Arrival,1_1_28
305_4_1,28230,38,Before Onboard,4_1_21
305_4_1,28230,0,After Onboard,4_1_21
303_3_0,28245,0,When Arrival,3_0_22
913_4_0,28260,0,When Arrival,4_0_18
316_3_1,28260,76,Before Onboard,3_1_17
316_3_1,28260,0,After Onboard,3_1_17
310_3_0,28260,7,Before Onboard,3_0_21
310_3_0,28260,0,After Onboard,3_0_21
321_3_0,28260,64,Before Onboard,3_0_17
321_3_0,28260,0,After Onboard,3_0_17
925_4_1,28260,26,When Arrival,4_1_15
125_1_1,28260,5,Before Onboard,1_1_17
125_1_1,28260,0,After Onboard,1_1_17
105_3_0,28260,31,Before Onboard,3_0_23
105_3_0,28260,0,After Onboard,3_0_23
113_1_1,28260,39,Before Onboard,1_1_23
113_1_1,28260,0,After Onboard,1_1_23
105_3_1,28260,0,When Arrival,3_1_21
128_1_0,28260,96,Before Onboard,1_0_17
128_1_0,28260,0,After Onboard,1_0_17
926_4_0,28260,0,When Arrival,4_0_15
204_2_1,28260,101,Before Onboard,2_1_21
204_2_1,28260,0,After Onboard,2_1_21
305_4_0,28260,37,Before Onboard,4_0_17
305_4_0,28260,0,After Onboard,4_0_17
116_1_0,28260,39,Before Onboard,1_0_23
116_1_0,28260,0,After Onboard,1_0_23
113_2_0,28260,0,Before Onboard,2_0_26
113_2_0,28260,0,After Onboard,2_0_26
111_1_0,28260,10,Before Onboard,1_0_27
111_1_0,28260,0,After Onboard,1_0_27
216_2_1,28260,8,Before Onboard,2_1_17
216_2_1,28260,0,After Onboard,2_1_17
103_1_1,28260,0,When Arrival,1_1_33
101_1_1,28260,17,Before Onboard,1_1_35
101_1_1,28260,0,After Onboard,1_1_35
219_2_0,28260,93,Before Onboard,2_0_17
219_2_0,28260,0,After Onboard,2_0_17
108_4_0,28260,17,Before Onboard,4_0_24
108_4_0,28260,0,After Onboard,4_0_24
110_1_1,28260,26,Before Onboard,1_1_27
110_1_1,28260,0,After Onboard,1_1_27
210_2_1,28260,0,When Arrival,2_1_24
113_2_1,28260,0,Before Onboard,2_1_26
113_2_1,28260,0,After Onboard,2_1_26
105_1_0,28260,0,When Arrival,1_0_33
103_1_0,28260,23,Before Onboard,1_0_35
103_1_0,28260,0,After Onboard,1_0_35
108_4_1,28260,4,Before Onboard,4_1_17
108_4_1,28260,0,After Onboard,4_1_17
918_4_0,28280,18,Before Onboard,4_0_22
918_4_0,28280,0,After Onboard,4_0_22
210_2_0,28290,0,When Arrival,2_0_20
113_1_0,28290,0,When Arrival,1_0_26
213_2_0,28290,42,Before Onboard,2_0_25
213_2_0,28290,0,After Onboard,2_0_25
108_1_0,28290,10,Before Onboard,1_0_30
108_1_0,28290,0,After Onboard,1_0_30
110_1_0,28290,6,Before Onboard,1_0_28
110_1_0,28290,0,After Onboard,1_0_28
105_1_1,28290,7,Before Onboard,1_1_30
105_1_1,28290,0,After Onboard,1_1_30
111_1_1,28290,0,When Arrival,1_1_26
108_4_0,28290,0,Before Onboard,4_0_21
108_4_0,28290,0,After Onboard,4_0_21
108_1_1,28290,0,Before Onboard,1_1_28
108_1_1,28290,0,After Onboard,1_1_28
303_3_0,28305,53,Before Onboard,3_0_22
303_3_0,28305,0,After Onboard,3_0_22
119_1_0,28320,0,When Arrival,1_0_21
214_2_0,28320,0,When Arrival,2_0_19
103_1_1,28320,21,Before Onboard,1_1_33
103_1_1,28320,0,After Onboard,1_1_33
919_4_0,28320,0,When Arrival,4_0_17
913_4_0,28320,116,Before Onboard,4_0_18
913_4_0,28320,0,After Onboard,4_0_18
918_4_1,28320,0,When Arrival,4_1_17
105_3_1,28320,8,Before Onboard,3_1_21
105_3_1,28320,0,After Onboard,3_1_21
926_4_0,28320,66,Before Onboard,4_0_15
926_4_0,28320,18,After Onboard,4_0_15
116_1_1,28320,0,When Arrival,1_1_21
204_2_0,28320,0,When Arrival,2_0_22
213_2_1,28320,0,When Arrival,2_1_19
105_1_0,28320,0,Before Onboard,1_0_33
105_1_0,28320,0,After Onboard,1_0_33
305_4_1,28320,0,When Arrival,4_1_22
210_2_1,28320,42,Before Onboard,2_1_24
210_2_1,28320,0,After Onboard,2_1_24
925_4_1,28320,58,Before Onboard,4_1_15
925_4_1,28320,21,After Onboard,4_1_15
918_4_0,28330,0,When Arrival,4_0_23
108_4_0,28340,0,When Arrival,4_0_22
101_1_1,28350,23,Before Onboard,1_1_38
101_1_1,28350,0,After Onboard,1_1_38
325_3_0,28350,0,When Arrival,3_0_16
111_1_0,28350,0,When Arrival,1_0_28
101_1_1,28350,0,When Arrival,1_1_36
110_1_1,28350,0,When Arrival,1_1_28
113_1_1,28350,0,When Arrival,1_1_24
111_1_1,28350,24,Before Onboard,1_1_26
111_1_1,28350,0,After Onboard,1_1_26
321_3_1,28350,0,When Arrival,3_1_16
208_3_1,28350,32,When Arrival,3_1_20
113_1_0,28350,18,Before Onboard,1_0_26
113_1_0,28350,0,After Onboard,1_0_26
116_1_0,28350,0,When Arrival,1_0_24
101_1_0,28350,0,Before Onboard,1_0_38
101_1_0,28350,0,After Onboard,1_0_38
210_2_0,28350,7,Before Onboard,2_0_20
210_2_0,28350,0,After Onboard,2_0_20
913_4_1,28350,0,When Arrival,4_1_19
108_4_1,28350,15,Before Onboard,4_1_23
108_4_1,28350,0,After Onboard,4_1_23
108_4_0,28370,5,Before Onboard,4_0_25
108_4_0,28370,0,After Onboard,4_0_25
204_2_0,28380,28,Before Onboard,2_0_22
204_2_0,28380,0,After Onboard,2_0_22
305_4_1,28380,35,Before Onboard,4_1_22
305_4_1,28380,0,After Onboard,4_1_22
213_2_1,28380,16,Before Onboard,2_1_19
213_2_1,28380,0,After Onboard,2_1_19
214_2_0,28380,33,Before Onboard,2_0_19
214_2_0,28380,0,After Onboard,2_0_19
208_2_0,28380,3,When Arrival,2_0_21
119_1_0,28380,69,Before Onboard,1_0_21
119_1_0,28380,0,After Onboard,1_0_21
105_1_1,28380,0,When Arrival,1_1_31
116_1_1,28380,29,Before Onboard,1_1_21
116_1_1,28380,0,After Onboard,1_1_21
116_3_1,28380,2,When Arrival,3_1_19
110_1_0,28380,0,When Arrival,1_0_29
116_3_0,28380,47,When Arrival,3_0_19
919_4_0,28380,76,Before Onboard,4_0_17
919_4_0,28380,0,After Onboard,4_0_17
918_4_1,28380,22,Before Onboard,4_1_17
918_4_1,28380,0,After Onboard,4_1_17
108_1_1,28380,0,When Arrival,1_1_29
310_3_1,28380,0,When Arrival,3_1_23
108_1_0,28380,0,When Arrival,1_0_31
918_4_0,28390,9,Before Onboard,4_0_23
918_4_0,28390,0,After Onboard,4_0_23
108_4_0,28400,9,Before Onboard,4_0_22
108_4_0,28400,0,After Onboard,4_0_22
105_3_1,28410,14,Before Onboard,3_1_25
105_3_1,28410,0,After Onboard,3_1_25
208_3_0,28410,65,When Arrival,3_0_20
103_1_1,28410,0,When Arrival,1_1_34
111_1_0,28410,15,Before Onboard,1_0_28
111_1_0,28410,0,After Onboard,1_0_28
321_3_1,28410,41,Before Onboard,3_1_16
321_3_1,28410,0,After Onboard,3_1_16
116_1_0,28410,47,Before Onboard,1_0_24
116_1_0,28410,0,After Onboard,1_0_24
208_3_1,28410,174,Before Onboard,3_1_20
208_3_1,28410,0,After Onboard,3_1_20
210_2_1,28410,0,When Arrival,2_1_25
105_1_0,28410,0,When Arrival,1_0_34
913_4_1,28410,23,Before Onboard,4_1_19
913_4_1,28410,0,After Onboard,4_1_19
113_2_1,28410,11,Before Onboard,2_1_27
113_2_1,28410,0,After Onboard,2_1_27
113_1_1,28410,0,Before Onboard,1_1_24
113_1_1,28410,0,After Onboard,1_1_24
325_3_0,28410,51,Before Onboard,3_0_16
325_3_0,28410,0,After Onboard,3_0_16
110_1_1,28410,30,Before Onboard,1_1_28
110_1_1,28410,0,After Onboard,1_1_28
113_2_0,28410,14,Before Onboard,2_0_27
113_2_0,28410,0,After Onboard,2_0_27
103_1_0,28410,20,Before Onboard,1_0_36
103_1_0,28410,0,After Onboard,1_0_36
101_1_1,28410,12,Before Onboard,1_1_36
101_1_1,28410,0,After Onboard,1_1_36
116_3_0,28440,58,Before Onboard,3_0_19
116_3_0,28440,0,After Onboard,3_0_19
213_2_0,28440,20,Before Onboard,2_0_26
213_2_0,28440,0,After Onboard,2_0_26
116_3_1,28440,2,Before Onboard,3_1_19
116_3_1,28440,0,After Onboard,3_1_19
110_1_0,28440,4,Before Onboard,1_0_29
110_1_0,28440,0,After Onboard,1_0_29
113_1_0,28440,0,When Arrival,1_0_27
105_1_1,28440,8,Before Onboard,1_1_31
105_1_1,28440,0,After Onboard,1_1_31
310_3_1,28440,51,Before Onboard,3_1_23
310_3_1,28440,0,After Onboard,3_1_23
108_1_0,28440,11,Before Onboard,1_0_31
108_1_0,28440,0,After Onboard,1_0_31
108_1_1,28440,0,Before Onboard,1_1_29
108_1_1,28440,0,After Onboard,1_1_29
208_2_0,28440,15,Before Onboard,2_0_21
208_2_0,28440,0,After Onboard,2_0_21
305_3_0,28440,40,When Arrival,3_0_21
918_4_0,28440,0,When Arrival,4_0_24
111_1_1,28440,0,When Arrival,1_1_27
108_4_0,28450,0,When Arrival,4_0_23
122_1_0,28470,0,When Arrival,1_0_20
204_2_0,28470,0,When Arrival,2_0_23
105_1_0,28470,8,Before Onboard,1_0_34
105_1_0,28470,0,After Onboard,1_0_34
208_2_1,28470,28,When Arrival,2_1_20
210_2_1,28470,35,Before Onboard,2_1_25
210_2_1,28470,0,After Onboard,2_1_25
305_4_1,28470,5,When Arrival,4_1_23
119_1_0,28470,0,When Arrival,1_0_22
103_1_1,28470,20,Before Onboard,1_1_34
103_1_1,28470,0,After Onboard,1_1_34
119_1_1,28470,0,When Arrival,1_1_20
116_1_1,28470,7,When Arrival,1_1_22
208_3_0,28470,73,Before Onboard,3_0_20
208_3_0,28470,0,After Onboard,3_0_20
108_4_0,28480,8,Before Onboard,4_0_26
108_4_0,28480,0,After Onboard,4_0_26
111_1_0,28500,0,When Arrival,1_0_29
113_1_1,28500,0,When Arrival,1_1_25
113_1_0,28500,15,Before Onboard,1_0_27
113_1_0,28500,0,After Onboard,1_0_27
918_4_0,28500,24,Before Onboard,4_0_24
918_4_0,28500,0,After Onboard,4_0_24
101_1_1,28500,0,When Arrival,1_1_37
305_3_0,28500,67,Before Onboard,3_0_21
305_3_0,28500,0,After Onboard,3_0_21
101_1_0,28500,13,Before Onboard,1_0_39
101_1_0,28500,0,After Onboard,1_0_39
116_1_0,28500,0,When Arrival,1_0_25
101_1_1,28500,0,Before Onboard,1_1_39
101_1_1,28500,0,After Onboard,1_1_39
202_2_1,28500,0,When Arrival,2_1_22
108_4_1,28500,7,Before Onboard,4_1_24
108_4_1,28500,0,After Onboard,4_1_24
913_4_1,28500,0,When Arrival,4_1_20
111_1_1,28500,24,Before Onboard,1_1_27
111_1_1,28500,0,After Onboard,1_1_27
110_1_1,28500,0,When Arrival,1_1_29
303_3_1,28500,0,When Arrival,3_1_21
108_4_0,28510,2,Before Onboard,4_0_23
108_4_0,28510,0,After Onboard,4_0_23
105_1_1,28530,0,When Arrival,1_1_32
108_1_1,28530,0,When Arrival,1_1_30
110_1_0,28530,0,When Arrival,1_0_30
116_1_1,28530,29,Before Onboard,1_1_22
116_1_1,28530,0,After Onboard,1_1_22
208_2_1,28530,45,Before Onboard,2_1_20
208_2_1,28530,0,After Onboard,2_1_20
305_4_1,28530,17,Before Onboard,4_1_23
305_4_1,28530,0,After Onboard,4_1_23
108_1_0,28530,0,When Arrival,1_0_32
119_1_1,28530,49,Before Onboard,1_1_20
119_1_1,28530,0,After Onboard,1_1_20
119_1_0,28530,0,Before Onboard,1_0_22
119_1_0,28530,0,After Onboard,1_0_22
122_1_0,28530,83,Before Onboard,1_0_20
122_1_0,28530,0,After Onboard,1_0_20
204_2_0,28530,36,Before Onboard,2_0_23
204_2_0,28530,0,After Onboard,2_0_23
213_2_0,28530,0,When Arrival,2_0_27
918_4_0,28550,0,When Arrival,4_0_25
921_4_0,28560,0,When Arrival,4_0_17
105_1_0,28560,0,When Arrival,1_0_35
113_2_0,28560,10,Before Onboard,2_0_28
113_2_0,28560,0,After Onboard,2_0_28
926_4_1,28560,87,When Arrival,4_1_15
108_4_0,28560,6,When Arrival,4_0_24
103_1_0,28560,20,Before Onboard,1_0_37
103_1_0,28560,0,After Onboard,1_0_37
122_1_1,28560,0,When Arrival,1_1_19
101_1_1,28560,13,Before Onboard,1_1_37
101_1_1,28560,0,After Onboard,1_1_37
116_1_0,28560,3,Before Onboard,1_0_25
116_1_0,28560,0,After Onboard,1_0_25
125_1_0,28560,0,When Arrival,1_0_19
113_1_1,28560,0,Before Onboard,1_1_25
113_1_1,28560,0,After Onboard,1_1_25
111_1_0,28560,17,Before Onboard,1_0_29
111_1_0,28560,0,After Onboard,1_0_29
329_3_0,28560,0,When Arrival,3_0_15
928_4_0,28560,176,When Arrival,4_0_15
325_3_1,28560,0,When Arrival,3_1_15
103_1_1,28560,0,When Arrival,1_1_35
206_2_1,28560,0,When Arrival,2_1_21
113_2_1,28560,1,Before Onboard,2_1_28
113_2_1,28560,0,After Onboard,2_1_28
202_2_1,28560,138,Before Onboard,2_1_22
202_2_1,28560,0,After Onboard,2_1_22
303_3_1,28560,45,Before Onboard,3_1_21
303_3_1,28560,0,After Onboard,3_1_21
110_1_1,28560,26,Before Onboard,1_1_29
110_1_1,28560,0,After Onboard,1_1_29
913_4_1,28560,45,Before Onboard,4_1_20
913_4_1,28560,0,After Onboard,4_1_20
919_4_1,28560,0,When Arrival,4_1_17
909_4_1,28560,0,When Arrival,4_1_18
305_3_1,28575,2,When Arrival,3_1_22
113_2_1,28590,0,When Arrival,2_1_20
111_1_1,28590,0,When Arrival,1_1_28
110_1_0,28590,10,Before Onboard,1_0_30
110_1_0,28590,0,After Onboard,1_0_30
213_2_0,28590,40,Before Onboard,2_0_27
213_2_0,28590,0,After Onboard,2_0_27
105_1_1,28590,28,Before Onboard,1_1_32
105_1_1,28590,0,After Onboard,1_1_32
125_1_1,28590,0,When Arrival,1_1_18
108_1_1,28590,14,Before Onboard,1_1_30
108_1_1,28590,0,After Onboard,1_1_30
128_1_0,28590,0,When Arrival,1_0_18
113_1_0,28590,0,When Arrival,1_0_28
108_4_0,28590,6,Before Onboard,4_0_27
108_4_0,28590,0,After Onboard,4_0_27
108_1_0,28590,0,Before Onboard,1_0_32
108_1_0,28590,0,After Onboard,1_0_32
113_2_0,28590,13,When Arrival,2_0_20
310_3_1,28605,0,When Arrival,3_1_24
918_4_0,28610,25,Before Onboard,4_0_25
918_4_0,28610,0,After Onboard,4_0_25
325_3_1,28620,53,Before Onboard,3_1_15
325_3_1,28620,0,After Onboard,3_1_15
116_1_1,28620,0,When Arrival,1_1_23
210_2_1,28620,36,Before Onboard,2_1_26
210_2_1,28620,0,After Onboard,2_1_26
103_1_1,28620,13,Before Onboard,1_1_35
103_1_1,28620,0,After Onboard,1_1_35
214_2_1,28620,0,When Arrival,2_1_19
206_2_1,28620,116,Before Onboard,2_1_21
206_2_1,28620,0,After Onboard,2_1_21
928_4_0,28620,290,Before Onboard,4_0_15
928_4_0,28620,265,After Onboard,4_0_15
925_4_0,28620,0,When Arrival,4_0_16
922_4_1,28620,0,When Arrival,4_1_16
216_2_0,28620,0,When Arrival,2_0_19
329_3_0,28620,105,Before Onboard,3_0_15
329_3_0,28620,0,After Onboard,3_0_15
909_4_1,28620,126,Before Onboard,4_1_18
909_4_1,28620,0,After Onboard,4_1_18
108_4_0,28620,4,Before Onboard,4_0_24
108_4_0,28620,0,After Onboard,4_0_24
303_3_0,28620,0,When Arrival,3_0_23
921_4_0,28620,102,Before Onboard,4_0_17
921_4_0,28620,0,After Onboard,4_0_17
122_1_1,28620,24,Before Onboard,1_1_19
122_1_1,28620,0,After Onboard,1_1_19
125_1_0,28620,86,Before Onboard,1_0_19
125_1_0,28620,0,After Onboard,1_0_19
119_1_0,28620,0,When Arrival,1_0_23
926_4_1,28620,167,Before Onboard,4_1_15
926_4_1,28620,149,After Onboard,4_1_15
206_2_0,28620,0,When Arrival,2_0_22
204_2_0,28620,0,When Arrival,2_0_24
105_1_0,28620,6,Before Onboard,1_0_35
105_1_0,28620,0,After Onboard,1_0_35
919_4_1,28620,66,Before Onboard,4_1_17
919_4_1,28620,0,After Onboard,4_1_17
305_4_1,28620,5,When Arrival,4_1_24
305_3_1,28635,34,Before Onboard,3_1_22
305_3_1,28635,0,After Onboard,3_1_22
105_3_1,28635,2,Before Onboard,3_1_26
105_3_1,28635,0,After Onboard,3_1_26
105_3_0,28635,23,Before Onboard,3_0_24
105_3_0,28635,0,After Onboard,3_0_24
113_1_0,28650,19,Before Onboard,1_0_28
113_1_0,28650,0,After Onboard,1_0_28
321_3_0,28650,0,When Arrival,3_0_18
101_1_1,28650,0,When Arrival,1_1_38
101_1_1,28650,24,Before Onboard,1_1_40
101_1_1,28650,0,After Onboard,1_1_40
101_1_0,28650,0,Before Onboard,1_0_40
101_1_0,28650,0,After Onboard,1_0_40
125_1_1,28650,6,Before Onboard,1_1_18
125_1_1,28650,0,After Onboard,1_1_18
110_1_1,28650,0,When Arrival,1_1_30
316_3_1,28650,0,When Arrival,3_1_18
111_1_1,28650,17,Before Onboard,1_1_28
111_1_1,28650,0,After Onboard,1_1_28
216_2_1,28650,0,When Arrival,2_1_18
113_1_1,28650,10,When Arrival,1_1_26
113_2_1,28650,2,Before Onboard,2_1_20
113_2_1,28650,0,After Onboard,2_1_20
128_1_0,28650,95,Before Onboard,1_0_18
128_1_0,28650,0,After Onboard,1_0_18
116_1_0,28650,0,When Arrival,1_0_26
219_2_0,28650,0,When Arrival,2_0_18
202_2_1,28650,0,When Arrival,2_1_23
913_4_1,28650,0,When Arrival,4_1_21
113_2_0,28650,13,Before Onboard,2_0_20
113_2_0,28650,0,After Onboard,2_0_20
111_1_0,28650,0,When Arrival,1_0_30
108_4_1,28650,14,Before Onboard,4_1_25
108_4_1,28650,0,After Onboard,4_1_25
918_4_0,28660,0,When Arrival,4_0_26
310_3_1,28665,56,Before Onboard,3_1_24
310_3_1,28665,0,After Onboard,3_1_24
108_4_0,28670,0,When Arrival,4_0_25
105_1_1,28680,0,When Arrival,1_1_33
303_3_0,28680,28,Before Onboard,3_0_23
303_3_0,28680,0,After Onboard,3_0_23
206_2_0,28680,21,Before Onboard,2_0_22
206_2_0,28680,0,After Onboard,2_0_22
204_2_0,28680,40,Before Onboard,2_0_24
204_2_0,28680,0,After Onboard,2_0_24
108_1_0,28680,0,When Arrival,1_0_33
119_1_0,28680,32,Before Onboard,1_0_23
119_1_0,28680,0,After Onboard,1_0_23
110_1_0,28680,0,When Arrival,1_0_31
922_4_1,28680,112,Before Onboard,4_1_16
922_4_1,28680,0,After Onboard,4_1_16
305_4_1,28680,17,Before Onboard,4_1_24
305_4_1,28680,0,After Onboard,4_1_24
116_1_1,28680,27,Before Onboard,1_1_23
116_1_1,28680,0,After Onboard,1_1_23
922_4_0,28680,0,When Arrival,4_0_17
925_4_0,28680,88,Before Onboard,4_0_16
925_4_0,28680,0,After Onboard,4_0_16
108_1_1,28680,0,When Arrival,1_1_31
213_2_0,28680,0,When Arrival,2_0_28
216_2_0,28680,99,Before Onboard,2_0_19
216_2_0,28680,0,After Onboard,2_0_19
214_2_1,28680,78,Before Onboard,2_1_19
214_2_1,28680,0,After Onboard,2_1_19
921_4_1,28680,0,When Arrival,4_1_17
108_4_0,28700,25,Before Onboard,4_0_28
108_4_0,28700,0,After Onboard,4_0_28
202_2_1,28710,31,Before Onboard,2_1_23
202_2_1,28710,0,After Onboard,2_1_23
113_1_1,28710,26,Before Onboard,1_1_26
113_1_1,28710,0,After Onboard,1_1_26
113_2_1,28710,0,Before Onboard,2_1_29
113_2_1,28710,0,After Onboard,2_1_29
111_1_0,28710,22,Before Onboard,1_0_30
111_1_0,28710,0,After Onboard,1_0_30
103_1_1,28710,0,When Arrival,1_1_36
219_2_0,28710,119,Before Onboard,2_0_18
219_2_0,28710,0,After Onboard,2_0_18
101_1_1,28710,8,Before Onboard,1_1_38
101_1_1,28710,0,After Onboard,1_1_38
116_1_0,28710,9,Before Onboard,1_0_26
116_1_0,28710,0,After Onboard,1_0_26
103_1_0,28710,22,Before Onboard,1_0_38
103_1_0,28710,0,After Onboard,1_0_38
113_2_0,28710,0,Before Onboard,2_0_29
113_2_0,28710,0,After Onboard,2_0_29
105_1_0,28710,0,When Arrival,1_0_36
913_4_1,28710,45,Before Onboard,4_1_21
913_4_1,28710,0,After Onboard,4_1_21
210_2_1,28710,0,When Arrival,2_1_27
110_1_1,28710,25,Before Onboard,1_1_30
110_1_1,28710,0,After Onboard,1_1_30
216_2_1,28710,6,Before Onboard,2_1_18
216_2_1,28710,0,After Onboard,2_1_18
316_3_1,28710,118,Before Onboard,3_1_18
316_3_1,28710,0,After Onboard,3_1_18
321_3_0,28710,78,Before Onboard,3_0_18
321_3_0,28710,0,After Onboard,3_0_18
918_4_0,28720,33,Before Onboard,4_0_26
918_4_0,28720,0,After Onboard,4_0_26
316_3_0,28725,0,When Arrival,3_0_22
913_4_0,28730,0,When Arrival,4_0_19
108_4_0,28730,7,Before Onboard,4_0_25
108_4_0,28730,0,After Onboard,4_0_25
105_1_1,28740,35,Before Onboard,1_1_33
105_1_1,28740,0,After Onboard,1_1_33
210_2_0,28740,0,When Arrival,2_0_21
213_2_0,28740,37,Before Onboard,2_0_28
213_2_0,28740,0,After Onboard,2_0_28
108_1_0,28740,2,Before Onboard,1_0_33
108_1_0,28740,0,After Onboard,1_0_33
108_1_1,28740,0,Before Onboard,1_1_31
108_1_1,28740,0,After Onboard,1_1_31
111_1_1,28740,0,When Arrival,1_1_29
921_4_1,28740,36,Before Onboard,4_1_17
921_4_1,28740,0,After Onboard,4_1_17
108_4_1,28740,3,When Arrival,4_1_18
922_4_0,28740,11,Before Onboard,4_0_17
922_4_0,28740,0,After Onboard,4_0_17
110_1_0,28740,3,Before Onboard,1_0_31
110_1_0,28740,0,After Onboard,1_0_31
113_1_0,28740,0,When Arrival,1_0_29
305_4_0,28740,57,When Arrival,4_0_18
213_2_1,28770,0,When Arrival,2_1_20
103_1_1,28770,12,Before Onboard,1_1_36
103_1_1,28770,0,After Onboard,1_1_36
210_2_1,28770,32,Before Onboard,2_1_27
210_2_1,28770,0,After Onboard,2_1_27
119_1_0,28770,0,When Arrival,1_0_24
204_2_0,28770,0,When Arrival,2_0_25
116_1_1,28770,0,When Arrival,1_1_24
918_4_0,28770,0,When Arrival,4_0_27
214_2_0,28770,0,When Arrival,2_0_20
105_1_0,28770,4,Before Onboard,1_0_36
105_1_0,28770,0,After Onboard,1_0_36
305_4_1,28770,0,When Arrival,4_1_25
206_2_0,28770,0,When Arrival,2_0_23
108_4_0,28780,0,When Arrival,4_0_26
316_3_0,28785,27,Before Onboard,3_0_22
316_3_0,28785,0,After Onboard,3_0_22
913_4_0,28790,11,Before Onboard,4_0_19
913_4_0,28790,0,After Onboard,4_0_19
