platform_id,timestamp,queue_length,queue_length_type,train_id
214_2_0,21630,3,Before Onboard,2_0_4
214_2_0,21630,0,After Onboard,2_0_4
303_3_0,21630,0,Before Onboard,3_0_8
303_3_0,21630,0,After Onboard,3_0_8
321_3_1,21630,1,Before Onboard,3_1_6
321_3_1,21630,0,After Onboard,3_1_6
325_3_0,21660,0,Before Onboard,3_0_1
325_3_0,21660,0,After Onboard,3_0_1
219_2_1,21660,2,Before Onboard,2_1_9
219_2_1,21660,0,After Onboard,2_1_9
105_3_0,21660,0,Before Onboard,3_0_9
105_3_0,21660,0,After Onboard,3_0_9
202_2_0,21660,2,Before Onboard,2_0_9
202_2_0,21660,0,After Onboard,2_0_9
206_2_0,21660,4,Before Onboard,2_0_7
206_2_0,21660,0,After Onboard,2_0_7
329_3_1,21660,3,Before Onboard,3_1_9
329_3_1,21660,0,After Onboard,3_1_9
925_4_0,21660,1,Before Onboard,4_0_3
925_4_0,21660,0,After Onboard,4_0_3
208_2_1,21660,1,Before Onboard,2_1_5
208_2_1,21660,0,After Onboard,2_1_5
116_3_0,21660,1,Before Onboard,3_0_5
116_3_0,21660,0,After Onboard,3_0_5
125_1_1,21660,1,Before Onboard,1_1_9
125_1_1,21660,0,After Onboard,1_1_9
926_4_1,21660,6,Before Onboard,4_1_7
926_4_1,21660,0,After Onboard,4_1_7
111_1_1,21690,3,Before Onboard,1_1_4
111_1_1,21690,0,After Onboard,1_1_4
310_3_0,21690,4,Before Onboard,3_0_6
310_3_0,21690,0,After Onboard,3_0_6
316_3_0,21690,4,Before Onboard,3_0_4
316_3_0,21690,0,After Onboard,3_0_4
922_4_0,21720,4,Before Onboard,4_0_4
922_4_0,21720,0,After Onboard,4_0_4
305_3_1,21720,1,Before Onboard,3_1_1
305_3_1,21720,0,After Onboard,3_1_1
108_1_1,21720,7,Before Onboard,1_1_3
108_1_1,21720,0,After Onboard,1_1_3
918_4_1,21720,8,Before Onboard,4_1_5
918_4_1,21720,0,After Onboard,4_1_5
103_1_1,21720,4,Before Onboard,1_1_1
103_1_1,21720,0,After Onboard,1_1_1
110_1_1,21750,0,When Arrival,1_1_4
105_1_1,21750,4,Before Onboard,1_1_2
105_1_1,21750,0,After Onboard,1_1_2
210_2_1,21750,7,Before Onboard,2_1_6
210_2_1,21750,0,After Onboard,2_1_6
216_2_1,21750,9,Before Onboard,2_1_8
216_2_1,21750,0,After Onboard,2_1_8
208_3_1,21750,2,Before Onboard,3_1_2
208_3_1,21750,0,After Onboard,3_1_2
122_1_1,21750,6,Before Onboard,1_1_8
122_1_1,21750,0,After Onboard,1_1_8
922_4_1,21780,2,Before Onboard,4_1_6
922_4_1,21780,0,After Onboard,4_1_6
926_4_0,21780,0,When Arrival,4_0_3
918_4_0,21780,2,Before Onboard,4_0_5
918_4_0,21780,0,After Onboard,4_0_5
113_2_0,21780,6,Before Onboard,2_0_5
113_2_0,21780,0,After Onboard,2_0_5
213_2_1,21780,6,Before Onboard,2_1_7
213_2_1,21780,0,After Onboard,2_1_7
116_1_0,21780,0,Before Onboard,1_0_5
116_1_0,21780,0,After Onboard,1_0_5
925_4_1,21780,0,When Arrival,4_1_7
204_2_0,21810,8,Before Onboard,2_0_8
204_2_0,21810,0,After Onboard,2_0_8
110_1_1,21810,7,Before Onboard,1_1_4
110_1_1,21810,0,After Onboard,1_1_4
119_1_0,21810,9,Before Onboard,1_0_4
119_1_0,21810,0,After Onboard,1_0_4
113_1_0,21810,2,Before Onboard,1_0_6
113_1_0,21810,0,After Onboard,1_0_6
926_4_0,21840,6,Before Onboard,4_0_3
926_4_0,21840,0,After Onboard,4_0_3
119_1_1,21840,1,Before Onboard,1_1_7
119_1_1,21840,0,After Onboard,1_1_7
113_1_1,21840,0,Before Onboard,1_1_5
113_1_1,21840,0,After Onboard,1_1_5
208_3_0,21840,4,Before Onboard,3_0_7
208_3_0,21840,0,After Onboard,3_0_7
213_2_0,21840,0,When Arrival,2_0_5
108_4_1,21840,0,When Arrival,4_1_5
113_2_1,21840,0,When Arrival,2_1_7
919_4_0,21840,0,When Arrival,4_0_5
925_4_1,21840,7,Before Onboard,4_1_7
925_4_1,21840,0,After Onboard,4_1_7
909_4_0,21840,9,Before Onboard,4_0_8
909_4_0,21840,0,After Onboard,4_0_8
928_4_1,21840,5,Before Onboard,4_1_8
928_4_1,21840,0,After Onboard,4_1_8
921_4_1,21840,0,When Arrival,4_1_6
110_1_0,21840,1,Before Onboard,1_0_7
110_1_0,21840,0,After Onboard,1_0_7
305_3_0,21870,7,Before Onboard,3_0_8
305_3_0,21870,0,After Onboard,3_0_8
216_2_0,21870,0,When Arrival,2_0_4
204_2_1,21870,0,Before Onboard,2_1_4
204_2_1,21870,0,After Onboard,2_1_4
116_1_1,21870,0,Before Onboard,1_1_6
116_1_1,21870,0,After Onboard,1_1_6
108_4_1,21900,8,Before Onboard,4_1_5
108_4_1,21900,0,After Onboard,4_1_5
111_1_0,21900,0,When Arrival,1_0_7
122_1_0,21900,9,Before Onboard,1_0_3
122_1_0,21900,0,After Onboard,1_0_3
105_1_0,21900,8,Before Onboard,1_0_9
105_1_0,21900,0,After Onboard,1_0_9
316_3_1,21900,5,Before Onboard,3_1_5
316_3_1,21900,0,After Onboard,3_1_5
303_3_1,21900,0,When Arrival,3_1_1
919_4_0,21900,14,Before Onboard,4_0_5
919_4_0,21900,0,After Onboard,4_0_5
921_4_1,21900,8,Before Onboard,4_1_6
921_4_1,21900,0,After Onboard,4_1_6
310_3_1,21900,6,Before Onboard,3_1_3
310_3_1,21900,0,After Onboard,3_1_3
113_2_1,21900,3,Before Onboard,2_1_7
113_2_1,21900,0,After Onboard,2_1_7
213_2_0,21900,2,Before Onboard,2_0_5
213_2_0,21900,0,After Onboard,2_0_5
103_1_0,21930,11,Before Onboard,1_0_10
103_1_0,21930,0,After Onboard,1_0_10
108_1_0,21930,6,Before Onboard,1_0_8
108_1_0,21930,0,After Onboard,1_0_8
116_3_1,21930,1,Before Onboard,3_1_4
116_3_1,21930,0,After Onboard,3_1_4
325_3_1,21930,10,Before Onboard,3_1_8
325_3_1,21930,0,After Onboard,3_1_8
216_2_0,21930,3,Before Onboard,2_0_4
216_2_0,21930,0,After Onboard,2_0_4
210_2_0,21930,7,Before Onboard,2_0_6
210_2_0,21930,0,After Onboard,2_0_6
219_2_0,21960,20,Before Onboard,2_0_3
219_2_0,21960,0,After Onboard,2_0_3
321_3_0,21960,15,Before Onboard,3_0_3
321_3_0,21960,0,After Onboard,3_0_3
208_2_0,21960,0,When Arrival,2_0_7
101_1_0,21960,19,Before Onboard,1_0_11
101_1_0,21960,0,After Onboard,1_0_11
202_2_1,21960,8,Before Onboard,2_1_3
202_2_1,21960,0,After Onboard,2_1_3
206_2_1,21960,0,When Arrival,2_1_5
111_1_0,21960,14,Before Onboard,1_0_7
111_1_0,21960,0,After Onboard,1_0_7
305_4_1,21960,0,When Arrival,4_1_5
913_4_1,21960,12,Before Onboard,4_1_4
913_4_1,21960,0,After Onboard,4_1_4
303_3_1,21960,17,Before Onboard,3_1_1
303_3_1,21960,0,After Onboard,3_1_1
101_1_1,21960,0,When Arrival,1_1_1
128_1_1,21960,19,Before Onboard,1_1_11
128_1_1,21960,0,After Onboard,1_1_11
214_2_1,21990,0,When Arrival,2_1_8
125_1_0,21990,10,Before Onboard,1_0_2
125_1_0,21990,0,After Onboard,1_0_2
305_4_0,22020,6,Before Onboard,4_0_6
305_4_0,22020,0,After Onboard,4_0_6
214_2_0,22020,0,When Arrival,2_0_5
305_4_1,22020,0,Before Onboard,4_1_5
305_4_1,22020,0,After Onboard,4_1_5
101_1_1,22020,2,Before Onboard,1_1_1
101_1_1,22020,0,After Onboard,1_1_1
208_2_0,22020,8,Before Onboard,2_0_7
208_2_0,22020,0,After Onboard,2_0_7
128_1_0,22020,2,Before Onboard,1_0_1
128_1_0,22020,0,After Onboard,1_0_1
206_2_1,22020,10,Before Onboard,2_1_5
206_2_1,22020,0,After Onboard,2_1_5
208_2_1,22050,0,When Arrival,2_1_6
206_2_0,22050,0,When Arrival,2_0_8
116_3_0,22050,0,When Arrival,3_0_6
103_1_1,22050,0,When Arrival,1_1_2
125_1_1,22050,2,Before Onboard,1_1_10
125_1_1,22050,0,After Onboard,1_1_10
108_1_1,22050,0,When Arrival,1_1_4
214_2_1,22050,26,Before Onboard,2_1_8
214_2_1,22050,0,After Onboard,2_1_8
105_1_1,22080,0,When Arrival,1_1_3
122_1_1,22080,0,When Arrival,1_1_9
108_4_0,22080,0,When Arrival,4_0_6
111_1_1,22080,8,Before Onboard,1_1_5
111_1_1,22080,0,After Onboard,1_1_5
913_4_0,22080,5,Before Onboard,4_0_7
913_4_0,22080,0,After Onboard,4_0_7
928_4_0,22080,0,When Arrival,4_0_3
921_4_0,22080,0,When Arrival,4_0_5
321_3_1,22080,10,Before Onboard,3_1_7
321_3_1,22080,0,After Onboard,3_1_7
919_4_1,22080,0,When Arrival,4_1_6
310_3_0,22080,0,When Arrival,3_0_7
303_3_0,22080,4,Before Onboard,3_0_9
303_3_0,22080,0,After Onboard,3_0_9
316_3_0,22080,0,When Arrival,3_0_5
214_2_0,22080,1,Before Onboard,2_0_5
214_2_0,22080,0,After Onboard,2_0_5
208_2_1,22110,3,Before Onboard,2_1_6
208_2_1,22110,0,After Onboard,2_1_6
219_2_1,22110,8,Before Onboard,2_1_10
219_2_1,22110,0,After Onboard,2_1_10
305_3_1,22110,0,When Arrival,3_1_2
108_1_1,22110,10,Before Onboard,1_1_4
108_1_1,22110,0,After Onboard,1_1_4
103_1_1,22110,10,Before Onboard,1_1_2
103_1_1,22110,0,After Onboard,1_1_2
206_2_0,22110,6,Before Onboard,2_0_8
206_2_0,22110,0,After Onboard,2_0_8
116_3_0,22110,10,Before Onboard,3_0_6
116_3_0,22110,0,After Onboard,3_0_6
202_2_0,22110,3,Before Onboard,2_0_10
202_2_0,22110,0,After Onboard,2_0_10
325_3_0,22110,11,Before Onboard,3_0_2
325_3_0,22110,0,After Onboard,3_0_2
105_3_0,22110,8,Before Onboard,3_0_10
105_3_0,22110,0,After Onboard,3_0_10
329_3_1,22110,12,Before Onboard,3_1_10
329_3_1,22110,0,After Onboard,3_1_10
116_1_0,22110,0,When Arrival,1_0_6
216_2_1,22140,0,When Arrival,2_1_9
113_1_0,22140,0,When Arrival,1_0_7
210_2_1,22140,0,When Arrival,2_1_7
316_3_0,22140,5,Before Onboard,3_0_5
316_3_0,22140,0,After Onboard,3_0_5
208_3_1,22140,4,When Arrival,3_1_3
310_3_0,22140,10,Before Onboard,3_0_7
310_3_0,22140,0,After Onboard,3_0_7
926_4_1,22140,0,When Arrival,4_1_8
919_4_1,22140,9,Before Onboard,4_1_6
919_4_1,22140,0,After Onboard,4_1_6
105_1_1,22140,1,Before Onboard,1_1_3
105_1_1,22140,0,After Onboard,1_1_3
909_4_1,22140,11,Before Onboard,4_1_3
909_4_1,22140,0,After Onboard,4_1_3
108_4_0,22140,0,Before Onboard,4_0_6
108_4_0,22140,0,After Onboard,4_0_6
928_4_0,22140,17,Before Onboard,4_0_3
928_4_0,22140,0,After Onboard,4_0_3
921_4_0,22140,11,Before Onboard,4_0_5
921_4_0,22140,0,After Onboard,4_0_5
122_1_1,22140,7,Before Onboard,1_1_9
122_1_1,22140,0,After Onboard,1_1_9
110_1_1,22140,0,When Arrival,1_1_5
925_4_0,22140,0,When Arrival,4_0_4
213_2_1,22170,0,When Arrival,2_1_8
113_2_0,22170,2,When Arrival,2_0_6
305_3_1,22170,8,Before Onboard,3_1_2
305_3_1,22170,0,After Onboard,3_1_2
119_1_1,22170,0,When Arrival,1_1_8
116_1_0,22170,4,Before Onboard,1_0_6
116_1_0,22170,0,After Onboard,1_0_6
110_1_0,22170,0,When Arrival,1_0_8
926_4_1,22200,11,Before Onboard,4_1_8
926_4_1,22200,0,After Onboard,4_1_8
204_2_0,22200,0,When Arrival,2_0_9
210_2_1,22200,10,Before Onboard,2_1_7
210_2_1,22200,0,After Onboard,2_1_7
119_1_0,22200,18,Before Onboard,1_0_5
119_1_0,22200,0,After Onboard,1_0_5
216_2_1,22200,14,Before Onboard,2_1_9
216_2_1,22200,0,After Onboard,2_1_9
113_1_0,22200,14,Before Onboard,1_0_7
113_1_0,22200,0,After Onboard,1_0_7
208_3_1,22200,5,Before Onboard,3_1_3
208_3_1,22200,0,After Onboard,3_1_3
918_4_1,22200,0,When Arrival,4_1_6
925_4_0,22200,14,Before Onboard,4_0_4
925_4_0,22200,0,After Onboard,4_0_4
922_4_0,22200,0,When Arrival,4_0_5
116_1_1,22200,1,When Arrival,1_1_7
110_1_1,22200,18,Before Onboard,1_1_5
110_1_1,22200,0,After Onboard,1_1_5
110_1_0,22230,2,Before Onboard,1_0_8
110_1_0,22230,0,After Onboard,1_0_8
213_2_1,22230,20,Before Onboard,2_1_8
213_2_1,22230,0,After Onboard,2_1_8
113_2_0,22230,3,Before Onboard,2_0_6
113_2_0,22230,0,After Onboard,2_0_6
122_1_0,22230,0,When Arrival,1_0_4
208_3_0,22230,1,When Arrival,3_0_8
113_1_1,22230,8,Before Onboard,1_1_6
113_1_1,22230,0,After Onboard,1_1_6
119_1_1,22230,0,Before Onboard,1_1_8
119_1_1,22230,0,After Onboard,1_1_8
105_1_0,22230,0,When Arrival,1_0_10
918_4_1,22260,18,Before Onboard,4_1_6
918_4_1,22260,0,After Onboard,4_1_6
922_4_0,22260,20,Before Onboard,4_0_5
922_4_0,22260,0,After Onboard,4_0_5
922_4_1,22260,0,When Arrival,4_1_7
108_1_0,22260,1,When Arrival,1_0_9
305_3_0,22260,3,When Arrival,3_0_9
204_2_1,22260,0,When Arrival,2_1_5
918_4_0,22260,0,When Arrival,4_0_6
105_3_1,22260,0,When Arrival,3_1_1
103_1_0,22260,0,When Arrival,1_0_11
204_2_0,22260,17,Before Onboard,2_0_9
204_2_0,22260,0,After Onboard,2_0_9
116_1_1,22260,4,Before Onboard,1_1_7
116_1_1,22260,0,After Onboard,1_1_7
213_2_0,22290,0,When Arrival,2_0_6
105_1_0,22290,1,Before Onboard,1_0_10
105_1_0,22290,0,After Onboard,1_0_10
111_1_0,22290,0,When Arrival,1_0_8
113_2_1,22290,0,When Arrival,2_1_8
208_3_0,22290,5,Before Onboard,3_0_8
208_3_0,22290,0,After Onboard,3_0_8
316_3_1,22290,0,When Arrival,3_1_6
310_3_1,22290,0,When Arrival,3_1_4
122_1_0,22290,12,Before Onboard,1_0_4
122_1_0,22290,0,After Onboard,1_0_4
116_3_1,22320,0,When Arrival,3_1_5
105_3_1,22320,1,Before Onboard,3_1_1
105_3_1,22320,0,After Onboard,3_1_1
926_4_0,22320,0,When Arrival,4_0_4
925_4_1,22320,0,When Arrival,4_1_8
216_2_0,22320,0,When Arrival,2_0_5
918_4_0,22320,0,Before Onboard,4_0_6
918_4_0,22320,0,After Onboard,4_0_6
210_2_0,22320,0,When Arrival,2_0_7
922_4_1,22320,3,Before Onboard,4_1_7
922_4_1,22320,0,After Onboard,4_1_7
125_1_0,22320,0,When Arrival,1_0_3
325_3_1,22320,0,When Arrival,3_1_9
305_3_0,22320,12,Before Onboard,3_0_9
305_3_0,22320,0,After Onboard,3_0_9
108_1_0,22320,8,Before Onboard,1_0_9
108_1_0,22320,0,After Onboard,1_0_9
329_3_0,22320,9,Before Onboard,3_0_1
329_3_0,22320,0,After Onboard,3_0_1
204_2_1,22320,3,Before Onboard,2_1_5
204_2_1,22320,0,After Onboard,2_1_5
103_1_0,22320,6,Before Onboard,1_0_11
103_1_0,22320,0,After Onboard,1_0_11
213_2_0,22350,8,Before Onboard,2_0_6
213_2_0,22350,0,After Onboard,2_0_6
219_2_0,22350,0,When Arrival,2_0_4
111_1_0,22350,7,Before Onboard,1_0_8
111_1_0,22350,0,After Onboard,1_0_8
310_3_1,22350,12,Before Onboard,3_1_4
310_3_1,22350,0,After Onboard,3_1_4
303_3_1,22350,0,When Arrival,3_1_2
321_3_0,22350,0,When Arrival,3_0_4
128_1_1,22350,10,Before Onboard,1_1_12
128_1_1,22350,0,After Onboard,1_1_12
113_2_1,22350,6,Before Onboard,2_1_8
113_2_1,22350,0,After Onboard,2_1_8
101_1_0,22350,15,Before Onboard,1_0_12
101_1_0,22350,0,After Onboard,1_0_12
128_1_0,22350,0,When Arrival,1_0_2
316_3_1,22350,9,Before Onboard,3_1_6
316_3_1,22350,0,After Onboard,3_1_6
101_1_1,22350,0,When Arrival,1_1_2
925_4_1,22380,9,Before Onboard,4_1_8
925_4_1,22380,0,After Onboard,4_1_8
921_4_1,22380,0,When Arrival,4_1_7
116_3_1,22380,7,Before Onboard,3_1_5
116_3_1,22380,0,After Onboard,3_1_5
108_4_1,22380,1,When Arrival,4_1_6
909_4_0,22380,10,Before Onboard,4_0_9
909_4_0,22380,0,After Onboard,4_0_9
125_1_0,22380,12,Before Onboard,1_0_3
125_1_0,22380,0,After Onboard,1_0_3
325_3_1,22380,9,Before Onboard,3_1_9
325_3_1,22380,0,After Onboard,3_1_9
125_1_1,22380,0,When Arrival,1_1_11
928_4_1,22380,10,Before Onboard,4_1_9
928_4_1,22380,0,After Onboard,4_1_9
216_2_0,22380,6,Before Onboard,2_0_5
216_2_0,22380,0,After Onboard,2_0_5
210_2_0,22380,10,Before Onboard,2_0_7
210_2_0,22380,0,After Onboard,2_0_7
919_4_0,22380,0,When Arrival,4_0_6
926_4_0,22380,7,Before Onboard,4_0_4
926_4_0,22380,0,After Onboard,4_0_4
202_2_1,22410,10,Before Onboard,2_1_4
202_2_1,22410,0,After Onboard,2_1_4
111_1_1,22410,0,When Arrival,1_1_6
128_1_0,22410,3,Before Onboard,1_0_2
128_1_0,22410,0,After Onboard,1_0_2
321_3_0,22410,12,Before Onboard,3_0_4
321_3_0,22410,0,After Onboard,3_0_4
101_1_1,22410,3,Before Onboard,1_1_2
101_1_1,22410,0,After Onboard,1_1_2
208_2_0,22410,1,When Arrival,2_0_8
303_3_1,22410,22,Before Onboard,3_1_2
303_3_1,22410,0,After Onboard,3_1_2
219_2_0,22410,13,Before Onboard,2_0_4
219_2_0,22410,0,After Onboard,2_0_4
206_2_1,22410,0,When Arrival,2_1_6
919_4_0,22440,8,Before Onboard,4_0_6
919_4_0,22440,0,After Onboard,4_0_6
913_4_1,22440,0,When Arrival,4_1_5
921_4_1,22440,14,Before Onboard,4_1_7
921_4_1,22440,0,After Onboard,4_1_7
214_2_1,22440,0,When Arrival,2_1_9
125_1_1,22440,6,Before Onboard,1_1_11
125_1_1,22440,0,After Onboard,1_1_11
103_1_1,22440,0,When Arrival,1_1_3
108_4_1,22440,4,Before Onboard,4_1_6
108_4_1,22440,0,After Onboard,4_1_6
108_1_1,22440,5,When Arrival,1_1_5
214_2_0,22470,0,When Arrival,2_0_6
105_1_1,22470,2,When Arrival,1_1_4
208_2_0,22470,7,Before Onboard,2_0_8
208_2_0,22470,0,After Onboard,2_0_8
206_2_1,22470,10,Before Onboard,2_1_6
206_2_1,22470,0,After Onboard,2_1_6
111_1_1,22470,7,Before Onboard,1_1_6
111_1_1,22470,0,After Onboard,1_1_6
122_1_1,22470,0,When Arrival,1_1_10
303_3_0,22470,0,When Arrival,3_0_10
321_3_1,22470,0,When Arrival,3_1_8
208_2_1,22500,2,When Arrival,2_1_7
103_1_1,22500,5,Before Onboard,1_1_3
103_1_1,22500,0,After Onboard,1_1_3
108_1_1,22500,7,Before Onboard,1_1_5
108_1_1,22500,0,After Onboard,1_1_5
305_4_1,22500,0,When Arrival,4_1_6
305_4_0,22500,4,When Arrival,4_0_7
214_2_1,22500,17,Before Onboard,2_1_9
214_2_1,22500,0,After Onboard,2_1_9
913_4_1,22500,16,Before Onboard,4_1_5
913_4_1,22500,0,After Onboard,4_1_5
206_2_0,22500,0,When Arrival,2_0_9
116_1_0,22500,1,When Arrival,1_0_7
325_3_0,22500,0,When Arrival,3_0_3
116_3_0,22500,5,When Arrival,3_0_7
119_1_0,22530,0,When Arrival,1_0_6
113_1_0,22530,21,When Arrival,1_0_8
303_3_0,22530,4,Before Onboard,3_0_10
303_3_0,22530,0,After Onboard,3_0_10
321_3_1,22530,7,Before Onboard,3_1_8
321_3_1,22530,0,After Onboard,3_1_8
105_1_1,22530,14,Before Onboard,1_1_4
105_1_1,22530,0,After Onboard,1_1_4
310_3_0,22530,0,When Arrival,3_0_8
316_3_0,22530,0,When Arrival,3_0_6
110_1_1,22530,0,When Arrival,1_1_6
214_2_0,22530,1,Before Onboard,2_0_6
214_2_0,22530,0,After Onboard,2_0_6
122_1_1,22530,16,Before Onboard,1_1_10
122_1_1,22530,0,After Onboard,1_1_10
329_3_1,22560,11,Before Onboard,3_1_11
329_3_1,22560,0,After Onboard,3_1_11
913_4_0,22560,0,When Arrival,4_0_8
116_1_0,22560,18,Before Onboard,1_0_7
116_1_0,22560,0,After Onboard,1_0_7
116_3_0,22560,5,Before Onboard,3_0_7
116_3_0,22560,0,After Onboard,3_0_7
206_2_0,22560,1,Before Onboard,2_0_9
206_2_0,22560,0,After Onboard,2_0_9
202_2_0,22560,5,Before Onboard,2_0_11
202_2_0,22560,0,After Onboard,2_0_11
305_4_1,22560,12,Before Onboard,4_1_6
305_4_1,22560,0,After Onboard,4_1_6
305_3_1,22560,1,When Arrival,3_1_3
305_4_0,22560,9,Before Onboard,4_0_7
305_4_0,22560,0,After Onboard,4_0_7
113_1_1,22560,26,When Arrival,1_1_7
105_3_0,22560,6,Before Onboard,3_0_11
105_3_0,22560,0,After Onboard,3_0_11
219_2_1,22560,7,Before Onboard,2_1_11
219_2_1,22560,0,After Onboard,2_1_11
110_1_0,22560,0,When Arrival,1_0_9
325_3_0,22560,5,Before Onboard,3_0_3
325_3_0,22560,0,After Onboard,3_0_3
208_2_1,22560,7,Before Onboard,2_1_7
208_2_1,22560,0,After Onboard,2_1_7
119_1_1,22560,0,When Arrival,1_1_9
110_1_1,22590,14,Before Onboard,1_1_6
110_1_1,22590,0,After Onboard,1_1_6
116_1_1,22590,5,When Arrival,1_1_8
316_3_0,22590,11,Before Onboard,3_0_6
316_3_0,22590,0,After Onboard,3_0_6
310_3_0,22590,10,Before Onboard,3_0_8
310_3_0,22590,0,After Onboard,3_0_8
208_3_1,22590,8,When Arrival,3_1_4
216_2_1,22590,0,When Arrival,2_1_10
210_2_1,22590,0,When Arrival,2_1_8
113_1_0,22590,27,Before Onboard,1_0_8
113_1_0,22590,0,After Onboard,1_0_8
119_1_0,22590,8,Before Onboard,1_0_6
119_1_0,22590,0,After Onboard,1_0_6
913_4_0,22620,3,Before Onboard,4_0_8
913_4_0,22620,0,After Onboard,4_0_8
909_4_1,22620,0,When Arrival,4_1_4
113_2_0,22620,4,When Arrival,2_0_7
919_4_1,22620,0,When Arrival,4_1_7
213_2_1,22620,0,When Arrival,2_1_9
928_4_0,22620,0,When Arrival,4_0_4
105_1_0,22620,0,When Arrival,1_0_11
921_4_0,22620,0,When Arrival,4_0_6
108_4_0,22620,4,When Arrival,4_0_7
305_3_1,22620,5,Before Onboard,3_1_3
305_3_1,22620,0,After Onboard,3_1_3
122_1_0,22620,0,When Arrival,1_0_5
113_1_1,22620,31,Before Onboard,1_1_7
113_1_1,22620,0,After Onboard,1_1_7
119_1_1,22620,0,Before Onboard,1_1_9
119_1_1,22620,0,After Onboard,1_1_9
110_1_0,22620,0,Before Onboard,1_0_9
110_1_0,22620,0,After Onboard,1_0_9
204_2_0,22650,0,When Arrival,2_0_10
108_1_0,22650,22,When Arrival,1_0_10
116_1_1,22650,8,Before Onboard,1_1_8
116_1_1,22650,0,After Onboard,1_1_8
210_2_1,22650,14,Before Onboard,2_1_8
210_2_1,22650,0,After Onboard,2_1_8
216_2_1,22650,12,Before Onboard,2_1_10
216_2_1,22650,0,After Onboard,2_1_10
103_1_0,22650,0,When Arrival,1_0_12
208_3_1,22650,11,Before Onboard,3_1_4
208_3_1,22650,0,After Onboard,3_1_4
122_1_0,22680,9,Before Onboard,1_0_5
122_1_0,22680,0,After Onboard,1_0_5
909_4_1,22680,9,Before Onboard,4_1_4
909_4_1,22680,0,After Onboard,4_1_4
108_4_0,22680,13,Before Onboard,4_0_7
108_4_0,22680,0,After Onboard,4_0_7
208_3_0,22680,4,When Arrival,3_0_9
111_1_0,22680,0,When Arrival,1_0_9
926_4_1,22680,0,When Arrival,4_1_9
919_4_1,22680,12,Before Onboard,4_1_7
919_4_1,22680,0,After Onboard,4_1_7
925_4_0,22680,0,When Arrival,4_0_5
113_2_0,22680,7,Before Onboard,2_0_7
113_2_0,22680,0,After Onboard,2_0_7
928_4_0,22680,5,Before Onboard,4_0_4
928_4_0,22680,0,After Onboard,4_0_4
213_2_1,22680,10,Before Onboard,2_1_9
213_2_1,22680,0,After Onboard,2_1_9
105_1_0,22680,6,Before Onboard,1_0_11
105_1_0,22680,0,After Onboard,1_0_11
921_4_0,22680,5,Before Onboard,4_0_6
921_4_0,22680,0,After Onboard,4_0_6
329_3_0,22710,0,When Arrival,3_0_2
108_1_0,22710,25,Before Onboard,1_0_10
108_1_0,22710,0,After Onboard,1_0_10
204_2_0,22710,20,Before Onboard,2_0_10
204_2_0,22710,0,After Onboard,2_0_10
204_2_1,22710,0,When Arrival,2_1_6
125_1_0,22710,0,When Arrival,1_0_4
105_3_1,22710,0,When Arrival,3_1_2
103_1_0,22710,5,Before Onboard,1_0_12
103_1_0,22710,0,After Onboard,1_0_12
305_3_0,22710,9,When Arrival,3_0_10
101_1_0,22740,12,Before Onboard,1_0_13
101_1_0,22740,0,After Onboard,1_0_13
213_2_0,22740,0,When Arrival,2_0_7
918_4_1,22740,0,When Arrival,4_1_7
128_1_1,22740,9,Before Onboard,1_1_13
128_1_1,22740,0,After Onboard,1_1_13
310_3_1,22740,0,When Arrival,3_1_5
316_3_1,22740,0,When Arrival,3_1_7
113_2_1,22740,1,When Arrival,2_1_9
926_4_1,22740,14,Before Onboard,4_1_9
926_4_1,22740,0,After Onboard,4_1_9
925_4_0,22740,15,Before Onboard,4_0_5
925_4_0,22740,0,After Onboard,4_0_5
922_4_0,22740,0,When Arrival,4_0_6
128_1_0,22740,0,When Arrival,1_0_3
208_3_0,22740,7,Before Onboard,3_0_9
208_3_0,22740,0,After Onboard,3_0_9
101_1_1,22740,0,When Arrival,1_1_3
111_1_0,22740,12,Before Onboard,1_0_9
111_1_0,22740,0,After Onboard,1_0_9
329_3_0,22770,8,Before Onboard,3_0_2
329_3_0,22770,0,After Onboard,3_0_2
125_1_0,22770,8,Before Onboard,1_0_4
125_1_0,22770,0,After Onboard,1_0_4
305_3_0,22770,13,Before Onboard,3_0_10
305_3_0,22770,0,After Onboard,3_0_10
325_3_1,22770,0,When Arrival,3_1_10
105_3_1,22770,7,Before Onboard,3_1_2
105_3_1,22770,0,After Onboard,3_1_2
204_2_1,22770,0,Before Onboard,2_1_6
204_2_1,22770,0,After Onboard,2_1_6
216_2_0,22770,0,When Arrival,2_0_6
125_1_1,22770,0,When Arrival,1_1_12
210_2_0,22770,0,When Arrival,2_0_8
116_3_1,22770,1,When Arrival,3_1_6
213_2_0,22800,6,Before Onboard,2_0_7
213_2_0,22800,0,After Onboard,2_0_7
922_4_1,22800,0,When Arrival,4_1_8
219_2_0,22800,0,When Arrival,2_0_5
303_3_1,22800,0,When Arrival,3_1_3
922_4_0,22800,18,Before Onboard,4_0_6
922_4_0,22800,0,After Onboard,4_0_6
316_3_1,22800,9,Before Onboard,3_1_7
316_3_1,22800,0,After Onboard,3_1_7
113_2_1,22800,3,Before Onboard,2_1_9
113_2_1,22800,0,After Onboard,2_1_9
310_3_1,22800,7,Before Onboard,3_1_5
310_3_1,22800,0,After Onboard,3_1_5
111_1_1,22800,0,When Arrival,1_1_7
321_3_0,22800,0,When Arrival,3_0_5
918_4_0,22800,0,When Arrival,4_0_7
202_2_1,22800,0,When Arrival,2_1_5
128_1_0,22800,2,Before Onboard,1_0_3
128_1_0,22800,0,After Onboard,1_0_3
101_1_1,22800,3,Before Onboard,1_1_3
101_1_1,22800,0,After Onboard,1_1_3
918_4_1,22800,16,Before Onboard,4_1_7
918_4_1,22800,0,After Onboard,4_1_7
103_1_1,22830,0,When Arrival,1_1_4
116_3_1,22830,14,Before Onboard,3_1_6
116_3_1,22830,0,After Onboard,3_1_6
108_1_1,22830,0,When Arrival,1_1_6
216_2_0,22830,4,Before Onboard,2_0_6
216_2_0,22830,0,After Onboard,2_0_6
210_2_0,22830,8,Before Onboard,2_0_8
210_2_0,22830,0,After Onboard,2_0_8
125_1_1,22830,3,Before Onboard,1_1_12
125_1_1,22830,0,After Onboard,1_1_12
325_3_1,22830,17,Before Onboard,3_1_10
325_3_1,22830,0,After Onboard,3_1_10
918_4_0,22860,1,Before Onboard,4_0_7
918_4_0,22860,0,After Onboard,4_0_7
925_4_1,22860,0,When Arrival,4_1_9
208_2_0,22860,1,When Arrival,2_0_9
219_2_0,22860,15,Before Onboard,2_0_5
219_2_0,22860,0,After Onboard,2_0_5
926_4_0,22860,0,When Arrival,4_0_5
922_4_1,22860,1,Before Onboard,4_1_8
922_4_1,22860,0,After Onboard,4_1_8
303_3_1,22860,12,Before Onboard,3_1_3
303_3_1,22860,0,After Onboard,3_1_3
206_2_1,22860,0,When Arrival,2_1_7
321_3_0,22860,10,Before Onboard,3_0_5
321_3_0,22860,0,After Onboard,3_0_5
111_1_1,22860,7,Before Onboard,1_1_7
111_1_1,22860,0,After Onboard,1_1_7
105_1_1,22860,2,When Arrival,1_1_5
202_2_1,22860,7,Before Onboard,2_1_5
202_2_1,22860,0,After Onboard,2_1_5
122_1_1,22860,0,When Arrival,1_1_11
214_2_1,22890,0,When Arrival,2_1_10
116_1_0,22890,1,When Arrival,1_0_8
103_1_1,22890,7,Before Onboard,1_1_4
103_1_1,22890,0,After Onboard,1_1_4
108_1_1,22890,8,Before Onboard,1_1_6
108_1_1,22890,0,After Onboard,1_1_6
119_1_0,22920,0,When Arrival,1_0_7
919_4_0,22920,0,When Arrival,4_0_7
321_3_1,22920,0,When Arrival,3_1_9
303_3_0,22920,0,When Arrival,3_0_11
110_1_1,22920,0,When Arrival,1_1_7
113_1_0,22920,19,When Arrival,1_0_9
122_1_1,22920,9,Before Onboard,1_1_11
122_1_1,22920,0,After Onboard,1_1_11
105_1_1,22920,8,Before Onboard,1_1_5
105_1_1,22920,0,After Onboard,1_1_5
925_4_1,22920,8,Before Onboard,4_1_9
925_4_1,22920,0,After Onboard,4_1_9
928_4_1,22920,7,Before Onboard,4_1_10
928_4_1,22920,0,After Onboard,4_1_10
926_4_0,22920,3,Before Onboard,4_0_5
926_4_0,22920,0,After Onboard,4_0_5
214_2_0,22920,0,When Arrival,2_0_7
108_4_1,22920,7,When Arrival,4_1_7
921_4_1,22920,0,When Arrival,4_1_8
208_2_0,22920,8,Before Onboard,2_0_9
208_2_0,22920,0,After Onboard,2_0_9
206_2_1,22920,10,Before Onboard,2_1_7
206_2_1,22920,0,After Onboard,2_1_7
909_4_0,22920,10,Before Onboard,4_0_10
909_4_0,22920,0,After Onboard,4_0_10
119_1_1,22950,0,When Arrival,1_1_10
325_3_0,22950,0,When Arrival,3_0_4
116_3_0,22950,13,When Arrival,3_0_8
110_1_0,22950,0,When Arrival,1_0_10
113_1_1,22950,20,When Arrival,1_1_8
116_1_0,22950,5,Before Onboard,1_0_8
116_1_0,22950,0,After Onboard,1_0_8
206_2_0,22950,0,When Arrival,2_0_10
208_2_1,22950,6,When Arrival,2_1_8
214_2_1,22950,23,Before Onboard,2_1_10
214_2_1,22950,0,After Onboard,2_1_10
119_1_0,22980,10,Before Onboard,1_0_7
119_1_0,22980,0,After Onboard,1_0_7
321_3_1,22980,4,Before Onboard,3_1_9
321_3_1,22980,0,After Onboard,3_1_9
919_4_0,22980,12,Before Onboard,4_0_7
919_4_0,22980,0,After Onboard,4_0_7
310_3_0,22980,0,When Arrival,3_0_9
116_1_1,22980,6,When Arrival,1_1_9
110_1_1,22980,9,Before Onboard,1_1_7
110_1_1,22980,0,After Onboard,1_1_7
303_3_0,22980,2,Before Onboard,3_0_11
303_3_0,22980,0,After Onboard,3_0_11
316_3_0,22980,0,When Arrival,3_0_7
113_1_0,22980,29,Before Onboard,1_0_9
113_1_0,22980,0,After Onboard,1_0_9
214_2_0,22980,2,Before Onboard,2_0_7
214_2_0,22980,0,After Onboard,2_0_7
108_4_1,22980,8,Before Onboard,4_1_7
108_4_1,22980,0,After Onboard,4_1_7
913_4_1,22980,0,When Arrival,4_1_6
921_4_1,22980,12,Before Onboard,4_1_8
921_4_1,22980,0,After Onboard,4_1_8
329_3_1,23010,11,Before Onboard,3_1_12
329_3_1,23010,0,After Onboard,3_1_12
110_1_0,23010,0,Before Onboard,1_0_10
110_1_0,23010,0,After Onboard,1_0_10
305_3_1,23010,0,When Arrival,3_1_4
325_3_0,23010,7,Before Onboard,3_0_4
325_3_0,23010,0,After Onboard,3_0_4
105_3_0,23010,5,Before Onboard,3_0_12
105_3_0,23010,0,After Onboard,3_0_12
206_2_0,23010,4,Before Onboard,2_0_10
206_2_0,23010,0,After Onboard,2_0_10
208_2_1,23010,8,Before Onboard,2_1_8
208_2_1,23010,0,After Onboard,2_1_8
116_3_0,23010,15,Before Onboard,3_0_8
116_3_0,23010,0,After Onboard,3_0_8
219_2_1,23010,4,Before Onboard,2_1_12
219_2_1,23010,0,After Onboard,2_1_12
202_2_0,23010,12,Before Onboard,2_0_12
202_2_0,23010,0,After Onboard,2_0_12
119_1_1,23010,0,Before Onboard,1_1_10
119_1_1,23010,0,After Onboard,1_1_10
105_1_0,23010,0,When Arrival,1_0_12
122_1_0,23010,0,When Arrival,1_0_6
113_1_1,23010,20,Before Onboard,1_1_8
113_1_1,23010,0,After Onboard,1_1_8
108_1_0,23040,33,When Arrival,1_0_11
116_1_1,23040,8,Before Onboard,1_1_9
116_1_1,23040,0,After Onboard,1_1_9
208_3_1,23040,15,When Arrival,3_1_5
103_1_0,23040,0,When Arrival,1_0_13
316_3_0,23040,6,Before Onboard,3_0_7
316_3_0,23040,0,After Onboard,3_0_7
305_4_1,23040,5,When Arrival,4_1_7
210_2_1,23040,0,When Arrival,2_1_9
913_4_1,23040,19,Before Onboard,4_1_6
913_4_1,23040,0,After Onboard,4_1_6
216_2_1,23040,0,When Arrival,2_1_11
310_3_0,23040,12,Before Onboard,3_0_9
310_3_0,23040,0,After Onboard,3_0_9
305_4_0,23040,7,When Arrival,4_0_8
305_3_1,23070,13,Before Onboard,3_1_4
305_3_1,23070,0,After Onboard,3_1_4
113_2_0,23070,6,When Arrival,2_0_8
213_2_1,23070,0,When Arrival,2_1_10
122_1_0,23070,6,Before Onboard,1_0_6
122_1_0,23070,0,After Onboard,1_0_6
111_1_0,23070,0,When Arrival,1_0_10
105_1_0,23070,4,Before Onboard,1_0_12
105_1_0,23070,0,After Onboard,1_0_12
103_1_0,23100,10,Before Onboard,1_0_13
103_1_0,23100,0,After Onboard,1_0_13
305_4_1,23100,5,Before Onboard,4_1_7
305_4_1,23100,0,After Onboard,4_1_7
204_2_0,23100,0,When Arrival,2_0_11
108_1_0,23100,39,Before Onboard,1_0_11
108_1_0,23100,0,After Onboard,1_0_11
208_3_1,23100,15,Before Onboard,3_1_5
208_3_1,23100,0,After Onboard,3_1_5
210_2_1,23100,10,Before Onboard,2_1_9
210_2_1,23100,0,After Onboard,2_1_9
305_4_0,23100,7,Before Onboard,4_0_8
305_4_0,23100,0,After Onboard,4_0_8
125_1_0,23100,0,When Arrival,1_0_5
216_2_1,23100,15,Before Onboard,2_1_11
216_2_1,23100,0,After Onboard,2_1_11
913_4_0,23100,0,When Arrival,4_0_9
101_1_0,23130,21,Before Onboard,1_0_14
101_1_0,23130,0,After Onboard,1_0_14
128_1_1,23130,11,Before Onboard,1_1_14
128_1_1,23130,0,After Onboard,1_1_14
213_2_1,23130,7,Before Onboard,2_1_10
213_2_1,23130,0,After Onboard,2_1_10
101_1_1,23130,0,When Arrival,1_1_4
111_1_0,23130,11,Before Onboard,1_0_10
111_1_0,23130,0,After Onboard,1_0_10
113_2_0,23130,16,Before Onboard,2_0_8
113_2_0,23130,0,After Onboard,2_0_8
208_3_0,23130,7,When Arrival,3_0_10
128_1_0,23130,0,When Arrival,1_0_4
108_4_0,23160,10,When Arrival,4_0_8
921_4_0,23160,0,When Arrival,4_0_7
125_1_0,23160,15,Before Onboard,1_0_5
125_1_0,23160,0,After Onboard,1_0_5
204_2_0,23160,14,Before Onboard,2_0_11
204_2_0,23160,0,After Onboard,2_0_11
919_4_1,23160,0,When Arrival,4_1_8
105_3_1,23160,0,When Arrival,3_1_3
909_4_1,23160,0,When Arrival,4_1_5
204_2_1,23160,0,When Arrival,2_1_7
928_4_0,23160,0,When Arrival,4_0_5
125_1_1,23160,0,When Arrival,1_1_13
329_3_0,23160,0,When Arrival,3_0_3
305_3_0,23160,5,When Arrival,3_0_11
913_4_0,23160,6,Before Onboard,4_0_9
913_4_0,23160,0,After Onboard,4_0_9
111_1_1,23190,0,When Arrival,1_1_8
213_2_0,23190,0,When Arrival,2_0_8
101_1_1,23190,2,Before Onboard,1_1_4
101_1_1,23190,0,After Onboard,1_1_4
128_1_0,23190,4,Before Onboard,1_0_4
128_1_0,23190,0,After Onboard,1_0_4
310_3_1,23190,0,When Arrival,3_1_6
208_3_0,23190,12,Before Onboard,3_0_10
208_3_0,23190,0,After Onboard,3_0_10
113_2_1,23190,0,When Arrival,2_1_10
316_3_1,23190,0,When Arrival,3_1_8
103_1_1,23220,0,When Arrival,1_1_5
108_1_1,23220,6,When Arrival,1_1_7
928_4_0,23220,10,Before Onboard,4_0_5
928_4_0,23220,0,After Onboard,4_0_5
926_4_1,23220,0,When Arrival,4_1_10
105_3_1,23220,5,Before Onboard,3_1_3
105_3_1,23220,0,After Onboard,3_1_3
305_3_0,23220,12,Before Onboard,3_0_11
305_3_0,23220,0,After Onboard,3_0_11
108_4_0,23220,31,Before Onboard,4_0_8
108_4_0,23220,0,After Onboard,4_0_8
204_2_1,23220,5,Before Onboard,2_1_7
204_2_1,23220,0,After Onboard,2_1_7
216_2_0,23220,0,When Arrival,2_0_7
909_4_1,23220,11,Before Onboard,4_1_5
909_4_1,23220,0,After Onboard,4_1_5
329_3_0,23220,6,Before Onboard,3_0_3
329_3_0,23220,0,After Onboard,3_0_3
919_4_1,23220,8,Before Onboard,4_1_8
919_4_1,23220,0,After Onboard,4_1_8
210_2_0,23220,0,When Arrival,2_0_9
125_1_1,23220,4,Before Onboard,1_1_13
125_1_1,23220,0,After Onboard,1_1_13
116_3_1,23220,4,When Arrival,3_1_7
921_4_0,23220,12,Before Onboard,4_0_7
921_4_0,23220,0,After Onboard,4_0_7
325_3_1,23220,0,When Arrival,3_1_11
925_4_0,23220,0,When Arrival,4_0_6
303_3_1,23250,0,When Arrival,3_1_4
113_2_1,23250,7,Before Onboard,2_1_10
113_2_1,23250,0,After Onboard,2_1_10
122_1_1,23250,0,When Arrival,1_1_12
219_2_0,23250,0,When Arrival,2_0_6
213_2_0,23250,4,Before Onboard,2_0_8
213_2_0,23250,0,After Onboard,2_0_8
105_1_1,23250,2,When Arrival,1_1_6
321_3_0,23250,0,When Arrival,3_0_6
316_3_1,23250,7,Before Onboard,3_1_8
316_3_1,23250,0,After Onboard,3_1_8
310_3_1,23250,9,Before Onboard,3_1_6
310_3_1,23250,0,After Onboard,3_1_6
111_1_1,23250,6,Before Onboard,1_1_8
111_1_1,23250,0,After Onboard,1_1_8
202_2_1,23250,0,When Arrival,2_1_6
116_3_1,23280,12,Before Onboard,3_1_7
116_3_1,23280,0,After Onboard,3_1_7
926_4_1,23280,20,Before Onboard,4_1_10
926_4_1,23280,0,After Onboard,4_1_10
918_4_1,23280,0,When Arrival,4_1_8
216_2_0,23280,13,Before Onboard,2_0_7
216_2_0,23280,0,After Onboard,2_0_7
116_1_0,23280,2,When Arrival,1_0_9
210_2_0,23280,8,Before Onboard,2_0_9
210_2_0,23280,0,After Onboard,2_0_9
925_4_0,23280,15,Before Onboard,4_0_6
925_4_0,23280,0,After Onboard,4_0_6
922_4_0,23280,0,When Arrival,4_0_7
103_1_1,23280,6,Before Onboard,1_1_5
103_1_1,23280,0,After Onboard,1_1_5
325_3_1,23280,10,Before Onboard,3_1_11
325_3_1,23280,0,After Onboard,3_1_11
108_1_1,23280,8,Before Onboard,1_1_7
108_1_1,23280,0,After Onboard,1_1_7
105_1_1,23310,3,Before Onboard,1_1_6
105_1_1,23310,0,After Onboard,1_1_6
303_3_1,23310,19,Before Onboard,3_1_4
303_3_1,23310,0,After Onboard,3_1_4
113_1_0,23310,20,When Arrival,1_0_10
202_2_1,23310,17,Before Onboard,2_1_6
202_2_1,23310,0,After Onboard,2_1_6
208_2_0,23310,3,When Arrival,2_0_10
119_1_0,23310,0,When Arrival,1_0_8
206_2_1,23310,0,When Arrival,2_1_8
321_3_0,23310,8,Before Onboard,3_0_6
321_3_0,23310,0,After Onboard,3_0_6
110_1_1,23310,0,When Arrival,1_1_8
122_1_1,23310,6,Before Onboard,1_1_12
122_1_1,23310,0,After Onboard,1_1_12
219_2_0,23310,18,Before Onboard,2_0_6
219_2_0,23310,0,After Onboard,2_0_6
918_4_0,23340,0,When Arrival,4_0_8
110_1_0,23340,0,When Arrival,1_0_11
922_4_0,23340,18,Before Onboard,4_0_7
922_4_0,23340,0,After Onboard,4_0_7
922_4_1,23340,0,When Arrival,4_1_9
113_1_1,23340,22,When Arrival,1_1_9
918_4_1,23340,20,Before Onboard,4_1_8
918_4_1,23340,0,After Onboard,4_1_8
214_2_1,23340,0,When Arrival,2_1_11
116_1_0,23340,2,Before Onboard,1_0_9
116_1_0,23340,0,After Onboard,1_0_9
119_1_1,23340,0,When Arrival,1_1_11
303_3_0,23370,0,When Arrival,3_0_12
214_2_0,23370,0,When Arrival,2_0_8
206_2_1,23370,7,Before Onboard,2_1_8
206_2_1,23370,0,After Onboard,2_1_8
119_1_0,23370,18,Before Onboard,1_0_8
119_1_0,23370,0,After Onboard,1_0_8
208_2_0,23370,8,Before Onboard,2_0_10
208_2_0,23370,0,After Onboard,2_0_10
321_3_1,23370,0,When Arrival,3_1_10
113_1_0,23370,22,Before Onboard,1_0_10
113_1_0,23370,0,After Onboard,1_0_10
116_1_1,23370,12,When Arrival,1_1_10
110_1_1,23370,16,Before Onboard,1_1_8
110_1_1,23370,0,After Onboard,1_1_8
922_4_1,23400,3,Before Onboard,4_1_9
922_4_1,23400,0,After Onboard,4_1_9
113_1_1,23400,22,Before Onboard,1_1_9
113_1_1,23400,0,After Onboard,1_1_9
119_1_1,23400,2,Before Onboard,1_1_11
119_1_1,23400,0,After Onboard,1_1_11
206_2_0,23400,0,When Arrival,2_0_11
110_1_0,23400,0,Before Onboard,1_0_11
110_1_0,23400,0,After Onboard,1_0_11
105_1_0,23400,0,When Arrival,1_0_13
116_3_0,23400,13,When Arrival,3_0_9
918_4_0,23400,2,Before Onboard,4_0_8
918_4_0,23400,0,After Onboard,4_0_8
122_1_0,23400,0,When Arrival,1_0_7
214_2_1,23400,19,Before Onboard,2_1_11
214_2_1,23400,0,After Onboard,2_1_11
926_4_0,23400,0,When Arrival,4_0_6
925_4_1,23400,0,When Arrival,4_1_10
208_2_1,23400,6,When Arrival,2_1_9
325_3_0,23400,0,When Arrival,3_0_5
116_1_1,23430,17,Before Onboard,1_1_10
116_1_1,23430,0,After Onboard,1_1_10
303_3_0,23430,4,Before Onboard,3_0_12
303_3_0,23430,0,After Onboard,3_0_12
108_1_0,23430,6,When Arrival,1_0_12
214_2_0,23430,0,Before Onboard,2_0_8
214_2_0,23430,0,After Onboard,2_0_8
310_3_0,23430,0,When Arrival,3_0_10
316_3_0,23430,0,When Arrival,3_0_8
321_3_1,23430,7,Before Onboard,3_1_10
321_3_1,23430,0,After Onboard,3_1_10
103_1_0,23430,0,When Arrival,1_0_14
116_3_0,23460,14,Before Onboard,3_0_9
116_3_0,23460,0,After Onboard,3_0_9
919_4_0,23460,0,When Arrival,4_0_8
111_1_0,23460,0,When Arrival,1_0_11
122_1_0,23460,5,Before Onboard,1_0_7
122_1_0,23460,0,After Onboard,1_0_7
928_4_1,23460,15,Before Onboard,4_1_11
928_4_1,23460,0,After Onboard,4_1_11
926_4_0,23460,3,Before Onboard,4_0_6
926_4_0,23460,0,After Onboard,4_0_6
105_3_0,23460,11,Before Onboard,3_0_13
105_3_0,23460,0,After Onboard,3_0_13
325_3_0,23460,9,Before Onboard,3_0_5
325_3_0,23460,0,After Onboard,3_0_5
208_2_1,23460,8,Before Onboard,2_1_9
208_2_1,23460,0,After Onboard,2_1_9
925_4_1,23460,4,Before Onboard,4_1_10
925_4_1,23460,0,After Onboard,4_1_10
219_2_1,23460,7,Before Onboard,2_1_13
219_2_1,23460,0,After Onboard,2_1_13
105_1_0,23460,0,Before Onboard,1_0_13
105_1_0,23460,0,After Onboard,1_0_13
108_4_1,23460,14,When Arrival,4_1_8
202_2_0,23460,6,Before Onboard,2_0_13
202_2_0,23460,0,After Onboard,2_0_13
921_4_1,23460,0,When Arrival,4_1_9
329_3_1,23460,9,Before Onboard,3_1_13
329_3_1,23460,0,After Onboard,3_1_13
305_3_1,23460,0,When Arrival,3_1_5
206_2_0,23460,4,Before Onboard,2_0_11
206_2_0,23460,0,After Onboard,2_0_11
909_4_0,23460,9,Before Onboard,4_0_11
909_4_0,23460,0,After Onboard,4_0_11
103_1_0,23490,6,Before Onboard,1_0_14
103_1_0,23490,0,After Onboard,1_0_14
125_1_0,23490,0,When Arrival,1_0_6
310_3_0,23490,8,Before Onboard,3_0_10
310_3_0,23490,0,After Onboard,3_0_10
208_3_1,23490,11,When Arrival,3_1_6
316_3_0,23490,7,Before Onboard,3_0_8
316_3_0,23490,0,After Onboard,3_0_8
108_1_0,23490,41,Before Onboard,1_0_12
108_1_0,23490,0,After Onboard,1_0_12
216_2_1,23490,0,When Arrival,2_1_12
210_2_1,23490,0,When Arrival,2_1_10
213_2_1,23520,0,When Arrival,2_1_11
101_1_0,23520,11,Before Onboard,1_0_15
101_1_0,23520,0,After Onboard,1_0_15
113_2_0,23520,13,When Arrival,2_0_9
913_4_1,23520,0,When Arrival,4_1_7
108_4_1,23520,15,Before Onboard,4_1_8
108_4_1,23520,0,After Onboard,4_1_8
128_1_1,23520,9,Before Onboard,1_1_15
128_1_1,23520,0,After Onboard,1_1_15
921_4_1,23520,12,Before Onboard,4_1_9
921_4_1,23520,0,After Onboard,4_1_9
101_1_1,23520,0,When Arrival,1_1_5
919_4_0,23520,10,Before Onboard,4_0_8
919_4_0,23520,0,After Onboard,4_0_8
111_1_0,23520,7,Before Onboard,1_0_11
111_1_0,23520,0,After Onboard,1_0_11
305_3_1,23520,13,Before Onboard,3_1_5
305_3_1,23520,0,After Onboard,3_1_5
128_1_0,23520,0,When Arrival,1_0_5
210_2_1,23550,8,Before Onboard,2_1_10
210_2_1,23550,0,After Onboard,2_1_10
204_2_0,23550,0,When Arrival,2_0_12
125_1_1,23550,0,When Arrival,1_1_14
216_2_1,23550,10,Before Onboard,2_1_12
216_2_1,23550,0,After Onboard,2_1_12
125_1_0,23550,11,Before Onboard,1_0_6
125_1_0,23550,0,After Onboard,1_0_6
208_3_1,23550,17,Before Onboard,3_1_6
208_3_1,23550,0,After Onboard,3_1_6
208_3_0,23580,9,When Arrival,3_0_11
305_4_1,23580,1,When Arrival,4_1_8
111_1_1,23580,0,When Arrival,1_1_9
305_4_0,23580,12,When Arrival,4_0_9
101_1_1,23580,4,Before Onboard,1_1_5
101_1_1,23580,0,After Onboard,1_1_5
128_1_0,23580,5,Before Onboard,1_0_5
128_1_0,23580,0,After Onboard,1_0_5
113_2_0,23580,24,Before Onboard,2_0_9
113_2_0,23580,0,After Onboard,2_0_9
913_4_1,23580,11,Before Onboard,4_1_7
913_4_1,23580,0,After Onboard,4_1_7
213_2_1,23580,13,Before Onboard,2_1_11
213_2_1,23580,0,After Onboard,2_1_11
204_2_1,23610,0,When Arrival,2_1_8
305_3_0,23610,18,When Arrival,3_0_12
204_2_0,23610,14,Before Onboard,2_0_12
204_2_0,23610,0,After Onboard,2_0_12
108_1_1,23610,4,When Arrival,1_1_8
125_1_1,23610,2,Before Onboard,1_1_14
125_1_1,23610,0,After Onboard,1_1_14
105_3_1,23610,0,When Arrival,3_1_4
329_3_0,23610,0,When Arrival,3_0_4
103_1_1,23610,0,When Arrival,1_1_6
105_1_1,23640,2,When Arrival,1_1_7
208_3_0,23640,12,Before Onboard,3_0_11
208_3_0,23640,0,After Onboard,3_0_11
913_4_0,23640,0,When Arrival,4_0_10
111_1_1,23640,3,Before Onboard,1_1_9
111_1_1,23640,0,After Onboard,1_1_9
305_4_1,23640,9,Before Onboard,4_1_8
305_4_1,23640,0,After Onboard,4_1_8
113_2_1,23640,2,When Arrival,2_1_11
122_1_1,23640,0,When Arrival,1_1_13
213_2_0,23640,0,When Arrival,2_0_9
310_3_1,23640,0,When Arrival,3_1_7
316_3_1,23640,0,When Arrival,3_1_9
305_4_0,23640,13,Before Onboard,4_0_9
305_4_0,23640,0,After Onboard,4_0_9
116_1_0,23670,5,When Arrival,1_0_10
325_3_1,23670,0,When Arrival,3_1_12
305_3_0,23670,19,Before Onboard,3_0_12
305_3_0,23670,0,After Onboard,3_0_12
116_3_1,23670,8,When Arrival,3_1_8
105_3_1,23670,9,Before Onboard,3_1_4
105_3_1,23670,0,After Onboard,3_1_4
108_1_1,23670,13,Before Onboard,1_1_8
108_1_1,23670,0,After Onboard,1_1_8
329_3_0,23670,8,Before Onboard,3_0_4
329_3_0,23670,0,After Onboard,3_0_4
216_2_0,23670,0,When Arrival,2_0_8
210_2_0,23670,0,When Arrival,2_0_10
103_1_1,23670,6,Before Onboard,1_1_6
103_1_1,23670,0,After Onboard,1_1_6
204_2_1,23670,2,Before Onboard,2_1_8
204_2_1,23670,0,After Onboard,2_1_8
909_4_1,23700,0,When Arrival,4_1_6
202_2_1,23700,0,When Arrival,2_1_7
213_2_0,23700,4,Before Onboard,2_0_9
213_2_0,23700,0,After Onboard,2_0_9
919_4_1,23700,0,When Arrival,4_1_9
110_1_1,23700,0,When Arrival,1_1_9
122_1_1,23700,12,Before Onboard,1_1_13
122_1_1,23700,0,After Onboard,1_1_13
113_2_1,23700,11,Before Onboard,2_1_11
113_2_1,23700,0,After Onboard,2_1_11
113_1_0,23700,19,When Arrival,1_0_11
321_3_0,23700,0,When Arrival,3_0_7
303_3_1,23700,0,When Arrival,3_1_5
310_3_1,23700,14,Before Onboard,3_1_7
310_3_1,23700,0,After Onboard,3_1_7
316_3_1,23700,6,Before Onboard,3_1_9
316_3_1,23700,0,After Onboard,3_1_9
921_4_0,23700,0,When Arrival,4_0_8
913_4_0,23700,9,Before Onboard,4_0_10
913_4_0,23700,0,After Onboard,4_0_10
928_4_0,23700,0,When Arrival,4_0_6
219_2_0,23700,0,When Arrival,2_0_7
105_1_1,23700,6,Before Onboard,1_1_7
105_1_1,23700,0,After Onboard,1_1_7
119_1_0,23700,0,When Arrival,1_0_9
108_4_0,23700,21,When Arrival,4_0_9
216_2_0,23730,8,Before Onboard,2_0_8
216_2_0,23730,0,After Onboard,2_0_8
210_2_0,23730,9,Before Onboard,2_0_10
210_2_0,23730,0,After Onboard,2_0_10
119_1_1,23730,0,When Arrival,1_1_12
110_1_0,23730,0,When Arrival,1_0_12
116_1_0,23730,15,Before Onboard,1_0_10
116_1_0,23730,0,After Onboard,1_0_10
116_3_1,23730,8,Before Onboard,3_1_8
116_3_1,23730,0,After Onboard,3_1_8
325_3_1,23730,13,Before Onboard,3_1_12
325_3_1,23730,0,After Onboard,3_1_12
113_1_1,23730,24,When Arrival,1_1_10
119_1_0,23760,18,Before Onboard,1_0_9
119_1_0,23760,0,After Onboard,1_0_9
208_2_0,23760,0,When Arrival,2_0_11
206_2_1,23760,0,When Arrival,2_1_9
113_1_0,23760,24,Before Onboard,1_0_11
113_1_0,23760,0,After Onboard,1_0_11
303_3_1,23760,12,Before Onboard,3_1_5
303_3_1,23760,0,After Onboard,3_1_5
202_2_1,23760,12,Before Onboard,2_1_7
202_2_1,23760,0,After Onboard,2_1_7
321_3_0,23760,12,Before Onboard,3_0_7
321_3_0,23760,0,After Onboard,3_0_7
926_4_1,23760,0,When Arrival,4_1_11
925_4_0,23760,0,When Arrival,4_0_7
921_4_0,23760,9,Before Onboard,4_0_8
921_4_0,23760,0,After Onboard,4_0_8
928_4_0,23760,13,Before Onboard,4_0_6
928_4_0,23760,0,After Onboard,4_0_6
108_4_0,23760,24,Before Onboard,4_0_9
108_4_0,23760,0,After Onboard,4_0_9
219_2_0,23760,9,Before Onboard,2_0_7
219_2_0,23760,0,After Onboard,2_0_7
919_4_1,23760,6,Before Onboard,4_1_9
919_4_1,23760,0,After Onboard,4_1_9
110_1_1,23760,16,Before Onboard,1_1_9
110_1_1,23760,0,After Onboard,1_1_9
116_1_1,23760,14,When Arrival,1_1_11
909_4_1,23760,15,Before Onboard,4_1_6
909_4_1,23760,0,After Onboard,4_1_6
214_2_1,23790,0,When Arrival,2_1_12
113_1_1,23790,24,Before Onboard,1_1_10
113_1_1,23790,0,After Onboard,1_1_10
110_1_0,23790,3,Before Onboard,1_0_12
110_1_0,23790,0,After Onboard,1_0_12
119_1_1,23790,1,Before Onboard,1_1_12
119_1_1,23790,0,After Onboard,1_1_12
122_1_0,23790,0,When Arrival,1_0_8
105_1_0,23790,0,When Arrival,1_0_14
214_2_0,23820,0,When Arrival,2_0_9
116_1_1,23820,17,Before Onboard,1_1_11
116_1_1,23820,0,After Onboard,1_1_11
103_1_0,23820,0,When Arrival,1_0_15
926_4_1,23820,17,Before Onboard,4_1_11
926_4_1,23820,0,After Onboard,4_1_11
303_3_0,23820,0,When Arrival,3_0_13
321_3_1,23820,0,When Arrival,3_1_11
925_4_0,23820,18,Before Onboard,4_0_7
925_4_0,23820,0,After Onboard,4_0_7
922_4_0,23820,0,When Arrival,4_0_8
918_4_1,23820,0,When Arrival,4_1_9
208_2_0,23820,4,Before Onboard,2_0_11
208_2_0,23820,0,After Onboard,2_0_11
108_1_0,23820,4,When Arrival,1_0_13
206_2_1,23820,10,Before Onboard,2_1_9
206_2_1,23820,0,After Onboard,2_1_9
111_1_0,23850,0,When Arrival,1_0_12
122_1_0,23850,8,Before Onboard,1_0_8
122_1_0,23850,0,After Onboard,1_0_8
206_2_0,23850,0,When Arrival,2_0_12
214_2_1,23850,16,Before Onboard,2_1_12
214_2_1,23850,0,After Onboard,2_1_12
325_3_0,23850,0,When Arrival,3_0_6
105_1_0,23850,5,Before Onboard,1_0_14
105_1_0,23850,0,After Onboard,1_0_14
116_3_0,23850,13,When Arrival,3_0_10
208_2_1,23850,7,When Arrival,2_1_10
918_4_1,23880,16,Before Onboard,4_1_9
918_4_1,23880,0,After Onboard,4_1_9
103_1_0,23880,6,Before Onboard,1_0_15
103_1_0,23880,0,After Onboard,1_0_15
310_3_0,23880,0,When Arrival,3_0_11
125_1_0,23880,0,When Arrival,1_0_7
108_1_0,23880,7,Before Onboard,1_0_13
108_1_0,23880,0,After Onboard,1_0_13
303_3_0,23880,9,Before Onboard,3_0_13
303_3_0,23880,0,After Onboard,3_0_13
922_4_0,23880,15,Before Onboard,4_0_8
922_4_0,23880,0,After Onboard,4_0_8
918_4_0,23880,0,When Arrival,4_0_9
321_3_1,23880,5,Before Onboard,3_1_11
321_3_1,23880,0,After Onboard,3_1_11
316_3_0,23880,0,When Arrival,3_0_9
922_4_1,23880,0,When Arrival,4_1_10
214_2_0,23880,1,Before Onboard,2_0_9
214_2_0,23880,0,After Onboard,2_0_9
202_2_0,23910,5,Before Onboard,2_0_14
202_2_0,23910,0,After Onboard,2_0_14
325_3_0,23910,4,Before Onboard,3_0_6
325_3_0,23910,0,After Onboard,3_0_6
116_3_0,23910,15,Before Onboard,3_0_10
116_3_0,23910,0,After Onboard,3_0_10
305_3_1,23910,0,When Arrival,3_1_6
101_1_0,23910,11,Before Onboard,1_0_16
101_1_0,23910,0,After Onboard,1_0_16
128_1_1,23910,14,Before Onboard,1_1_16
128_1_1,23910,0,After Onboard,1_1_16
111_1_0,23910,7,Before Onboard,1_0_12
111_1_0,23910,0,After Onboard,1_0_12
105_3_0,23910,8,Before Onboard,3_0_14
105_3_0,23910,0,After Onboard,3_0_14
329_3_1,23910,10,Before Onboard,3_1_14
329_3_1,23910,0,After Onboard,3_1_14
219_2_1,23910,7,Before Onboard,2_1_14
219_2_1,23910,0,After Onboard,2_1_14
101_1_1,23910,0,When Arrival,1_1_6
208_2_1,23910,10,Before Onboard,2_1_10
208_2_1,23910,0,After Onboard,2_1_10
128_1_0,23910,0,When Arrival,1_0_6
206_2_0,23910,4,Before Onboard,2_0_12
206_2_0,23910,0,After Onboard,2_0_12
125_1_0,23940,14,Before Onboard,1_0_7
125_1_0,23940,0,After Onboard,1_0_7
925_4_1,23940,0,When Arrival,4_1_11
216_2_1,23940,0,When Arrival,2_1_13
210_2_1,23940,0,When Arrival,2_1_11
918_4_0,23940,4,Before Onboard,4_0_9
918_4_0,23940,0,After Onboard,4_0_9
208_3_1,23940,9,When Arrival,3_1_7
125_1_1,23940,0,When Arrival,1_1_15
310_3_0,23940,12,Before Onboard,3_0_11
310_3_0,23940,0,After Onboard,3_0_11
926_4_0,23940,0,When Arrival,4_0_7
922_4_1,23940,0,Before Onboard,4_1_10
922_4_1,23940,0,After Onboard,4_1_10
316_3_0,23940,7,Before Onboard,3_0_9
316_3_0,23940,0,After Onboard,3_0_9
101_1_1,23970,6,Before Onboard,1_1_6
101_1_1,23970,0,After Onboard,1_1_6
111_1_1,23970,0,When Arrival,1_1_10
128_1_0,23970,2,Before Onboard,1_0_6
128_1_0,23970,0,After Onboard,1_0_6
213_2_1,23970,0,When Arrival,2_1_12
113_2_0,23970,21,When Arrival,2_0_10
305_3_1,23970,12,Before Onboard,3_1_6
305_3_1,23970,0,After Onboard,3_1_6
921_4_1,24000,0,When Arrival,4_1_10
926_4_0,24000,4,Before Onboard,4_0_7
926_4_0,24000,0,After Onboard,4_0_7
909_4_0,24000,5,Before Onboard,4_0_12
909_4_0,24000,0,After Onboard,4_0_12
208_3_1,24000,14,Before Onboard,3_1_7
208_3_1,24000,0,After Onboard,3_1_7
919_4_0,24000,0,When Arrival,4_0_9
125_1_1,24000,2,Before Onboard,1_1_15
125_1_1,24000,0,After Onboard,1_1_15
928_4_1,24000,3,Before Onboard,4_1_12
928_4_1,24000,0,After Onboard,4_1_12
108_1_1,24000,0,When Arrival,1_1_9
103_1_1,24000,0,When Arrival,1_1_7
108_4_1,24000,9,When Arrival,4_1_9
204_2_0,24000,0,When Arrival,2_0_13
216_2_1,24000,12,Before Onboard,2_1_13
216_2_1,24000,0,After Onboard,2_1_13
925_4_1,24000,6,Before Onboard,4_1_11
925_4_1,24000,0,After Onboard,4_1_11
210_2_1,24000,9,Before Onboard,2_1_11
210_2_1,24000,0,After Onboard,2_1_11
122_1_1,24030,0,When Arrival,1_1_14
105_1_1,24030,0,When Arrival,1_1_8
213_2_1,24030,21,Before Onboard,2_1_12
213_2_1,24030,0,After Onboard,2_1_12
113_2_0,24030,32,Before Onboard,2_0_10
113_2_0,24030,0,After Onboard,2_0_10
111_1_1,24030,8,Before Onboard,1_1_10
111_1_1,24030,0,After Onboard,1_1_10
208_3_0,24030,9,When Arrival,3_0_12
108_4_1,24060,15,Before Onboard,4_1_9
108_4_1,24060,0,After Onboard,4_1_9
329_3_0,24060,0,When Arrival,3_0_5
919_4_0,24060,10,Before Onboard,4_0_9
919_4_0,24060,0,After Onboard,4_0_9
204_2_1,24060,0,When Arrival,2_1_9
116_1_0,24060,4,When Arrival,1_0_11
105_3_1,24060,0,When Arrival,3_1_5
108_1_1,24060,3,Before Onboard,1_1_9
108_1_1,24060,0,After Onboard,1_1_9
913_4_1,24060,0,When Arrival,4_1_8
204_2_0,24060,16,Before Onboard,2_0_13
204_2_0,24060,0,After Onboard,2_0_13
103_1_1,24060,10,Before Onboard,1_1_7
103_1_1,24060,0,After Onboard,1_1_7
305_3_0,24060,0,When Arrival,3_0_13
921_4_1,24060,7,Before Onboard,4_1_10
921_4_1,24060,0,After Onboard,4_1_10
110_1_1,24090,0,When Arrival,1_1_10
113_2_1,24090,4,When Arrival,2_1_12
310_3_1,24090,0,When Arrival,3_1_8
316_3_1,24090,0,When Arrival,3_1_10
122_1_1,24090,9,Before Onboard,1_1_14
122_1_1,24090,0,After Onboard,1_1_14
208_3_0,24090,15,Before Onboard,3_0_12
208_3_0,24090,0,After Onboard,3_0_12
213_2_0,24090,0,When Arrival,2_0_10
105_1_1,24090,11,Before Onboard,1_1_8
105_1_1,24090,0,After Onboard,1_1_8
113_1_0,24090,17,When Arrival,1_0_12
119_1_0,24090,0,When Arrival,1_0_10
210_2_0,24120,0,When Arrival,2_0_11
216_2_0,24120,0,When Arrival,2_0_9
119_1_1,24120,0,When Arrival,1_1_13
113_1_1,24120,27,When Arrival,1_1_11
305_4_1,24120,1,When Arrival,4_1_9
913_4_1,24120,23,Before Onboard,4_1_8
913_4_1,24120,0,After Onboard,4_1_8
329_3_0,24120,7,Before Onboard,3_0_5
329_3_0,24120,0,After Onboard,3_0_5
305_3_0,24120,12,Before Onboard,3_0_13
305_3_0,24120,0,After Onboard,3_0_13
105_3_1,24120,2,Before Onboard,3_1_5
105_3_1,24120,0,After Onboard,3_1_5
204_2_1,24120,0,Before Onboard,2_1_9
204_2_1,24120,0,After Onboard,2_1_9
116_1_0,24120,11,Before Onboard,1_0_11
116_1_0,24120,0,After Onboard,1_0_11
325_3_1,24120,0,When Arrival,3_1_13
305_4_0,24120,13,When Arrival,4_0_10
110_1_0,24120,0,When Arrival,1_0_13
116_3_1,24120,11,When Arrival,3_1_9
316_3_1,24150,9,Before Onboard,3_1_10
316_3_1,24150,0,After Onboard,3_1_10
303_3_1,24150,0,When Arrival,3_1_6
110_1_1,24150,13,Before Onboard,1_1_10
110_1_1,24150,0,After Onboard,1_1_10
113_1_0,24150,19,Before Onboard,1_0_12
113_1_0,24150,0,After Onboard,1_0_12
113_2_1,24150,11,Before Onboard,2_1_12
113_2_1,24150,0,After Onboard,2_1_12
213_2_0,24150,3,Before Onboard,2_0_10
213_2_0,24150,0,After Onboard,2_0_10
119_1_0,24150,11,Before Onboard,1_0_10
119_1_0,24150,0,After Onboard,1_0_10
116_1_1,24150,11,When Arrival,1_1_12
219_2_0,24150,0,When Arrival,2_0_8
202_2_1,24150,0,When Arrival,2_1_8
321_3_0,24150,0,When Arrival,3_0_8
310_3_1,24150,10,Before Onboard,3_1_8
310_3_1,24150,0,After Onboard,3_1_8
305_4_0,24180,17,Before Onboard,4_0_10
305_4_0,24180,0,After Onboard,4_0_10
210_2_0,24180,5,Before Onboard,2_0_11
210_2_0,24180,0,After Onboard,2_0_11
913_4_0,24180,0,When Arrival,4_0_11
325_3_1,24180,17,Before Onboard,3_1_13
325_3_1,24180,0,After Onboard,3_1_13
119_1_1,24180,1,Before Onboard,1_1_13
119_1_1,24180,0,After Onboard,1_1_13
216_2_0,24180,8,Before Onboard,2_0_9
216_2_0,24180,0,After Onboard,2_0_9
122_1_0,24180,0,When Arrival,1_0_9
105_1_0,24180,0,When Arrival,1_0_15
113_1_1,24180,27,Before Onboard,1_1_11
113_1_1,24180,0,After Onboard,1_1_11
116_3_1,24180,17,Before Onboard,3_1_9
116_3_1,24180,0,After Onboard,3_1_9
110_1_0,24180,0,Before Onboard,1_0_13
110_1_0,24180,0,After Onboard,1_0_13
305_4_1,24180,1,Before Onboard,4_1_9
305_4_1,24180,0,After Onboard,4_1_9
206_2_1,24210,0,When Arrival,2_1_10
108_1_0,24210,41,When Arrival,1_0_14
202_2_1,24210,20,Before Onboard,2_1_8
202_2_1,24210,0,After Onboard,2_1_8
219_2_0,24210,11,Before Onboard,2_0_8
219_2_0,24210,0,After Onboard,2_0_8
321_3_0,24210,8,Before Onboard,3_0_8
321_3_0,24210,0,After Onboard,3_0_8
208_2_0,24210,3,When Arrival,2_0_12
303_3_1,24210,22,Before Onboard,3_1_6
303_3_1,24210,0,After Onboard,3_1_6
103_1_0,24210,0,When Arrival,1_0_16
116_1_1,24210,12,Before Onboard,1_1_12
116_1_1,24210,0,After Onboard,1_1_12
214_2_1,24240,0,When Arrival,2_1_13
909_4_1,24240,0,When Arrival,4_1_7
122_1_0,24240,8,Before Onboard,1_0_9
122_1_0,24240,0,After Onboard,1_0_9
108_4_0,24240,21,When Arrival,4_0_10
928_4_0,24240,0,When Arrival,4_0_7
105_1_0,24240,8,Before Onboard,1_0_15
105_1_0,24240,0,After Onboard,1_0_15
913_4_0,24240,7,Before Onboard,4_0_11
913_4_0,24240,0,After Onboard,4_0_11
919_4_1,24240,0,When Arrival,4_1_10
921_4_0,24240,0,When Arrival,4_0_9
111_1_0,24240,0,When Arrival,1_0_13
214_2_0,24270,0,When Arrival,2_0_10
125_1_0,24270,0,When Arrival,1_0_8
108_1_0,24270,59,Before Onboard,1_0_14
108_1_0,24270,0,After Onboard,1_0_14
321_3_1,24270,0,When Arrival,3_1_12
103_1_0,24270,2,Before Onboard,1_0_16
103_1_0,24270,0,After Onboard,1_0_16
206_2_1,24270,13,Before Onboard,2_1_10
206_2_1,24270,0,After Onboard,2_1_10
303_3_0,24270,0,When Arrival,3_0_14
208_2_0,24270,8,Before Onboard,2_0_12
208_2_0,24270,0,After Onboard,2_0_12
206_2_0,24300,0,When Arrival,2_0_13
101_1_1,24300,0,When Arrival,1_1_7
325_3_0,24300,0,When Arrival,3_0_7
909_4_1,24300,16,Before Onboard,4_1_7
909_4_1,24300,0,After Onboard,4_1_7
214_2_1,24300,22,Before Onboard,2_1_13
214_2_1,24300,0,After Onboard,2_1_13
108_4_0,24300,22,Before Onboard,4_0_10
108_4_0,24300,0,After Onboard,4_0_10
925_4_0,24300,0,When Arrival,4_0_8
926_4_1,24300,0,When Arrival,4_1_12
101_1_0,24300,12,Before Onboard,1_0_17
101_1_0,24300,0,After Onboard,1_0_17
111_1_0,24300,15,Before Onboard,1_0_13
111_1_0,24300,0,After Onboard,1_0_13
116_3_0,24300,29,When Arrival,3_0_11
128_1_1,24300,17,Before Onboard,1_1_17
128_1_1,24300,0,After Onboard,1_1_17
919_4_1,24300,14,Before Onboard,4_1_10
919_4_1,24300,0,After Onboard,4_1_10
128_1_0,24300,0,When Arrival,1_0_7
921_4_0,24300,6,Before Onboard,4_0_9
921_4_0,24300,0,After Onboard,4_0_9
928_4_0,24300,9,Before Onboard,4_0_7
928_4_0,24300,0,After Onboard,4_0_7
208_2_1,24300,15,When Arrival,2_1_11
310_3_0,24330,0,When Arrival,3_0_12
125_1_1,24330,0,When Arrival,1_1_16
316_3_0,24330,0,When Arrival,3_0_10
125_1_0,24330,9,Before Onboard,1_0_8
125_1_0,24330,0,After Onboard,1_0_8
214_2_0,24330,2,Before Onboard,2_0_10
214_2_0,24330,0,After Onboard,2_0_10
303_3_0,24330,7,Before Onboard,3_0_14
303_3_0,24330,0,After Onboard,3_0_14
321_3_1,24330,6,Before Onboard,3_1_12
321_3_1,24330,0,After Onboard,3_1_12
918_4_1,24360,0,When Arrival,4_1_10
922_4_0,24360,0,When Arrival,4_0_9
329_3_1,24360,9,Before Onboard,3_1_15
329_3_1,24360,0,After Onboard,3_1_15
325_3_0,24360,7,Before Onboard,3_0_7
325_3_0,24360,0,After Onboard,3_0_7
111_1_1,24360,0,When Arrival,1_1_11
105_3_0,24360,7,Before Onboard,3_0_15
105_3_0,24360,0,After Onboard,3_0_15
208_2_1,24360,17,Before Onboard,2_1_11
208_2_1,24360,0,After Onboard,2_1_11
206_2_0,24360,3,Before Onboard,2_0_13
206_2_0,24360,0,After Onboard,2_0_13
202_2_0,24360,7,Before Onboard,2_0_15
202_2_0,24360,0,After Onboard,2_0_15
101_1_1,24360,2,Before Onboard,1_1_7
101_1_1,24360,0,After Onboard,1_1_7
305_3_1,24360,4,When Arrival,3_1_7
926_4_1,24360,11,Before Onboard,4_1_12
926_4_1,24360,0,After Onboard,4_1_12
925_4_0,24360,16,Before Onboard,4_0_8
925_4_0,24360,0,After Onboard,4_0_8
219_2_1,24360,2,Before Onboard,2_1_15
219_2_1,24360,0,After Onboard,2_1_15
128_1_0,24360,2,Before Onboard,1_0_7
128_1_0,24360,0,After Onboard,1_0_7
116_3_0,24360,38,Before Onboard,3_0_11
116_3_0,24360,0,After Onboard,3_0_11
210_2_1,24390,0,When Arrival,2_1_12
310_3_0,24390,10,Before Onboard,3_0_12
310_3_0,24390,0,After Onboard,3_0_12
208_3_1,24390,15,When Arrival,3_1_8
108_1_1,24390,2,When Arrival,1_1_10
125_1_1,24390,2,Before Onboard,1_1_16
125_1_1,24390,0,After Onboard,1_1_16
103_1_1,24390,0,When Arrival,1_1_8
316_3_0,24390,16,Before Onboard,3_0_10
316_3_0,24390,0,After Onboard,3_0_10
216_2_1,24390,0,When Arrival,2_1_14
213_2_1,24420,0,When Arrival,2_1_13
305_3_1,24420,16,Before Onboard,3_1_7
305_3_1,24420,0,After Onboard,3_1_7
105_1_1,24420,0,When Arrival,1_1_9
111_1_1,24420,5,Before Onboard,1_1_11
111_1_1,24420,0,After Onboard,1_1_11
922_4_0,24420,25,Before Onboard,4_0_9
922_4_0,24420,0,After Onboard,4_0_9
918_4_0,24420,0,When Arrival,4_0_10
113_2_0,24420,15,When Arrival,2_0_11
122_1_1,24420,0,When Arrival,1_1_15
922_4_1,24420,0,When Arrival,4_1_11
918_4_1,24420,14,Before Onboard,4_1_10
918_4_1,24420,0,After Onboard,4_1_10
204_2_0,24450,0,When Arrival,2_0_14
108_1_1,24450,7,Before Onboard,1_1_10
108_1_1,24450,0,After Onboard,1_1_10
216_2_1,24450,12,Before Onboard,2_1_14
216_2_1,24450,0,After Onboard,2_1_14
116_1_0,24450,10,When Arrival,1_0_12
210_2_1,24450,12,Before Onboard,2_1_12
210_2_1,24450,0,After Onboard,2_1_12
208_3_1,24450,19,Before Onboard,3_1_8
208_3_1,24450,0,After Onboard,3_1_8
103_1_1,24450,8,Before Onboard,1_1_8
103_1_1,24450,0,After Onboard,1_1_8
208_3_0,24480,8,When Arrival,3_0_13
213_2_1,24480,11,Before Onboard,2_1_13
213_2_1,24480,0,After Onboard,2_1_13
119_1_0,24480,0,When Arrival,1_0_11
925_4_1,24480,0,When Arrival,4_1_12
105_1_1,24480,0,Before Onboard,1_1_9
105_1_1,24480,0,After Onboard,1_1_9
922_4_1,24480,3,Before Onboard,4_1_11
922_4_1,24480,0,After Onboard,4_1_11
918_4_0,24480,3,Before Onboard,4_0_10
918_4_0,24480,0,After Onboard,4_0_10
113_2_0,24480,27,Before Onboard,2_0_11
113_2_0,24480,0,After Onboard,2_0_11
110_1_1,24480,0,When Arrival,1_1_11
122_1_1,24480,10,Before Onboard,1_1_15
122_1_1,24480,0,After Onboard,1_1_15
113_1_0,24480,1,When Arrival,1_0_13
926_4_0,24480,0,When Arrival,4_0_8
329_3_0,24510,0,When Arrival,3_0_6
113_1_1,24510,4,When Arrival,1_1_12
119_1_1,24510,0,When Arrival,1_1_14
110_1_0,24510,0,When Arrival,1_0_14
204_2_1,24510,0,When Arrival,2_1_10
105_3_1,24510,0,When Arrival,3_1_6
116_1_0,24510,15,Before Onboard,1_0_12
116_1_0,24510,0,After Onboard,1_0_12
305_3_0,24510,6,When Arrival,3_0_14
204_2_0,24510,12,Before Onboard,2_0_14
204_2_0,24510,0,After Onboard,2_0_14
909_4_0,24540,12,Before Onboard,4_0_13
909_4_0,24540,0,After Onboard,4_0_13
921_4_1,24540,0,When Arrival,4_1_11
919_4_0,24540,0,When Arrival,4_0_10
928_4_1,24540,10,Before Onboard,4_1_13
928_4_1,24540,0,After Onboard,4_1_13
113_1_0,24540,1,Before Onboard,1_0_13
113_1_0,24540,0,After Onboard,1_0_13
925_4_1,24540,4,Before Onboard,4_1_12
925_4_1,24540,0,After Onboard,4_1_12
119_1_0,24540,17,Before Onboard,1_0_11
119_1_0,24540,0,After Onboard,1_0_11
110_1_1,24540,15,Before Onboard,1_1_11
110_1_1,24540,0,After Onboard,1_1_11
213_2_0,24540,0,When Arrival,2_0_11
208_3_0,24540,11,Before Onboard,3_0_13
208_3_0,24540,0,After Onboard,3_0_13
113_2_1,24540,7,When Arrival,2_1_13
108_4_1,24540,10,When Arrival,4_1_10
316_3_1,24540,0,When Arrival,3_1_11
926_4_0,24540,8,Before Onboard,4_0_8
926_4_0,24540,0,After Onboard,4_0_8
116_1_1,24540,2,When Arrival,1_1_13
310_3_1,24540,0,When Arrival,3_1_9
110_1_0,24570,2,Before Onboard,1_0_14
110_1_0,24570,0,After Onboard,1_0_14
122_1_0,24570,0,When Arrival,1_0_10
113_1_1,24570,34,Before Onboard,1_1_12
113_1_1,24570,0,After Onboard,1_1_12
329_3_0,24570,10,Before Onboard,3_0_6
329_3_0,24570,0,After Onboard,3_0_6
119_1_1,24570,1,Before Onboard,1_1_14
119_1_1,24570,0,After Onboard,1_1_14
204_2_1,24570,4,Before Onboard,2_1_10
204_2_1,24570,0,After Onboard,2_1_10
216_2_0,24570,0,When Arrival,2_0_10
305_3_0,24570,11,Before Onboard,3_0_14
305_3_0,24570,0,After Onboard,3_0_14
116_3_1,24570,7,When Arrival,3_1_10
325_3_1,24570,0,When Arrival,3_1_14
105_3_1,24570,2,Before Onboard,3_1_6
105_3_1,24570,0,After Onboard,3_1_6
210_2_0,24570,0,When Arrival,2_0_12
105_1_0,24570,0,When Arrival,1_0_16
303_3_1,24600,0,When Arrival,3_1_7
113_2_1,24600,8,Before Onboard,2_1_13
113_2_1,24600,0,After Onboard,2_1_13
321_3_0,24600,0,When Arrival,3_0_9
108_1_0,24600,25,When Arrival,1_0_15
213_2_0,24600,4,Before Onboard,2_0_11
213_2_0,24600,0,After Onboard,2_0_11
202_2_1,24600,0,When Arrival,2_1_9
919_4_0,24600,10,Before Onboard,4_0_10
919_4_0,24600,0,After Onboard,4_0_10
921_4_1,24600,17,Before Onboard,4_1_11
921_4_1,24600,0,After Onboard,4_1_11
116_1_1,24600,26,Before Onboard,1_1_13
116_1_1,24600,0,After Onboard,1_1_13
219_2_0,24600,0,When Arrival,2_0_9
108_4_1,24600,18,Before Onboard,4_1_10
108_4_1,24600,0,After Onboard,4_1_10
913_4_1,24600,0,When Arrival,4_1_9
316_3_1,24600,9,Before Onboard,3_1_11
316_3_1,24600,0,After Onboard,3_1_11
103_1_0,24600,0,When Arrival,1_0_17
310_3_1,24600,8,Before Onboard,3_1_9
310_3_1,24600,0,After Onboard,3_1_9
122_1_0,24630,4,Before Onboard,1_0_10
122_1_0,24630,0,After Onboard,1_0_10
105_1_0,24630,1,Before Onboard,1_0_16
105_1_0,24630,0,After Onboard,1_0_16
216_2_0,24630,4,Before Onboard,2_0_10
216_2_0,24630,0,After Onboard,2_0_10
111_1_0,24630,0,When Arrival,1_0_14
325_3_1,24630,5,Before Onboard,3_1_14
325_3_1,24630,0,After Onboard,3_1_14
210_2_0,24630,5,Before Onboard,2_0_12
210_2_0,24630,0,After Onboard,2_0_12
116_3_1,24630,9,Before Onboard,3_1_10
116_3_1,24630,0,After Onboard,3_1_10
305_4_1,24660,3,When Arrival,4_1_10
321_3_0,24660,16,Before Onboard,3_0_9
321_3_0,24660,0,After Onboard,3_0_9
305_4_0,24660,10,When Arrival,4_0_11
125_1_0,24660,0,When Arrival,1_0_9
202_2_1,24660,14,Before Onboard,2_1_9
202_2_1,24660,0,After Onboard,2_1_9
108_1_0,24660,27,Before Onboard,1_0_15
108_1_0,24660,0,After Onboard,1_0_15
913_4_1,24660,19,Before Onboard,4_1_9
913_4_1,24660,0,After Onboard,4_1_9
208_2_0,24660,1,When Arrival,2_0_13
303_3_1,24660,16,Before Onboard,3_1_7
303_3_1,24660,0,After Onboard,3_1_7
219_2_0,24660,14,Before Onboard,2_0_9
219_2_0,24660,0,After Onboard,2_0_9
206_2_1,24660,0,When Arrival,2_1_11
103_1_0,24660,14,Before Onboard,1_0_17
103_1_0,24660,0,After Onboard,1_0_17
101_1_1,24690,0,When Arrival,1_1_8
101_1_0,24690,7,Before Onboard,1_0_18
101_1_0,24690,0,After Onboard,1_0_18
111_1_0,24690,9,Before Onboard,1_0_14
111_1_0,24690,0,After Onboard,1_0_14
214_2_1,24690,0,When Arrival,2_1_14
128_1_0,24690,0,When Arrival,1_0_8
128_1_1,24690,14,Before Onboard,1_1_18
128_1_1,24690,0,After Onboard,1_1_18
125_1_0,24720,11,Before Onboard,1_0_9
125_1_0,24720,0,After Onboard,1_0_9
206_2_1,24720,16,Before Onboard,2_1_11
206_2_1,24720,0,After Onboard,2_1_11
305_4_1,24720,7,Before Onboard,4_1_10
305_4_1,24720,0,After Onboard,4_1_10
125_1_1,24720,0,When Arrival,1_1_17
321_3_1,24720,0,When Arrival,3_1_13
913_4_0,24720,0,When Arrival,4_0_12
208_2_0,24720,6,Before Onboard,2_0_13
208_2_0,24720,0,After Onboard,2_0_13
214_2_0,24720,0,When Arrival,2_0_11
303_3_0,24720,0,When Arrival,3_0_15
305_4_0,24720,10,Before Onboard,4_0_11
305_4_0,24720,0,After Onboard,4_0_11
116_3_0,24750,21,When Arrival,3_0_12
206_2_0,24750,0,When Arrival,2_0_14
208_2_1,24750,11,When Arrival,2_1_12
128_1_0,24750,3,Before Onboard,1_0_8
128_1_0,24750,0,After Onboard,1_0_8
101_1_1,24750,2,Before Onboard,1_1_8
101_1_1,24750,0,After Onboard,1_1_8
325_3_0,24750,0,When Arrival,3_0_8
111_1_1,24750,0,When Arrival,1_1_12
214_2_1,24750,22,Before Onboard,2_1_14
214_2_1,24750,0,After Onboard,2_1_14
310_3_0,24780,0,When Arrival,3_0_13
928_4_0,24780,0,When Arrival,4_0_8
321_3_1,24780,5,Before Onboard,3_1_13
321_3_1,24780,0,After Onboard,3_1_13
303_3_0,24780,5,Before Onboard,3_0_15
303_3_0,24780,0,After Onboard,3_0_15
108_1_1,24780,6,When Arrival,1_1_11
103_1_1,24780,0,When Arrival,1_1_9
125_1_1,24780,3,Before Onboard,1_1_17
125_1_1,24780,0,After Onboard,1_1_17
909_4_1,24780,0,When Arrival,4_1_8
913_4_0,24780,6,Before Onboard,4_0_12
913_4_0,24780,0,After Onboard,4_0_12
316_3_0,24780,0,When Arrival,3_0_11
919_4_1,24780,0,When Arrival,4_1_11
214_2_0,24780,1,Before Onboard,2_0_11
214_2_0,24780,0,After Onboard,2_0_11
921_4_0,24780,0,When Arrival,4_0_10
108_4_0,24780,64,When Arrival,4_0_11
116_3_0,24810,30,Before Onboard,3_0_12
116_3_0,24810,0,After Onboard,3_0_12
206_2_0,24810,4,Before Onboard,2_0_14
206_2_0,24810,0,After Onboard,2_0_14
305_3_1,24810,4,When Arrival,3_1_8
202_2_0,24810,6,Before Onboard,2_0_16
202_2_0,24810,0,After Onboard,2_0_16
105_1_1,24810,5,When Arrival,1_1_10
105_3_0,24810,7,Before Onboard,3_0_16
105_3_0,24810,0,After Onboard,3_0_16
208_2_1,24810,15,Before Onboard,2_1_12
208_2_1,24810,0,After Onboard,2_1_12
329_3_1,24810,10,Before Onboard,3_1_16
329_3_1,24810,0,After Onboard,3_1_16
325_3_0,24810,7,Before Onboard,3_0_8
325_3_0,24810,0,After Onboard,3_0_8
219_2_1,24810,7,Before Onboard,2_1_16
219_2_1,24810,0,After Onboard,2_1_16
122_1_1,24810,0,When Arrival,1_1_16
111_1_1,24810,8,Before Onboard,1_1_12
111_1_1,24810,0,After Onboard,1_1_12
108_4_0,24840,70,Before Onboard,4_0_11
108_4_0,24840,0,After Onboard,4_0_11
210_2_1,24840,0,When Arrival,2_1_13
208_3_1,24840,17,When Arrival,3_1_9
116_1_0,24840,11,When Arrival,1_0_13
909_4_1,24840,5,Before Onboard,4_1_8
909_4_1,24840,0,After Onboard,4_1_8
103_1_1,24840,6,Before Onboard,1_1_9
103_1_1,24840,0,After Onboard,1_1_9
108_1_1,24840,8,Before Onboard,1_1_11
108_1_1,24840,0,After Onboard,1_1_11
925_4_0,24840,0,When Arrival,4_0_9
310_3_0,24840,7,Before Onboard,3_0_13
310_3_0,24840,0,After Onboard,3_0_13
216_2_1,24840,0,When Arrival,2_1_15
926_4_1,24840,0,When Arrival,4_1_13
919_4_1,24840,6,Before Onboard,4_1_11
919_4_1,24840,0,After Onboard,4_1_11
928_4_0,24840,10,Before Onboard,4_0_8
928_4_0,24840,0,After Onboard,4_0_8
921_4_0,24840,7,Before Onboard,4_0_10
921_4_0,24840,0,After Onboard,4_0_10
316_3_0,24840,14,Before Onboard,3_0_11
316_3_0,24840,0,After Onboard,3_0_11
113_1_0,24870,14,When Arrival,1_0_14
113_2_0,24870,36,When Arrival,2_0_12
305_3_1,24870,9,Before Onboard,3_1_8
305_3_1,24870,0,After Onboard,3_1_8
105_1_1,24870,7,Before Onboard,1_1_10
105_1_1,24870,0,After Onboard,1_1_10
119_1_0,24870,0,When Arrival,1_0_12
213_2_1,24870,0,When Arrival,2_1_14
110_1_1,24870,0,When Arrival,1_1_12
122_1_1,24870,5,Before Onboard,1_1_16
122_1_1,24870,0,After Onboard,1_1_16
116_1_0,24900,14,Before Onboard,1_0_13
116_1_0,24900,0,After Onboard,1_0_13
216_2_1,24900,12,Before Onboard,2_1_15
216_2_1,24900,0,After Onboard,2_1_15
110_1_0,24900,0,When Arrival,1_0_15
204_2_0,24900,0,When Arrival,2_0_15
922_4_0,24900,0,When Arrival,4_0_10
925_4_0,24900,11,Before Onboard,4_0_9
925_4_0,24900,0,After Onboard,4_0_9
210_2_1,24900,10,Before Onboard,2_1_13
210_2_1,24900,0,After Onboard,2_1_13
926_4_1,24900,12,Before Onboard,4_1_13
926_4_1,24900,0,After Onboard,4_1_13
208_3_1,24900,19,Before Onboard,3_1_9
208_3_1,24900,0,After Onboard,3_1_9
119_1_1,24900,0,When Arrival,1_1_15
113_1_1,24900,7,When Arrival,1_1_13
918_4_1,24900,0,When Arrival,4_1_11
213_2_1,24930,20,Before Onboard,2_1_14
213_2_1,24930,0,After Onboard,2_1_14
116_1_1,24930,2,When Arrival,1_1_14
113_2_0,24930,55,Before Onboard,2_0_12
113_2_0,24930,0,After Onboard,2_0_12
113_1_0,24930,14,Before Onboard,1_0_14
113_1_0,24930,0,After Onboard,1_0_14
119_1_0,24930,8,Before Onboard,1_0_12
119_1_0,24930,0,After Onboard,1_0_12
208_3_0,24930,4,When Arrival,3_0_14
110_1_1,24930,18,Before Onboard,1_1_12
110_1_1,24930,0,After Onboard,1_1_12
922_4_0,24960,19,Before Onboard,4_0_10
922_4_0,24960,0,After Onboard,4_0_10
329_3_0,24960,0,When Arrival,3_0_7
305_3_0,24960,19,When Arrival,3_0_15
204_2_1,24960,0,When Arrival,2_1_11
922_4_1,24960,0,When Arrival,4_1_12
105_3_1,24960,0,When Arrival,3_1_7
122_1_0,24960,0,When Arrival,1_0_11
918_4_0,24960,0,When Arrival,4_0_11
113_1_1,24960,7,Before Onboard,1_1_13
113_1_1,24960,0,After Onboard,1_1_13
105_1_0,24960,0,When Arrival,1_0_17
119_1_1,24960,0,Before Onboard,1_1_15
119_1_1,24960,0,After Onboard,1_1_15
204_2_0,24960,9,Before Onboard,2_0_15
204_2_0,24960,0,After Onboard,2_0_15
918_4_1,24960,21,Before Onboard,4_1_11
918_4_1,24960,0,After Onboard,4_1_11
110_1_0,24960,1,Before Onboard,1_0_15
110_1_0,24960,0,After Onboard,1_0_15
208_3_0,24990,5,Before Onboard,3_0_14
208_3_0,24990,0,After Onboard,3_0_14
116_1_1,24990,6,Before Onboard,1_1_14
116_1_1,24990,0,After Onboard,1_1_14
113_2_1,24990,5,When Arrival,2_1_14
108_1_0,24990,6,When Arrival,1_0_16
103_1_0,24990,0,When Arrival,1_0_18
316_3_1,24990,0,When Arrival,3_1_12
213_2_0,24990,0,When Arrival,2_0_12
310_3_1,24990,0,When Arrival,3_1_10
105_1_0,25020,8,Before Onboard,1_0_17
105_1_0,25020,0,After Onboard,1_0_17
922_4_1,25020,3,Before Onboard,4_1_12
922_4_1,25020,0,After Onboard,4_1_12
105_3_1,25020,0,Before Onboard,3_1_7
105_3_1,25020,0,After Onboard,3_1_7
925_4_1,25020,0,When Arrival,4_1_13
111_1_0,25020,0,When Arrival,1_0_15
210_2_0,25020,0,When Arrival,2_0_13
216_2_0,25020,0,When Arrival,2_0_11
305_3_0,25020,22,Before Onboard,3_0_15
305_3_0,25020,0,After Onboard,3_0_15
926_4_0,25020,0,When Arrival,4_0_9
329_3_0,25020,5,Before Onboard,3_0_7
329_3_0,25020,0,After Onboard,3_0_7
918_4_0,25020,2,Before Onboard,4_0_11
918_4_0,25020,0,After Onboard,4_0_11
325_3_1,25020,0,When Arrival,3_1_15
122_1_0,25020,4,Before Onboard,1_0_11
122_1_0,25020,0,After Onboard,1_0_11
204_2_1,25020,1,Before Onboard,2_1_11
204_2_1,25020,0,After Onboard,2_1_11
116_3_1,25020,4,When Arrival,3_1_11
103_1_0,25050,8,Before Onboard,1_0_18
103_1_0,25050,0,After Onboard,1_0_18
321_3_0,25050,0,When Arrival,3_0_10
213_2_0,25050,5,Before Onboard,2_0_12
213_2_0,25050,0,After Onboard,2_0_12
113_2_1,25050,5,Before Onboard,2_1_14
113_2_1,25050,0,After Onboard,2_1_14
108_1_0,25050,14,Before Onboard,1_0_16
108_1_0,25050,0,After Onboard,1_0_16
219_2_0,25050,0,When Arrival,2_0_10
202_2_1,25050,0,When Arrival,2_1_10
125_1_0,25050,0,When Arrival,1_0_10
316_3_1,25050,13,Before Onboard,3_1_12
316_3_1,25050,0,After Onboard,3_1_12
303_3_1,25050,0,When Arrival,3_1_8
310_3_1,25050,3,Before Onboard,3_1_10
310_3_1,25050,0,After Onboard,3_1_10
925_4_1,25080,8,Before Onboard,4_1_13
925_4_1,25080,0,After Onboard,4_1_13
101_1_1,25080,0,When Arrival,1_1_9
210_2_0,25080,10,Before Onboard,2_0_13
210_2_0,25080,0,After Onboard,2_0_13
111_1_0,25080,13,Before Onboard,1_0_15
111_1_0,25080,0,After Onboard,1_0_15
216_2_0,25080,9,Before Onboard,2_0_11
216_2_0,25080,0,After Onboard,2_0_11
928_4_1,25080,14,Before Onboard,4_1_14
928_4_1,25080,0,After Onboard,4_1_14
926_4_0,25080,5,Before Onboard,4_0_9
926_4_0,25080,0,After Onboard,4_0_9
101_1_0,25080,13,Before Onboard,1_0_19
101_1_0,25080,0,After Onboard,1_0_19
325_3_1,25080,14,Before Onboard,3_1_15
325_3_1,25080,0,After Onboard,3_1_15
919_4_0,25080,0,When Arrival,4_0_11
128_1_0,25080,0,When Arrival,1_0_9
108_4_1,25080,13,When Arrival,4_1_11
128_1_1,25080,15,Before Onboard,1_1_19
128_1_1,25080,0,After Onboard,1_1_19
116_3_1,25080,8,Before Onboard,3_1_11
116_3_1,25080,0,After Onboard,3_1_11
921_4_1,25080,0,When Arrival,4_1_12
909_4_0,25080,10,Before Onboard,4_0_14
909_4_0,25080,0,After Onboard,4_0_14
206_2_1,25110,0,When Arrival,2_1_12
125_1_0,25110,16,Before Onboard,1_0_10
125_1_0,25110,0,After Onboard,1_0_10
125_1_1,25110,0,When Arrival,1_1_18
219_2_0,25110,22,Before Onboard,2_0_10
219_2_0,25110,0,After Onboard,2_0_10
321_3_0,25110,8,Before Onboard,3_0_10
321_3_0,25110,0,After Onboard,3_0_10
208_2_0,25110,0,When Arrival,2_0_14
303_3_1,25110,7,Before Onboard,3_1_8
303_3_1,25110,0,After Onboard,3_1_8
202_2_1,25110,9,Before Onboard,2_1_10
202_2_1,25110,0,After Onboard,2_1_10
214_2_1,25140,0,When Arrival,2_1_15
921_4_1,25140,15,Before Onboard,4_1_12
921_4_1,25140,0,After Onboard,4_1_12
101_1_1,25140,3,Before Onboard,1_1_9
101_1_1,25140,0,After Onboard,1_1_9
913_4_1,25140,0,When Arrival,4_1_10
919_4_0,25140,18,Before Onboard,4_0_11
919_4_0,25140,0,After Onboard,4_0_11
111_1_1,25140,0,When Arrival,1_1_13
128_1_0,25140,3,Before Onboard,1_0_9
128_1_0,25140,0,After Onboard,1_0_9
108_4_1,25140,19,Before Onboard,4_1_11
108_4_1,25140,0,After Onboard,4_1_11
103_1_1,25170,0,When Arrival,1_1_10
214_2_0,25170,0,When Arrival,2_0_12
208_2_0,25170,7,Before Onboard,2_0_14
208_2_0,25170,0,After Onboard,2_0_14
108_1_1,25170,10,When Arrival,1_1_12
125_1_1,25170,0,Before Onboard,1_1_18
125_1_1,25170,0,After Onboard,1_1_18
321_3_1,25170,0,When Arrival,3_1_14
303_3_0,25170,0,When Arrival,3_0_16
206_2_1,25170,9,Before Onboard,2_1_12
206_2_1,25170,0,After Onboard,2_1_12
122_1_1,25200,0,When Arrival,1_1_17
111_1_1,25200,2,Before Onboard,1_1_13
111_1_1,25200,0,After Onboard,1_1_13
206_2_0,25200,0,When Arrival,2_0_15
913_4_1,25200,18,Before Onboard,4_1_10
913_4_1,25200,0,After Onboard,4_1_10
208_2_1,25200,15,When Arrival,2_1_13
325_3_0,25200,0,When Arrival,3_0_9
305_4_1,25200,7,When Arrival,4_1_11
305_4_0,25200,11,When Arrival,4_0_12
214_2_1,25200,13,Before Onboard,2_1_15
214_2_1,25200,0,After Onboard,2_1_15
105_1_1,25200,0,When Arrival,1_1_11
116_3_0,25200,5,When Arrival,3_0_13
116_1_0,25230,10,When Arrival,1_0_14
316_3_0,25230,0,When Arrival,3_0_12
108_1_1,25230,22,Before Onboard,1_1_12
108_1_1,25230,0,After Onboard,1_1_12
310_3_0,25230,0,When Arrival,3_0_14
103_1_1,25230,13,Before Onboard,1_1_10
103_1_1,25230,0,After Onboard,1_1_10
321_3_1,25230,15,Before Onboard,3_1_14
321_3_1,25230,0,After Onboard,3_1_14
303_3_0,25230,12,Before Onboard,3_0_16
303_3_0,25230,0,After Onboard,3_0_16
214_2_0,25230,3,Before Onboard,2_0_12
214_2_0,25230,0,After Onboard,2_0_12
110_1_1,25260,0,When Arrival,1_1_13
206_2_0,25260,21,Before Onboard,2_0_15
206_2_0,25260,0,After Onboard,2_0_15
325_3_0,25260,21,Before Onboard,3_0_9
325_3_0,25260,0,After Onboard,3_0_9
105_1_1,25260,14,Before Onboard,1_1_11
105_1_1,25260,0,After Onboard,1_1_11
113_1_0,25260,13,When Arrival,1_0_15
305_3_1,25260,4,When Arrival,3_1_9
202_2_0,25260,17,Before Onboard,2_0_17
202_2_0,25260,0,After Onboard,2_0_17
122_1_1,25260,17,Before Onboard,1_1_17
122_1_1,25260,0,After Onboard,1_1_17
305_4_1,25260,30,Before Onboard,4_1_11
305_4_1,25260,0,After Onboard,4_1_11
913_4_0,25260,0,When Arrival,4_0_13
208_2_1,25260,37,Before Onboard,2_1_13
208_2_1,25260,0,After Onboard,2_1_13
219_2_1,25260,16,Before Onboard,2_1_17
219_2_1,25260,0,After Onboard,2_1_17
329_3_1,25260,18,Before Onboard,3_1_17
329_3_1,25260,0,After Onboard,3_1_17
305_4_0,25260,23,Before Onboard,4_0_12
305_4_0,25260,0,After Onboard,4_0_12
116_3_0,25260,46,Before Onboard,3_0_13
116_3_0,25260,0,After Onboard,3_0_13
105_3_0,25260,2,Before Onboard,3_0_17
105_3_0,25260,0,After Onboard,3_0_17
119_1_0,25260,0,When Arrival,1_0_13
316_3_0,25290,27,Before Onboard,3_0_12
316_3_0,25290,0,After Onboard,3_0_12
113_1_1,25290,23,When Arrival,1_1_14
116_1_0,25290,15,Before Onboard,1_0_14
116_1_0,25290,0,After Onboard,1_0_14
310_3_0,25290,31,Before Onboard,3_0_14
310_3_0,25290,0,After Onboard,3_0_14
210_2_1,25290,0,When Arrival,2_1_14
208_3_1,25290,9,When Arrival,3_1_10
216_2_1,25290,0,When Arrival,2_1_16
119_1_1,25290,0,When Arrival,1_1_16
110_1_0,25290,0,When Arrival,1_0_16
110_1_1,25320,47,Before Onboard,1_1_13
110_1_1,25320,0,After Onboard,1_1_13
116_1_1,25320,20,When Arrival,1_1_15
909_4_1,25320,0,When Arrival,4_1_9
921_4_0,25320,0,When Arrival,4_0_11
113_1_0,25320,43,Before Onboard,1_0_15
113_1_0,25320,0,After Onboard,1_0_15
928_4_0,25320,0,When Arrival,4_0_9
113_2_0,25320,15,When Arrival,2_0_13
919_4_1,25320,0,When Arrival,4_1_12
213_2_1,25320,0,When Arrival,2_1_15
108_4_0,25320,26,When Arrival,4_0_12
913_4_0,25320,35,Before Onboard,4_0_13
913_4_0,25320,3,After Onboard,4_0_13
305_3_1,25320,17,Before Onboard,3_1_9
305_3_1,25320,0,After Onboard,3_1_9
119_1_0,25320,45,Before Onboard,1_0_13
119_1_0,25320,0,After Onboard,1_0_13
119_1_1,25350,7,Before Onboard,1_1_16
119_1_1,25350,0,After Onboard,1_1_16
113_1_1,25350,32,Before Onboard,1_1_14
113_1_1,25350,0,After Onboard,1_1_14
105_1_0,25350,0,When Arrival,1_0_18
204_2_0,25350,0,When Arrival,2_0_16
208_3_1,25350,30,Before Onboard,3_1_10
208_3_1,25350,0,After Onboard,3_1_10
216_2_1,25350,39,Before Onboard,2_1_16
216_2_1,25350,0,After Onboard,2_1_16
122_1_0,25350,0,When Arrival,1_0_12
210_2_1,25350,53,Before Onboard,2_1_14
210_2_1,25350,0,After Onboard,2_1_14
110_1_0,25350,10,Before Onboard,1_0_16
110_1_0,25350,0,After Onboard,1_0_16
116_1_1,25380,38,Before Onboard,1_1_15
116_1_1,25380,0,After Onboard,1_1_15
113_2_0,25380,23,Before Onboard,2_0_13
113_2_0,25380,0,After Onboard,2_0_13
926_4_1,25380,0,When Arrival,4_1_14
213_2_1,25380,51,Before Onboard,2_1_15
213_2_1,25380,0,After Onboard,2_1_15
928_4_0,25380,43,Before Onboard,4_0_9
928_4_0,25380,0,After Onboard,4_0_9
208_3_0,25380,3,When Arrival,3_0_15
921_4_0,25380,30,Before Onboard,4_0_11
921_4_0,25380,0,After Onboard,4_0_11
909_4_1,25380,53,Before Onboard,4_1_9
909_4_1,25380,0,After Onboard,4_1_9
919_4_1,25380,52,Before Onboard,4_1_12
919_4_1,25380,0,After Onboard,4_1_12
108_1_0,25380,36,When Arrival,1_0_17
108_4_0,25380,78,Before Onboard,4_0_12
108_4_0,25380,0,After Onboard,4_0_12
103_1_0,25380,0,When Arrival,1_0_19
925_4_0,25380,0,When Arrival,4_0_10
204_2_0,25410,68,Before Onboard,2_0_16
204_2_0,25410,0,After Onboard,2_0_16
105_3_1,25410,0,When Arrival,3_1_8
305_3_0,25410,13,When Arrival,3_0_16
329_3_0,25410,0,When Arrival,3_0_8
204_2_1,25410,0,When Arrival,2_1_12
105_1_0,25410,39,Before Onboard,1_0_18
105_1_0,25410,0,After Onboard,1_0_18
111_1_0,25410,0,When Arrival,1_0_16
122_1_0,25410,41,Before Onboard,1_0_12
122_1_0,25410,0,After Onboard,1_0_12
125_1_0,25440,0,When Arrival,1_0_11
208_3_0,25440,18,Before Onboard,3_0_15
208_3_0,25440,0,After Onboard,3_0_15
926_4_1,25440,66,Before Onboard,4_1_14
926_4_1,25440,0,After Onboard,4_1_14
310_3_1,25440,0,When Arrival,3_1_11
103_1_0,25440,52,Before Onboard,1_0_19
103_1_0,25440,0,After Onboard,1_0_19
922_4_0,25440,0,When Arrival,4_0_11
213_2_0,25440,0,When Arrival,2_0_13
925_4_0,25440,73,Before Onboard,4_0_10
925_4_0,25440,0,After Onboard,4_0_10
113_2_1,25440,1,When Arrival,2_1_15
108_1_0,25440,47,Before Onboard,1_0_17
108_1_0,25440,0,After Onboard,1_0_17
316_3_1,25440,0,When Arrival,3_1_13
918_4_1,25440,0,When Arrival,4_1_12
216_2_0,25470,0,When Arrival,2_0_12
101_1_1,25470,0,When Arrival,1_1_10
128_1_1,25470,72,Before Onboard,1_1_20
128_1_1,25470,0,After Onboard,1_1_20
105_3_1,25470,15,Before Onboard,3_1_8
105_3_1,25470,0,After Onboard,3_1_8
116_3_1,25470,5,When Arrival,3_1_12
111_1_0,25470,34,Before Onboard,1_0_16
111_1_0,25470,0,After Onboard,1_0_16
204_2_1,25470,15,Before Onboard,2_1_12
204_2_1,25470,0,After Onboard,2_1_12
329_3_0,25470,56,Before Onboard,3_0_8
329_3_0,25470,0,After Onboard,3_0_8
101_1_0,25470,65,Before Onboard,1_0_20
101_1_0,25470,0,After Onboard,1_0_20
305_3_0,25470,50,Before Onboard,3_0_16
305_3_0,25470,0,After Onboard,3_0_16
128_1_0,25470,0,When Arrival,1_0_10
325_3_1,25470,0,When Arrival,3_1_16
210_2_0,25470,0,When Arrival,2_0_14
202_2_1,25500,0,When Arrival,2_1_11
303_3_1,25500,0,When Arrival,3_1_9
918_4_1,25500,85,Before Onboard,4_1_12
918_4_1,25500,0,After Onboard,4_1_12
922_4_1,25500,0,When Arrival,4_1_13
125_1_0,25500,75,Before Onboard,1_0_11
125_1_0,25500,0,After Onboard,1_0_11
321_3_0,25500,0,When Arrival,3_0_11
213_2_0,25500,26,Before Onboard,2_0_13
213_2_0,25500,0,After Onboard,2_0_13
113_2_1,25500,27,Before Onboard,2_1_15
113_2_1,25500,0,After Onboard,2_1_15
219_2_0,25500,0,When Arrival,2_0_11
918_4_0,25500,0,When Arrival,4_0_12
922_4_0,25500,82,Before Onboard,4_0_11
922_4_0,25500,0,After Onboard,4_0_11
316_3_1,25500,47,Before Onboard,3_1_13
316_3_1,25500,0,After Onboard,3_1_13
310_3_1,25500,56,Before Onboard,3_1_11
310_3_1,25500,0,After Onboard,3_1_11
125_1_1,25500,0,When Arrival,1_1_19
216_2_0,25530,41,Before Onboard,2_0_12
216_2_0,25530,0,After Onboard,2_0_12
210_2_0,25530,52,Before Onboard,2_0_14
210_2_0,25530,0,After Onboard,2_0_14
325_3_1,25530,72,Before Onboard,3_1_16
325_3_1,25530,0,After Onboard,3_1_16
111_1_1,25530,0,When Arrival,1_1_14
101_1_1,25530,13,Before Onboard,1_1_10
101_1_1,25530,0,After Onboard,1_1_10
128_1_0,25530,14,Before Onboard,1_0_10
128_1_0,25530,0,After Onboard,1_0_10
116_3_1,25530,30,Before Onboard,3_1_12
116_3_1,25530,0,After Onboard,3_1_12
206_2_1,25560,0,When Arrival,2_1_13
303_3_1,25560,83,Before Onboard,3_1_9
303_3_1,25560,0,After Onboard,3_1_9
922_4_1,25560,15,Before Onboard,4_1_13
922_4_1,25560,0,After Onboard,4_1_13
219_2_0,25560,63,Before Onboard,2_0_11
219_2_0,25560,0,After Onboard,2_0_11
208_2_0,25560,2,When Arrival,2_0_15
321_3_0,25560,80,Before Onboard,3_0_11
321_3_0,25560,0,After Onboard,3_0_11
202_2_1,25560,68,Before Onboard,2_1_11
202_2_1,25560,0,After Onboard,2_1_11
108_1_1,25560,3,When Arrival,1_1_13
103_1_1,25560,0,When Arrival,1_1_11
926_4_0,25560,0,When Arrival,4_0_10
125_1_1,25560,14,Before Onboard,1_1_19
125_1_1,25560,0,After Onboard,1_1_19
918_4_0,25560,14,Before Onboard,4_0_12
918_4_0,25560,0,After Onboard,4_0_12
925_4_1,25560,0,When Arrival,4_1_14
214_2_1,25590,0,When Arrival,2_1_16
111_1_1,25590,31,Before Onboard,1_1_14
111_1_1,25590,0,After Onboard,1_1_14
105_1_1,25590,1,When Arrival,1_1_12
122_1_1,25590,0,When Arrival,1_1_18
108_4_1,25620,23,When Arrival,4_1_12
909_4_0,25620,54,Before Onboard,4_0_15
909_4_0,25620,0,After Onboard,4_0_15
926_4_0,25620,41,Before Onboard,4_0_10
926_4_0,25620,0,After Onboard,4_0_10
919_4_0,25620,0,When Arrival,4_0_12
214_2_0,25620,0,When Arrival,2_0_13
208_2_0,25620,31,Before Onboard,2_0_15
208_2_0,25620,0,After Onboard,2_0_15
116_1_0,25620,3,When Arrival,1_0_15
921_4_1,25620,0,When Arrival,4_1_13
103_1_1,25620,52,Before Onboard,1_1_11
103_1_1,25620,0,After Onboard,1_1_11
108_1_1,25620,59,Before Onboard,1_1_13
108_1_1,25620,0,After Onboard,1_1_13
303_3_0,25620,0,When Arrival,3_0_17
925_4_1,25620,25,Before Onboard,4_1_14
925_4_1,25620,0,After Onboard,4_1_14
928_4_1,25620,65,Before Onboard,4_1_15
928_4_1,25620,0,After Onboard,4_1_15
206_2_1,25620,101,Before Onboard,2_1_13
206_2_1,25620,0,After Onboard,2_1_13
321_3_1,25620,0,When Arrival,3_1_15
119_1_0,25650,0,When Arrival,1_0_14
116_3_0,25650,21,When Arrival,3_0_14
206_2_0,25650,0,When Arrival,2_0_16
208_2_1,25650,23,When Arrival,2_1_14
214_2_1,25650,104,Before Onboard,2_1_16
214_2_1,25650,0,After Onboard,2_1_16
122_1_1,25650,57,Before Onboard,1_1_18
122_1_1,25650,0,After Onboard,1_1_18
110_1_1,25650,0,When Arrival,1_1_14
105_1_1,25650,44,Before Onboard,1_1_12
105_1_1,25650,0,After Onboard,1_1_12
325_3_0,25650,0,When Arrival,3_0_10
113_1_0,25650,22,When Arrival,1_0_16
919_4_0,25680,82,Before Onboard,4_0_12
919_4_0,25680,0,After Onboard,4_0_12
116_1_0,25680,36,Before Onboard,1_0_15
116_1_0,25680,0,After Onboard,1_0_15
214_2_0,25680,11,Before Onboard,2_0_13
214_2_0,25680,0,After Onboard,2_0_13
113_1_1,25680,38,When Arrival,1_1_15
119_1_1,25680,0,When Arrival,1_1_17
321_3_1,25680,22,Before Onboard,3_1_15
321_3_1,25680,0,After Onboard,3_1_15
310_3_0,25680,0,When Arrival,3_0_15
108_4_1,25680,41,Before Onboard,4_1_12
108_4_1,25680,0,After Onboard,4_1_12
921_4_1,25680,71,Before Onboard,4_1_13
921_4_1,25680,0,After Onboard,4_1_13
110_1_0,25680,0,When Arrival,1_0_17
913_4_1,25680,0,When Arrival,4_1_11
303_3_0,25680,25,Before Onboard,3_0_17
303_3_0,25680,0,After Onboard,3_0_17
316_3_0,25680,0,When Arrival,3_0_13
305_3_1,25710,0,When Arrival,3_1_10
208_2_1,25710,49,Before Onboard,2_1_14
208_2_1,25710,0,After Onboard,2_1_14
105_3_0,25710,14,Before Onboard,3_0_18
105_3_0,25710,0,After Onboard,3_0_18
329_3_1,25710,66,Before Onboard,3_1_18
329_3_1,25710,0,After Onboard,3_1_18
116_1_1,25710,28,When Arrival,1_1_16
110_1_1,25710,80,Before Onboard,1_1_14
110_1_1,25710,0,After Onboard,1_1_14
202_2_0,25710,27,Before Onboard,2_0_18
202_2_0,25710,0,After Onboard,2_0_18
113_1_0,25710,71,Before Onboard,1_0_16
113_1_0,25710,0,After Onboard,1_0_16
219_2_1,25710,34,Before Onboard,2_1_18
219_2_1,25710,0,After Onboard,2_1_18
325_3_0,25710,43,Before Onboard,3_0_10
325_3_0,25710,0,After Onboard,3_0_10
119_1_0,25710,74,Before Onboard,1_0_14
119_1_0,25710,0,After Onboard,1_0_14
206_2_0,25710,39,Before Onboard,2_0_16
206_2_0,25710,0,After Onboard,2_0_16
116_3_0,25710,27,Before Onboard,3_0_14
116_3_0,25710,0,After Onboard,3_0_14
122_1_0,25740,0,When Arrival,1_0_13
913_4_1,25740,105,Before Onboard,4_1_11
913_4_1,25740,0,After Onboard,4_1_11
210_2_1,25740,0,When Arrival,2_1_15
216_2_1,25740,0,When Arrival,2_1_17
305_4_1,25740,6,When Arrival,4_1_12
110_1_0,25740,12,Before Onboard,1_0_17
110_1_0,25740,0,After Onboard,1_0_17
105_1_0,25740,0,When Arrival,1_0_19
305_4_0,25740,21,When Arrival,4_0_13
208_3_1,25740,32,When Arrival,3_1_11
310_3_0,25740,65,Before Onboard,3_0_15
310_3_0,25740,0,After Onboard,3_0_15
316_3_0,25740,56,Before Onboard,3_0_13
316_3_0,25740,0,After Onboard,3_0_13
119_1_1,25740,3,Before Onboard,1_1_17
119_1_1,25740,0,After Onboard,1_1_17
113_1_1,25740,45,Before Onboard,1_1_15
113_1_1,25740,0,After Onboard,1_1_15
305_3_1,25770,88,Before Onboard,3_1_10
305_3_1,25770,0,After Onboard,3_1_10
116_1_1,25770,40,Before Onboard,1_1_16
116_1_1,25770,0,After Onboard,1_1_16
103_1_0,25770,0,When Arrival,1_0_20
113_2_0,25770,13,When Arrival,2_0_14
213_2_1,25770,0,When Arrival,2_1_16
108_1_0,25770,80,When Arrival,1_0_18
122_1_0,25800,38,Before Onboard,1_0_13
122_1_0,25800,0,After Onboard,1_0_13
208_3_1,25800,57,Before Onboard,3_1_11
208_3_1,25800,0,After Onboard,3_1_11
128_1_1,25800,62,Before Onboard,1_1_21
128_1_1,25800,0,After Onboard,1_1_21
101_1_0,25800,66,Before Onboard,1_0_21
101_1_0,25800,0,After Onboard,1_0_21
913_4_0,25800,3,When Arrival,4_0_14
305_4_1,25800,13,Before Onboard,4_1_12
305_4_1,25800,0,After Onboard,4_1_12
305_4_0,25800,21,Before Onboard,4_0_13
305_4_0,25800,0,After Onboard,4_0_13
105_1_0,25800,23,Before Onboard,1_0_19
105_1_0,25800,0,After Onboard,1_0_19
216_2_1,25800,66,Before Onboard,2_1_17
216_2_1,25800,0,After Onboard,2_1_17
210_2_1,25800,58,Before Onboard,2_1_15
210_2_1,25800,0,After Onboard,2_1_15
111_1_0,25800,0,When Arrival,1_0_17
204_2_0,25800,0,When Arrival,2_0_17
108_1_0,25830,114,Before Onboard,1_0_18
108_1_0,25830,0,After Onboard,1_0_18
208_3_0,25830,15,When Arrival,3_0_16
125_1_0,25830,0,When Arrival,1_0_12
213_2_1,25830,62,Before Onboard,2_1_16
213_2_1,25830,0,After Onboard,2_1_16
103_1_0,25830,56,Before Onboard,1_0_20
103_1_0,25830,0,After Onboard,1_0_20
113_2_0,25830,37,Before Onboard,2_0_14
113_2_0,25830,0,After Onboard,2_0_14
928_4_0,25860,0,When Arrival,4_0_10
921_4_0,25860,0,When Arrival,4_0_12
913_4_0,25860,42,Before Onboard,4_0_14
913_4_0,25860,3,After Onboard,4_0_14
108_4_0,25860,32,When Arrival,4_0_13
111_1_0,25860,70,Before Onboard,1_0_17
111_1_0,25860,0,After Onboard,1_0_17
101_1_1,25860,0,When Arrival,1_1_11
909_4_1,25860,0,When Arrival,4_1_10
204_2_0,25860,82,Before Onboard,2_0_17
204_2_0,25860,0,After Onboard,2_0_17
329_3_0,25860,0,When Arrival,3_0_9
919_4_1,25860,0,When Arrival,4_1_13
128_1_0,25860,0,When Arrival,1_0_11
105_3_1,25860,0,When Arrival,3_1_9
305_3_0,25860,47,When Arrival,3_0_17
204_2_1,25860,0,When Arrival,2_1_13
213_2_0,25890,0,When Arrival,2_0_14
113_2_1,25890,7,When Arrival,2_1_16
125_1_0,25890,83,Before Onboard,1_0_12
125_1_0,25890,0,After Onboard,1_0_12
208_3_0,25890,34,Before Onboard,3_0_16
208_3_0,25890,0,After Onboard,3_0_16
316_3_1,25890,0,When Arrival,3_1_14
310_3_1,25890,0,When Arrival,3_1_12
125_1_1,25890,0,When Arrival,1_1_20
128_1_0,25920,35,Before Onboard,1_0_11
128_1_0,25920,0,After Onboard,1_0_11
204_2_1,25920,15,Before Onboard,2_1_13
204_2_1,25920,0,After Onboard,2_1_13
210_2_0,25920,0,When Arrival,2_0_15
101_1_1,25920,32,Before Onboard,1_1_11
101_1_1,25920,0,After Onboard,1_1_11
928_4_0,25920,67,Before Onboard,4_0_10
928_4_0,25920,0,After Onboard,4_0_10
925_4_0,25920,0,When Arrival,4_0_11
329_3_0,25920,54,Before Onboard,3_0_9
329_3_0,25920,0,After Onboard,3_0_9
216_2_0,25920,0,When Arrival,2_0_13
111_1_1,25920,0,When Arrival,1_1_15
105_3_1,25920,27,Before Onboard,3_1_9
105_3_1,25920,0,After Onboard,3_1_9
909_4_1,25920,74,Before Onboard,4_1_10
909_4_1,25920,0,After Onboard,4_1_10
305_3_0,25920,74,Before Onboard,3_0_17
305_3_0,25920,0,After Onboard,3_0_17
919_4_1,25920,62,Before Onboard,4_1_13
919_4_1,25920,0,After Onboard,4_1_13
325_3_1,25920,0,When Arrival,3_1_17
926_4_1,25920,0,When Arrival,4_1_15
116_3_1,25920,3,When Arrival,3_1_13
108_4_0,25920,60,Before Onboard,4_0_13
108_4_0,25920,21,After Onboard,4_0_13
921_4_0,25920,49,Before Onboard,4_0_12
921_4_0,25920,0,After Onboard,4_0_12
125_1_1,25950,15,Before Onboard,1_1_20
125_1_1,25950,0,After Onboard,1_1_20
101_1_0,25950,6,Before Onboard,1_0_22
101_1_0,25950,0,After Onboard,1_0_22
316_3_1,25950,51,Before Onboard,3_1_14
316_3_1,25950,0,After Onboard,3_1_14
113_2_1,25950,33,Before Onboard,2_1_16
113_2_1,25950,0,After Onboard,2_1_16
202_2_1,25950,0,When Arrival,2_1_12
310_3_1,25950,52,Before Onboard,3_1_12
310_3_1,25950,0,After Onboard,3_1_12
103_1_1,25950,0,When Arrival,1_1_12
321_3_0,25950,0,When Arrival,3_0_12
213_2_0,25950,26,Before Onboard,2_0_14
213_2_0,25950,0,After Onboard,2_0_14
303_3_1,25950,0,When Arrival,3_1_10
219_2_0,25950,0,When Arrival,2_0_12
108_1_1,25950,5,When Arrival,1_1_14
128_1_1,25950,13,Before Onboard,1_1_22
128_1_1,25950,0,After Onboard,1_1_22
111_1_1,25980,20,Before Onboard,1_1_15
111_1_1,25980,0,After Onboard,1_1_15
926_4_1,25980,74,Before Onboard,4_1_15
926_4_1,25980,0,After Onboard,4_1_15
116_3_1,25980,60,Before Onboard,3_1_13
116_3_1,25980,0,After Onboard,3_1_13
325_3_1,25980,62,Before Onboard,3_1_17
325_3_1,25980,0,After Onboard,3_1_17
216_2_0,25980,37,Before Onboard,2_0_13
216_2_0,25980,0,After Onboard,2_0_13
105_1_1,25980,11,When Arrival,1_1_13
925_4_0,25980,92,Before Onboard,4_0_11
925_4_0,25980,0,After Onboard,4_0_11
122_1_1,25980,0,When Arrival,1_1_19
918_4_1,25980,0,When Arrival,4_1_13
922_4_0,25980,0,When Arrival,4_0_12
210_2_0,25980,38,Before Onboard,2_0_15
210_2_0,25980,0,After Onboard,2_0_15
208_2_0,26010,6,When Arrival,2_0_16
206_2_1,26010,0,When Arrival,2_1_14
202_2_1,26010,73,Before Onboard,2_1_12
202_2_1,26010,0,After Onboard,2_1_12
103_1_1,26010,45,Before Onboard,1_1_12
103_1_1,26010,0,After Onboard,1_1_12
219_2_0,26010,80,Before Onboard,2_0_12
219_2_0,26010,0,After Onboard,2_0_12
321_3_0,26010,84,Before Onboard,3_0_12
321_3_0,26010,0,After Onboard,3_0_12
303_3_1,26010,83,Before Onboard,3_1_10
303_3_1,26010,0,After Onboard,3_1_10
108_1_1,26010,34,Before Onboard,1_1_14
108_1_1,26010,0,After Onboard,1_1_14
116_1_0,26010,9,When Arrival,1_0_16
214_2_1,26040,0,When Arrival,2_1_17
918_4_1,26040,102,Before Onboard,4_1_13
918_4_1,26040,0,After Onboard,4_1_13
918_4_0,26040,0,When Arrival,4_0_13
922_4_1,26040,0,When Arrival,4_1_14
122_1_1,26040,51,Before Onboard,1_1_19
122_1_1,26040,0,After Onboard,1_1_19
113_1_0,26040,77,When Arrival,1_0_17
110_1_1,26040,0,When Arrival,1_1_15
105_1_1,26040,45,Before Onboard,1_1_13
105_1_1,26040,0,After Onboard,1_1_13
922_4_0,26040,140,Before Onboard,4_0_12
922_4_0,26040,0,After Onboard,4_0_12
119_1_0,26040,0,When Arrival,1_0_15
321_3_1,26070,0,When Arrival,3_1_16
116_1_0,26070,32,Before Onboard,1_0_16
116_1_0,26070,0,After Onboard,1_0_16
113_1_1,26070,99,When Arrival,1_1_16
110_1_0,26070,0,When Arrival,1_0_18
119_1_1,26070,0,When Arrival,1_1_18
303_3_0,26070,0,When Arrival,3_0_18
208_2_0,26070,54,Before Onboard,2_0_16
208_2_0,26070,0,After Onboard,2_0_16
206_2_1,26070,84,Before Onboard,2_1_14
206_2_1,26070,0,After Onboard,2_1_14
214_2_0,26070,0,When Arrival,2_0_14
116_3_0,26100,16,When Arrival,3_0_15
119_1_0,26100,96,Before Onboard,1_0_15
119_1_0,26100,0,After Onboard,1_0_15
101_1_0,26100,41,Before Onboard,1_0_23
101_1_0,26100,0,After Onboard,1_0_23
128_1_1,26100,39,Before Onboard,1_1_23
128_1_1,26100,0,After Onboard,1_1_23
918_4_0,26100,18,Before Onboard,4_0_13
918_4_0,26100,8,After Onboard,4_0_13
206_2_0,26100,0,When Arrival,2_0_17
103_1_0,26100,0,When Arrival,1_0_21
110_1_1,26100,91,Before Onboard,1_1_15
110_1_1,26100,0,After Onboard,1_1_15
208_2_1,26100,19,When Arrival,2_1_15
325_3_0,26100,0,When Arrival,3_0_11
116_1_1,26100,58,When Arrival,1_1_17
926_4_0,26100,0,When Arrival,4_0_11
925_4_1,26100,0,When Arrival,4_1_15
922_4_1,26100,18,Before Onboard,4_1_14
922_4_1,26100,0,After Onboard,4_1_14
113_1_0,26100,119,Before Onboard,1_0_17
113_1_0,26100,0,After Onboard,1_0_17
214_2_1,26100,86,Before Onboard,2_1_17
214_2_1,26100,0,After Onboard,2_1_17
119_1_1,26130,6,Before Onboard,1_1_18
119_1_1,26130,0,After Onboard,1_1_18
105_1_0,26130,0,When Arrival,1_0_20
110_1_0,26130,3,Before Onboard,1_0_18
110_1_0,26130,0,After Onboard,1_0_18
303_3_0,26130,34,Before Onboard,3_0_18
303_3_0,26130,0,After Onboard,3_0_18
310_3_0,26130,0,When Arrival,3_0_16
113_1_1,26130,105,Before Onboard,1_1_16
113_1_1,26130,0,After Onboard,1_1_16
321_3_1,26130,29,Before Onboard,3_1_16
321_3_1,26130,0,After Onboard,3_1_16
214_2_0,26130,13,Before Onboard,2_0_14
214_2_0,26130,0,After Onboard,2_0_14
316_3_0,26130,0,When Arrival,3_0_14
122_1_0,26130,0,When Arrival,1_0_14
116_1_1,26160,77,Before Onboard,1_1_17
116_1_1,26160,0,After Onboard,1_1_17
103_1_0,26160,33,Before Onboard,1_0_21
103_1_0,26160,0,After Onboard,1_0_21
329_3_1,26160,60,Before Onboard,3_1_19
329_3_1,26160,0,After Onboard,3_1_19
325_3_0,26160,44,Before Onboard,3_0_11
325_3_0,26160,0,After Onboard,3_0_11
202_2_0,26160,38,Before Onboard,2_0_19
202_2_0,26160,0,After Onboard,2_0_19
219_2_1,26160,28,Before Onboard,2_1_19
219_2_1,26160,0,After Onboard,2_1_19
105_3_0,26160,52,Before Onboard,3_0_19
105_3_0,26160,0,After Onboard,3_0_19
305_3_1,26160,0,When Arrival,3_1_11
919_4_0,26160,0,When Arrival,4_0_13
108_4_1,26160,23,When Arrival,4_1_13
909_4_0,26160,67,Before Onboard,4_0_16
909_4_0,26160,0,After Onboard,4_0_16
116_3_0,26160,19,Before Onboard,3_0_15
116_3_0,26160,0,After Onboard,3_0_15
928_4_1,26160,58,Before Onboard,4_1_16
928_4_1,26160,0,After Onboard,4_1_16
925_4_1,26160,48,Before Onboard,4_1_15
925_4_1,26160,0,After Onboard,4_1_15
921_4_1,26160,0,When Arrival,4_1_14
108_1_0,26160,144,When Arrival,1_0_19
926_4_0,26160,57,Before Onboard,4_0_11
926_4_0,26160,0,After Onboard,4_0_11
206_2_0,26160,22,Before Onboard,2_0_17
206_2_0,26160,0,After Onboard,2_0_17
208_2_1,26160,47,Before Onboard,2_1_15
208_2_1,26160,0,After Onboard,2_1_15
122_1_0,26190,41,Before Onboard,1_0_14
122_1_0,26190,0,After Onboard,1_0_14
316_3_0,26190,64,Before Onboard,3_0_14
316_3_0,26190,0,After Onboard,3_0_14
208_3_1,26190,76,When Arrival,3_1_12
105_1_0,26190,5,Before Onboard,1_0_20
105_1_0,26190,0,After Onboard,1_0_20
210_2_1,26190,0,When Arrival,2_1_16
310_3_0,26190,47,Before Onboard,3_0_16
310_3_0,26190,0,After Onboard,3_0_16
111_1_0,26190,0,When Arrival,1_0_18
216_2_1,26190,0,When Arrival,2_1_18
213_2_1,26220,0,When Arrival,2_1_17
919_4_0,26220,78,Before Onboard,4_0_13
919_4_0,26220,0,After Onboard,4_0_13
125_1_0,26220,0,When Arrival,1_0_13
108_4_1,26220,78,Before Onboard,4_1_13
108_4_1,26220,0,After Onboard,4_1_13
921_4_1,26220,69,Before Onboard,4_1_14
921_4_1,26220,0,After Onboard,4_1_14
108_1_0,26220,144,Before Onboard,1_0_19
108_1_0,26220,0,After Onboard,1_0_19
305_3_1,26220,79,Before Onboard,3_1_11
305_3_1,26220,0,After Onboard,3_1_11
913_4_1,26220,0,When Arrival,4_1_12
125_1_1,26220,0,When Arrival,1_1_21
113_2_0,26220,36,When Arrival,2_0_15
103_1_0,26250,0,When Arrival,1_0_22
128_1_1,26250,42,Before Onboard,1_1_24
128_1_1,26250,0,After Onboard,1_1_24
111_1_0,26250,63,Before Onboard,1_0_18
111_1_0,26250,0,After Onboard,1_0_18
128_1_0,26250,0,When Arrival,1_0_12
101_1_0,26250,31,Before Onboard,1_0_24
101_1_0,26250,0,After Onboard,1_0_24
216_2_1,26250,61,Before Onboard,2_1_18
216_2_1,26250,0,After Onboard,2_1_18
101_1_1,26250,0,When Arrival,1_1_12
208_3_1,26250,104,Before Onboard,3_1_12
208_3_1,26250,0,After Onboard,3_1_12
204_2_0,26250,0,When Arrival,2_0_18
210_2_1,26250,57,Before Onboard,2_1_16
210_2_1,26250,0,After Onboard,2_1_16
305_4_0,26280,49,When Arrival,4_0_14
113_2_0,26280,70,Before Onboard,2_0_15
113_2_0,26280,0,After Onboard,2_0_15
913_4_1,26280,118,Before Onboard,4_1_12
913_4_1,26280,0,After Onboard,4_1_12
305_4_1,26280,12,When Arrival,4_1_13
208_3_0,26280,31,When Arrival,3_0_17
125_1_0,26280,72,Before Onboard,1_0_13
125_1_0,26280,0,After Onboard,1_0_13
213_2_1,26280,66,Before Onboard,2_1_17
213_2_1,26280,0,After Onboard,2_1_17
125_1_1,26280,0,Before Onboard,1_1_21
125_1_1,26280,0,After Onboard,1_1_21
101_1_1,26310,11,Before Onboard,1_1_12
101_1_1,26310,0,After Onboard,1_1_12
305_3_0,26310,69,When Arrival,3_0_18
128_1_0,26310,8,Before Onboard,1_0_12
128_1_0,26310,0,After Onboard,1_0_12
111_1_1,26310,0,When Arrival,1_1_16
204_2_1,26310,0,When Arrival,2_1_14
204_2_0,26310,95,Before Onboard,2_0_18
204_2_0,26310,0,After Onboard,2_0_18
329_3_0,26310,0,When Arrival,3_0_10
103_1_0,26310,33,Before Onboard,1_0_22
103_1_0,26310,0,After Onboard,1_0_22
105_3_1,26310,0,When Arrival,3_1_10
113_2_1,26340,12,When Arrival,2_1_17
305_4_0,26340,95,Before Onboard,4_0_14
305_4_0,26340,0,After Onboard,4_0_14
208_3_0,26340,49,Before Onboard,3_0_17
208_3_0,26340,0,After Onboard,3_0_17
316_3_1,26340,0,When Arrival,3_1_15
213_2_0,26340,0,When Arrival,2_0_15
310_3_1,26340,0,When Arrival,3_1_13
913_4_0,26340,3,When Arrival,4_0_15
108_1_1,26340,28,When Arrival,1_1_15
305_4_1,26340,16,Before Onboard,4_1_13
305_4_1,26340,0,After Onboard,4_1_13
103_1_1,26340,0,When Arrival,1_1_13
325_3_1,26370,0,When Arrival,3_1_18
111_1_1,26370,33,Before Onboard,1_1_16
111_1_1,26370,0,After Onboard,1_1_16
305_3_0,26370,75,Before Onboard,3_0_18
305_3_0,26370,0,After Onboard,3_0_18
329_3_0,26370,47,Before Onboard,3_0_10
329_3_0,26370,0,After Onboard,3_0_10
122_1_1,26370,0,When Arrival,1_1_20
210_2_0,26370,0,When Arrival,2_0_16
204_2_1,26370,16,Before Onboard,2_1_14
204_2_1,26370,0,After Onboard,2_1_14
125_1_1,26370,0,When Arrival,1_1_22
116_3_1,26370,13,When Arrival,3_1_14
105_3_1,26370,44,Before Onboard,3_1_10
105_3_1,26370,0,After Onboard,3_1_10
216_2_0,26370,0,When Arrival,2_0_14
105_1_1,26370,6,When Arrival,1_1_14
909_4_1,26400,0,When Arrival,4_1_11
303_3_1,26400,0,When Arrival,3_1_11
103_1_0,26400,0,When Arrival,1_0_23
928_4_0,26400,0,When Arrival,4_0_11
128_1_1,26400,19,Before Onboard,1_1_25
128_1_1,26400,0,After Onboard,1_1_25
108_4_0,26400,123,When Arrival,4_0_14
310_3_1,26400,50,Before Onboard,3_1_13
310_3_1,26400,0,After Onboard,3_1_13
101_1_0,26400,23,Before Onboard,1_0_25
101_1_0,26400,0,After Onboard,1_0_25
108_1_1,26400,88,Before Onboard,1_1_15
108_1_1,26400,0,After Onboard,1_1_15
921_4_0,26400,0,When Arrival,4_0_13
219_2_0,26400,0,When Arrival,2_0_13
321_3_0,26400,0,When Arrival,3_0_13
919_4_1,26400,0,When Arrival,4_1_14
103_1_1,26400,18,Before Onboard,1_1_13
103_1_1,26400,0,After Onboard,1_1_13
213_2_0,26400,40,Before Onboard,2_0_15
213_2_0,26400,0,After Onboard,2_0_15
913_4_0,26400,31,Before Onboard,4_0_15
913_4_0,26400,3,After Onboard,4_0_15
116_1_0,26400,20,When Arrival,1_0_17
113_2_1,26400,40,Before Onboard,2_1_17
113_2_1,26400,0,After Onboard,2_1_17
316_3_1,26400,56,Before Onboard,3_1_15
316_3_1,26400,0,After Onboard,3_1_15
202_2_1,26400,0,When Arrival,2_1_13
113_1_0,26430,83,When Arrival,1_0_18
116_3_1,26430,86,Before Onboard,3_1_14
116_3_1,26430,0,After Onboard,3_1_14
216_2_0,26430,41,Before Onboard,2_0_14
216_2_0,26430,0,After Onboard,2_0_14
325_3_1,26430,78,Before Onboard,3_1_18
325_3_1,26430,0,After Onboard,3_1_18
122_1_1,26430,56,Before Onboard,1_1_20
122_1_1,26430,0,After Onboard,1_1_20
119_1_0,26430,0,When Arrival,1_0_16
105_1_1,26430,19,Before Onboard,1_1_14
105_1_1,26430,0,After Onboard,1_1_14
110_1_1,26430,0,When Arrival,1_1_16
210_2_0,26430,41,Before Onboard,2_0_16
210_2_0,26430,0,After Onboard,2_0_16
125_1_1,26430,30,Before Onboard,1_1_22
125_1_1,26430,0,After Onboard,1_1_22
103_1_0,26460,17,Before Onboard,1_0_23
103_1_0,26460,0,After Onboard,1_0_23
108_4_0,26460,139,Before Onboard,4_0_14
108_4_0,26460,21,After Onboard,4_0_14
119_1_1,26460,0,When Arrival,1_1_19
206_2_1,26460,0,When Arrival,2_1_15
208_2_0,26460,9,When Arrival,2_0_17
926_4_1,26460,0,When Arrival,4_1_16
113_1_1,26460,106,When Arrival,1_1_17
919_4_1,26460,57,Before Onboard,4_1_14
919_4_1,26460,0,After Onboard,4_1_14
303_3_1,26460,80,Before Onboard,3_1_11
303_3_1,26460,0,After Onboard,3_1_11
925_4_0,26460,0,When Arrival,4_0_12
928_4_0,26460,70,Before Onboard,4_0_11
928_4_0,26460,0,After Onboard,4_0_11
202_2_1,26460,68,Before Onboard,2_1_13
202_2_1,26460,0,After Onboard,2_1_13
116_1_0,26460,25,Before Onboard,1_0_17
116_1_0,26460,0,After Onboard,1_0_17
110_1_0,26460,0,When Arrival,1_0_19
909_4_1,26460,88,Before Onboard,4_1_11
909_4_1,26460,0,After Onboard,4_1_11
105_1_0,26460,0,When Arrival,1_0_21
321_3_0,26460,76,Before Onboard,3_0_13
321_3_0,26460,0,After Onboard,3_0_13
921_4_0,26460,66,Before Onboard,4_0_13
921_4_0,26460,0,After Onboard,4_0_13
219_2_0,26460,75,Before Onboard,2_0_13
219_2_0,26460,0,After Onboard,2_0_13
116_1_1,26490,40,When Arrival,1_1_18
113_1_0,26490,97,Before Onboard,1_0_18
113_1_0,26490,0,After Onboard,1_0_18
214_2_1,26490,0,When Arrival,2_1_18
119_1_0,26490,69,Before Onboard,1_0_16
119_1_0,26490,0,After Onboard,1_0_16
110_1_1,26490,74,Before Onboard,1_1_16
110_1_1,26490,0,After Onboard,1_1_16
206_2_1,26520,75,Before Onboard,2_1_15
206_2_1,26520,0,After Onboard,2_1_15
125_1_1,26520,0,When Arrival,1_1_23
214_2_0,26520,0,When Arrival,2_0_15
113_1_1,26520,110,Before Onboard,1_1_17
113_1_1,26520,0,After Onboard,1_1_17
122_1_0,26520,0,When Arrival,1_0_15
321_3_1,26520,0,When Arrival,3_1_17
925_4_0,26520,83,Before Onboard,4_0_12
925_4_0,26520,33,After Onboard,4_0_12
119_1_1,26520,12,Before Onboard,1_1_19
119_1_1,26520,0,After Onboard,1_1_19
303_3_0,26520,0,When Arrival,3_0_19
208_2_0,26520,48,Before Onboard,2_0_17
208_2_0,26520,0,After Onboard,2_0_17
105_1_0,26520,23,Before Onboard,1_0_21
105_1_0,26520,0,After Onboard,1_0_21
918_4_1,26520,0,When Arrival,4_1_14
926_4_1,26520,87,Before Onboard,4_1_16
926_4_1,26520,0,After Onboard,4_1_16
110_1_0,26520,5,Before Onboard,1_0_19
110_1_0,26520,0,After Onboard,1_0_19
922_4_0,26520,0,When Arrival,4_0_13
214_2_1,26550,99,Before Onboard,2_1_18
214_2_1,26550,0,After Onboard,2_1_18
101_1_0,26550,40,Before Onboard,1_0_26
101_1_0,26550,0,After Onboard,1_0_26
108_1_0,26550,29,When Arrival,1_0_20
325_3_0,26550,0,When Arrival,3_0_12
103_1_0,26550,0,When Arrival,1_0_24
116_3_0,26550,71,When Arrival,3_0_16
206_2_0,26550,0,When Arrival,2_0_18
128_1_1,26550,36,Before Onboard,1_1_26
128_1_1,26550,0,After Onboard,1_1_26
116_1_1,26550,77,Before Onboard,1_1_18
116_1_1,26550,0,After Onboard,1_1_18
208_2_1,26550,42,When Arrival,2_1_16
321_3_1,26580,34,Before Onboard,3_1_17
321_3_1,26580,0,After Onboard,3_1_17
214_2_0,26580,11,Before Onboard,2_0_15
214_2_0,26580,0,After Onboard,2_0_15
316_3_0,26580,0,When Arrival,3_0_15
122_1_0,26580,39,Before Onboard,1_0_15
122_1_0,26580,0,After Onboard,1_0_15
918_4_1,26580,116,Before Onboard,4_1_14
918_4_1,26580,0,After Onboard,4_1_14
922_4_1,26580,0,When Arrival,4_1_15
310_3_0,26580,0,When Arrival,3_0_17
125_1_1,26580,38,Before Onboard,1_1_23
125_1_1,26580,0,After Onboard,1_1_23
918_4_0,26580,8,When Arrival,4_0_14
303_3_0,26580,32,Before Onboard,3_0_19
303_3_0,26580,0,After Onboard,3_0_19
922_4_0,26580,112,Before Onboard,4_0_13
922_4_0,26580,0,After Onboard,4_0_13
111_1_0,26580,0,When Arrival,1_0_19
208_2_1,26610,67,Before Onboard,2_1_16
208_2_1,26610,0,After Onboard,2_1_16
325_3_0,26610,32,Before Onboard,3_0_12
325_3_0,26610,0,After Onboard,3_0_12
206_2_0,26610,26,Before Onboard,2_0_18
206_2_0,26610,0,After Onboard,2_0_18
125_1_0,26610,0,When Arrival,1_0_14
305_3_1,26610,16,When Arrival,3_1_12
202_2_0,26610,27,Before Onboard,2_0_20
202_2_0,26610,0,After Onboard,2_0_20
116_3_0,26610,84,Before Onboard,3_0_16
116_3_0,26610,0,After Onboard,3_0_16
103_1_0,26610,47,Before Onboard,1_0_24
103_1_0,26610,0,After Onboard,1_0_24
108_1_0,26610,61,Before Onboard,1_0_20
108_1_0,26610,0,After Onboard,1_0_20
105_1_0,26610,0,When Arrival,1_0_22
105_3_0,26610,39,Before Onboard,3_0_20
105_3_0,26610,0,After Onboard,3_0_20
329_3_1,26610,52,Before Onboard,3_1_20
329_3_1,26610,0,After Onboard,3_1_20
219_2_1,26610,27,Before Onboard,2_1_20
219_2_1,26610,0,After Onboard,2_1_20
208_3_1,26640,68,When Arrival,3_1_13
101_1_1,26640,0,When Arrival,1_1_13
316_3_0,26640,66,Before Onboard,3_0_15
316_3_0,26640,0,After Onboard,3_0_15
128_1_0,26640,0,When Arrival,1_0_13
310_3_0,26640,56,Before Onboard,3_0_17
310_3_0,26640,0,After Onboard,3_0_17
922_4_1,26640,15,Before Onboard,4_1_15
922_4_1,26640,0,After Onboard,4_1_15
926_4_0,26640,0,When Arrival,4_0_12
925_4_1,26640,0,When Arrival,4_1_16
216_2_1,26640,0,When Arrival,2_1_19
210_2_1,26640,0,When Arrival,2_1_17
918_4_0,26640,25,Before Onboard,4_0_14
918_4_0,26640,8,After Onboard,4_0_14
111_1_0,26640,66,Before Onboard,1_0_19
111_1_0,26640,0,After Onboard,1_0_19
305_3_1,26670,85,Before Onboard,3_1_12
305_3_1,26670,1,After Onboard,3_1_12
113_2_0,26670,60,When Arrival,2_0_16
105_1_0,26670,21,Before Onboard,1_0_22
105_1_0,26670,0,After Onboard,1_0_22
125_1_1,26670,0,When Arrival,1_1_24
213_2_1,26670,0,When Arrival,2_1_18
125_1_0,26670,15,Before Onboard,1_0_14
125_1_0,26670,0,After Onboard,1_0_14
108_4_1,26700,32,When Arrival,4_1_14
128_1_1,26700,38,Before Onboard,1_1_27
128_1_1,26700,0,After Onboard,1_1_27
216_2_1,26700,63,Before Onboard,2_1_19
216_2_1,26700,0,After Onboard,2_1_19
122_1_1,26700,0,When Arrival,1_1_21
925_4_1,26700,44,Before Onboard,4_1_16
925_4_1,26700,0,After Onboard,4_1_16
928_4_1,26700,53,Before Onboard,4_1_17
928_4_1,26700,0,After Onboard,4_1_17
921_4_1,26700,0,When Arrival,4_1_15
111_1_1,26700,0,When Arrival,1_1_17
909_4_0,26700,49,Before Onboard,4_0_17
909_4_0,26700,0,After Onboard,4_0_17
919_4_0,26700,0,When Arrival,4_0_14
204_2_0,26700,0,When Arrival,2_0_19
208_3_1,26700,94,Before Onboard,3_1_13
208_3_1,26700,0,After Onboard,3_1_13
101_1_1,26700,50,Before Onboard,1_1_13
101_1_1,26700,0,After Onboard,1_1_13
210_2_1,26700,65,Before Onboard,2_1_17
210_2_1,26700,0,After Onboard,2_1_17
101_1_0,26700,0,Before Onboard,1_0_27
101_1_0,26700,0,After Onboard,1_0_27
103_1_0,26700,0,When Arrival,1_0_25
926_4_0,26700,36,Before Onboard,4_0_12
926_4_0,26700,15,After Onboard,4_0_12
128_1_0,26700,0,Before Onboard,1_0_13
128_1_0,26700,0,After Onboard,1_0_13
108_1_1,26730,37,When Arrival,1_1_16
113_2_0,26730,112,Before Onboard,2_0_16
113_2_0,26730,0,After Onboard,2_0_16
208_3_0,26730,36,When Arrival,3_0_18
103_1_1,26730,0,When Arrival,1_1_14
213_2_1,26730,82,Before Onboard,2_1_18
213_2_1,26730,0,After Onboard,2_1_18
125_1_1,26730,15,Before Onboard,1_1_24
125_1_1,26730,0,After Onboard,1_1_24
921_4_1,26760,64,Before Onboard,4_1_15
921_4_1,26760,0,After Onboard,4_1_15
103_1_0,26760,44,Before Onboard,1_0_25
103_1_0,26760,0,After Onboard,1_0_25
305_3_0,26760,0,When Arrival,3_0_19
122_1_1,26760,43,Before Onboard,1_1_21
122_1_1,26760,0,After Onboard,1_1_21
913_4_1,26760,0,When Arrival,4_1_13
108_4_1,26760,95,Before Onboard,4_1_14
108_4_1,26760,0,After Onboard,4_1_14
105_1_0,26760,0,When Arrival,1_0_23
105_3_1,26760,0,When Arrival,3_1_11
111_1_1,26760,29,Before Onboard,1_1_17
111_1_1,26760,0,After Onboard,1_1_17
329_3_0,26760,0,When Arrival,3_0_11
105_1_1,26760,9,When Arrival,1_1_15
204_2_1,26760,0,When Arrival,2_1_15
919_4_0,26760,62,Before Onboard,4_0_14
919_4_0,26760,0,After Onboard,4_0_14
204_2_0,26760,85,Before Onboard,2_0_19
204_2_0,26760,0,After Onboard,2_0_19
108_1_1,26790,41,Before Onboard,1_1_16
108_1_1,26790,0,After Onboard,1_1_16
208_3_0,26790,52,Before Onboard,3_0_18
208_3_0,26790,0,After Onboard,3_0_18
213_2_0,26790,0,When Arrival,2_0_16
316_3_1,26790,0,When Arrival,3_1_16
103_1_1,26790,5,Before Onboard,1_1_14
103_1_1,26790,0,After Onboard,1_1_14
310_3_1,26790,0,When Arrival,3_1_14
116_1_0,26790,22,When Arrival,1_0_18
113_2_1,26790,13,When Arrival,2_1_18
216_2_0,26820,0,When Arrival,2_0_15
210_2_0,26820,0,When Arrival,2_0_17
110_1_1,26820,0,When Arrival,1_1_17
329_3_0,26820,49,Before Onboard,3_0_11
329_3_0,26820,0,After Onboard,3_0_11
305_4_0,26820,82,When Arrival,4_0_15
913_4_1,26820,100,Before Onboard,4_1_13
913_4_1,26820,0,After Onboard,4_1_13
119_1_0,26820,0,When Arrival,1_0_17
105_3_1,26820,33,Before Onboard,3_1_11
105_3_1,26820,0,After Onboard,3_1_11
105_1_1,26820,9,Before Onboard,1_1_15
105_1_1,26820,0,After Onboard,1_1_15
125_1_1,26820,0,When Arrival,1_1_25
325_3_1,26820,0,When Arrival,3_1_19
305_4_1,26820,24,When Arrival,4_1_14
305_3_0,26820,129,Before Onboard,3_0_19
305_3_0,26820,2,After Onboard,3_0_19
116_3_1,26820,23,When Arrival,3_1_15
204_2_1,26820,19,Before Onboard,2_1_15
204_2_1,26820,0,After Onboard,2_1_15
105_1_0,26820,0,Before Onboard,1_0_23
105_1_0,26820,0,After Onboard,1_0_23
113_1_0,26820,88,When Arrival,1_0_19
219_2_0,26850,0,When Arrival,2_0_14
113_2_1,26850,45,Before Onboard,2_1_18
113_2_1,26850,0,After Onboard,2_1_18
321_3_0,26850,0,When Arrival,3_0_14
213_2_0,26850,25,Before Onboard,2_0_16
213_2_0,26850,0,After Onboard,2_0_16
316_3_1,26850,67,Before Onboard,3_1_16
316_3_1,26850,0,After Onboard,3_1_16
303_3_1,26850,0,When Arrival,3_1_12
110_1_0,26850,0,When Arrival,1_0_20
122_1_1,26850,0,When Arrival,1_1_22
101_1_0,26850,36,Before Onboard,1_0_28
101_1_0,26850,0,After Onboard,1_0_28
113_1_1,26850,141,When Arrival,1_1_18
116_1_0,26850,89,Before Onboard,1_0_18
116_1_0,26850,0,After Onboard,1_0_18
310_3_1,26850,35,Before Onboard,3_1_14
310_3_1,26850,0,After Onboard,3_1_14
202_2_1,26850,0,When Arrival,2_1_14
103_1_0,26850,0,When Arrival,1_0_26
119_1_1,26850,0,When Arrival,1_1_20
128_1_1,26850,37,Before Onboard,1_1_28
128_1_1,26850,0,After Onboard,1_1_28
325_3_1,26880,79,Before Onboard,3_1_19
325_3_1,26880,0,After Onboard,3_1_19
305_4_1,26880,33,Before Onboard,4_1_14
305_4_1,26880,0,After Onboard,4_1_14
305_4_0,26880,82,Before Onboard,4_0_15
305_4_0,26880,0,After Onboard,4_0_15
108_1_0,26880,149,When Arrival,1_0_21
125_1_1,26880,36,Before Onboard,1_1_25
125_1_1,26880,0,After Onboard,1_1_25
116_1_1,26880,64,When Arrival,1_1_19
216_2_0,26880,33,Before Onboard,2_0_15
216_2_0,26880,0,After Onboard,2_0_15
110_1_1,26880,109,Before Onboard,1_1_17
110_1_1,26880,0,After Onboard,1_1_17
116_3_1,26880,45,Before Onboard,3_1_15
116_3_1,26880,0,After Onboard,3_1_15
119_1_0,26880,94,Before Onboard,1_0_17
119_1_0,26880,0,After Onboard,1_0_17
913_4_0,26880,3,When Arrival,4_0_16
210_2_0,26880,41,Before Onboard,2_0_17
210_2_0,26880,0,After Onboard,2_0_17
113_1_0,26880,93,Before Onboard,1_0_19
113_1_0,26880,0,After Onboard,1_0_19
321_3_0,26910,80,Before Onboard,3_0_14
321_3_0,26910,0,After Onboard,3_0_14
206_2_1,26910,0,When Arrival,2_1_16
122_1_0,26910,0,When Arrival,1_0_16
303_3_1,26910,85,Before Onboard,3_1_12
303_3_1,26910,0,After Onboard,3_1_12
113_1_1,26910,148,Before Onboard,1_1_18
113_1_1,26910,0,After Onboard,1_1_18
103_1_0,26910,37,Before Onboard,1_0_26
103_1_0,26910,0,After Onboard,1_0_26
202_2_1,26910,68,Before Onboard,2_1_14
202_2_1,26910,0,After Onboard,2_1_14
110_1_0,26910,10,Before Onboard,1_0_20
110_1_0,26910,0,After Onboard,1_0_20
122_1_1,26910,56,Before Onboard,1_1_22
122_1_1,26910,0,After Onboard,1_1_22
219_2_0,26910,70,Before Onboard,2_0_14
219_2_0,26910,0,After Onboard,2_0_14
208_2_0,26910,9,When Arrival,2_0_18
119_1_1,26910,8,Before Onboard,1_1_20
119_1_1,26910,0,After Onboard,1_1_20
105_1_0,26910,0,When Arrival,1_0_24
214_2_1,26940,0,When Arrival,2_1_19
913_4_0,26940,30,Before Onboard,4_0_16
913_4_0,26940,3,After Onboard,4_0_16
928_4_0,26940,0,When Arrival,4_0_12
108_4_0,26940,150,When Arrival,4_0_15
919_4_1,26940,0,When Arrival,4_1_15
108_1_0,26940,230,Before Onboard,1_0_21
108_1_0,26940,0,After Onboard,1_0_21
116_1_1,26940,78,Before Onboard,1_1_19
116_1_1,26940,0,After Onboard,1_1_19
909_4_1,26940,0,When Arrival,4_1_12
921_4_0,26940,0,When Arrival,4_0_14
321_3_1,26970,0,When Arrival,3_1_18
122_1_0,26970,17,Before Onboard,1_0_16
122_1_0,26970,0,After Onboard,1_0_16
111_1_0,26970,0,When Arrival,1_0_20
303_3_0,26970,0,When Arrival,3_0_20
105_1_0,26970,30,Before Onboard,1_0_24
105_1_0,26970,0,After Onboard,1_0_24
208_2_0,26970,55,Before Onboard,2_0_18
208_2_0,26970,0,After Onboard,2_0_18
125_1_1,26970,0,When Arrival,1_1_26
214_2_0,26970,0,When Arrival,2_0_16
206_2_1,26970,91,Before Onboard,2_1_16
206_2_1,26970,0,After Onboard,2_1_16
116_3_0,27000,86,When Arrival,3_0_17
108_4_0,27000,165,Before Onboard,4_0_15
108_4_0,27000,21,After Onboard,4_0_15
125_1_0,27000,0,When Arrival,1_0_15
925_4_0,27000,33,When Arrival,4_0_13
128_1_1,27000,41,Before Onboard,1_1_29
128_1_1,27000,0,After Onboard,1_1_29
909_4_1,27000,71,Before Onboard,4_1_12
909_4_1,27000,0,After Onboard,4_1_12
325_3_0,27000,0,When Arrival,3_0_13
206_2_0,27000,0,When Arrival,2_0_19
122_1_1,27000,0,When Arrival,1_1_23
919_4_1,27000,60,Before Onboard,4_1_15
919_4_1,27000,0,After Onboard,4_1_15
921_4_0,27000,66,Before Onboard,4_0_14
921_4_0,27000,0,After Onboard,4_0_14
101_1_0,27000,28,Before Onboard,1_0_29
101_1_0,27000,0,After Onboard,1_0_29
928_4_0,27000,69,Before Onboard,4_0_12
928_4_0,27000,50,After Onboard,4_0_12
208_2_1,27000,52,When Arrival,2_1_17
214_2_1,27000,107,Before Onboard,2_1_19
214_2_1,27000,0,After Onboard,2_1_19
926_4_1,27000,0,When Arrival,4_1_17
108_1_0,27030,0,When Arrival,1_0_22
128_1_0,27030,0,When Arrival,1_0_14
101_1_1,27030,0,When Arrival,1_1_14
214_2_0,27030,12,Before Onboard,2_0_16
214_2_0,27030,0,After Onboard,2_0_16
310_3_0,27030,0,When Arrival,3_0_18
111_1_0,27030,57,Before Onboard,1_0_20
111_1_0,27030,0,After Onboard,1_0_20
303_3_0,27030,22,Before Onboard,3_0_20
303_3_0,27030,0,After Onboard,3_0_20
321_3_1,27030,30,Before Onboard,3_1_18
321_3_1,27030,0,After Onboard,3_1_18
316_3_0,27030,0,When Arrival,3_0_16
125_1_1,27030,35,Before Onboard,1_1_26
125_1_1,27030,0,After Onboard,1_1_26
325_3_0,27060,52,Before Onboard,3_0_13
325_3_0,27060,0,After Onboard,3_0_13
105_1_0,27060,0,When Arrival,1_0_25
329_3_1,27060,69,Before Onboard,3_1_21
329_3_1,27060,0,After Onboard,3_1_21
116_3_0,27060,115,Before Onboard,3_0_17
116_3_0,27060,0,After Onboard,3_0_17
125_1_0,27060,2,Before Onboard,1_0_15
125_1_0,27060,0,After Onboard,1_0_15
105_3_0,27060,55,Before Onboard,3_0_21
105_3_0,27060,0,After Onboard,3_0_21
925_4_0,27060,108,Before Onboard,4_0_13
925_4_0,27060,44,After Onboard,4_0_13
206_2_0,27060,26,Before Onboard,2_0_19
206_2_0,27060,0,After Onboard,2_0_19
202_2_0,27060,42,Before Onboard,2_0_21
202_2_0,27060,0,After Onboard,2_0_21
122_1_1,27060,17,Before Onboard,1_1_23
122_1_1,27060,0,After Onboard,1_1_23
922_4_0,27060,0,When Arrival,4_0_14
918_4_1,27060,0,When Arrival,4_1_15
208_2_1,27060,74,Before Onboard,2_1_17
208_2_1,27060,0,After Onboard,2_1_17
926_4_1,27060,95,Before Onboard,4_1_17
926_4_1,27060,0,After Onboard,4_1_17
219_2_1,27060,29,Before Onboard,2_1_21
219_2_1,27060,0,After Onboard,2_1_21
103_1_0,27060,38,Before Onboard,1_0_27
103_1_0,27060,0,After Onboard,1_0_27
305_3_1,27060,27,When Arrival,3_1_13
310_3_0,27090,53,Before Onboard,3_0_18
310_3_0,27090,0,After Onboard,3_0_18
210_2_1,27090,0,When Arrival,2_1_18
316_3_0,27090,59,Before Onboard,3_0_16
316_3_0,27090,0,After Onboard,3_0_16
108_1_0,27090,21,Before Onboard,1_0_22
108_1_0,27090,0,After Onboard,1_0_22
128_1_0,27090,19,Before Onboard,1_0_14
128_1_0,27090,0,After Onboard,1_0_14
101_1_1,27090,26,Before Onboard,1_1_14
101_1_1,27090,0,After Onboard,1_1_14
111_1_1,27090,0,When Arrival,1_1_18
216_2_1,27090,0,When Arrival,2_1_20
208_3_1,27090,80,When Arrival,3_1_14
918_4_1,27120,110,Before Onboard,4_1_15
918_4_1,27120,32,After Onboard,4_1_15
922_4_1,27120,0,When Arrival,4_1_16
918_4_0,27120,8,When Arrival,4_0_15
108_1_1,27120,8,When Arrival,1_1_17
922_4_0,27120,105,Before Onboard,4_0_14
922_4_0,27120,0,After Onboard,4_0_14
113_2_0,27120,74,When Arrival,2_0_17
305_3_1,27120,67,Before Onboard,3_1_13
305_3_1,27120,1,After Onboard,3_1_13
125_1_1,27120,0,When Arrival,1_1_27
105_1_0,27120,14,Before Onboard,1_0_25
105_1_0,27120,0,After Onboard,1_0_25
103_1_1,27120,0,When Arrival,1_1_15
213_2_1,27120,0,When Arrival,2_1_19
208_3_1,27150,99,Before Onboard,3_1_14
208_3_1,27150,0,After Onboard,3_1_14
122_1_1,27150,0,When Arrival,1_1_24
204_2_0,27150,0,When Arrival,2_0_20
101_1_0,27150,17,Before Onboard,1_0_30
101_1_0,27150,0,After Onboard,1_0_30
216_2_1,27150,63,Before Onboard,2_1_20
216_2_1,27150,0,After Onboard,2_1_20
103_1_0,27150,0,When Arrival,1_0_28
111_1_1,27150,28,Before Onboard,1_1_18
111_1_1,27150,0,After Onboard,1_1_18
105_1_1,27150,0,When Arrival,1_1_16
128_1_1,27150,17,Before Onboard,1_1_30
128_1_1,27150,0,After Onboard,1_1_30
210_2_1,27150,57,Before Onboard,2_1_18
210_2_1,27150,0,After Onboard,2_1_18
103_1_1,27180,35,Before Onboard,1_1_15
103_1_1,27180,0,After Onboard,1_1_15
918_4_0,27180,16,Before Onboard,4_0_15
918_4_0,27180,8,After Onboard,4_0_15
113_2_0,27180,141,Before Onboard,2_0_17
113_2_0,27180,0,After Onboard,2_0_17
108_1_1,27180,26,Before Onboard,1_1_17
108_1_1,27180,0,After Onboard,1_1_17
110_1_0,27180,0,When Arrival,1_0_21
116_1_0,27180,30,When Arrival,1_0_19
925_4_1,27180,0,When Arrival,4_1_17
108_1_0,27180,0,When Arrival,1_0_23
125_1_1,27180,22,Before Onboard,1_1_27
125_1_1,27180,0,After Onboard,1_1_27
208_3_0,27180,42,When Arrival,3_0_19
213_2_1,27180,93,Before Onboard,2_1_19
213_2_1,27180,0,After Onboard,2_1_19
119_1_1,27180,0,When Arrival,1_1_21
922_4_1,27180,19,Before Onboard,4_1_16
922_4_1,27180,0,After Onboard,4_1_16
926_4_0,27180,15,When Arrival,4_0_13
105_1_1,27210,15,Before Onboard,1_1_16
105_1_1,27210,0,After Onboard,1_1_16
103_1_0,27210,7,Before Onboard,1_0_28
103_1_0,27210,0,After Onboard,1_0_28
110_1_1,27210,0,When Arrival,1_1_18
113_1_0,27210,8,When Arrival,1_0_20
329_3_0,27210,0,When Arrival,3_0_12
122_1_1,27210,31,Before Onboard,1_1_24
122_1_1,27210,0,After Onboard,1_1_24
204_2_0,27210,100,Before Onboard,2_0_20
204_2_0,27210,0,After Onboard,2_0_20
305_3_0,27210,2,When Arrival,3_0_20
119_1_0,27210,0,When Arrival,1_0_18
204_2_1,27210,0,When Arrival,2_1_16
105_1_0,27210,0,When Arrival,1_0_26
105_3_1,27210,0,When Arrival,3_1_12
921_4_1,27240,0,When Arrival,4_1_16
119_1_1,27240,72,Before Onboard,1_1_21
119_1_1,27240,0,After Onboard,1_1_21
116_1_0,27240,82,Before Onboard,1_0_19
116_1_0,27240,0,After Onboard,1_0_19
909_4_0,27240,61,Before Onboard,4_0_18
909_4_0,27240,0,After Onboard,4_0_18
316_3_1,27240,0,When Arrival,3_1_17
110_1_0,27240,86,Before Onboard,1_0_21
110_1_0,27240,0,After Onboard,1_0_21
213_2_0,27240,0,When Arrival,2_0_17
919_4_0,27240,0,When Arrival,4_0_15
208_3_0,27240,64,Before Onboard,3_0_19
208_3_0,27240,0,After Onboard,3_0_19
310_3_1,27240,0,When Arrival,3_1_15
113_1_1,27240,19,When Arrival,1_1_19
926_4_0,27240,61,Before Onboard,4_0_13
926_4_0,27240,46,After Onboard,4_0_13
108_4_1,27240,51,When Arrival,4_1_15
108_1_0,27240,187,Before Onboard,1_0_23
108_1_0,27240,0,After Onboard,1_0_23
925_4_1,27240,43,Before Onboard,4_1_17
925_4_1,27240,0,After Onboard,4_1_17
928_4_1,27240,52,Before Onboard,4_1_18
928_4_1,27240,0,After Onboard,4_1_18
113_2_1,27240,25,When Arrival,2_1_19
110_1_1,27270,2,Before Onboard,1_1_18
110_1_1,27270,0,After Onboard,1_1_18
216_2_0,27270,0,When Arrival,2_0_16
105_1_0,27270,13,Before Onboard,1_0_26
105_1_0,27270,0,After Onboard,1_0_26
125_1_1,27270,0,When Arrival,1_1_28
305_3_0,27270,33,Before Onboard,3_0_20
305_3_0,27270,2,After Onboard,3_0_20
116_3_1,27270,7,When Arrival,3_1_16
210_2_0,27270,0,When Arrival,2_0_18
116_1_1,27270,105,When Arrival,1_1_20
105_3_1,27270,0,Before Onboard,3_1_12
105_3_1,27270,0,After Onboard,3_1_12
119_1_0,27270,6,Before Onboard,1_0_18
119_1_0,27270,0,After Onboard,1_0_18
325_3_1,27270,0,When Arrival,3_1_20
113_1_0,27270,117,Before Onboard,1_0_20
113_1_0,27270,0,After Onboard,1_0_20
329_3_0,27270,52,Before Onboard,3_0_12
329_3_0,27270,0,After Onboard,3_0_12
204_2_1,27270,14,Before Onboard,2_1_16
204_2_1,27270,0,After Onboard,2_1_16
316_3_1,27300,67,Before Onboard,3_1_17
316_3_1,27300,0,After Onboard,3_1_17
122_1_0,27300,0,When Arrival,1_0_17
128_1_1,27300,32,Before Onboard,1_1_31
128_1_1,27300,0,After Onboard,1_1_31
213_2_0,27300,30,Before Onboard,2_0_17
213_2_0,27300,0,After Onboard,2_0_17
219_2_0,27300,0,When Arrival,2_0_15
122_1_1,27300,0,When Arrival,1_1_25
101_1_0,27300,29,Before Onboard,1_0_31
101_1_0,27300,0,After Onboard,1_0_31
321_3_0,27300,0,When Arrival,3_0_15
913_4_1,27300,0,When Arrival,4_1_14
919_4_0,27300,77,Before Onboard,4_0_15
919_4_0,27300,0,After Onboard,4_0_15
202_2_1,27300,0,When Arrival,2_1_15
303_3_1,27300,0,When Arrival,3_1_13
921_4_1,27300,89,Before Onboard,4_1_16
921_4_1,27300,0,After Onboard,4_1_16
113_2_1,27300,31,Before Onboard,2_1_19
113_2_1,27300,0,After Onboard,2_1_19
103_1_0,27300,0,When Arrival,1_0_29
310_3_1,27300,49,Before Onboard,3_1_15
310_3_1,27300,0,After Onboard,3_1_15
108_4_1,27300,64,Before Onboard,4_1_15
108_4_1,27300,0,After Onboard,4_1_15
113_1_1,27300,153,Before Onboard,1_1_19
113_1_1,27300,0,After Onboard,1_1_19
111_1_0,27300,0,When Arrival,1_0_21
110_1_0,27330,0,When Arrival,1_0_22
108_1_0,27330,0,When Arrival,1_0_24
119_1_1,27330,0,When Arrival,1_1_22
216_2_0,27330,58,Before Onboard,2_0_16
216_2_0,27330,0,After Onboard,2_0_16
210_2_0,27330,34,Before Onboard,2_0_18
210_2_0,27330,0,After Onboard,2_0_18
125_1_1,27330,27,Before Onboard,1_1_28
125_1_1,27330,0,After Onboard,1_1_28
325_3_1,27330,78,Before Onboard,3_1_20
325_3_1,27330,0,After Onboard,3_1_20
116_3_1,27330,55,Before Onboard,3_1_16
116_3_1,27330,0,After Onboard,3_1_16
116_1_1,27330,105,Before Onboard,1_1_20
116_1_1,27330,0,After Onboard,1_1_20
202_2_1,27360,56,Before Onboard,2_1_15
202_2_1,27360,0,After Onboard,2_1_15
206_2_1,27360,0,When Arrival,2_1_17
303_3_1,27360,87,Before Onboard,3_1_13
303_3_1,27360,0,After Onboard,3_1_13
111_1_0,27360,58,Before Onboard,1_0_21
111_1_0,27360,0,After Onboard,1_0_21
122_1_1,27360,36,Before Onboard,1_1_25
122_1_1,27360,0,After Onboard,1_1_25
305_4_0,27360,66,When Arrival,4_0_16
321_3_0,27360,73,Before Onboard,3_0_15
321_3_0,27360,0,After Onboard,3_0_15
122_1_0,27360,0,Before Onboard,1_0_17
122_1_0,27360,0,After Onboard,1_0_17
219_2_0,27360,71,Before Onboard,2_0_15
219_2_0,27360,0,After Onboard,2_0_15
208_2_0,27360,23,When Arrival,2_0_19
105_1_0,27360,0,When Arrival,1_0_27
913_4_1,27360,83,Before Onboard,4_1_14
913_4_1,27360,0,After Onboard,4_1_14
103_1_0,27360,35,Before Onboard,1_0_29
103_1_0,27360,0,After Onboard,1_0_29
305_4_1,27360,26,When Arrival,4_1_15
125_1_0,27390,0,When Arrival,1_0_16
119_1_1,27390,38,Before Onboard,1_1_22
119_1_1,27390,0,After Onboard,1_1_22
108_1_0,27390,19,Before Onboard,1_0_24
108_1_0,27390,0,After Onboard,1_0_24
214_2_1,27390,0,When Arrival,2_1_20
110_1_0,27390,23,Before Onboard,1_0_22
110_1_0,27390,0,After Onboard,1_0_22
305_4_0,27420,104,Before Onboard,4_0_16
305_4_0,27420,0,After Onboard,4_0_16
913_4_0,27420,3,When Arrival,4_0_17
128_1_0,27420,0,When Arrival,1_0_15
214_2_0,27420,0,When Arrival,2_0_17
105_1_0,27420,32,Before Onboard,1_0_27
105_1_0,27420,0,After Onboard,1_0_27
208_2_0,27420,56,Before Onboard,2_0_19
208_2_0,27420,0,After Onboard,2_0_19
303_3_0,27420,0,When Arrival,3_0_21
125_1_1,27420,0,When Arrival,1_1_29
321_3_1,27420,0,When Arrival,3_1_19
206_2_1,27420,77,Before Onboard,2_1_17
206_2_1,27420,0,After Onboard,2_1_17
101_1_1,27420,0,When Arrival,1_1_15
305_4_1,27420,26,Before Onboard,4_1_15
305_4_1,27420,0,After Onboard,4_1_15
206_2_0,27450,0,When Arrival,2_0_20
325_3_0,27450,0,When Arrival,3_0_14
128_1_1,27450,40,Before Onboard,1_1_32
128_1_1,27450,0,After Onboard,1_1_32
122_1_1,27450,0,When Arrival,1_1_26
111_1_0,27450,0,When Arrival,1_0_22
116_3_0,27450,110,When Arrival,3_0_18
125_1_0,27450,24,Before Onboard,1_0_16
125_1_0,27450,0,After Onboard,1_0_16
101_1_0,27450,35,Before Onboard,1_0_32
101_1_0,27450,0,After Onboard,1_0_32
103_1_0,27450,0,When Arrival,1_0_30
214_2_1,27450,99,Before Onboard,2_1_20
214_2_1,27450,0,After Onboard,2_1_20
208_2_1,27450,68,When Arrival,2_1_18
111_1_1,27480,0,When Arrival,1_1_19
119_1_1,27480,0,When Arrival,1_1_23
919_4_1,27480,0,When Arrival,4_1_16
310_3_0,27480,0,When Arrival,3_0_19
303_3_0,27480,26,Before Onboard,3_0_21
303_3_0,27480,0,After Onboard,3_0_21
108_1_0,27480,0,When Arrival,1_0_25
125_1_1,27480,5,Before Onboard,1_1_29
125_1_1,27480,0,After Onboard,1_1_29
321_3_1,27480,23,Before Onboard,3_1_19
321_3_1,27480,0,After Onboard,3_1_19
128_1_0,27480,7,Before Onboard,1_0_15
128_1_0,27480,0,After Onboard,1_0_15
913_4_0,27480,38,Before Onboard,4_0_17
913_4_0,27480,3,After Onboard,4_0_17
909_4_1,27480,0,When Arrival,4_1_13
214_2_0,27480,11,Before Onboard,2_0_17
214_2_0,27480,0,After Onboard,2_0_17
921_4_0,27480,0,When Arrival,4_0_15
928_4_0,27480,50,When Arrival,4_0_13
101_1_1,27480,11,Before Onboard,1_1_15
101_1_1,27480,0,After Onboard,1_1_15
316_3_0,27480,0,When Arrival,3_0_17
110_1_0,27480,0,When Arrival,1_0_23
108_4_0,27480,181,When Arrival,4_0_16
122_1_1,27510,28,Before Onboard,1_1_26
122_1_1,27510,0,After Onboard,1_1_26
116_3_0,27510,152,Before Onboard,3_0_18
116_3_0,27510,0,After Onboard,3_0_18
103_1_0,27510,41,Before Onboard,1_0_30
103_1_0,27510,0,After Onboard,1_0_30
325_3_0,27510,47,Before Onboard,3_0_14
325_3_0,27510,0,After Onboard,3_0_14
206_2_0,27510,22,Before Onboard,2_0_20
206_2_0,27510,0,After Onboard,2_0_20
108_1_1,27510,42,When Arrival,1_1_18
305_3_1,27510,24,When Arrival,3_1_14
103_1_1,27510,0,When Arrival,1_1_16
105_1_0,27510,0,When Arrival,1_0_28
208_2_1,27510,99,Before Onboard,2_1_18
208_2_1,27510,0,After Onboard,2_1_18
111_1_0,27510,39,Before Onboard,1_0_22
111_1_0,27510,0,After Onboard,1_0_22
119_1_1,27540,33,Before Onboard,1_1_23
119_1_1,27540,0,After Onboard,1_1_23
208_3_1,27540,76,When Arrival,3_1_15
111_1_1,27540,7,Before Onboard,1_1_19
111_1_1,27540,0,After Onboard,1_1_19
921_4_0,27540,69,Before Onboard,4_0_15
921_4_0,27540,0,After Onboard,4_0_15
210_2_1,27540,0,When Arrival,2_1_19
113_1_0,27540,0,When Arrival,1_0_21
919_4_1,27540,61,Before Onboard,4_1_16
919_4_1,27540,0,After Onboard,4_1_16
216_2_1,27540,0,When Arrival,2_1_21
310_3_0,27540,53,Before Onboard,3_0_19
310_3_0,27540,0,After Onboard,3_0_19
108_1_0,27540,75,Before Onboard,1_0_25
108_1_0,27540,0,After Onboard,1_0_25
925_4_0,27540,44,When Arrival,4_0_14
316_3_0,27540,64,Before Onboard,3_0_17
316_3_0,27540,0,After Onboard,3_0_17
928_4_0,27540,131,Before Onboard,4_0_13
928_4_0,27540,113,After Onboard,4_0_13
108_4_0,27540,287,Before Onboard,4_0_16
108_4_0,27540,21,After Onboard,4_0_16
110_1_0,27540,42,Before Onboard,1_0_23
110_1_0,27540,0,After Onboard,1_0_23
926_4_1,27540,0,When Arrival,4_1_18
909_4_1,27540,67,Before Onboard,4_1_13
909_4_1,27540,0,After Onboard,4_1_13
105_1_1,27540,13,When Arrival,1_1_17
103_1_1,27570,19,Before Onboard,1_1_16
103_1_1,27570,0,After Onboard,1_1_16
116_1_0,27570,41,When Arrival,1_0_20
213_2_1,27570,0,When Arrival,2_1_20
113_2_0,27570,150,When Arrival,2_0_18
105_1_0,27570,42,Before Onboard,1_0_28
105_1_0,27570,0,After Onboard,1_0_28
108_1_1,27570,50,Before Onboard,1_1_18
108_1_1,27570,0,After Onboard,1_1_18
125_1_1,27570,0,When Arrival,1_1_30
305_3_1,27570,64,Before Onboard,3_1_14
305_3_1,27570,1,After Onboard,3_1_14
105_1_1,27600,21,Before Onboard,1_1_17
105_1_1,27600,0,After Onboard,1_1_17
216_2_1,27600,60,Before Onboard,2_1_21
216_2_1,27600,0,After Onboard,2_1_21
210_2_1,27600,66,Before Onboard,2_1_19
210_2_1,27600,0,After Onboard,2_1_19
122_1_1,27600,0,When Arrival,1_1_27
208_3_1,27600,102,Before Onboard,3_1_15
208_3_1,27600,0,After Onboard,3_1_15
116_1_1,27600,8,When Arrival,1_1_21
110_1_1,27600,0,When Arrival,1_1_19
103_1_0,27600,0,When Arrival,1_0_31
925_4_0,27600,124,Before Onboard,4_0_14
925_4_0,27600,75,After Onboard,4_0_14
922_4_0,27600,0,When Arrival,4_0_15
128_1_1,27600,28,Before Onboard,1_1_33
128_1_1,27600,0,After Onboard,1_1_33
918_4_1,27600,32,When Arrival,4_1_16
113_1_0,27600,75,Before Onboard,1_0_21
113_1_0,27600,0,After Onboard,1_0_21
119_1_0,27600,0,When Arrival,1_0_19
111_1_0,27600,0,When Arrival,1_0_23
101_1_0,27600,26,Before Onboard,1_0_33
101_1_0,27600,0,After Onboard,1_0_33
204_2_0,27600,0,When Arrival,2_0_21
926_4_1,27600,87,Before Onboard,4_1_18
926_4_1,27600,0,After Onboard,4_1_18
108_1_0,27630,0,When Arrival,1_0_26
110_1_0,27630,0,When Arrival,1_0_24
113_1_1,27630,16,When Arrival,1_1_20
125_1_1,27630,39,Before Onboard,1_1_30
125_1_1,27630,0,After Onboard,1_1_30
116_1_0,27630,66,Before Onboard,1_0_20
116_1_0,27630,0,After Onboard,1_0_20
113_2_0,27630,189,Before Onboard,2_0_18
113_2_0,27630,0,After Onboard,2_0_18
119_1_1,27630,0,When Arrival,1_1_24
208_3_0,27630,42,When Arrival,3_0_20
213_2_1,27630,79,Before Onboard,2_1_20
213_2_1,27630,0,After Onboard,2_1_20
105_3_1,27660,0,When Arrival,3_1_13
103_1_0,27660,17,Before Onboard,1_0_31
103_1_0,27660,0,After Onboard,1_0_31
111_1_0,27660,25,Before Onboard,1_0_23
111_1_0,27660,0,After Onboard,1_0_23
922_4_1,27660,0,When Arrival,4_1_17
918_4_0,27660,8,When Arrival,4_0_16
202_2_0,27660,73,Before Onboard,2_0_22
202_2_0,27660,0,After Onboard,2_0_22
204_2_0,27660,115,Before Onboard,2_0_21
204_2_0,27660,0,After Onboard,2_0_21
204_2_1,27660,0,When Arrival,2_1_17
329_3_0,27660,0,When Arrival,3_0_13
119_1_0,27660,29,Before Onboard,1_0_19
119_1_0,27660,0,After Onboard,1_0_19
305_3_0,27660,99,When Arrival,3_0_21
105_1_0,27660,0,When Arrival,1_0_29
219_2_1,27660,70,Before Onboard,2_1_22
219_2_1,27660,0,After Onboard,2_1_22
918_4_1,27660,159,Before Onboard,4_1_16
918_4_1,27660,119,After Onboard,4_1_16
116_1_1,27660,13,Before Onboard,1_1_21
116_1_1,27660,0,After Onboard,1_1_21
110_1_1,27660,28,Before Onboard,1_1_19
110_1_1,27660,0,After Onboard,1_1_19
122_1_1,27660,31,Before Onboard,1_1_27
122_1_1,27660,0,After Onboard,1_1_27
922_4_0,27660,111,Before Onboard,4_0_15
922_4_0,27660,0,After Onboard,4_0_15
110_1_0,27690,7,Before Onboard,1_0_24
110_1_0,27690,0,After Onboard,1_0_24
113_2_1,27690,30,When Arrival,2_1_20
213_2_0,27690,0,When Arrival,2_0_18
310_3_1,27690,0,When Arrival,3_1_16
316_3_1,27690,0,When Arrival,3_1_18
119_1_1,27690,5,Before Onboard,1_1_24
119_1_1,27690,0,After Onboard,1_1_24
208_3_0,27690,67,Before Onboard,3_0_20
208_3_0,27690,0,After Onboard,3_0_20
122_1_0,27690,0,When Arrival,1_0_18
113_1_1,27690,156,Before Onboard,1_1_20
113_1_1,27690,0,After Onboard,1_1_20
113_1_0,27690,77,When Arrival,1_0_22
108_1_0,27690,25,Before Onboard,1_0_26
108_1_0,27690,0,After Onboard,1_0_26
909_4_0,27710,42,Before Onboard,4_0_19
909_4_0,27710,0,After Onboard,4_0_19
926_4_0,27720,46,When Arrival,4_0_14
105_1_0,27720,38,Before Onboard,1_0_29
105_1_0,27720,0,After Onboard,1_0_29
210_2_0,27720,0,When Arrival,2_0_19
305_3_0,27720,136,Before Onboard,3_0_21
305_3_0,27720,1,After Onboard,3_0_21
116_3_1,27720,31,When Arrival,3_1_17
325_3_1,27720,0,When Arrival,3_1_21
918_4_0,27720,24,Before Onboard,4_0_16
918_4_0,27720,8,After Onboard,4_0_16
204_2_1,27720,15,Before Onboard,2_1_17
204_2_1,27720,0,After Onboard,2_1_17
922_4_1,27720,14,Before Onboard,4_1_17
922_4_1,27720,0,After Onboard,4_1_17
925_4_1,27720,0,When Arrival,4_1_18
105_3_1,27720,0,Before Onboard,3_1_13
105_3_1,27720,0,After Onboard,3_1_13
216_2_0,27720,0,When Arrival,2_0_17
329_3_0,27720,115,Before Onboard,3_0_13
329_3_0,27720,0,After Onboard,3_0_13
125_1_1,27720,0,When Arrival,1_1_31
329_3_1,27735,7,Before Onboard,3_1_22
329_3_1,27735,0,After Onboard,3_1_22
202_2_1,27750,0,When Arrival,2_1_16
101_1_0,27750,40,Before Onboard,1_0_34
101_1_0,27750,0,After Onboard,1_0_34
103_1_0,27750,0,When Arrival,1_0_32
303_3_1,27750,0,When Arrival,3_1_14
128_1_1,27750,32,Before Onboard,1_1_34
128_1_1,27750,0,After Onboard,1_1_34
219_2_0,27750,0,When Arrival,2_0_16
213_2_0,27750,30,Before Onboard,2_0_18
213_2_0,27750,0,After Onboard,2_0_18
111_1_0,27750,0,When Arrival,1_0_24
113_2_1,27750,56,Before Onboard,2_1_20
113_2_1,27750,0,After Onboard,2_1_20
122_1_1,27750,0,When Arrival,1_1_28
316_3_1,27750,63,Before Onboard,3_1_18
316_3_1,27750,0,After Onboard,3_1_18
122_1_0,27750,20,Before Onboard,1_0_18
122_1_0,27750,0,After Onboard,1_0_18
310_3_1,27750,42,Before Onboard,3_1_16
310_3_1,27750,0,After Onboard,3_1_16
113_1_0,27750,77,Before Onboard,1_0_22
113_1_0,27750,0,After Onboard,1_0_22
321_3_0,27750,0,When Arrival,3_0_16
116_1_1,27750,100,When Arrival,1_1_22
928_4_1,27750,67,Before Onboard,4_1_19
928_4_1,27750,0,After Onboard,4_1_19
919_4_0,27780,0,When Arrival,4_0_16
210_2_0,27780,30,Before Onboard,2_0_19
210_2_0,27780,0,After Onboard,2_0_19
125_1_0,27780,0,When Arrival,1_0_17
216_2_0,27780,41,Before Onboard,2_0_17
216_2_0,27780,0,After Onboard,2_0_17
125_1_1,27780,37,Before Onboard,1_1_31
125_1_1,27780,0,After Onboard,1_1_31
325_3_1,27780,72,Before Onboard,3_1_21
325_3_1,27780,0,After Onboard,3_1_21
926_4_0,27780,94,Before Onboard,4_0_14
926_4_0,27780,50,After Onboard,4_0_14
116_3_1,27780,98,Before Onboard,3_1_17
116_3_1,27780,0,After Onboard,3_1_17
108_1_0,27780,0,When Arrival,1_0_27
108_4_1,27780,81,When Arrival,4_1_16
925_4_1,27780,57,Before Onboard,4_1_18
925_4_1,27780,0,After Onboard,4_1_18
110_1_0,27780,0,When Arrival,1_0_25
119_1_1,27780,0,When Arrival,1_1_25
921_4_1,27780,0,When Arrival,4_1_17
111_1_0,27810,38,Before Onboard,1_0_24
111_1_0,27810,0,After Onboard,1_0_24
303_3_1,27810,79,Before Onboard,3_1_14
303_3_1,27810,0,After Onboard,3_1_14
122_1_1,27810,14,Before Onboard,1_1_28
122_1_1,27810,0,After Onboard,1_1_28
101_1_1,27810,0,When Arrival,1_1_16
206_2_1,27810,0,When Arrival,2_1_18
116_1_1,27810,104,Before Onboard,1_1_22
116_1_1,27810,0,After Onboard,1_1_22
202_2_0,27810,35,Before Onboard,2_0_23
202_2_0,27810,0,After Onboard,2_0_23
202_2_1,27810,0,Before Onboard,2_1_16
202_2_1,27810,0,After Onboard,2_1_16
128_1_0,27810,0,When Arrival,1_0_16
103_1_0,27810,29,Before Onboard,1_0_32
103_1_0,27810,0,After Onboard,1_0_32
105_1_0,27810,0,When Arrival,1_0_30
321_3_0,27810,80,Before Onboard,3_0_16
321_3_0,27810,0,After Onboard,3_0_16
219_2_1,27810,35,Before Onboard,2_1_23
219_2_1,27810,0,After Onboard,2_1_23
219_2_0,27810,0,Before Onboard,2_0_16
219_2_0,27810,0,After Onboard,2_0_16
208_2_0,27810,6,When Arrival,2_0_20
909_4_0,27820,20,Before Onboard,4_0_20
909_4_0,27820,0,After Onboard,4_0_20
214_2_1,27840,0,When Arrival,2_1_21
108_4_1,27840,119,Before Onboard,4_1_16
108_4_1,27840,0,After Onboard,4_1_16
110_1_0,27840,30,Before Onboard,1_0_25
110_1_0,27840,0,After Onboard,1_0_25
119_1_1,27840,42,Before Onboard,1_1_25
119_1_1,27840,0,After Onboard,1_1_25
108_1_0,27840,176,Before Onboard,1_0_27
108_1_0,27840,0,After Onboard,1_0_27
921_4_1,27840,91,Before Onboard,4_1_17
921_4_1,27840,0,After Onboard,4_1_17
913_4_1,27840,0,When Arrival,4_1_15
113_1_0,27840,0,When Arrival,1_0_23
125_1_0,27840,13,Before Onboard,1_0_17
125_1_0,27840,0,After Onboard,1_0_17
919_4_0,27840,74,Before Onboard,4_0_16
919_4_0,27840,0,After Onboard,4_0_16
321_3_1,27870,0,When Arrival,3_1_20
214_2_0,27870,0,When Arrival,2_0_18
105_1_0,27870,29,Before Onboard,1_0_30
105_1_0,27870,0,After Onboard,1_0_30
125_1_1,27870,0,When Arrival,1_1_32
128_1_0,27870,31,Before Onboard,1_0_16
128_1_0,27870,0,After Onboard,1_0_16
208_2_0,27870,58,Before Onboard,2_0_20
208_2_0,27870,0,After Onboard,2_0_20
206_2_1,27870,81,Before Onboard,2_1_18
206_2_1,27870,0,After Onboard,2_1_18
111_1_1,27870,0,When Arrival,1_1_20
101_1_1,27870,19,Before Onboard,1_1_16
101_1_1,27870,0,After Onboard,1_1_16
105_3_0,27885,48,Before Onboard,3_0_22
105_3_0,27885,0,After Onboard,3_0_22
113_1_0,27900,41,Before Onboard,1_0_23
113_1_0,27900,0,After Onboard,1_0_23
108_1_1,27900,27,When Arrival,1_1_19
214_2_1,27900,97,Before Onboard,2_1_21
214_2_1,27900,0,After Onboard,2_1_21
305_4_1,27900,28,When Arrival,4_1_16
122_1_1,27900,0,When Arrival,1_1_29
103_1_1,27900,0,When Arrival,1_1_17
111_1_0,27900,0,When Arrival,1_0_25
208_2_1,27900,51,When Arrival,2_1_19
116_1_0,27900,19,When Arrival,1_0_21
116_1_1,27900,0,When Arrival,1_1_23
913_4_1,27900,99,Before Onboard,4_1_15
913_4_1,27900,0,After Onboard,4_1_15
116_3_0,27900,211,When Arrival,3_0_19
206_2_0,27900,0,When Arrival,2_0_21
928_4_1,27900,44,Before Onboard,4_1_20
928_4_1,27900,0,After Onboard,4_1_20
305_4_0,27900,58,When Arrival,4_0_17
325_3_0,27900,0,When Arrival,3_0_15
101_1_0,27900,7,Before Onboard,1_0_35
101_1_0,27900,0,After Onboard,1_0_35
103_1_0,27900,0,When Arrival,1_0_33
128_1_1,27900,6,Before Onboard,1_1_35
128_1_1,27900,0,After Onboard,1_1_35
108_1_0,27930,0,When Arrival,1_0_28
321_3_1,27930,31,Before Onboard,3_1_20
321_3_1,27930,0,After Onboard,3_1_20
310_3_0,27930,0,When Arrival,3_0_20
119_1_1,27930,0,When Arrival,1_1_26
111_1_1,27930,29,Before Onboard,1_1_20
111_1_1,27930,0,After Onboard,1_1_20
110_1_0,27930,0,When Arrival,1_0_26
909_4_0,27930,19,Before Onboard,4_0_21
909_4_0,27930,0,After Onboard,4_0_21
214_2_0,27930,7,Before Onboard,2_0_18
214_2_0,27930,0,After Onboard,2_0_18
316_3_0,27930,0,When Arrival,3_0_18
125_1_1,27930,24,Before Onboard,1_1_32
125_1_1,27930,0,After Onboard,1_1_32
105_1_1,27930,22,When Arrival,1_1_18
206_2_0,27960,22,Before Onboard,2_0_21
206_2_0,27960,0,After Onboard,2_0_21
105_1_0,27960,0,When Arrival,1_0_31
103_1_0,27960,35,Before Onboard,1_0_33
103_1_0,27960,0,After Onboard,1_0_33
305_4_0,27960,107,Before Onboard,4_0_17
305_4_0,27960,0,After Onboard,4_0_17
325_3_0,27960,46,Before Onboard,3_0_15
325_3_0,27960,0,After Onboard,3_0_15
202_2_0,27960,33,Before Onboard,2_0_24
202_2_0,27960,0,After Onboard,2_0_24
116_1_0,27960,96,Before Onboard,1_0_21
116_1_0,27960,0,After Onboard,1_0_21
103_1_1,27960,0,Before Onboard,1_1_17
103_1_1,27960,0,After Onboard,1_1_17
122_1_1,27960,49,Before Onboard,1_1_29
122_1_1,27960,0,After Onboard,1_1_29
111_1_0,27960,9,Before Onboard,1_0_25
111_1_0,27960,0,After Onboard,1_0_25
116_1_1,27960,8,Before Onboard,1_1_23
116_1_1,27960,0,After Onboard,1_1_23
913_4_0,27960,3,When Arrival,4_0_18
219_2_1,27960,35,Before Onboard,2_1_24
219_2_1,27960,0,After Onboard,2_1_24
305_4_1,27960,28,Before Onboard,4_1_16
305_4_1,27960,0,After Onboard,4_1_16
116_3_0,27960,211,Before Onboard,3_0_19
116_3_0,27960,0,After Onboard,3_0_19
329_3_1,27960,66,Before Onboard,3_1_23
329_3_1,27960,0,After Onboard,3_1_23
208_2_1,27960,71,Before Onboard,2_1_19
208_2_1,27960,1,After Onboard,2_1_19
305_3_1,27960,26,When Arrival,3_1_15
108_1_1,27960,54,Before Onboard,1_1_19
108_1_1,27960,0,After Onboard,1_1_19
113_1_1,27960,0,When Arrival,1_1_21
316_3_0,27990,58,Before Onboard,3_0_18
316_3_0,27990,0,After Onboard,3_0_18
310_3_0,27990,59,Before Onboard,3_0_20
310_3_0,27990,0,After Onboard,3_0_20
119_1_0,27990,0,When Arrival,1_0_20
105_1_1,27990,50,Before Onboard,1_1_18
105_1_1,27990,0,After Onboard,1_1_18
210_2_1,27990,0,When Arrival,2_1_20
119_1_1,27990,35,Before Onboard,1_1_26
119_1_1,27990,0,After Onboard,1_1_26
108_1_0,27990,10,Before Onboard,1_0_28
108_1_0,27990,0,After Onboard,1_0_28
110_1_0,27990,35,Before Onboard,1_0_26
110_1_0,27990,0,After Onboard,1_0_26
208_3_1,27990,84,When Arrival,3_1_16
110_1_1,27990,0,When Arrival,1_1_20
113_1_0,27990,0,When Arrival,1_0_24
919_4_1,28020,0,When Arrival,4_1_17
108_4_0,28020,164,When Arrival,4_0_17
125_1_1,28020,0,When Arrival,1_1_33
113_2_0,28020,108,When Arrival,2_0_19
305_3_1,28020,39,Before Onboard,3_1_15
305_3_1,28020,1,After Onboard,3_1_15
113_1_1,28020,48,Before Onboard,1_1_21
113_1_1,28020,0,After Onboard,1_1_21
928_4_0,28020,113,When Arrival,4_0_14
913_4_0,28020,39,Before Onboard,4_0_18
913_4_0,28020,3,After Onboard,4_0_18
213_2_1,28020,0,When Arrival,2_1_21
921_4_0,28020,0,When Arrival,4_0_16
105_1_0,28020,9,Before Onboard,1_0_31
105_1_0,28020,0,After Onboard,1_0_31
909_4_1,28020,0,When Arrival,4_1_14
909_4_0,28040,39,Before Onboard,4_0_22
909_4_0,28040,0,After Onboard,4_0_22
122_1_1,28050,0,When Arrival,1_1_30
113_1_0,28050,12,Before Onboard,1_0_24
113_1_0,28050,0,After Onboard,1_0_24
210_2_1,28050,82,Before Onboard,2_1_20
210_2_1,28050,0,After Onboard,2_1_20
926_4_1,28050,0,When Arrival,4_1_19
116_1_0,28050,0,When Arrival,1_0_22
208_3_1,28050,111,Before Onboard,3_1_16
208_3_1,28050,0,After Onboard,3_1_16
110_1_1,28050,12,Before Onboard,1_1_20
110_1_1,28050,0,After Onboard,1_1_20
116_1_1,28050,0,When Arrival,1_1_24
103_1_0,28050,0,When Arrival,1_0_34
101_1_0,28050,34,Before Onboard,1_0_36
101_1_0,28050,0,After Onboard,1_0_36
928_4_1,28050,36,Before Onboard,4_1_21
928_4_1,28050,0,After Onboard,4_1_21
111_1_0,28050,0,When Arrival,1_0_26
128_1_1,28050,33,Before Onboard,1_1_36
128_1_1,28050,0,After Onboard,1_1_36
119_1_0,28050,18,Before Onboard,1_0_20
119_1_0,28050,0,After Onboard,1_0_20
921_4_0,28080,73,Before Onboard,4_0_16
921_4_0,28080,14,After Onboard,4_0_16
213_2_1,28080,88,Before Onboard,2_1_21
213_2_1,28080,0,After Onboard,2_1_21
122_1_0,28080,0,When Arrival,1_0_19
119_1_1,28080,0,When Arrival,1_1_27
110_1_0,28080,0,When Arrival,1_0_27
928_4_0,28080,117,Before Onboard,4_0_14
928_4_0,28080,85,After Onboard,4_0_14
208_3_0,28080,45,When Arrival,3_0_21
925_4_0,28080,75,When Arrival,4_0_15
108_4_0,28080,185,Before Onboard,4_0_17
108_4_0,28080,21,After Onboard,4_0_17
108_1_0,28080,49,When Arrival,1_0_29
919_4_1,28080,63,Before Onboard,4_1_17
919_4_1,28080,0,After Onboard,4_1_17
113_2_0,28080,119,Before Onboard,2_0_19
113_2_0,28080,0,After Onboard,2_0_19
125_1_1,28080,33,Before Onboard,1_1_33
125_1_1,28080,0,After Onboard,1_1_33
909_4_1,28080,11,Before Onboard,4_1_14
909_4_1,28080,0,After Onboard,4_1_14
111_1_0,28110,37,Before Onboard,1_0_26
111_1_0,28110,0,After Onboard,1_0_26
204_2_1,28110,0,When Arrival,2_1_18
202_2_0,28110,35,Before Onboard,2_0_25
202_2_0,28110,0,After Onboard,2_0_25
105_1_0,28110,0,When Arrival,1_0_32
219_2_1,28110,32,Before Onboard,2_1_25
219_2_1,28110,0,After Onboard,2_1_25
103_1_0,28110,31,Before Onboard,1_0_34
103_1_0,28110,0,After Onboard,1_0_34
329_3_0,28110,0,When Arrival,3_0_14
105_3_1,28110,0,When Arrival,3_1_14
116_1_1,28110,39,Before Onboard,1_1_24
116_1_1,28110,0,After Onboard,1_1_24
113_1_1,28110,0,When Arrival,1_1_22
926_4_1,28110,92,Before Onboard,4_1_19
926_4_1,28110,0,After Onboard,4_1_19
122_1_1,28110,26,Before Onboard,1_1_30
122_1_1,28110,0,After Onboard,1_1_30
116_1_0,28110,0,Before Onboard,1_0_22
116_1_0,28110,0,After Onboard,1_0_22
113_2_1,28140,38,When Arrival,2_1_21
108_1_0,28140,58,Before Onboard,1_0_29
108_1_0,28140,1,After Onboard,1_0_29
213_2_0,28140,0,When Arrival,2_0_19
113_1_0,28140,77,When Arrival,1_0_25
922_4_0,28140,0,When Arrival,4_0_16
310_3_1,28140,0,When Arrival,3_1_17
316_3_1,28140,0,When Arrival,3_1_19
119_1_1,28140,25,Before Onboard,1_1_27
119_1_1,28140,0,After Onboard,1_1_27
208_3_0,28140,64,Before Onboard,3_0_21
208_3_0,28140,0,After Onboard,3_0_21
122_1_0,28140,7,Before Onboard,1_0_19
122_1_0,28140,0,After Onboard,1_0_19
216_2_1,28140,0,When Arrival,2_1_22
110_1_0,28140,17,Before Onboard,1_0_27
110_1_0,28140,0,After Onboard,1_0_27
925_4_0,28140,165,Before Onboard,4_0_15
925_4_0,28140,109,After Onboard,4_0_15
918_4_1,28140,119,When Arrival,4_1_17
909_4_0,28150,16,Before Onboard,4_0_23
909_4_0,28150,0,After Onboard,4_0_23
125_1_0,28170,0,When Arrival,1_0_18
113_1_1,28170,143,Before Onboard,1_1_22
113_1_1,28170,0,After Onboard,1_1_22
116_3_1,28170,67,When Arrival,3_1_18
105_3_1,28170,42,Before Onboard,3_1_14
105_3_1,28170,0,After Onboard,3_1_14
216_2_0,28170,0,When Arrival,2_0_18
329_3_0,28170,53,Before Onboard,3_0_14
329_3_0,28170,0,After Onboard,3_0_14
125_1_1,28170,0,When Arrival,1_1_34
210_2_0,28170,0,When Arrival,2_0_20
105_1_0,28170,0,Before Onboard,1_0_32
105_1_0,28170,0,After Onboard,1_0_32
204_2_1,28170,107,Before Onboard,2_1_18
204_2_1,28170,0,After Onboard,2_1_18
329_3_1,28185,5,Before Onboard,3_1_24
329_3_1,28185,0,After Onboard,3_1_24
116_1_0,28200,26,When Arrival,1_0_23
303_3_1,28200,0,When Arrival,3_1_15
111_1_1,28200,0,When Arrival,1_1_21
122_1_1,28200,0,When Arrival,1_1_31
204_2_0,28200,0,When Arrival,2_0_22
101_1_0,28200,51,Before Onboard,1_0_37
101_1_0,28200,0,After Onboard,1_0_37
103_1_0,28200,0,When Arrival,1_0_35
918_4_1,28200,216,Before Onboard,4_1_17
918_4_1,28200,159,After Onboard,4_1_17
128_1_1,28200,39,Before Onboard,1_1_37
128_1_1,28200,0,After Onboard,1_1_37
213_2_0,28200,26,Before Onboard,2_0_19
213_2_0,28200,0,After Onboard,2_0_19
219_2_0,28200,0,When Arrival,2_0_17
113_1_0,28200,88,Before Onboard,1_0_25
113_1_0,28200,0,After Onboard,1_0_25
216_2_1,28200,107,Before Onboard,2_1_22
216_2_1,28200,0,After Onboard,2_1_22
918_4_0,28200,8,When Arrival,4_0_17
922_4_0,28200,112,Before Onboard,4_0_16
922_4_0,28200,62,After Onboard,4_0_16
113_2_1,28200,46,Before Onboard,2_1_21
113_2_1,28200,0,After Onboard,2_1_21
111_1_0,28200,0,When Arrival,1_0_27
321_3_0,28200,0,When Arrival,3_0_17
128_1_0,28200,0,When Arrival,1_0_17
316_3_1,28200,49,Before Onboard,3_1_19
316_3_1,28200,0,After Onboard,3_1_19
310_3_1,28200,48,Before Onboard,3_1_17
310_3_1,28200,0,After Onboard,3_1_17
101_1_1,28200,0,When Arrival,1_1_17
922_4_1,28200,0,When Arrival,4_1_18
116_1_1,28200,121,When Arrival,1_1_25
202_2_1,28200,0,When Arrival,2_1_17
926_4_1,28200,0,When Arrival,4_1_20
928_4_1,28200,38,Before Onboard,4_1_22
928_4_1,28200,0,After Onboard,4_1_22
216_2_0,28230,10,Before Onboard,2_0_18
216_2_0,28230,0,After Onboard,2_0_18
210_2_0,28230,56,Before Onboard,2_0_20
210_2_0,28230,0,After Onboard,2_0_20
108_1_0,28230,1,When Arrival,1_0_30
125_1_1,28230,42,Before Onboard,1_1_34
125_1_1,28230,0,After Onboard,1_1_34
110_1_0,28230,0,When Arrival,1_0_28
119_1_1,28230,0,When Arrival,1_1_28
116_3_1,28230,129,Before Onboard,3_1_18
116_3_1,28230,0,After Onboard,3_1_18
125_1_0,28230,0,Before Onboard,1_0_18
125_1_0,28230,0,After Onboard,1_0_18
925_4_1,28230,0,When Arrival,4_1_19
303_3_0,28245,0,When Arrival,3_0_22
128_1_0,28260,18,Before Onboard,1_0_17
128_1_0,28260,0,After Onboard,1_0_17
321_3_0,28260,68,Before Onboard,3_0_17
321_3_0,28260,0,After Onboard,3_0_17
303_3_1,28260,114,Before Onboard,3_1_15
303_3_1,28260,0,After Onboard,3_1_15
116_1_0,28260,32,Before Onboard,1_0_23
116_1_0,28260,0,After Onboard,1_0_23
116_1_1,28260,121,Before Onboard,1_1_25
116_1_1,28260,0,After Onboard,1_1_25
922_4_1,28260,18,Before Onboard,4_1_18
922_4_1,28260,0,After Onboard,4_1_18
202_2_1,28260,34,Before Onboard,2_1_17
202_2_1,28260,0,After Onboard,2_1_17
113_1_1,28260,0,When Arrival,1_1_23
105_3_0,28260,43,Before Onboard,3_0_23
105_3_0,28260,0,After Onboard,3_0_23
111_1_1,28260,33,Before Onboard,1_1_21
111_1_1,28260,0,After Onboard,1_1_21
101_1_1,28260,17,Before Onboard,1_1_17
101_1_1,28260,0,After Onboard,1_1_17
926_4_1,28260,39,Before Onboard,4_1_20
926_4_1,28260,0,After Onboard,4_1_20
926_4_0,28260,50,When Arrival,4_0_15
918_4_0,28260,20,Before Onboard,4_0_17
918_4_0,28260,8,After Onboard,4_0_17
219_2_0,28260,26,Before Onboard,2_0_17
219_2_0,28260,0,After Onboard,2_0_17
103_1_0,28260,31,Before Onboard,1_0_35
103_1_0,28260,0,After Onboard,1_0_35
204_2_0,28260,16,Before Onboard,2_0_22
204_2_0,28260,0,After Onboard,2_0_22
909_4_0,28260,18,Before Onboard,4_0_24
909_4_0,28260,0,After Onboard,4_0_24
202_2_0,28260,0,Before Onboard,2_0_26
202_2_0,28260,0,After Onboard,2_0_26
208_2_0,28260,24,When Arrival,2_0_21
111_1_0,28260,0,Before Onboard,1_0_27
111_1_0,28260,0,After Onboard,1_0_27
206_2_1,28260,0,When Arrival,2_1_19
219_2_1,28260,0,Before Onboard,2_1_26
219_2_1,28260,0,After Onboard,2_1_26
105_1_0,28260,0,When Arrival,1_0_33
122_1_1,28260,31,Before Onboard,1_1_31
122_1_1,28260,0,After Onboard,1_1_31
925_4_1,28290,24,Before Onboard,4_1_19
925_4_1,28290,0,After Onboard,4_1_19
103_1_1,28290,0,When Arrival,1_1_18
108_1_1,28290,9,When Arrival,1_1_20
119_1_1,28290,44,Before Onboard,1_1_28
119_1_1,28290,0,After Onboard,1_1_28
216_2_1,28290,0,When Arrival,2_1_23
110_1_0,28290,32,Before Onboard,1_0_28
110_1_0,28290,0,After Onboard,1_0_28
108_1_0,28290,40,Before Onboard,1_0_30
108_1_0,28290,1,After Onboard,1_0_30
113_1_0,28290,0,When Arrival,1_0_26
303_3_0,28305,9,Before Onboard,3_0_22
303_3_0,28305,0,After Onboard,3_0_22
105_1_0,28320,13,Before Onboard,1_0_33
105_1_0,28320,0,After Onboard,1_0_33
208_2_0,28320,67,Before Onboard,2_0_21
208_2_0,28320,0,After Onboard,2_0_21
919_4_0,28320,0,When Arrival,4_0_17
108_4_1,28320,114,When Arrival,4_1_17
214_2_0,28320,0,When Arrival,2_0_19
125_1_1,28320,0,When Arrival,1_1_35
321_3_1,28320,0,When Arrival,3_1_21
113_1_1,28320,22,Before Onboard,1_1_23
113_1_1,28320,0,After Onboard,1_1_23
110_1_1,28320,0,When Arrival,1_1_21
119_1_0,28320,0,When Arrival,1_0_21
921_4_1,28320,0,When Arrival,4_1_18
926_4_0,28320,67,Before Onboard,4_0_15
926_4_0,28320,28,After Onboard,4_0_15
206_2_1,28320,72,Before Onboard,2_1_19
206_2_1,28320,0,After Onboard,2_1_19
105_1_1,28320,17,When Arrival,1_1_19
926_4_1,28350,0,When Arrival,4_1_21
108_1_1,28350,62,Before Onboard,1_1_20
108_1_1,28350,0,After Onboard,1_1_20
103_1_1,28350,28,Before Onboard,1_1_18
103_1_1,28350,0,After Onboard,1_1_18
111_1_1,28350,0,When Arrival,1_1_22
116_1_1,28350,0,When Arrival,1_1_26
103_1_0,28350,0,When Arrival,1_0_36
216_2_1,28350,29,Before Onboard,2_1_23
216_2_1,28350,0,After Onboard,2_1_23
204_2_0,28350,0,When Arrival,2_0_23
128_1_1,28350,20,Before Onboard,1_1_38
128_1_1,28350,0,After Onboard,1_1_38
122_1_1,28350,0,When Arrival,1_1_32
116_1_0,28350,0,When Arrival,1_0_24
325_3_0,28350,0,When Arrival,3_0_16
116_3_0,28350,177,When Arrival,3_0_20
113_1_0,28350,5,Before Onboard,1_0_26
113_1_0,28350,0,After Onboard,1_0_26
928_4_1,28350,33,Before Onboard,4_1_23
928_4_1,28350,0,After Onboard,4_1_23
208_2_1,28350,88,When Arrival,2_1_20
111_1_0,28350,0,When Arrival,1_0_28
101_1_0,28350,23,Before Onboard,1_0_38
101_1_0,28350,0,After Onboard,1_0_38
909_4_0,28370,30,Before Onboard,4_0_25
909_4_0,28370,0,After Onboard,4_0_25
119_1_0,28380,25,Before Onboard,1_0_21
119_1_0,28380,0,After Onboard,1_0_21
316_3_0,28380,0,When Arrival,3_0_19
919_4_0,28380,76,Before Onboard,4_0_17
919_4_0,28380,0,After Onboard,4_0_17
108_1_0,28380,187,When Arrival,1_0_31
214_2_0,28380,93,Before Onboard,2_0_19
214_2_0,28380,0,After Onboard,2_0_19
110_1_0,28380,0,When Arrival,1_0_29
925_4_1,28380,0,When Arrival,4_1_20
108_4_1,28380,124,Before Onboard,4_1_17
108_4_1,28380,0,After Onboard,4_1_17
913_4_1,28380,0,When Arrival,4_1_16
119_1_1,28380,0,When Arrival,1_1_29
921_4_1,28380,68,Before Onboard,4_1_18
921_4_1,28380,0,After Onboard,4_1_18
310_3_0,28380,0,When Arrival,3_0_21
110_1_1,28380,24,Before Onboard,1_1_21
110_1_1,28380,0,After Onboard,1_1_21
105_1_1,28380,29,Before Onboard,1_1_19
105_1_1,28380,0,After Onboard,1_1_19
321_3_1,28380,34,Before Onboard,3_1_21
321_3_1,28380,0,After Onboard,3_1_21
125_1_1,28380,34,Before Onboard,1_1_35
125_1_1,28380,0,After Onboard,1_1_35
325_3_1,28395,0,When Arrival,3_1_22
111_1_1,28410,39,Before Onboard,1_1_22
111_1_1,28410,0,After Onboard,1_1_22
305_3_1,28410,1,When Arrival,3_1_16
116_1_0,28410,71,Before Onboard,1_0_24
116_1_0,28410,0,After Onboard,1_0_24
116_1_1,28410,11,Before Onboard,1_1_26
116_1_1,28410,0,After Onboard,1_1_26
926_4_1,28410,22,Before Onboard,4_1_21
926_4_1,28410,0,After Onboard,4_1_21
113_1_1,28410,0,When Arrival,1_1_24
111_1_0,28410,0,Before Onboard,1_0_28
111_1_0,28410,0,After Onboard,1_0_28
208_2_1,28410,106,Before Onboard,2_1_20
208_2_1,28410,1,After Onboard,2_1_20
105_1_0,28410,0,When Arrival,1_0_34
204_2_0,28410,39,Before Onboard,2_0_23
204_2_0,28410,0,After Onboard,2_0_23
219_2_1,28410,37,Before Onboard,2_1_27
219_2_1,28410,0,After Onboard,2_1_27
329_3_1,28410,51,Before Onboard,3_1_25
329_3_1,28410,0,After Onboard,3_1_25
202_2_0,28410,33,Before Onboard,2_0_27
202_2_0,28410,0,After Onboard,2_0_27
103_1_0,28410,13,Before Onboard,1_0_36
103_1_0,28410,0,After Onboard,1_0_36
122_1_1,28410,41,Before Onboard,1_1_32
122_1_1,28410,0,After Onboard,1_1_32
116_3_0,28410,177,Before Onboard,3_0_20
116_3_0,28410,0,After Onboard,3_0_20
325_3_0,28410,107,Before Onboard,3_0_16
325_3_0,28410,0,After Onboard,3_0_16
913_4_0,28430,3,When Arrival,4_0_19
305_4_1,28440,39,When Arrival,4_1_17
925_4_1,28440,36,Before Onboard,4_1_20
925_4_1,28440,0,After Onboard,4_1_20
113_1_0,28440,0,When Arrival,1_0_27
310_3_0,28440,60,Before Onboard,3_0_21
310_3_0,28440,0,After Onboard,3_0_21
110_1_0,28440,10,Before Onboard,1_0_29
110_1_0,28440,0,After Onboard,1_0_29
214_2_1,28440,0,When Arrival,2_1_22
210_2_1,28440,0,When Arrival,2_1_21
108_1_0,28440,202,Before Onboard,1_0_31
108_1_0,28440,1,After Onboard,1_0_31
216_2_1,28440,0,When Arrival,2_1_24
913_4_1,28440,115,Before Onboard,4_1_16
913_4_1,28440,0,After Onboard,4_1_16
305_4_0,28440,132,When Arrival,4_0_18
119_1_1,28440,22,Before Onboard,1_1_29
119_1_1,28440,0,After Onboard,1_1_29
316_3_0,28440,61,Before Onboard,3_0_19
316_3_0,28440,0,After Onboard,3_0_19
208_3_1,28440,100,When Arrival,3_1_17
325_3_1,28455,14,Before Onboard,3_1_22
325_3_1,28455,0,After Onboard,3_1_22
105_1_0,28470,18,Before Onboard,1_0_34
105_1_0,28470,0,After Onboard,1_0_34
305_3_1,28470,150,Before Onboard,3_1_16
305_3_1,28470,1,After Onboard,3_1_16
113_2_0,28470,174,When Arrival,2_0_20
125_1_1,28470,0,When Arrival,1_1_36
113_1_1,28470,28,Before Onboard,1_1_24
113_1_1,28470,0,After Onboard,1_1_24
122_1_0,28470,0,When Arrival,1_0_20
119_1_0,28470,0,When Arrival,1_0_22
110_1_1,28470,0,When Arrival,1_1_22
909_4_0,28480,26,Before Onboard,4_0_26
909_4_0,28480,0,After Onboard,4_0_26
305_3_0,28485,210,When Arrival,3_0_22
913_4_0,28490,19,Before Onboard,4_0_19
913_4_0,28490,3,After Onboard,4_0_19
928_4_1,28500,25,Before Onboard,4_1_24
928_4_1,28500,0,After Onboard,4_1_24
926_4_1,28500,0,When Arrival,4_1_22
116_1_1,28500,0,When Arrival,1_1_27
111_1_1,28500,0,When Arrival,1_1_23
116_1_0,28500,0,When Arrival,1_0_25
208_3_1,28500,121,Before Onboard,3_1_17
208_3_1,28500,0,After Onboard,3_1_17
128_1_1,28500,30,Before Onboard,1_1_39
128_1_1,28500,0,After Onboard,1_1_39
122_1_1,28500,0,When Arrival,1_1_33
101_1_0,28500,25,Before Onboard,1_0_39
101_1_0,28500,0,After Onboard,1_0_39
206_2_0,28500,0,When Arrival,2_0_22
204_2_0,28500,0,When Arrival,2_0_24
103_1_0,28500,0,When Arrival,1_0_37
216_2_1,28500,40,Before Onboard,2_1_24
216_2_1,28500,0,After Onboard,2_1_24
305_4_0,28500,146,Before Onboard,4_0_18
305_4_0,28500,0,After Onboard,4_0_18
214_2_1,28500,41,Before Onboard,2_1_22
214_2_1,28500,0,After Onboard,2_1_22
210_2_1,28500,72,Before Onboard,2_1_21
210_2_1,28500,0,After Onboard,2_1_21
113_1_0,28500,18,Before Onboard,1_0_27
113_1_0,28500,0,After Onboard,1_0_27
111_1_0,28500,0,When Arrival,1_0_29
305_4_1,28500,39,Before Onboard,4_1_17
305_4_1,28500,0,After Onboard,4_1_17
110_1_1,28530,17,Before Onboard,1_1_22
110_1_1,28530,0,After Onboard,1_1_22
108_1_0,28530,1,When Arrival,1_0_32
110_1_0,28530,0,When Arrival,1_0_30
113_2_0,28530,180,Before Onboard,2_0_20
113_2_0,28530,0,After Onboard,2_0_20
125_1_1,28530,41,Before Onboard,1_1_36
125_1_1,28530,0,After Onboard,1_1_36
119_1_0,28530,27,Before Onboard,1_0_22
119_1_0,28530,0,After Onboard,1_0_22
119_1_1,28530,0,When Arrival,1_1_30
122_1_0,28530,37,Before Onboard,1_0_20
122_1_0,28530,0,After Onboard,1_0_20
925_4_1,28530,0,When Arrival,4_1_21
913_4_0,28540,3,When Arrival,4_0_20
305_3_0,28545,230,Before Onboard,3_0_22
305_3_0,28545,2,After Onboard,3_0_22
103_1_0,28560,40,Before Onboard,1_0_37
103_1_0,28560,0,After Onboard,1_0_37
122_1_1,28560,7,Before Onboard,1_1_33
122_1_1,28560,0,After Onboard,1_1_33
921_4_0,28560,14,When Arrival,4_0_17
909_4_1,28560,0,When Arrival,4_1_15
206_2_0,28560,64,Before Onboard,2_0_22
206_2_0,28560,0,After Onboard,2_0_22
204_2_0,28560,30,Before Onboard,2_0_24
204_2_0,28560,0,After Onboard,2_0_24
116_1_0,28560,36,Before Onboard,1_0_25
116_1_0,28560,0,After Onboard,1_0_25
105_3_1,28560,0,When Arrival,3_1_15
125_1_0,28560,0,When Arrival,1_0_19
111_1_1,28560,41,Before Onboard,1_1_23
111_1_1,28560,0,After Onboard,1_1_23
329_3_0,28560,0,When Arrival,3_0_15
204_2_1,28560,0,When Arrival,2_1_19
202_2_0,28560,36,Before Onboard,2_0_28
202_2_0,28560,0,After Onboard,2_0_28
111_1_0,28560,0,Before Onboard,1_0_29
111_1_0,28560,0,After Onboard,1_0_29
928_4_0,28560,85,When Arrival,4_0_15
105_1_0,28560,0,When Arrival,1_0_35
219_2_1,28560,42,Before Onboard,2_1_28
219_2_1,28560,0,After Onboard,2_1_28
108_4_0,28560,206,When Arrival,4_0_18
919_4_1,28560,0,When Arrival,4_1_18
113_1_1,28560,0,When Arrival,1_1_25
116_1_1,28560,0,Before Onboard,1_1_27
116_1_1,28560,0,After Onboard,1_1_27
926_4_1,28560,40,Before Onboard,4_1_22
926_4_1,28560,0,After Onboard,4_1_22
909_4_0,28590,29,Before Onboard,4_0_27
909_4_0,28590,0,After Onboard,4_0_27
213_2_0,28590,0,When Arrival,2_0_20
925_4_1,28590,37,Before Onboard,4_1_21
925_4_1,28590,0,After Onboard,4_1_21
101_1_1,28590,0,When Arrival,1_1_18
310_3_1,28590,0,When Arrival,3_1_18
214_2_1,28590,0,When Arrival,2_1_23
216_2_1,28590,0,When Arrival,2_1_25
113_1_0,28590,0,When Arrival,1_0_28
110_1_0,28590,19,Before Onboard,1_0_30
110_1_0,28590,0,After Onboard,1_0_30
316_3_1,28590,0,When Arrival,3_1_20
128_1_0,28590,0,When Arrival,1_0_18
108_1_0,28590,76,Before Onboard,1_0_32
108_1_0,28590,0,After Onboard,1_0_32
119_1_1,28590,13,Before Onboard,1_1_30
119_1_1,28590,0,After Onboard,1_1_30
913_4_0,28600,32,Before Onboard,4_0_20
913_4_0,28600,3,After Onboard,4_0_20
921_4_0,28620,79,Before Onboard,4_0_17
921_4_0,28620,0,After Onboard,4_0_17
105_1_0,28620,34,Before Onboard,1_0_35
105_1_0,28620,0,After Onboard,1_0_35
213_2_1,28620,0,When Arrival,2_1_22
204_2_1,28620,17,Before Onboard,2_1_19
204_2_1,28620,0,After Onboard,2_1_19
928_4_0,28620,103,Before Onboard,4_0_15
928_4_0,28620,61,After Onboard,4_0_15
909_4_1,28620,7,Before Onboard,4_1_15
909_4_1,28620,0,After Onboard,4_1_15
108_4_0,28620,210,Before Onboard,4_0_18
108_4_0,28620,21,After Onboard,4_0_18
125_1_0,28620,16,Before Onboard,1_0_19
125_1_0,28620,0,After Onboard,1_0_19
125_1_1,28620,0,When Arrival,1_1_37
116_3_1,28620,67,When Arrival,3_1_19
325_3_1,28620,0,When Arrival,3_1_23
210_2_0,28620,0,When Arrival,2_0_21
216_2_0,28620,0,When Arrival,2_0_19
329_3_0,28620,49,Before Onboard,3_0_15
329_3_0,28620,0,After Onboard,3_0_15
119_1_0,28620,0,When Arrival,1_0_23
108_1_1,28620,5,When Arrival,1_1_21
105_3_1,28620,0,Before Onboard,3_1_15
105_3_1,28620,0,After Onboard,3_1_15
303_3_0,28620,0,When Arrival,3_0_23
110_1_1,28620,0,When Arrival,1_1_23
113_1_1,28620,11,Before Onboard,1_1_25
113_1_1,28620,0,After Onboard,1_1_25
925_4_0,28620,109,When Arrival,4_0_16
919_4_1,28620,66,Before Onboard,4_1_18
919_4_1,28620,0,After Onboard,4_1_18
105_3_0,28635,39,Before Onboard,3_0_24
105_3_0,28635,0,After Onboard,3_0_24
329_3_1,28635,7,Before Onboard,3_1_26
329_3_1,28635,0,After Onboard,3_1_26
103_1_0,28650,0,When Arrival,1_0_38
128_1_1,28650,45,Before Onboard,1_1_40
128_1_1,28650,0,After Onboard,1_1_40
316_3_1,28650,59,Before Onboard,3_1_20
316_3_1,28650,0,After Onboard,3_1_20
219_2_0,28650,0,When Arrival,2_0_18
213_2_0,28650,116,Before Onboard,2_0_20
213_2_0,28650,0,After Onboard,2_0_20
122_1_1,28650,0,When Arrival,1_1_34
116_1_1,28650,119,When Arrival,1_1_28
101_1_1,28650,37,Before Onboard,1_1_18
101_1_1,28650,0,After Onboard,1_1_18
128_1_0,28650,0,Before Onboard,1_0_18
128_1_0,28650,0,After Onboard,1_0_18
303_3_1,28650,0,When Arrival,3_1_16
310_3_1,28650,54,Before Onboard,3_1_18
310_3_1,28650,0,After Onboard,3_1_18
913_4_0,28650,3,When Arrival,4_0_21
206_2_0,28650,0,When Arrival,2_0_23
928_4_1,28650,6,Before Onboard,4_1_25
928_4_1,28650,0,After Onboard,4_1_25
202_2_1,28650,0,When Arrival,2_1_18
111_1_1,28650,0,When Arrival,1_1_24
216_2_1,28650,34,Before Onboard,2_1_25
216_2_1,28650,0,After Onboard,2_1_25
116_1_0,28650,20,When Arrival,1_0_26
926_4_1,28650,0,When Arrival,4_1_23
204_2_0,28650,0,When Arrival,2_0_25
113_1_0,28650,6,Before Onboard,1_0_28
113_1_0,28650,0,After Onboard,1_0_28
214_2_1,28650,30,Before Onboard,2_1_23
214_2_1,28650,0,After Onboard,2_1_23
101_1_0,28650,0,Before Onboard,1_0_40
101_1_0,28650,0,After Onboard,1_0_40
321_3_0,28650,0,When Arrival,3_0_18
111_1_0,28650,0,When Arrival,1_0_30
925_4_1,28680,0,When Arrival,4_1_22
108_1_1,28680,21,Before Onboard,1_1_21
108_1_1,28680,0,After Onboard,1_1_21
925_4_0,28680,132,Before Onboard,4_0_16
925_4_0,28680,72,After Onboard,4_0_16
210_2_0,28680,39,Before Onboard,2_0_21
210_2_0,28680,0,After Onboard,2_0_21
325_3_1,28680,52,Before Onboard,3_1_23
325_3_1,28680,0,After Onboard,3_1_23
216_2_0,28680,4,Before Onboard,2_0_19
216_2_0,28680,0,After Onboard,2_0_19
125_1_1,28680,15,Before Onboard,1_1_37
125_1_1,28680,0,After Onboard,1_1_37
119_1_1,28680,0,When Arrival,1_1_31
116_3_1,28680,115,Before Onboard,3_1_19
116_3_1,28680,0,After Onboard,3_1_19
303_3_0,28680,73,Before Onboard,3_0_23
303_3_0,28680,0,After Onboard,3_0_23
119_1_0,28680,19,Before Onboard,1_0_23
119_1_0,28680,0,After Onboard,1_0_23
103_1_1,28680,0,When Arrival,1_1_19
110_1_1,28680,18,Before Onboard,1_1_23
110_1_1,28680,0,After Onboard,1_1_23
922_4_0,28680,62,When Arrival,4_0_17
918_4_1,28680,159,When Arrival,4_1_18
110_1_0,28680,0,When Arrival,1_0_31
213_2_1,28680,6,Before Onboard,2_1_22
213_2_1,28680,0,After Onboard,2_1_22
108_1_0,28680,0,When Arrival,1_0_33
909_4_0,28700,25,Before Onboard,4_0_28
909_4_0,28700,0,After Onboard,4_0_28
116_1_0,28710,29,Before Onboard,1_0_26
116_1_0,28710,0,After Onboard,1_0_26
303_3_1,28710,14,Before Onboard,3_1_16
303_3_1,28710,0,After Onboard,3_1_16
206_2_1,28710,0,When Arrival,2_1_20
321_3_0,28710,85,Before Onboard,3_0_18
321_3_0,28710,0,After Onboard,3_0_18
113_1_1,28710,0,When Arrival,1_1_26
111_1_1,28710,39,Before Onboard,1_1_24
111_1_1,28710,0,After Onboard,1_1_24
105_1_1,28710,8,When Arrival,1_1_20
202_2_1,28710,31,Before Onboard,2_1_18
202_2_1,28710,0,After Onboard,2_1_18
922_4_1,28710,0,When Arrival,4_1_19
122_1_1,28710,39,Before Onboard,1_1_34
122_1_1,28710,0,After Onboard,1_1_34
913_4_0,28710,36,Before Onboard,4_0_21
913_4_0,28710,3,After Onboard,4_0_21
103_1_0,28710,35,Before Onboard,1_0_38
103_1_0,28710,0,After Onboard,1_0_38
219_2_0,28710,40,Before Onboard,2_0_18
219_2_0,28710,0,After Onboard,2_0_18
206_2_0,28710,50,Before Onboard,2_0_23
206_2_0,28710,0,After Onboard,2_0_23
116_1_1,28710,119,Before Onboard,1_1_28
116_1_1,28710,0,After Onboard,1_1_28
219_2_1,28710,0,Before Onboard,2_1_29
219_2_1,28710,0,After Onboard,2_1_29
204_2_0,28710,29,Before Onboard,2_0_25
204_2_0,28710,0,After Onboard,2_0_25
111_1_0,28710,0,Before Onboard,1_0_30
111_1_0,28710,0,After Onboard,1_0_30
202_2_0,28710,0,Before Onboard,2_0_29
202_2_0,28710,0,After Onboard,2_0_29
926_4_1,28710,45,Before Onboard,4_1_23
926_4_1,28710,0,After Onboard,4_1_23
105_1_0,28710,0,When Arrival,1_0_36
103_1_1,28740,2,Before Onboard,1_1_19
103_1_1,28740,0,After Onboard,1_1_19
110_1_0,28740,10,Before Onboard,1_0_31
110_1_0,28740,0,After Onboard,1_0_31
113_1_0,28740,0,When Arrival,1_0_29
925_4_1,28740,19,Before Onboard,4_1_22
925_4_1,28740,0,After Onboard,4_1_22
119_1_1,28740,19,Before Onboard,1_1_31
119_1_1,28740,0,After Onboard,1_1_31
922_4_0,28740,167,Before Onboard,4_0_17
922_4_0,28740,69,After Onboard,4_0_17
918_4_0,28740,8,When Arrival,4_0_18
918_4_1,28740,279,Before Onboard,4_1_18
918_4_1,28740,212,After Onboard,4_1_18
214_2_1,28740,0,When Arrival,2_1_24
108_1_0,28740,13,Before Onboard,1_0_33
108_1_0,28740,0,After Onboard,1_0_33
113_2_1,28740,47,When Arrival,2_1_22
913_4_0,28760,3,When Arrival,4_0_22
108_1_1,28770,0,When Arrival,1_1_22
214_2_0,28770,0,When Arrival,2_0_20
125_1_1,28770,0,When Arrival,1_1_38
119_1_0,28770,0,When Arrival,1_0_24
922_4_1,28770,10,Before Onboard,4_1_19
922_4_1,28770,0,After Onboard,4_1_19
113_1_1,28770,124,Before Onboard,1_1_26
113_1_1,28770,0,After Onboard,1_1_26
110_1_1,28770,0,When Arrival,1_1_24
105_1_1,28770,47,Before Onboard,1_1_20
105_1_1,28770,0,After Onboard,1_1_20
105_1_0,28770,0,Before Onboard,1_0_36
105_1_0,28770,0,After Onboard,1_0_36
206_2_1,28770,13,Before Onboard,2_1_20
206_2_1,28770,0,After Onboard,2_1_20
213_2_1,28770,0,When Arrival,2_1_23
