passenger_id,trajectory_type,trajectory_time,trajectory_platform
27590,Boarding,21840,110_1_0
27590,Exit,21960,111_1_0
213827,Boarding,21900,919_4_0
213827,Exit,22140,921_4_0
158608,Boarding,21960,310_3_0
158608,Exit,22200,305_3_0
202006,Boarding,22080,918_4_0
202006,Exit,22200,108_4_0
27764,Boarding,21840,110_1_0
27764,Exit,22200,113_1_0
220777,Boarding,22140,921_4_0
220777,Exit,22260,922_4_0
13849,Boarding,21900,105_1_0
13849,Exit,22320,108_1_0
101888,Boarding,21690,208_2_0
101888,Exit,22350,113_2_0
234441,Boarding,22200,925_4_0
234441,Exit,22380,926_4_0
43792,Boarding,21900,113_2_0
43792,Exit,22380,216_2_0
82926,Boarding,22110,202_2_1
82926,Exit,22410,204_2_1
34590,Boarding,22200,111_1_1
34590,Exit,22560,113_1_1
143948,Boarding,22260,303_3_1
143948,Exit,22560,208_3_1
95310,Boarding,21780,206_2_0
95310,Transfer,22140,208_2_0
95310,Boarding,22170,208_3_0
95310,Exit,22590,116_3_0
27765,Boarding,22230,110_1_0
27765,Exit,22590,113_1_0
13851,Boarding,22320,105_1_1
13851,Exit,22620,108_1_1
22777,Boarding,21840,108_4_1
22777,Transfer,22020,305_4_1
22777,Boarding,22200,305_3_0
22777,Exit,22620,208_3_0
158607,Boarding,22410,310_3_0
158607,Exit,22650,305_3_0
55264,Boarding,22200,119_1_0
55264,Exit,22680,122_1_0
234620,Boarding,22200,925_4_0
234620,Exit,22680,928_4_0
234619,Boarding,22200,925_4_0
234619,Exit,22680,928_4_0
193624,Boarding,22140,909_4_1
193624,Exit,22680,919_4_1
41741,Boarding,21780,113_1_1
41741,Exit,22680,119_1_1
151789,Boarding,22110,305_3_1
151789,Exit,22710,303_3_1
7174,Boarding,21900,103_1_1
7174,Exit,22740,110_1_1
214219,Boarding,21900,919_4_0
214219,Exit,22740,925_4_0
29851,Boarding,22230,110_1_0
29851,Transfer,22590,113_1_0
29851,Boarding,22560,113_2_0
29851,Exit,22740,213_2_0
202007,Boarding,22620,918_4_0
202007,Exit,22740,108_4_0
202008,Boarding,22620,918_4_0
202008,Exit,22740,108_4_0
55446,Boarding,21810,119_1_0
55446,Exit,22770,125_1_0
83131,Boarding,22110,202_2_1
83131,Exit,22770,206_2_1
160447,Boarding,21690,310_3_1
160447,Transfer,22110,305_3_1
160447,Boarding,22320,305_4_0
160447,Exit,22800,922_4_0
62454,Boarding,21900,122_1_0
62454,Exit,22800,128_1_0
62452,Boarding,21900,122_1_0
62452,Exit,22800,128_1_0
24119,Boarding,21660,108_4_0
24119,Exit,22860,305_4_0
198846,Boarding,22380,913_4_0
198846,Exit,22860,305_4_0
104170,Boarding,21780,208_2_1
104170,Exit,22860,216_2_1
145217,Boarding,22080,303_3_0
145217,Exit,22860,310_3_0
207472,Boarding,21900,918_4_1
207472,Exit,22920,925_4_1
220962,Boarding,22260,921_4_1
220962,Exit,22920,925_4_1
43288,Boarding,22560,113_2_1
43288,Exit,22920,210_2_1
25390,Boarding,22200,108_4_0
25390,Exit,22920,913_4_0
96757,Boarding,22230,206_2_0
96757,Exit,22950,210_2_0
27943,Boarding,22230,110_1_0
27943,Exit,22950,116_1_0
90358,Boarding,21960,204_2_1
90358,Exit,22980,213_2_1
14434,Boarding,21900,105_1_0
14434,Exit,22980,113_1_0
20938,Boarding,22620,108_1_1
20938,Exit,22980,111_1_1
27591,Boarding,22740,110_1_1
27591,Exit,22980,111_1_1
27944,Boarding,21960,110_1_1
27944,Exit,22980,116_1_1
10428,Boarding,21930,103_1_0
10428,Transfer,22290,105_1_0
10428,Boarding,22560,105_3_0
10428,Exit,22980,303_3_0
42544,Boarding,22110,113_2_1
42544,Exit,23010,202_2_1
109790,Boarding,22470,210_2_1
109790,Exit,23010,202_2_1
165753,Boarding,22410,316_3_1
165753,Exit,23010,321_3_1
153058,Boarding,22560,305_4_1
153058,Exit,23040,913_4_1
142452,Boarding,22260,303_3_1
142452,Exit,23040,116_3_1
142453,Boarding,22260,303_3_1
142453,Exit,23040,116_3_1
157260,Boarding,22410,310_3_0
157260,Exit,23070,208_3_0
34954,Boarding,21810,111_1_1
34954,Exit,23070,119_1_1
145049,Boarding,22080,303_3_0
145049,Exit,23100,305_3_0
209,Boarding,22320,101_1_1
209,Exit,23100,105_1_1
89798,Boarding,22830,204_2_0
89798,Exit,23130,206_2_0
83309,Boarding,22110,202_2_1
83309,Exit,23130,208_2_1
569,Boarding,21930,101_1_1
569,Exit,23130,110_1_1
568,Boarding,21930,101_1_1
568,Exit,23130,110_1_1
20743,Boarding,23010,108_1_1
20743,Exit,23130,110_1_1
55445,Boarding,22200,119_1_0
55445,Exit,23160,125_1_0
158421,Boarding,22140,310_3_1
158421,Exit,23160,303_3_1
193625,Boarding,22680,909_4_1
193625,Exit,23220,919_4_1
25761,Boarding,22860,108_4_1
25761,Exit,23220,919_4_1
206946,Boarding,22980,918_4_1
206946,Exit,23220,919_4_1
179562,Boarding,22560,325_3_0
179562,Exit,23220,329_3_0
165940,Boarding,21960,316_3_1
165940,Exit,23220,325_3_1
26508,Boarding,21780,108_4_1
26508,Exit,23220,926_4_1
214389,Boarding,22140,919_4_1
214389,Exit,23220,926_4_1
154313,Boarding,21780,305_4_0
154313,Exit,23220,928_4_0
234622,Boarding,22740,925_4_0
234622,Exit,23220,928_4_0
213828,Boarding,22980,919_4_0
213828,Exit,23220,921_4_0
117451,Boarding,22980,213_2_1
117451,Exit,23280,214_2_1
153960,Boarding,22320,305_4_0
153960,Exit,23280,925_4_0
153959,Boarding,22320,305_4_0
153959,Exit,23280,925_4_0
227609,Boarding,22800,922_4_0
227609,Exit,23280,925_4_0
194013,Boarding,22140,909_4_1
194013,Exit,23280,922_4_1
194011,Boarding,22140,909_4_1
194011,Exit,23280,922_4_1
31426,Boarding,21840,110_1_0
31426,Transfer,22560,116_1_0
31426,Boarding,22590,116_3_0
31426,Exit,23310,321_3_0
124305,Boarding,22830,214_2_1
124305,Exit,23310,216_2_1
109969,Boarding,22470,210_2_1
109969,Exit,23310,204_2_1
7539,Boarding,21900,103_1_1
7539,Exit,23340,113_1_1
193830,Boarding,22680,909_4_1
193830,Exit,23340,921_4_1
214007,Boarding,22980,919_4_0
214007,Exit,23340,922_4_0
214008,Boarding,22980,919_4_0
214008,Exit,23340,922_4_0
220779,Boarding,23220,921_4_0
220779,Exit,23340,922_4_0
220778,Boarding,23220,921_4_0
220778,Exit,23340,922_4_0
34782,Boarding,22590,111_1_1
34782,Exit,23370,116_1_1
41549,Boarding,22950,113_1_1
41549,Exit,23370,116_1_1
41550,Boarding,22950,113_1_1
41550,Exit,23370,116_1_1
7352,Boarding,22290,103_1_1
7352,Exit,23370,111_1_1
27592,Boarding,23130,110_1_1
27592,Exit,23370,111_1_1
21136,Boarding,22710,108_1_0
21136,Exit,23370,113_1_0
90164,Boarding,22380,204_2_0
90164,Exit,23400,210_2_0
395,Boarding,22320,101_1_1
395,Exit,23400,108_1_1
198849,Boarding,22920,913_4_0
198849,Exit,23400,305_4_0
43634,Boarding,23250,113_2_0
43634,Exit,23430,214_2_0
35146,Boarding,21960,111_1_0
35146,Exit,23460,122_1_0
194177,Boarding,22140,909_4_1
194177,Exit,23460,925_4_1
194180,Boarding,22140,909_4_1
194180,Exit,23460,925_4_1
194179,Boarding,22140,909_4_1
194179,Exit,23460,925_4_1
227608,Boarding,23280,922_4_1
227608,Exit,23460,925_4_1
20,Boarding,23100,101_1_1
20,Exit,23460,103_1_1
145421,Boarding,22980,303_3_0
145421,Exit,23460,316_3_0
28126,Boarding,21960,110_1_1
28126,Exit,23460,119_1_1
34953,Boarding,22200,111_1_1
34953,Exit,23460,119_1_1
34955,Boarding,22200,111_1_1
34955,Exit,23460,119_1_1
221172,Boarding,22680,921_4_0
221172,Exit,23460,926_4_0
165754,Boarding,22860,316_3_1
165754,Exit,23460,321_3_1
102067,Boarding,23010,208_3_1
102067,Exit,23490,116_3_1
102068,Boarding,23010,208_3_1
102068,Exit,23490,116_3_1
162478,Boarding,22110,316_3_0
162478,Exit,23490,116_3_0
200329,Boarding,22920,913_4_0
200329,Exit,23520,919_4_0
146756,Boarding,22080,303_3_0
146756,Transfer,23100,305_3_0
146756,Boarding,23400,305_4_0
146756,Exit,23520,919_4_0
146759,Boarding,22080,303_3_0
146759,Transfer,23100,305_3_0
146759,Boarding,23400,305_4_0
146759,Exit,23520,919_4_0
146757,Boarding,22080,303_3_0
146757,Transfer,23100,305_3_0
146757,Boarding,23400,305_4_0
146757,Exit,23520,919_4_0
153412,Boarding,23400,305_4_0
153412,Exit,23520,919_4_0
42128,Boarding,21810,113_1_0
42128,Exit,23550,125_1_0
55447,Boarding,22590,119_1_0
55447,Exit,23550,125_1_0
35145,Boarding,21810,111_1_1
35145,Exit,23550,122_1_1
110344,Boarding,22020,210_2_1
110344,Exit,23580,208_2_1
83310,Boarding,22560,202_2_1
83310,Exit,23580,208_2_1
55620,Boarding,22200,119_1_0
55620,Exit,23580,128_1_0
62453,Boarding,22680,122_1_0
62453,Exit,23580,128_1_0
69223,Boarding,23160,125_1_0
69223,Exit,23580,128_1_0
9642,Boarding,21930,103_1_0
9642,Transfer,23370,113_1_0
9642,Boarding,23460,113_2_0
9642,Exit,23640,213_2_0
23166,Boarding,22710,108_1_0
23166,Transfer,23370,113_1_0
23166,Boarding,23460,113_2_0
23166,Exit,23640,213_2_0
3902,Boarding,22350,101_1_0
3902,Transfer,23490,108_1_0
3902,Boarding,23460,108_4_1
3902,Exit,23640,305_4_1
172720,Boarding,22410,321_3_0
172720,Exit,23670,329_3_0
42910,Boarding,22110,113_2_1
42910,Exit,23670,206_2_1
95122,Boarding,22680,206_2_0
95122,Exit,23700,113_2_0
18917,Boarding,23070,105_1_0
18917,Transfer,23490,108_1_0
18917,Boarding,23460,108_4_0
18917,Exit,23700,918_4_0
7538,Boarding,22290,103_1_1
7538,Exit,23730,113_1_1
43793,Boarding,23250,113_2_0
43793,Exit,23730,216_2_0
124306,Boarding,23430,214_2_0
124306,Exit,23730,216_2_0
117452,Boarding,23430,213_2_1
117452,Exit,23730,214_2_1
21320,Boarding,22710,108_1_0
21320,Exit,23730,116_1_0
34783,Boarding,23130,111_1_0
34783,Exit,23730,116_1_0
109971,Boarding,22920,210_2_1
109971,Exit,23760,204_2_1
109970,Boarding,22920,210_2_1
109970,Exit,23760,204_2_1
82927,Boarding,23460,202_2_1
82927,Exit,23760,204_2_1
82928,Boarding,23460,202_2_1
82928,Exit,23760,204_2_1
25762,Boarding,23400,108_4_1
25762,Exit,23760,919_4_1
14435,Boarding,22680,105_1_0
14435,Exit,23760,113_1_0
21135,Boarding,23100,108_1_0
21135,Exit,23760,113_1_0
91794,Boarding,21930,204_2_0
91794,Transfer,22590,208_2_0
91794,Boarding,22620,208_3_0
91794,Exit,23760,321_3_0
24658,Boarding,21930,108_1_0
24658,Transfer,22950,116_1_0
24658,Boarding,23040,116_3_0
24658,Exit,23760,321_3_0
145418,Boarding,22260,303_3_1
145418,Exit,23760,316_3_1
145417,Boarding,22260,303_3_1
145417,Exit,23760,316_3_1
105089,Boarding,22560,208_3_1
105089,Exit,23760,316_3_1
201258,Boarding,21840,913_4_0
201258,Exit,23760,928_4_0
234623,Boarding,23280,925_4_0
234623,Exit,23760,928_4_0
155970,Boarding,21960,310_3_0
155970,Transfer,23040,116_3_0
155970,Boarding,23340,116_1_0
155970,Exit,23760,119_1_0
48486,Boarding,23340,116_1_0
48486,Exit,23760,119_1_0
48487,Boarding,23340,116_1_0
48487,Exit,23760,119_1_0
160243,Boarding,22590,310_3_1
160243,Transfer,23010,305_3_1
160243,Boarding,23400,305_4_0
160243,Exit,23760,921_4_0
153589,Boarding,23400,305_4_0
153589,Exit,23760,921_4_0
7724,Boarding,21900,103_1_1
7724,Exit,23760,116_1_1
7726,Boarding,21900,103_1_1
7726,Exit,23760,116_1_1
27946,Boarding,22740,110_1_1
27946,Exit,23760,116_1_1
131201,Boarding,23280,216_2_0
131201,Exit,23760,219_2_0
27594,Boarding,23520,110_1_1
27594,Exit,23760,111_1_1
160635,Boarding,22140,310_3_1
160635,Transfer,22560,305_3_1
160635,Boarding,22860,305_4_0
160635,Exit,23820,925_4_0
153961,Boarding,22860,305_4_0
153961,Exit,23820,925_4_0
220964,Boarding,23220,921_4_0
220964,Exit,23820,925_4_0
220963,Boarding,23220,921_4_0
220963,Exit,23820,925_4_0
194012,Boarding,22680,909_4_1
194012,Exit,23820,922_4_1
34956,Boarding,22590,111_1_1
34956,Exit,23850,119_1_1
48704,Boarding,22950,116_1_0
48704,Exit,23850,122_1_0
90166,Boarding,22830,204_2_0
90166,Exit,23850,210_2_0
90165,Boarding,22830,204_2_0
90165,Exit,23850,210_2_0
144110,Boarding,22080,303_3_0
144110,Transfer,23520,208_3_0
144110,Boarding,23490,208_2_0
144110,Exit,23850,210_2_0
211,Boarding,23100,101_1_1
211,Exit,23880,105_1_1
210,Boarding,23100,101_1_1
210,Exit,23880,105_1_1
207141,Boarding,23520,918_4_1
207141,Exit,23880,921_4_1
200689,Boarding,22920,913_4_0
200689,Exit,23880,922_4_0
153758,Boarding,23400,305_4_0
153758,Exit,23880,922_4_0
220780,Boarding,23760,921_4_0
220780,Exit,23880,922_4_0
145419,Boarding,23430,303_3_0
145419,Exit,23910,316_3_0
145420,Boarding,23430,303_3_0
145420,Exit,23910,316_3_0
158609,Boarding,23490,310_3_1
158609,Exit,23910,305_3_1
567,Boarding,22710,101_1_1
567,Exit,23910,110_1_1
570,Boarding,22710,101_1_1
570,Exit,23910,110_1_1
7175,Boarding,23070,103_1_1
7175,Exit,23910,110_1_1
109791,Boarding,23370,210_2_1
109791,Exit,23910,202_2_1
188608,Boarding,23760,909_4_1
188608,Exit,23940,108_4_1
89974,Boarding,23280,204_2_0
89974,Exit,23940,208_2_0
96592,Boarding,23580,206_2_0
96592,Exit,23940,208_2_0
28533,Boarding,21840,110_1_0
28533,Exit,23940,125_1_0
48907,Boarding,22560,116_1_0
48907,Exit,23940,125_1_0
55448,Boarding,22980,119_1_0
55448,Exit,23940,125_1_0
198848,Boarding,23460,913_4_0
198848,Exit,23940,305_4_0
155781,Boarding,22860,310_3_0
155781,Exit,23940,116_3_0
196048,Boarding,22380,913_4_0
196048,Transfer,22860,305_4_0
196048,Boarding,23100,305_3_0
196048,Exit,23940,116_3_0
88717,Boarding,22830,204_2_0
88717,Transfer,23490,208_2_0
88717,Boarding,23520,208_3_0
88717,Exit,23940,116_3_0
88718,Boarding,22830,204_2_0
88718,Transfer,23490,208_2_0
88718,Boarding,23520,208_3_0
88718,Exit,23940,116_3_0
95311,Boarding,23130,206_2_0
95311,Transfer,23490,208_2_0
95311,Boarding,23520,208_3_0
95311,Exit,23940,116_3_0
35316,Boarding,21810,111_1_1
35316,Exit,23970,125_1_1
197518,Boarding,22920,913_4_0
197518,Transfer,23400,305_4_0
197518,Boarding,23550,305_3_0
197518,Exit,23970,208_3_0
194178,Boarding,22680,909_4_1
194178,Exit,24000,925_4_1
214220,Boarding,23220,919_4_1
214220,Exit,24000,925_4_1
158611,Boarding,23760,310_3_0
158611,Exit,24000,305_3_0
89799,Boarding,23730,204_2_0
89799,Exit,24030,206_2_0
43111,Boarding,22110,113_2_1
43111,Exit,24030,208_2_1
110345,Boarding,22470,210_2_1
110345,Exit,24030,208_2_1
110346,Boarding,22470,210_2_1
110346,Exit,24030,208_2_1
110343,Boarding,22470,210_2_1
110343,Exit,24030,208_2_1
19088,Boarding,21900,105_1_0
19088,Transfer,22320,108_1_0
19088,Boarding,22380,108_4_0
19088,Exit,24060,919_4_0
158422,Boarding,23040,310_3_1
158422,Exit,24060,303_3_1
198640,Boarding,22920,913_4_0
198640,Transfer,23400,305_4_0
198640,Boarding,23460,305_3_1
198640,Exit,24060,303_3_1
907,Boarding,22320,101_1_1
907,Exit,24120,113_1_1
27945,Boarding,23400,110_1_0
27945,Exit,24120,116_1_0
83132,Boarding,23460,202_2_1
83132,Exit,24120,206_2_1
83133,Boarding,23460,202_2_1
83133,Exit,24120,206_2_1
153059,Boarding,23640,305_4_1
153059,Exit,24120,913_4_1
155971,Boarding,22410,310_3_0
155971,Transfer,23490,116_3_0
155971,Boarding,23730,116_1_0
155971,Exit,24150,119_1_0
149402,Boarding,22650,305_3_0
149402,Transfer,23490,116_3_0
149402,Boarding,23730,116_1_0
149402,Exit,24150,119_1_0
95502,Boarding,22680,206_2_0
95502,Transfer,23040,208_2_0
95502,Boarding,23070,208_3_0
95502,Transfer,23490,116_3_0
95502,Boarding,23730,116_1_0
95502,Exit,24150,119_1_0
108695,Boarding,22470,210_2_1
108695,Exit,24150,113_2_1
20940,Boarding,23790,108_1_1
20940,Exit,24150,111_1_1
7725,Boarding,22290,103_1_1
7725,Exit,24150,116_1_1
115435,Boarding,22290,213_2_0
115435,Exit,24150,113_2_0
115433,Boarding,22290,213_2_0
115433,Exit,24150,113_2_0
95123,Boarding,23130,206_2_0
95123,Exit,24150,113_2_0
97350,Boarding,22680,206_2_0
97350,Exit,24180,216_2_0
397,Boarding,23100,101_1_1
397,Exit,24180,108_1_1
6990,Boarding,23460,103_1_1
6990,Exit,24180,108_1_1
90893,Boarding,21930,204_2_0
90893,Exit,24210,219_2_0
90895,Boarding,21930,204_2_0
90895,Exit,24210,219_2_0
17805,Boarding,22470,105_3_1
17805,Exit,24210,316_3_1
105090,Boarding,23010,208_3_1
105090,Exit,24210,316_3_1
91795,Boarding,22380,204_2_0
91795,Transfer,23040,208_2_0
91795,Boarding,23070,208_3_0
91795,Exit,24210,321_3_0
17983,Boarding,21900,105_1_0
17983,Transfer,23340,116_1_0
17983,Boarding,23490,116_3_0
17983,Exit,24210,321_3_0
97352,Boarding,22770,206_2_1
97352,Exit,24210,216_2_1
14998,Boarding,21900,105_1_0
14998,Exit,24240,122_1_0
95672,Boarding,22230,206_2_0
95672,Transfer,22590,208_2_0
95672,Boarding,22620,208_3_0
95672,Transfer,23040,116_3_0
95672,Boarding,23340,116_1_0
95672,Exit,24240,122_1_0
55265,Boarding,23760,119_1_0
55265,Exit,24240,122_1_0
55267,Boarding,23760,119_1_0
55267,Exit,24240,122_1_0
7916,Boarding,21900,103_1_1
7916,Exit,24240,119_1_1
21512,Boarding,22620,108_1_1
21512,Exit,24240,119_1_1
34958,Boarding,22980,111_1_1
34958,Exit,24240,119_1_1
34957,Boarding,22980,111_1_1
34957,Exit,24240,119_1_1
148263,Boarding,23910,305_3_1
148263,Exit,24270,105_3_1
148261,Boarding,23910,305_3_1
148261,Exit,24270,105_3_1
194361,Boarding,22680,909_4_1
194361,Exit,24300,926_4_1
221173,Boarding,23340,921_4_1
221173,Exit,24300,926_4_1
227793,Boarding,23820,922_4_1
227793,Exit,24300,926_4_1
160986,Boarding,22140,310_3_1
160986,Transfer,22560,305_3_1
160986,Boarding,22860,305_4_0
160986,Exit,24300,928_4_0
214563,Boarding,22980,919_4_0
214563,Exit,24300,928_4_0
234624,Boarding,23820,925_4_0
234624,Exit,24300,928_4_0
19279,Boarding,21900,105_1_0
19279,Transfer,22320,108_1_0
19279,Boarding,22380,108_4_0
19279,Exit,24300,921_4_0
200510,Boarding,23460,913_4_0
200510,Exit,24300,921_4_0
160245,Boarding,23040,310_3_1
160245,Transfer,23460,305_3_1
160245,Boarding,23940,305_4_0
160245,Exit,24300,921_4_0
146940,Boarding,22530,303_3_0
146940,Transfer,23550,305_3_0
146940,Boarding,23940,305_4_0
146940,Exit,24300,921_4_0
14051,Boarding,23880,105_1_1
14051,Exit,24300,110_1_1
28534,Boarding,22230,110_1_0
28534,Exit,24330,125_1_0
28535,Boarding,22230,110_1_0
28535,Exit,24330,125_1_0
35317,Boarding,22350,111_1_0
35317,Exit,24330,125_1_0
55449,Boarding,23370,119_1_0
55449,Exit,24330,125_1_0
90534,Boarding,22830,204_2_0
90534,Exit,24330,214_2_0
83715,Boarding,23010,202_2_1
83715,Exit,24330,213_2_1
26305,Boarding,22200,108_4_0
26305,Exit,24360,925_4_0
26304,Boarding,22200,108_4_0
26304,Exit,24360,925_4_0
200871,Boarding,22920,913_4_0
200871,Exit,24360,925_4_0
200870,Boarding,22920,913_4_0
200870,Exit,24360,925_4_0
153963,Boarding,23400,305_4_0
153963,Exit,24360,925_4_0
153964,Boarding,23400,305_4_0
153964,Exit,24360,925_4_0
28536,Boarding,21960,110_1_1
28536,Exit,24360,125_1_1
35318,Boarding,22200,111_1_1
35318,Exit,24360,125_1_1
153757,Boarding,22020,305_4_1
153757,Exit,24360,922_4_1
194014,Boarding,23220,909_4_1
194014,Exit,24360,922_4_1
207311,Boarding,23520,918_4_1
207311,Exit,24360,922_4_1
91960,Boarding,21930,204_2_0
91960,Transfer,22590,208_2_0
91960,Boarding,22620,208_3_0
91960,Exit,24360,325_3_0
109793,Boarding,23820,210_2_1
109793,Exit,24360,202_2_1
143950,Boarding,24060,303_3_1
143950,Exit,24360,208_3_1
165755,Boarding,23760,316_3_1
165755,Exit,24360,321_3_1
49070,Boarding,22560,116_1_0
49070,Exit,24360,128_1_0
142451,Boarding,22530,303_3_0
142451,Exit,24390,116_3_0
155780,Boarding,23310,310_3_0
155780,Exit,24390,116_3_0
88716,Boarding,23280,204_2_0
88716,Transfer,23940,208_2_0
88716,Boarding,23970,208_3_0
88716,Exit,24390,116_3_0
142457,Boarding,23610,303_3_1
142457,Exit,24390,116_3_1
96593,Boarding,24030,206_2_0
96593,Exit,24390,208_2_0
213829,Boarding,24300,919_4_1
213829,Exit,24420,921_4_1
16146,Boarding,22560,105_3_0
16146,Exit,24420,208_3_0
214010,Boarding,24060,919_4_0
214010,Exit,24420,922_4_0
158610,Boarding,24210,310_3_0
158610,Exit,24450,305_3_0
188607,Boarding,24300,909_4_1
188607,Exit,24480,108_4_1
83311,Boarding,23460,202_2_1
83311,Exit,24480,208_2_1
21137,Boarding,23790,108_1_1
21137,Exit,24510,113_1_1
27767,Boarding,23910,110_1_1
27767,Exit,24510,113_1_1
34591,Boarding,24150,111_1_1
34591,Exit,24510,113_1_1
207671,Boarding,22080,918_4_0
207671,Exit,24540,926_4_0
147511,Boarding,22080,303_3_0
147511,Transfer,23100,305_3_0
147511,Boarding,23400,305_4_0
147511,Exit,24540,926_4_0
207473,Boarding,23520,918_4_1
207473,Exit,24540,925_4_1
27766,Boarding,24180,110_1_0
27766,Exit,24540,113_1_0
14836,Boarding,22680,105_1_0
14836,Exit,24540,119_1_0
28127,Boarding,23400,110_1_0
28127,Exit,24540,119_1_0
88912,Boarding,22830,204_2_0
88912,Transfer,23490,208_2_0
88912,Boarding,23520,208_3_0
88912,Transfer,23940,116_3_0
88912,Boarding,24120,116_1_0
88912,Exit,24540,119_1_0
738,Boarding,23100,101_1_1
738,Exit,24540,111_1_1
7353,Boarding,23460,103_1_1
7353,Exit,24540,111_1_1
27593,Boarding,24300,110_1_1
27593,Exit,24540,111_1_1
110148,Boarding,23370,210_2_1
110148,Exit,24570,206_2_1
145822,Boarding,21810,303_3_1
145822,Exit,24570,325_3_1
105485,Boarding,22110,208_3_1
105485,Exit,24570,325_3_1
165941,Boarding,23310,316_3_1
165941,Exit,24570,325_3_1
396,Boarding,23490,101_1_1
396,Exit,24570,108_1_1
200332,Boarding,24000,913_4_0
200332,Exit,24600,919_4_0
200330,Boarding,24000,913_4_0
200330,Exit,24600,919_4_0
108696,Boarding,22920,210_2_1
108696,Exit,24600,113_2_1
81886,Boarding,23460,202_2_1
81886,Exit,24600,113_2_1
89082,Boarding,22380,204_2_0
89082,Transfer,23040,208_2_0
89082,Boarding,23070,208_3_0
89082,Transfer,23490,116_3_0
89082,Boarding,23730,116_1_0
89082,Exit,24630,122_1_0
55266,Boarding,24150,119_1_0
55266,Exit,24630,122_1_0
21,Boarding,24270,101_1_1
21,Exit,24630,103_1_1
1295,Boarding,21930,101_1_1
1295,Exit,24630,119_1_1
1294,Boarding,21930,101_1_1
1294,Exit,24630,119_1_1
110680,Boarding,22470,210_2_1
110680,Exit,24630,214_2_1
97354,Boarding,23130,206_2_0
97354,Exit,24630,216_2_0
97351,Boarding,23130,206_2_0
97351,Exit,24630,216_2_0
97353,Boarding,23130,206_2_0
97353,Exit,24630,216_2_0
30239,Boarding,23790,110_1_0
30239,Transfer,24150,113_1_0
30239,Boarding,24150,113_2_0
30239,Exit,24630,216_2_0
13853,Boarding,24240,105_1_0
13853,Exit,24660,108_1_0
13854,Boarding,24240,105_1_0
13854,Exit,24660,108_1_0
90894,Boarding,22380,204_2_0
90894,Exit,24660,219_2_0
97552,Boarding,22680,206_2_0
97552,Exit,24660,219_2_0
30415,Boarding,23400,110_1_0
30415,Transfer,23760,113_1_0
30415,Boarding,23700,113_2_0
30415,Exit,24660,219_2_0
30417,Boarding,23400,110_1_0
30417,Transfer,23760,113_1_0
30417,Boarding,23700,113_2_0
30417,Exit,24660,219_2_0
37233,Boarding,23520,111_1_0
37233,Transfer,23760,113_1_0
37233,Boarding,23700,113_2_0
37233,Exit,24660,219_2_0
42720,Boarding,23460,113_2_1
42720,Exit,24660,204_2_1
109972,Boarding,23820,210_2_1
109972,Exit,24660,204_2_1
82929,Boarding,24360,202_2_1
82929,Exit,24660,204_2_1
212,Boarding,23880,101_1_1
212,Exit,24660,105_1_1
7176,Boarding,23850,103_1_1
7176,Exit,24690,110_1_1
148262,Boarding,24360,305_3_1
148262,Exit,24720,105_3_1
156325,Boarding,21960,310_3_0
156325,Transfer,23040,116_3_0
156325,Boarding,23340,116_1_0
156325,Exit,24720,125_1_0
89246,Boarding,21930,204_2_0
89246,Transfer,22590,208_2_0
89246,Boarding,22620,208_3_0
89246,Transfer,23040,116_3_0
89246,Boarding,23340,116_1_0
89246,Exit,24720,125_1_0
62267,Boarding,24240,122_1_0
62267,Exit,24720,125_1_0
62268,Boarding,24240,122_1_0
62268,Exit,24720,125_1_0
22048,Boarding,21930,108_1_0
22048,Exit,24750,128_1_0
28740,Boarding,22230,110_1_0
28740,Exit,24750,128_1_0
62265,Boarding,24330,122_1_1
62265,Exit,24750,125_1_1
62266,Boarding,24330,122_1_1
62266,Exit,24750,125_1_1
96758,Boarding,24030,206_2_0
96758,Exit,24750,210_2_0
197692,Boarding,23460,913_4_0
197692,Transfer,23940,305_4_0
197692,Boarding,24000,305_3_0
197692,Transfer,24420,208_3_0
197692,Boarding,24390,208_2_0
197692,Exit,24750,210_2_0
23357,Boarding,21930,108_1_0
23357,Transfer,22590,113_1_0
23357,Boarding,22560,113_2_0
23357,Exit,24780,214_2_0
30023,Boarding,22230,110_1_0
30023,Transfer,22590,113_1_0
30023,Boarding,22560,113_2_0
30023,Exit,24780,214_2_0
103989,Boarding,23940,208_2_0
103989,Exit,24780,214_2_0
30025,Boarding,24180,110_1_0
30025,Transfer,24540,113_1_0
30025,Boarding,24600,113_2_0
30025,Exit,24780,214_2_0
30026,Boarding,24180,110_1_0
30026,Transfer,24540,113_1_0
30026,Boarding,24600,113_2_0
30026,Exit,24780,214_2_0
110519,Boarding,22920,210_2_1
110519,Exit,24780,213_2_1
83716,Boarding,23460,202_2_1
83716,Exit,24780,213_2_1
109792,Boarding,24270,210_2_1
109792,Exit,24810,202_2_1
152519,Boarding,22650,305_3_0
152519,Exit,24810,325_3_0
91962,Boarding,22380,204_2_0
91962,Transfer,23040,208_2_0
91962,Boarding,23070,208_3_0
91962,Exit,24810,325_3_0
18172,Boarding,21900,105_1_0
18172,Transfer,23340,116_1_0
18172,Boarding,23490,116_3_0
18172,Exit,24810,325_3_0
18171,Boarding,21900,105_1_0
18171,Transfer,23340,116_1_0
18171,Boarding,23490,116_3_0
18171,Exit,24810,325_3_0
145424,Boarding,24330,303_3_0
145424,Exit,24810,316_3_0
26675,Boarding,22200,108_4_0
26675,Exit,24840,928_4_0
26674,Boarding,22200,108_4_0
26674,Exit,24840,928_4_0
26676,Boarding,22200,108_4_0
26676,Exit,24840,928_4_0
147701,Boarding,22080,303_3_0
147701,Transfer,23100,305_3_0
147701,Boarding,23400,305_4_0
147701,Exit,24840,928_4_0
214564,Boarding,23520,919_4_0
214564,Exit,24840,928_4_0
142454,Boarding,22980,303_3_0
142454,Exit,24840,116_3_0
95312,Boarding,24030,206_2_0
95312,Transfer,24390,208_2_0
95312,Boarding,24420,208_3_0
95312,Exit,24840,116_3_0
194362,Boarding,23220,909_4_1
194362,Exit,24840,926_4_1
194363,Boarding,23220,909_4_1
194363,Exit,24840,926_4_1
193627,Boarding,24300,909_4_1
193627,Exit,24840,919_4_1
193626,Boarding,24300,909_4_1
193626,Exit,24840,919_4_1
199948,Boarding,24120,913_4_1
199948,Exit,24840,909_4_1
89975,Boarding,24180,204_2_0
89975,Exit,24840,208_2_0
146941,Boarding,23430,303_3_0
146941,Transfer,24450,305_3_0
146941,Boarding,24480,305_4_0
146941,Exit,24840,921_4_0
213830,Boarding,24600,919_4_0
213830,Exit,24840,921_4_0
213831,Boarding,24600,919_4_0
213831,Exit,24840,921_4_0
197519,Boarding,24000,913_4_0
197519,Transfer,24480,305_4_0
197519,Boarding,24450,305_3_0
197519,Exit,24870,208_3_0
7541,Boarding,23460,103_1_1
7541,Exit,24900,113_1_1
214009,Boarding,24300,919_4_1
214009,Exit,24900,922_4_1
19644,Boarding,21900,105_1_0
19644,Transfer,22320,108_1_0
19644,Boarding,22380,108_4_0
19644,Exit,24900,925_4_0
200869,Boarding,23460,913_4_0
200869,Exit,24900,925_4_0
200868,Boarding,23460,913_4_0
200868,Exit,24900,925_4_0
220965,Boarding,24300,921_4_0
220965,Exit,24900,925_4_0
202010,Boarding,24780,918_4_0
202010,Exit,24900,108_4_0
145051,Boarding,23880,303_3_0
145051,Exit,24900,305_3_0
165400,Boarding,24360,316_3_0
165400,Exit,24900,305_3_0
158612,Boarding,24660,310_3_0
158612,Exit,24900,305_3_0
34784,Boarding,24150,111_1_1
34784,Exit,24930,116_1_1
7354,Boarding,23850,103_1_1
7354,Exit,24930,111_1_1
110348,Boarding,23370,210_2_1
110348,Exit,24930,208_2_1
89801,Boarding,24630,204_2_0
89801,Exit,24930,206_2_0
399,Boarding,23880,101_1_1
399,Exit,24960,108_1_1
398,Boarding,23880,101_1_1
398,Exit,24960,108_1_1
158423,Boarding,23940,310_3_1
158423,Exit,24960,303_3_1
151790,Boarding,24360,305_3_1
151790,Exit,24960,303_3_1
200690,Boarding,24000,913_4_0
200690,Exit,24960,922_4_0
147145,Boarding,22980,303_3_0
147145,Transfer,24000,305_3_0
147145,Boarding,24480,305_4_0
147145,Exit,24960,922_4_0
147144,Boarding,23430,303_3_0
147144,Transfer,24450,305_3_0
147144,Boarding,24480,305_4_0
147144,Exit,24960,922_4_0
142840,Boarding,22080,303_3_0
142840,Transfer,23940,116_3_0
142840,Boarding,24120,116_1_0
142840,Exit,25020,122_1_0
89084,Boarding,22830,204_2_0
89084,Transfer,23490,208_2_0
89084,Boarding,23520,208_3_0
89084,Transfer,23940,116_3_0
89084,Boarding,24120,116_1_0
89084,Exit,25020,122_1_0
48705,Boarding,24120,116_1_0
48705,Exit,25020,122_1_0
55270,Boarding,24540,119_1_0
55270,Exit,25020,122_1_0
55269,Boarding,24540,119_1_0
55269,Exit,25020,122_1_0
42913,Boarding,23460,113_2_1
42913,Exit,25020,206_2_1
188609,Boarding,24840,909_4_1
188609,Exit,25020,108_4_1
198850,Boarding,24540,913_4_0
198850,Exit,25020,305_4_0
105486,Boarding,22560,208_3_1
105486,Exit,25020,325_3_1
7917,Boarding,22680,103_1_1
7917,Exit,25020,119_1_1
34959,Boarding,23760,111_1_1
34959,Exit,25020,119_1_1
34960,Boarding,23760,111_1_1
34960,Exit,25020,119_1_1
172721,Boarding,23760,321_3_0
172721,Exit,25020,329_3_0
179563,Boarding,24360,325_3_0
179563,Exit,25020,329_3_0
81887,Boarding,23910,202_2_1
81887,Exit,25050,113_2_1
81888,Boarding,23910,202_2_1
81888,Exit,25050,113_2_1
95125,Boarding,24570,206_2_1
95125,Exit,25050,113_2_1
14249,Boarding,24240,105_1_0
14249,Exit,25080,111_1_0
20941,Boarding,24660,108_1_0
20941,Exit,25080,111_1_0
27595,Boarding,24960,110_1_0
27595,Exit,25080,111_1_0
110681,Boarding,22920,210_2_1
110681,Exit,25080,214_2_1
110682,Boarding,22920,210_2_1
110682,Exit,25080,214_2_1
117455,Boarding,24780,213_2_1
117455,Exit,25080,214_2_1
42719,Boarding,24360,113_2_0
42719,Exit,25080,204_2_0
207672,Boarding,22620,918_4_0
207672,Exit,25080,926_4_0
201058,Boarding,23460,913_4_0
201058,Exit,25080,926_4_0
147509,Boarding,22530,303_3_0
147509,Transfer,23550,305_3_0
147509,Boarding,23940,305_4_0
147509,Exit,25080,926_4_0
234442,Boarding,24900,925_4_0
234442,Exit,25080,926_4_0
206742,Boarding,24240,918_4_0
206742,Exit,25080,913_4_0
30236,Boarding,22230,110_1_0
30236,Transfer,22590,113_1_0
30236,Boarding,22560,113_2_0
30236,Exit,25080,216_2_0
90710,Boarding,23280,204_2_0
90710,Exit,25080,216_2_0
207474,Boarding,24060,918_4_1
207474,Exit,25080,925_4_1
227611,Boarding,24900,922_4_1
227611,Exit,25080,925_4_1
82930,Boarding,24810,202_2_1
82930,Exit,25110,204_2_1
90896,Boarding,22830,204_2_0
90896,Exit,25110,219_2_0
110851,Boarding,22470,210_2_1
110851,Exit,25110,216_2_1
84095,Boarding,23010,202_2_1
84095,Exit,25110,216_2_1
28325,Boarding,23130,110_1_1
28325,Exit,25110,122_1_1
17806,Boarding,23370,105_3_1
17806,Exit,25110,316_3_1
145621,Boarding,22530,303_3_0
145621,Exit,25110,321_3_0
91796,Boarding,23280,204_2_0
91796,Transfer,23940,208_2_0
91796,Boarding,23970,208_3_0
91796,Exit,25110,321_3_0
98502,Boarding,23580,206_2_0
98502,Transfer,23940,208_2_0
98502,Boarding,23970,208_3_0
98502,Exit,25110,321_3_0
17984,Boarding,22680,105_1_0
17984,Transfer,24120,116_1_0
17984,Boarding,24390,116_3_0
17984,Exit,25110,321_3_0
24660,Boarding,23100,108_1_0
24660,Transfer,24120,116_1_0
24660,Boarding,24390,116_3_0
24660,Exit,25110,321_3_0
21873,Boarding,22710,108_1_0
21873,Exit,25110,125_1_0
89245,Boarding,22380,204_2_0
89245,Transfer,23040,208_2_0
89245,Boarding,23070,208_3_0
89245,Transfer,23490,116_3_0
89245,Boarding,23730,116_1_0
89245,Exit,25110,125_1_0
89244,Boarding,22380,204_2_0
89244,Transfer,23040,208_2_0
89244,Boarding,23070,208_3_0
89244,Transfer,23490,116_3_0
89244,Boarding,23730,116_1_0
89244,Exit,25110,125_1_0
62269,Boarding,24630,122_1_0
62269,Exit,25110,125_1_0
8346,Boarding,21900,103_1_1
8346,Exit,25140,125_1_1
8347,Boarding,21900,103_1_1
8347,Exit,25140,125_1_1
35319,Boarding,22980,111_1_1
35319,Exit,25140,125_1_1
25580,Boarding,25020,108_4_1
25580,Exit,25140,918_4_1
28741,Boarding,22620,110_1_0
28741,Exit,25140,128_1_0
28743,Boarding,22620,110_1_0
28743,Exit,25140,128_1_0
109614,Boarding,22500,210_2_0
109614,Transfer,22800,113_2_0
109614,Boarding,22980,113_1_0
109614,Exit,25140,128_1_0
89424,Boarding,21930,204_2_0
89424,Transfer,22590,208_2_0
89424,Boarding,22620,208_3_0
89424,Transfer,23040,116_3_0
89424,Boarding,23340,116_1_0
89424,Exit,25140,128_1_0
69225,Boarding,24720,125_1_0
69225,Exit,25140,128_1_0
159668,Boarding,23940,310_3_1
159668,Transfer,24360,305_3_1
159668,Boarding,24720,305_4_1
159668,Exit,25200,913_4_1
36860,Boarding,22740,111_1_0
36860,Transfer,22980,113_1_0
36860,Boarding,23010,113_2_0
36860,Exit,25230,214_2_0
30029,Boarding,24570,110_1_0
30029,Transfer,24930,113_1_0
30029,Boarding,25050,113_2_0
30029,Exit,25230,214_2_0
90359,Boarding,24210,204_2_1
90359,Exit,25230,213_2_1
105285,Boarding,23460,208_3_1
105285,Exit,25260,321_3_1
145823,Boarding,22080,303_3_0
145823,Exit,25260,325_3_0
91961,Boarding,22830,204_2_0
91961,Transfer,23490,208_2_0
91961,Boarding,23520,208_3_0
91961,Exit,25260,325_3_0
98676,Boarding,23130,206_2_0
98676,Transfer,23490,208_2_0
98676,Boarding,23520,208_3_0
98676,Exit,25260,325_3_0
172536,Boarding,24660,321_3_0
172536,Exit,25260,325_3_0
172535,Boarding,24660,321_3_0
172535,Exit,25260,325_3_0
155782,Boarding,24210,310_3_0
155782,Exit,25290,116_3_0
196049,Boarding,24000,913_4_0
196049,Transfer,24480,305_4_0
196049,Boarding,24450,305_3_0
196049,Exit,25290,116_3_0
908,Boarding,23130,101_1_1
908,Exit,25290,113_1_1
155783,Boarding,23490,310_3_1
155783,Exit,25290,116_3_1
142458,Boarding,24510,303_3_1
142458,Exit,25290,116_3_1
108873,Boarding,24300,210_2_0
108873,Transfer,24600,113_2_0
108873,Boarding,24930,113_1_0
108873,Exit,25290,116_1_0
89977,Boarding,24630,204_2_0
89977,Exit,25290,208_2_0
96594,Boarding,24930,206_2_0
96594,Exit,25290,208_2_0
28128,Boarding,24180,110_1_0
28128,Exit,25320,119_1_0
7540,Boarding,23880,103_1_0
7540,Exit,25320,113_1_0
21139,Boarding,24660,108_1_0
21139,Exit,25320,113_1_0
1092,Boarding,23100,101_1_1
1092,Exit,25320,116_1_1
7727,Boarding,23460,103_1_1
7727,Exit,25320,116_1_1
34785,Boarding,24540,111_1_1
34785,Exit,25320,116_1_1
9277,Boarding,23100,103_1_0
9277,Transfer,23460,105_1_0
9277,Boarding,23460,105_3_0
9277,Exit,25320,208_3_0
143949,Boarding,23880,303_3_0
143949,Exit,25320,208_3_0
6992,Boarding,24630,103_1_1
6992,Exit,25350,108_1_1
158613,Boarding,25110,310_3_0
158613,Exit,25350,305_3_0
116877,Boarding,24540,213_2_0
116877,Exit,25380,206_2_0
116878,Boarding,24540,213_2_0
116878,Exit,25380,206_2_0
89800,Boarding,25080,204_2_0
89800,Exit,25380,206_2_0
26506,Boarding,22380,108_4_1
26506,Exit,25380,926_4_1
227795,Boarding,24900,922_4_1
227795,Exit,25380,926_4_1
227794,Boarding,24900,922_4_1
227794,Exit,25380,926_4_1
200512,Boarding,24540,913_4_0
200512,Exit,25380,921_4_0
147703,Boarding,22530,303_3_0
147703,Transfer,23550,305_3_0
147703,Boarding,23940,305_4_0
147703,Exit,25380,928_4_0
200331,Boarding,24120,913_4_1
200331,Exit,25380,919_4_1
43112,Boarding,23460,113_2_1
43112,Exit,25380,208_2_1
83312,Boarding,24360,202_2_1
83312,Exit,25380,208_2_1
6810,Boarding,25050,103_1_0
6810,Exit,25410,105_1_0
89083,Boarding,23280,204_2_0
89083,Transfer,23940,208_2_0
89083,Boarding,23970,208_3_0
89083,Transfer,24390,116_3_0
89083,Boarding,24510,116_1_0
89083,Exit,25410,122_1_0
95674,Boarding,23580,206_2_0
95674,Transfer,23940,208_2_0
95674,Boarding,23970,208_3_0
95674,Transfer,24390,116_3_0
95674,Boarding,24510,116_1_0
95674,Exit,25410,122_1_0
7918,Boarding,23070,103_1_1
7918,Exit,25410,119_1_1
21514,Boarding,23790,108_1_1
21514,Exit,25410,119_1_1
34961,Boarding,24150,111_1_1
34961,Exit,25410,119_1_1
23,Boarding,25050,101_1_1
23,Exit,25410,103_1_1
22,Boarding,25050,101_1_1
22,Exit,25410,103_1_1
198641,Boarding,24000,913_4_0
198641,Transfer,24480,305_4_0
198641,Boarding,24810,305_3_1
198641,Exit,25410,303_3_1
26306,Boarding,23280,108_4_0
26306,Exit,25440,925_4_0
200872,Boarding,24000,913_4_0
200872,Exit,25440,925_4_0
214222,Boarding,24600,919_4_0
214222,Exit,25440,925_4_0
220967,Boarding,24840,921_4_0
220967,Exit,25440,925_4_0
220966,Boarding,24840,921_4_0
220966,Exit,25440,925_4_0
194015,Boarding,24300,909_4_1
194015,Exit,25440,922_4_1
110149,Boarding,24270,210_2_1
110149,Exit,25470,206_2_1
27596,Boarding,25350,110_1_0
27596,Exit,25470,111_1_0
159316,Boarding,22410,310_3_0
159316,Exit,25470,329_3_0
199757,Boarding,21840,913_4_0
199757,Transfer,22320,305_4_0
199757,Boarding,22650,305_3_0
199757,Exit,25470,329_3_0
92163,Boarding,22380,204_2_0
92163,Transfer,23040,208_2_0
92163,Boarding,23070,208_3_0
92163,Exit,25470,329_3_0
98861,Boarding,22680,206_2_0
98861,Transfer,23040,208_2_0
98861,Boarding,23070,208_3_0
98861,Exit,25470,329_3_0
179565,Boarding,24810,325_3_0
179565,Exit,25470,329_3_0
20744,Boarding,25350,108_1_1
20744,Exit,25470,110_1_1
20745,Boarding,25350,108_1_1
20745,Exit,25470,110_1_1
20747,Boarding,25350,108_1_1
20747,Exit,25470,110_1_1
200692,Boarding,24540,913_4_0
200692,Exit,25500,922_4_0
160450,Boarding,24390,310_3_1
160450,Transfer,24810,305_3_1
160450,Boarding,25020,305_4_0
160450,Exit,25500,922_4_0
160451,Boarding,24390,310_3_1
160451,Transfer,24810,305_3_1
160451,Boarding,25020,305_4_0
160451,Exit,25500,922_4_0
160452,Boarding,24390,310_3_1
160452,Transfer,24810,305_3_1
160452,Boarding,25020,305_4_0
160452,Exit,25500,922_4_0
147146,Boarding,23880,303_3_0
147146,Transfer,24900,305_3_0
147146,Boarding,25020,305_4_0
147146,Exit,25500,922_4_0
220782,Boarding,25380,921_4_0
220782,Exit,25500,922_4_0
55268,Boarding,25020,119_1_1
55268,Exit,25500,122_1_1
21874,Boarding,23100,108_1_0
21874,Exit,25500,125_1_0
153590,Boarding,23640,305_4_1
153590,Exit,25500,921_4_1
156518,Boarding,22410,310_3_0
156518,Transfer,23490,116_3_0
156518,Boarding,23730,116_1_0
156518,Exit,25530,128_1_0
62456,Boarding,24630,122_1_0
62456,Exit,25530,128_1_0
97355,Boarding,24030,206_2_0
97355,Exit,25530,216_2_0
97356,Boarding,24030,206_2_0
97356,Exit,25530,216_2_0
104173,Boarding,24390,208_2_0
104173,Exit,25530,216_2_0
30241,Boarding,24570,110_1_0
30241,Transfer,24930,113_1_0
30241,Boarding,25050,113_2_0
30241,Exit,25530,216_2_0
37058,Boarding,24690,111_1_0
37058,Transfer,24930,113_1_0
37058,Boarding,25050,113_2_0
37058,Exit,25530,216_2_0
97136,Boarding,24570,206_2_1
97136,Exit,25530,214_2_1
117456,Boarding,25230,213_2_1
117456,Exit,25530,214_2_1
117453,Boarding,25230,213_2_1
117453,Exit,25530,214_2_1
124307,Boarding,25080,214_2_1
124307,Exit,25560,216_2_1
165756,Boarding,23460,316_3_0
165756,Exit,25560,321_3_0
158971,Boarding,23760,310_3_0
158971,Exit,25560,321_3_0
91798,Boarding,23730,204_2_0
91798,Transfer,24390,208_2_0
91798,Boarding,24420,208_3_0
91798,Exit,25560,321_3_0
31427,Boarding,23790,110_1_0
31427,Transfer,24510,116_1_0
31427,Boarding,24840,116_3_0
31427,Exit,25560,321_3_0
188613,Boarding,25380,909_4_1
188613,Exit,25560,108_4_1
198851,Boarding,25080,913_4_0
198851,Exit,25560,305_4_0
158777,Boarding,23040,310_3_1
158777,Exit,25560,316_3_1
145423,Boarding,24060,303_3_1
145423,Exit,25560,316_3_1
145422,Boarding,24060,303_3_1
145422,Exit,25560,316_3_1
105091,Boarding,24360,208_3_1
105091,Exit,25560,316_3_1
30413,Boarding,22230,110_1_0
30413,Transfer,22590,113_1_0
30413,Boarding,22560,113_2_0
30413,Exit,25560,219_2_0
145220,Boarding,24780,303_3_0
145220,Exit,25560,310_3_0
165573,Boarding,25260,316_3_0
165573,Exit,25560,310_3_0
147512,Boarding,23430,303_3_0
147512,Transfer,24450,305_3_0
147512,Boarding,24480,305_4_0
147512,Exit,25620,926_4_0
234448,Boarding,25440,925_4_0
234448,Exit,25620,926_4_0
234447,Boarding,25440,925_4_0
234447,Exit,25620,926_4_0
234446,Boarding,25440,925_4_0
234446,Exit,25620,926_4_0
29690,Boarding,24960,110_1_0
29690,Transfer,25320,113_1_0
29690,Boarding,25260,113_2_1
29690,Exit,25620,210_2_1
227610,Boarding,25440,922_4_1
227610,Exit,25620,925_4_1
96759,Boarding,24930,206_2_0
96759,Exit,25650,210_2_0
103631,Boarding,25290,208_2_0
103631,Exit,25650,210_2_0
90535,Boarding,24180,204_2_0
90535,Exit,25680,214_2_0
97135,Boarding,24480,206_2_0
97135,Exit,25680,214_2_0
43641,Boarding,25500,113_2_0
43641,Exit,25680,214_2_0
43637,Boarding,25500,113_2_0
43637,Exit,25680,214_2_0
43644,Boarding,25500,113_2_0
43644,Exit,25680,214_2_0
200334,Boarding,25080,913_4_0
200334,Exit,25680,919_4_0
200333,Boarding,25080,913_4_0
200333,Exit,25680,919_4_0
153416,Boarding,25560,305_4_0
153416,Exit,25680,919_4_0
83717,Boarding,24360,202_2_1
83717,Exit,25680,213_2_1
193444,Boarding,25380,909_4_1
193444,Exit,25680,918_4_1
25586,Boarding,25560,108_4_1
25586,Exit,25680,918_4_1
42545,Boarding,24810,113_2_1
42545,Exit,25710,202_2_1
109794,Boarding,25170,210_2_1
109794,Exit,25710,202_2_1
14837,Boarding,23850,105_1_0
14837,Exit,25710,119_1_0
145825,Boarding,22530,303_3_0
145825,Exit,25710,325_3_0
199554,Boarding,22920,913_4_0
199554,Transfer,23400,305_4_0
199554,Boarding,23550,305_3_0
199554,Exit,25710,325_3_0
1090,Boarding,23490,101_1_1
1090,Exit,25710,116_1_1
1091,Boarding,23490,101_1_1
1091,Exit,25710,116_1_1
7728,Boarding,23850,103_1_1
7728,Exit,25710,116_1_1
7356,Boarding,24630,103_1_1
7356,Exit,25710,111_1_1
20942,Boarding,25350,108_1_1
20942,Exit,25710,111_1_1
20943,Boarding,25350,108_1_1
20943,Exit,25710,111_1_1
20950,Boarding,25350,108_1_1
20950,Exit,25710,111_1_1
20948,Boarding,25350,108_1_1
20948,Exit,25710,111_1_1
143955,Boarding,25410,303_3_1
143955,Exit,25710,208_3_1
143956,Boarding,25410,303_3_1
143956,Exit,25710,208_3_1
143954,Boarding,25410,303_3_1
143954,Exit,25710,208_3_1
88719,Boarding,24630,204_2_0
88719,Transfer,25290,208_2_0
88719,Boarding,25320,208_3_0
88719,Exit,25740,116_3_0
146396,Boarding,23880,303_3_0
146396,Transfer,24900,305_3_0
146396,Boarding,25260,305_4_1
146396,Exit,25740,913_4_1
149178,Boarding,24360,305_3_1
149178,Exit,25740,116_3_1
149180,Boarding,24360,305_3_1
149180,Exit,25740,116_3_1
149179,Boarding,24360,305_3_1
149179,Exit,25740,116_3_1
102069,Boarding,25260,208_3_1
102069,Exit,25740,116_3_1
102075,Boarding,25260,208_3_1
102075,Exit,25740,116_3_1
89976,Boarding,25080,204_2_0
89976,Exit,25740,208_2_0
96597,Boarding,25380,206_2_0
96597,Exit,25740,208_2_0
96598,Boarding,25380,206_2_0
96598,Exit,25740,208_2_0
96595,Boarding,25380,206_2_0
96595,Exit,25740,208_2_0
143951,Boarding,24330,303_3_0
143951,Exit,25770,208_3_0
197520,Boarding,24540,913_4_0
197520,Transfer,25020,305_4_0
197520,Boarding,25350,305_3_0
197520,Exit,25770,208_3_0
150691,Boarding,25350,305_3_0
150691,Exit,25770,208_3_0
150692,Boarding,25350,305_3_0
150692,Exit,25770,208_3_0
156155,Boarding,23760,310_3_0
156155,Transfer,24840,116_3_0
156155,Boarding,24900,116_1_0
156155,Exit,25800,122_1_0
89086,Boarding,23730,204_2_0
89086,Transfer,24390,208_2_0
89086,Boarding,24420,208_3_0
89086,Transfer,24840,116_3_0
89086,Boarding,24900,116_1_0
89086,Exit,25800,122_1_0
89085,Boarding,23730,204_2_0
89085,Transfer,24390,208_2_0
89085,Boarding,24420,208_3_0
89085,Transfer,24840,116_3_0
89085,Boarding,24900,116_1_0
89085,Exit,25800,122_1_0
55275,Boarding,25320,119_1_0
55275,Exit,25800,122_1_0
55276,Boarding,25320,119_1_0
55276,Exit,25800,122_1_0
55279,Boarding,25320,119_1_0
55279,Exit,25800,122_1_0
24,Boarding,25440,101_1_1
24,Exit,25800,103_1_1
24129,Boarding,25620,108_4_1
24129,Exit,25800,305_4_1
158614,Boarding,25560,310_3_0
158614,Exit,25800,305_3_0
1296,Boarding,23100,101_1_1
1296,Exit,25800,119_1_1
89802,Boarding,25530,204_2_0
89802,Exit,25830,206_2_0
89804,Boarding,25530,204_2_0
89804,Exit,25830,206_2_0
13856,Boarding,25410,105_1_0
13856,Exit,25830,108_1_0
14054,Boarding,25440,105_1_1
14054,Exit,25860,110_1_1
17267,Boarding,25620,105_3_1
17267,Exit,25860,303_3_1
17263,Boarding,25620,105_3_1
17263,Exit,25860,303_3_1
17259,Boarding,25620,105_3_1
17259,Exit,25860,303_3_1
29862,Boarding,25350,110_1_0
29862,Transfer,25710,113_1_0
29862,Boarding,25710,113_2_0
29862,Exit,25890,213_2_0
1481,Boarding,22710,101_1_1
1481,Exit,25890,122_1_1
1479,Boarding,22710,101_1_1
1479,Exit,25890,122_1_1
55278,Boarding,25410,119_1_1
55278,Exit,25890,122_1_1
1646,Boarding,22350,101_1_0
1646,Exit,25890,125_1_0
89247,Boarding,23280,204_2_0
89247,Transfer,23940,208_2_0
89247,Boarding,23970,208_3_0
89247,Transfer,24390,116_3_0
89247,Boarding,24510,116_1_0
89247,Exit,25890,125_1_0
95867,Boarding,23580,206_2_0
95867,Transfer,23940,208_2_0
95867,Boarding,23970,208_3_0
95867,Transfer,24390,116_3_0
95867,Boarding,24510,116_1_0
95867,Exit,25890,125_1_0
62272,Boarding,25410,122_1_0
62272,Exit,25890,125_1_0
26677,Boarding,23280,108_4_0
26677,Exit,25920,928_4_0
201259,Boarding,24000,913_4_0
201259,Exit,25920,928_4_0
154315,Boarding,24480,305_4_0
154315,Exit,25920,928_4_0
214565,Boarding,24600,919_4_0
214565,Exit,25920,928_4_0
221335,Boarding,24840,921_4_0
221335,Exit,25920,928_4_0
221337,Boarding,24840,921_4_0
221337,Exit,25920,928_4_0
221338,Boarding,24840,921_4_0
221338,Exit,25920,928_4_0
234627,Boarding,25440,925_4_0
234627,Exit,25920,928_4_0
234628,Boarding,25440,925_4_0
234628,Exit,25920,928_4_0
241480,Boarding,25620,926_4_0
241480,Exit,25920,928_4_0
241484,Boarding,25620,926_4_0
241484,Exit,25920,928_4_0
18173,Boarding,22920,105_3_1
18173,Exit,25920,325_3_1
200511,Boarding,25080,913_4_0
200511,Exit,25920,921_4_0
213835,Boarding,25680,919_4_0
213835,Exit,25920,921_4_0
213832,Boarding,25680,919_4_0
213832,Exit,25920,921_4_0
213837,Boarding,25680,919_4_0
213837,Exit,25920,921_4_0
213836,Boarding,25680,919_4_0
213836,Exit,25920,921_4_0
213839,Boarding,25680,919_4_0
213839,Exit,25920,921_4_0
213834,Boarding,25680,919_4_0
213834,Exit,25920,921_4_0
207673,Boarding,24600,918_4_1
207673,Exit,25920,926_4_1
207674,Boarding,24600,918_4_1
207674,Exit,25920,926_4_1
214391,Boarding,24840,919_4_1
214391,Exit,25920,926_4_1
221174,Boarding,24960,921_4_1
221174,Exit,25920,926_4_1
227796,Boarding,25440,922_4_1
227796,Exit,25920,926_4_1
227799,Boarding,25440,922_4_1
227799,Exit,25920,926_4_1
227805,Boarding,25440,922_4_1
227805,Exit,25920,926_4_1
227803,Boarding,25440,922_4_1
227803,Exit,25920,926_4_1
227806,Boarding,25440,922_4_1
227806,Exit,25920,926_4_1
152883,Boarding,24720,305_4_1
152883,Exit,25920,909_4_1
25763,Boarding,24000,108_4_1
25763,Exit,25920,919_4_1
153413,Boarding,24180,305_4_1
153413,Exit,25920,919_4_1
193628,Boarding,25380,909_4_1
193628,Exit,25920,919_4_1
193629,Boarding,25380,909_4_1
193629,Exit,25920,919_4_1
206948,Boarding,25680,918_4_1
206948,Exit,25920,919_4_1
206950,Boarding,25680,918_4_1
206950,Exit,25920,919_4_1
28742,Boarding,23400,110_1_0
28742,Exit,25920,128_1_0
96059,Boarding,23130,206_2_0
96059,Transfer,23490,208_2_0
96059,Boarding,23520,208_3_0
96059,Transfer,23940,116_3_0
96059,Boarding,24120,116_1_0
96059,Exit,25920,128_1_0
69226,Boarding,25500,125_1_0
69226,Exit,25920,128_1_0
199758,Boarding,22380,913_4_0
199758,Transfer,22860,305_4_0
199758,Boarding,23100,305_3_0
199758,Exit,25920,329_3_0
98862,Boarding,23130,206_2_0
98862,Transfer,23490,208_2_0
98862,Boarding,23520,208_3_0
98862,Exit,25920,329_3_0
179569,Boarding,25260,325_3_0
179569,Exit,25920,329_3_0
83134,Boarding,25260,202_2_1
83134,Exit,25920,206_2_1
83137,Boarding,25260,202_2_1
83137,Exit,25920,206_2_1
83139,Boarding,25260,202_2_1
83139,Exit,25920,206_2_1
42131,Boarding,24120,113_1_1
42131,Exit,25920,125_1_1
48909,Boarding,24540,116_1_1
48909,Exit,25920,125_1_1
62271,Boarding,25500,122_1_1
62271,Exit,25920,125_1_1
88543,Boarding,24630,204_2_0
88543,Exit,25950,113_2_0
95126,Boarding,24930,206_2_0
95126,Exit,25950,113_2_0
95124,Boarding,24930,206_2_0
95124,Exit,25950,113_2_0
116700,Boarding,25440,213_2_0
116700,Exit,25980,204_2_0
116701,Boarding,25440,213_2_0
116701,Exit,25980,204_2_0
200873,Boarding,24540,913_4_0
200873,Exit,25980,925_4_0
200874,Boarding,24540,913_4_0
200874,Exit,25980,925_4_0
147310,Boarding,23880,303_3_0
147310,Transfer,24900,305_3_0
147310,Boarding,25020,305_4_0
147310,Exit,25980,925_4_0
147309,Boarding,23880,303_3_0
147309,Transfer,24900,305_3_0
147309,Boarding,25020,305_4_0
147309,Exit,25980,925_4_0
214221,Boarding,25140,919_4_0
214221,Exit,25980,925_4_0
220968,Boarding,25380,921_4_0
220968,Exit,25980,925_4_0
220969,Boarding,25380,921_4_0
220969,Exit,25980,925_4_0
202016,Boarding,25860,918_4_0
202016,Exit,25980,108_4_0
30238,Boarding,23010,110_1_0
30238,Transfer,23370,113_1_0
30238,Boarding,23460,113_2_0
30238,Exit,25980,216_2_0
90711,Boarding,24180,204_2_0
90711,Exit,25980,216_2_0
43806,Boarding,25500,113_2_0
43806,Exit,25980,216_2_0
43800,Boarding,25500,113_2_0
43800,Exit,25980,216_2_0
43798,Boarding,25500,113_2_0
43798,Exit,25980,216_2_0
124308,Boarding,25680,214_2_0
124308,Exit,25980,216_2_0
43636,Boarding,23460,113_2_1
43636,Exit,25980,214_2_1
83900,Boarding,24360,202_2_1
83900,Exit,25980,214_2_1
117457,Boarding,25680,213_2_1
117457,Exit,25980,214_2_1
194018,Boarding,24840,909_4_1
194018,Exit,25980,922_4_1
207313,Boarding,25140,918_4_1
207313,Exit,25980,922_4_1
214011,Boarding,25380,919_4_1
214011,Exit,25980,922_4_1
214013,Boarding,25380,919_4_1
214013,Exit,25980,922_4_1
214018,Boarding,25380,919_4_1
214018,Exit,25980,922_4_1
220781,Boarding,25500,921_4_1
220781,Exit,25980,922_4_1
110852,Boarding,23370,210_2_1
110852,Exit,26010,216_2_1
84096,Boarding,23910,202_2_1
84096,Exit,26010,216_2_1
84097,Boarding,23910,202_2_1
84097,Exit,26010,216_2_1
124310,Boarding,25530,214_2_1
124310,Exit,26010,216_2_1
199386,Boarding,24000,913_4_0
199386,Transfer,24480,305_4_0
199386,Boarding,24450,305_3_0
199386,Exit,26010,321_3_0
91797,Boarding,24180,204_2_0
91797,Transfer,24840,208_2_0
91797,Boarding,24870,208_3_0
91797,Exit,26010,321_3_0
30416,Boarding,22620,110_1_0
30416,Transfer,22980,113_1_0
30416,Boarding,23010,113_2_0
30416,Exit,26010,219_2_0
90897,Boarding,23730,204_2_0
90897,Exit,26010,219_2_0
97553,Boarding,24030,206_2_0
97553,Exit,26010,219_2_0
17062,Boarding,23850,105_1_0
17062,Transfer,24930,113_1_0
17062,Boarding,25050,113_2_0
17062,Exit,26010,219_2_0
131203,Boarding,25530,216_2_0
131203,Exit,26010,219_2_0
131204,Boarding,25530,216_2_0
131204,Exit,26010,219_2_0
17609,Boarding,24810,105_3_0
17609,Exit,26010,310_3_0
165577,Boarding,25710,316_3_0
165577,Exit,26010,310_3_0
165576,Boarding,25710,316_3_0
165576,Exit,26010,310_3_0
109973,Boarding,25170,210_2_1
109973,Exit,26010,204_2_1
82935,Boarding,25710,202_2_1
82935,Exit,26010,204_2_1
82938,Boarding,25710,202_2_1
82938,Exit,26010,204_2_1
82936,Boarding,25710,202_2_1
82936,Exit,26010,204_2_1
193831,Boarding,25380,909_4_1
193831,Exit,26040,921_4_1
207142,Boarding,25680,918_4_1
207142,Exit,26040,921_4_1
207143,Boarding,25680,918_4_1
207143,Exit,26040,921_4_1
207147,Boarding,25680,918_4_1
207147,Exit,26040,921_4_1
213833,Boarding,25920,919_4_1
213833,Exit,26040,921_4_1
213840,Boarding,25920,919_4_1
213840,Exit,26040,921_4_1
207312,Boarding,24240,918_4_0
207312,Exit,26040,922_4_0
214015,Boarding,25680,919_4_0
214015,Exit,26040,922_4_0
220783,Boarding,25920,921_4_0
220783,Exit,26040,922_4_0
34792,Boarding,25470,111_1_0
34792,Exit,26070,116_1_0
34791,Boarding,25470,111_1_0
34791,Exit,26070,116_1_0
34786,Boarding,25470,111_1_0
34786,Exit,26070,116_1_0
909,Boarding,24270,101_1_1
909,Exit,26070,113_1_1
21138,Boarding,25350,108_1_1
21138,Exit,26070,113_1_1
21143,Boarding,25350,108_1_1
21143,Exit,26070,113_1_1
21147,Boarding,25350,108_1_1
21147,Exit,26070,113_1_1
21148,Boarding,25350,108_1_1
21148,Exit,26070,113_1_1
34594,Boarding,25710,111_1_1
34594,Exit,26070,113_1_1
34599,Boarding,25710,111_1_1
34599,Exit,26070,113_1_1
34597,Boarding,25710,111_1_1
34597,Exit,26070,113_1_1
34596,Boarding,25710,111_1_1
34596,Exit,26070,113_1_1
36484,Boarding,25470,111_1_0
36484,Transfer,25710,113_1_0
36484,Boarding,25710,113_2_1
36484,Exit,26070,210_2_1
739,Boarding,24660,101_1_1
739,Exit,26100,111_1_1
7355,Boarding,25020,103_1_1
7355,Exit,26100,111_1_1
205433,Boarding,24780,918_4_0
205433,Exit,26100,305_4_0
198857,Boarding,25620,913_4_0
198857,Exit,26100,305_4_0
198852,Boarding,25620,913_4_0
198852,Exit,26100,305_4_0
198856,Boarding,25620,913_4_0
198856,Exit,26100,305_4_0
48489,Boarding,25680,116_1_0
48489,Exit,26100,119_1_0
48492,Boarding,25680,116_1_0
48492,Exit,26100,119_1_0
96762,Boarding,25380,206_2_0
96762,Exit,26100,210_2_0
27769,Boarding,25740,110_1_0
27769,Exit,26100,113_1_0
27770,Boarding,25740,110_1_0
27770,Exit,26100,113_1_0
34598,Boarding,25860,111_1_0
34598,Exit,26100,113_1_0
34595,Boarding,25860,111_1_0
34595,Exit,26100,113_1_0
34593,Boarding,25860,111_1_0
34593,Exit,26100,113_1_0
41559,Boarding,25680,113_1_1
41559,Exit,26100,116_1_1
41558,Boarding,25680,113_1_1
41558,Exit,26100,116_1_1
188615,Boarding,25920,909_4_1
188615,Exit,26100,108_4_1
188616,Boarding,25920,909_4_1
188616,Exit,26100,108_4_1
188610,Boarding,25920,909_4_1
188610,Exit,26100,108_4_1
188617,Boarding,25920,909_4_1
188617,Exit,26100,108_4_1
188612,Boarding,25920,909_4_1
188612,Exit,26100,108_4_1
90536,Boarding,24630,204_2_0
90536,Exit,26130,214_2_0
6991,Boarding,25410,103_1_1
6991,Exit,26130,108_1_1
6994,Boarding,25410,103_1_1
6994,Exit,26130,108_1_1
17260,Boarding,25710,105_3_0
17260,Exit,26130,303_3_0
17261,Boarding,25710,105_3_0
17261,Exit,26130,303_3_0
43452,Boarding,25950,113_2_1
43452,Exit,26130,213_2_1
25392,Boarding,25440,108_4_0
25392,Exit,26160,913_4_0
18170,Boarding,22560,105_3_0
18170,Exit,26160,325_3_0
18176,Boarding,22560,105_3_0
18176,Exit,26160,325_3_0
145824,Boarding,22980,303_3_0
145824,Exit,26160,325_3_0
31620,Boarding,23790,110_1_0
31620,Transfer,24510,116_1_0
31620,Boarding,24840,116_3_0
31620,Exit,26160,325_3_0
31619,Boarding,23790,110_1_0
31619,Transfer,24510,116_1_0
31619,Boarding,24840,116_3_0
31619,Exit,26160,325_3_0
172539,Boarding,25560,321_3_0
172539,Exit,26160,325_3_0
172538,Boarding,25560,321_3_0
172538,Exit,26160,325_3_0
172540,Boarding,25560,321_3_0
172540,Exit,26160,325_3_0
207475,Boarding,25140,918_4_1
207475,Exit,26160,925_4_1
214226,Boarding,25380,919_4_1
214226,Exit,26160,925_4_1
214228,Boarding,25380,919_4_1
214228,Exit,26160,925_4_1
220970,Boarding,25500,921_4_1
220970,Exit,26160,925_4_1
227616,Boarding,25980,922_4_1
227616,Exit,26160,925_4_1
227615,Boarding,25980,922_4_1
227615,Exit,26160,925_4_1
227612,Boarding,25980,922_4_1
227612,Exit,26160,925_4_1
227613,Boarding,25980,922_4_1
227613,Exit,26160,925_4_1
227614,Boarding,25980,922_4_1
227614,Exit,26160,925_4_1
214392,Boarding,25140,919_4_0
214392,Exit,26160,926_4_0
214390,Boarding,25140,919_4_0
214390,Exit,26160,926_4_0
234443,Boarding,25980,925_4_0
234443,Exit,26160,926_4_0
234445,Boarding,25980,925_4_0
234445,Exit,26160,926_4_0
234449,Boarding,25980,925_4_0
234449,Exit,26160,926_4_0
16150,Boarding,25620,105_3_1
16150,Exit,26160,208_3_1
16152,Boarding,25620,105_3_1
16152,Exit,26160,208_3_1
143953,Boarding,25860,303_3_1
143953,Exit,26160,208_3_1
109795,Boarding,25620,210_2_1
109795,Exit,26160,202_2_1
109797,Boarding,25620,210_2_1
109797,Exit,26160,202_2_1
109798,Boarding,25620,210_2_1
109798,Exit,26160,202_2_1
158970,Boarding,23040,310_3_1
158970,Exit,26160,321_3_1
17986,Boarding,23820,105_3_1
17986,Exit,26160,321_3_1
145623,Boarding,24060,303_3_1
145623,Exit,26160,321_3_1
51663,Boarding,24840,116_3_1
51663,Exit,26160,321_3_1
165759,Boarding,25560,316_3_1
165759,Exit,26160,321_3_1
145425,Boarding,25680,303_3_0
145425,Exit,26160,316_3_0
142456,Boarding,24330,303_3_0
142456,Exit,26190,116_3_0
142455,Boarding,24330,303_3_0
142455,Exit,26190,116_3_0
149181,Boarding,25350,305_3_0
149181,Exit,26190,116_3_0
95313,Boarding,25380,206_2_0
95313,Transfer,25740,208_2_0
95313,Boarding,25770,208_3_0
95313,Exit,26190,116_3_0
95314,Boarding,25380,206_2_0
95314,Transfer,25740,208_2_0
95314,Boarding,25770,208_3_0
95314,Exit,26190,116_3_0
156156,Boarding,24210,310_3_0
156156,Transfer,25290,116_3_0
156156,Boarding,25290,116_1_0
156156,Exit,26190,122_1_0
55272,Boarding,25710,119_1_0
55272,Exit,26190,122_1_0
55271,Boarding,25710,119_1_0
55271,Exit,26190,122_1_0
55277,Boarding,25710,119_1_0
55277,Exit,26190,122_1_0
142463,Boarding,25410,303_3_1
142463,Exit,26190,116_3_1
102072,Boarding,25710,208_3_1
102072,Exit,26190,116_3_1
102073,Boarding,25710,208_3_1
102073,Exit,26190,116_3_1
89984,Boarding,25530,204_2_0
89984,Exit,26190,208_2_0
89982,Boarding,25530,204_2_0
89982,Exit,26190,208_2_0
96600,Boarding,25830,206_2_0
96600,Exit,26190,208_2_0
1297,Boarding,23490,101_1_1
1297,Exit,26190,119_1_1
1298,Boarding,23490,101_1_1
1298,Exit,26190,119_1_1
48490,Boarding,25710,116_1_1
48490,Exit,26190,119_1_1
193445,Boarding,25920,909_4_1
193445,Exit,26220,918_4_1
193447,Boarding,25920,909_4_1
193447,Exit,26220,918_4_1
193446,Boarding,25920,909_4_1
193446,Exit,26220,918_4_1
25587,Boarding,26100,108_4_1
25587,Exit,26220,918_4_1
25584,Boarding,26100,108_4_1
25584,Exit,26220,918_4_1
25765,Boarding,24900,108_4_0
25765,Exit,26220,919_4_0
200339,Boarding,25620,913_4_0
200339,Exit,26220,919_4_0
200336,Boarding,25620,913_4_0
200336,Exit,26220,919_4_0
200335,Boarding,25620,913_4_0
200335,Exit,26220,919_4_0
160045,Boarding,25290,310_3_1
160045,Transfer,25710,305_3_1
160045,Boarding,26100,305_4_0
160045,Exit,26220,919_4_0
160044,Boarding,25740,310_3_1
160044,Transfer,26160,305_3_1
160044,Boarding,26100,305_4_0
160044,Exit,26220,919_4_0
153423,Boarding,26100,305_4_0
153423,Exit,26220,919_4_0
153418,Boarding,26100,305_4_0
153418,Exit,26220,919_4_0
153420,Boarding,26100,305_4_0
153420,Exit,26220,919_4_0
153417,Boarding,26100,305_4_0
153417,Exit,26220,919_4_0
213,Boarding,25440,101_1_1
213,Exit,26220,105_1_1
6813,Boarding,25800,103_1_1
6813,Exit,26220,105_1_1
6817,Boarding,25800,103_1_1
6817,Exit,26220,105_1_1
6811,Boarding,25800,103_1_1
6811,Exit,26220,105_1_1
6812,Boarding,25800,103_1_1
6812,Exit,26220,105_1_1
164122,Boarding,25260,316_3_0
164122,Exit,26220,208_3_0
157262,Boarding,25560,310_3_0
157262,Exit,26220,208_3_0
157264,Boarding,25560,310_3_0
157264,Exit,26220,208_3_0
150685,Boarding,25800,305_3_0
150685,Exit,26220,208_3_0
145056,Boarding,25230,303_3_0
145056,Exit,26250,305_3_0
165404,Boarding,25710,316_3_0
165404,Exit,26250,305_3_0
7179,Boarding,25410,103_1_1
7179,Exit,26250,110_1_1
14254,Boarding,25410,105_1_0
14254,Exit,26250,111_1_0
14252,Boarding,25410,105_1_0
14252,Exit,26250,111_1_0
27597,Boarding,26130,110_1_0
27597,Exit,26250,111_1_0
116884,Boarding,25440,213_2_0
116884,Exit,26280,206_2_0
116882,Boarding,25440,213_2_0
116882,Exit,26280,206_2_0
89805,Boarding,25980,204_2_0
89805,Exit,26280,206_2_0
8131,Boarding,23460,103_1_1
8131,Exit,26280,122_1_1
8132,Boarding,23460,103_1_1
8132,Exit,26280,122_1_1
25394,Boarding,25620,108_4_1
25394,Exit,26280,913_4_1
146398,Boarding,24330,303_3_0
146398,Transfer,25350,305_3_0
146398,Boarding,25800,305_4_1
146398,Exit,26280,913_4_1
55450,Boarding,25320,119_1_0
55450,Exit,26280,125_1_0
55453,Boarding,25320,119_1_0
55453,Exit,26280,125_1_0
55455,Boarding,25320,119_1_0
55455,Exit,26280,125_1_0
62273,Boarding,25800,122_1_0
62273,Exit,26280,125_1_0
62275,Boarding,25800,122_1_0
62275,Exit,26280,125_1_0
62274,Boarding,25800,122_1_0
62274,Exit,26280,125_1_0
62270,Boarding,25800,122_1_0
62270,Exit,26280,125_1_0
42132,Boarding,24510,113_1_1
42132,Exit,26310,125_1_1
55451,Boarding,25410,119_1_1
55451,Exit,26310,125_1_1
17265,Boarding,26070,105_3_1
17265,Exit,26310,303_3_1
149941,Boarding,23550,305_3_0
149941,Transfer,24390,116_3_0
149941,Boarding,24510,116_1_0
149941,Exit,26310,128_1_0
62464,Boarding,25410,122_1_0
62464,Exit,26310,128_1_0
62461,Boarding,25410,122_1_0
62461,Exit,26310,128_1_0
69227,Boarding,25890,125_1_0
69227,Exit,26310,128_1_0
29855,Boarding,25740,110_1_0
29855,Transfer,26100,113_1_0
29855,Boarding,26160,113_2_0
29855,Exit,26340,213_2_0
29854,Boarding,25740,110_1_0
29854,Transfer,26100,113_1_0
29854,Boarding,26160,113_2_0
29854,Exit,26340,213_2_0
29858,Boarding,25740,110_1_0
29858,Transfer,26100,113_1_0
29858,Boarding,26160,113_2_0
29858,Exit,26340,213_2_0
36679,Boarding,25860,111_1_0
36679,Transfer,26100,113_1_0
36679,Boarding,26160,113_2_0
36679,Exit,26340,213_2_0
36677,Boarding,25860,111_1_0
36677,Transfer,26100,113_1_0
36677,Boarding,26160,113_2_0
36677,Exit,26340,213_2_0
83135,Boarding,25710,202_2_1
83135,Exit,26370,206_2_1
83138,Boarding,25710,202_2_1
83138,Exit,26370,206_2_1
83141,Boarding,25710,202_2_1
83141,Exit,26370,206_2_1
83140,Boarding,25710,202_2_1
83140,Exit,26370,206_2_1
159129,Boarding,22590,310_3_1
159129,Exit,26370,325_3_1
152520,Boarding,23010,305_3_1
152520,Exit,26370,325_3_1
18174,Boarding,23370,105_3_1
18174,Exit,26370,325_3_1
18175,Boarding,23370,105_3_1
18175,Exit,26370,325_3_1
92164,Boarding,23280,204_2_0
92164,Transfer,23940,208_2_0
92164,Boarding,23970,208_3_0
92164,Exit,26370,329_3_0
179568,Boarding,25710,325_3_0
179568,Exit,26370,329_3_0
179566,Boarding,25710,325_3_0
179566,Exit,26370,329_3_0
179570,Boarding,25710,325_3_0
179570,Exit,26370,329_3_0
18919,Boarding,25800,105_1_0
18919,Transfer,26220,108_1_0
18919,Boarding,26160,108_4_0
18919,Exit,26400,918_4_0
95133,Boarding,25380,206_2_0
95133,Exit,26400,113_2_0
95128,Boarding,25380,206_2_0
95128,Exit,26400,113_2_0
95131,Boarding,25380,206_2_0
95131,Exit,26400,113_2_0
95130,Boarding,25380,206_2_0
95130,Exit,26400,113_2_0
81889,Boarding,25260,202_2_1
81889,Exit,26400,113_2_1
81895,Boarding,25260,202_2_1
81895,Exit,26400,113_2_1
101903,Boarding,26280,208_2_1
101903,Exit,26400,113_2_1
101899,Boarding,26280,208_2_1
101899,Exit,26400,113_2_1
116699,Boarding,25890,213_2_0
116699,Exit,26430,204_2_0
43635,Boarding,23910,113_2_1
43635,Exit,26430,214_2_1
83902,Boarding,24810,202_2_1
83902,Exit,26430,214_2_1
83901,Boarding,24810,202_2_1
83901,Exit,26430,214_2_1
83903,Boarding,24810,202_2_1
83903,Exit,26430,214_2_1
103995,Boarding,25830,208_2_1
103995,Exit,26430,214_2_1
43645,Boarding,25950,113_2_1
43645,Exit,26430,214_2_1
117460,Boarding,26130,213_2_1
117460,Exit,26430,214_2_1
117458,Boarding,26130,213_2_1
117458,Exit,26430,214_2_1
117650,Boarding,24090,213_2_0
117650,Exit,26430,216_2_0
10258,Boarding,21930,103_1_0
10258,Transfer,23370,113_1_0
10258,Boarding,23460,113_2_0
10258,Exit,26460,219_2_0
117827,Boarding,23640,213_2_0
117827,Exit,26460,219_2_0
90899,Boarding,24180,204_2_0
90899,Exit,26460,219_2_0
90898,Boarding,24180,204_2_0
90898,Exit,26460,219_2_0
97554,Boarding,24480,206_2_0
97554,Exit,26460,219_2_0
124498,Boarding,25680,214_2_0
124498,Exit,26460,219_2_0
131208,Boarding,25980,216_2_0
131208,Exit,26460,219_2_0
131206,Boarding,25980,216_2_0
131206,Exit,26460,219_2_0
131210,Boarding,25980,216_2_0
131210,Exit,26460,219_2_0
131205,Boarding,25980,216_2_0
131205,Exit,26460,219_2_0
131207,Boarding,25980,216_2_0
131207,Exit,26460,219_2_0
153415,Boarding,24720,305_4_1
153415,Exit,26460,919_4_1
193632,Boarding,25920,909_4_1
193632,Exit,26460,919_4_1
193636,Boarding,25920,909_4_1
193636,Exit,26460,919_4_1
193634,Boarding,25920,909_4_1
193634,Exit,26460,919_4_1
193635,Boarding,25920,909_4_1
193635,Exit,26460,919_4_1
193630,Boarding,25920,909_4_1
193630,Exit,26460,919_4_1
25771,Boarding,26100,108_4_1
25771,Exit,26460,919_4_1
206955,Boarding,26220,918_4_1
206955,Exit,26460,919_4_1
206951,Boarding,26220,918_4_1
206951,Exit,26460,919_4_1
206947,Boarding,26220,918_4_1
206947,Exit,26460,919_4_1
206949,Boarding,26220,918_4_1
206949,Exit,26460,919_4_1
206959,Boarding,26220,918_4_1
206959,Exit,26460,919_4_1
206960,Boarding,26220,918_4_1
206960,Exit,26460,919_4_1
14638,Boarding,25020,105_1_0
14638,Exit,26460,116_1_0
27952,Boarding,25740,110_1_0
27952,Exit,26460,116_1_0
34793,Boarding,25860,111_1_0
34793,Exit,26460,116_1_0
34790,Boarding,25860,111_1_0
34790,Exit,26460,116_1_0
34794,Boarding,25860,111_1_0
34794,Exit,26460,116_1_0
34788,Boarding,25860,111_1_0
34788,Exit,26460,116_1_0
17985,Boarding,24240,105_1_0
17985,Transfer,25680,116_1_0
17985,Boarding,25740,116_3_0
17985,Exit,26460,321_3_0
44954,Boarding,25320,113_1_0
44954,Transfer,25680,116_1_0
44954,Boarding,25740,116_3_0
44954,Exit,26460,321_3_0
25941,Boarding,24540,108_4_0
25941,Exit,26460,921_4_0
200514,Boarding,25620,913_4_0
200514,Exit,26460,921_4_0
200513,Boarding,25620,913_4_0
200513,Exit,26460,921_4_0
200519,Boarding,25620,913_4_0
200519,Exit,26460,921_4_0
153596,Boarding,26100,305_4_0
153596,Exit,26460,921_4_0
213838,Boarding,26220,919_4_0
213838,Exit,26460,921_4_0
6422,Boarding,22350,101_1_0
6422,Transfer,23490,108_1_0
6422,Boarding,23460,108_4_0
6422,Exit,26460,928_4_0
20017,Boarding,23070,105_1_0
20017,Transfer,23490,108_1_0
20017,Boarding,23460,108_4_0
20017,Exit,26460,928_4_0
201260,Boarding,24540,913_4_0
201260,Exit,26460,928_4_0
221333,Boarding,25380,921_4_0
221333,Exit,26460,928_4_0
221339,Boarding,25380,921_4_0
221339,Exit,26460,928_4_0
234625,Boarding,25980,925_4_0
234625,Exit,26460,928_4_0
234630,Boarding,25980,925_4_0
234630,Exit,26460,928_4_0
234631,Boarding,25980,925_4_0
234631,Exit,26460,928_4_0
241483,Boarding,26160,926_4_0
241483,Exit,26460,928_4_0
241481,Boarding,26160,926_4_0
241481,Exit,26460,928_4_0
25211,Boarding,25080,108_4_1
25211,Exit,26460,909_4_1
109977,Boarding,25620,210_2_1
109977,Exit,26460,204_2_1
109978,Boarding,25620,210_2_1
109978,Exit,26460,204_2_1
109979,Boarding,25620,210_2_1
109979,Exit,26460,204_2_1
109974,Boarding,25620,210_2_1
109974,Exit,26460,204_2_1
109976,Boarding,25620,210_2_1
109976,Exit,26460,204_2_1
82931,Boarding,26160,202_2_1
82931,Exit,26460,204_2_1
82934,Boarding,26160,202_2_1
82934,Exit,26460,204_2_1
82933,Boarding,26160,202_2_1
82933,Exit,26460,204_2_1
82932,Boarding,26160,202_2_1
82932,Exit,26460,204_2_1
82937,Boarding,26160,202_2_1
82937,Exit,26460,204_2_1
82943,Boarding,26160,202_2_1
82943,Exit,26460,204_2_1
7542,Boarding,25020,103_1_1
7542,Exit,26460,113_1_1
14439,Boarding,25440,105_1_1
14439,Exit,26460,113_1_1
34592,Boarding,26100,111_1_1
34592,Exit,26460,113_1_1
26511,Boarding,23460,108_4_1
26511,Exit,26460,926_4_1
194365,Boarding,24840,909_4_1
194365,Exit,26460,926_4_1
207675,Boarding,25140,918_4_1
207675,Exit,26460,926_4_1
214397,Boarding,25380,919_4_1
214397,Exit,26460,926_4_1
221177,Boarding,25500,921_4_1
221177,Exit,26460,926_4_1
227798,Boarding,25980,922_4_1
227798,Exit,26460,926_4_1
227801,Boarding,25980,922_4_1
227801,Exit,26460,926_4_1
227797,Boarding,25980,922_4_1
227797,Exit,26460,926_4_1
227802,Boarding,25980,922_4_1
227802,Exit,26460,926_4_1
234444,Boarding,26160,925_4_1
234444,Exit,26460,926_4_1
234458,Boarding,26160,925_4_1
234458,Exit,26460,926_4_1
104176,Boarding,25380,208_2_1
104176,Exit,26460,216_2_1
104183,Boarding,25380,208_2_1
104183,Exit,26460,216_2_1
117651,Boarding,25680,213_2_1
117651,Exit,26460,216_2_1
124309,Boarding,25980,214_2_1
124309,Exit,26460,216_2_1
14441,Boarding,25410,105_1_0
14441,Exit,26490,113_1_0
21145,Boarding,25830,108_1_0
21145,Exit,26490,113_1_0
21149,Boarding,25830,108_1_0
21149,Exit,26490,113_1_0
27768,Boarding,26130,110_1_0
27768,Exit,26490,113_1_0
27771,Boarding,26130,110_1_0
27771,Exit,26490,113_1_0
34604,Boarding,26250,111_1_0
34604,Exit,26490,113_1_0
34600,Boarding,26250,111_1_0
34600,Exit,26490,113_1_0
21326,Boarding,25350,108_1_1
21326,Exit,26490,116_1_1
27951,Boarding,25470,110_1_1
27951,Exit,26490,116_1_1
41555,Boarding,26070,113_1_1
41555,Exit,26490,116_1_1
41556,Boarding,26070,113_1_1
41556,Exit,26490,116_1_1
48491,Boarding,26070,116_1_0
48491,Exit,26490,119_1_0
20961,Boarding,26130,108_1_1
20961,Exit,26490,111_1_1
27600,Boarding,26250,110_1_1
27600,Exit,26490,111_1_1
154901,Boarding,25740,310_3_1
154901,Exit,26520,105_3_1
154904,Boarding,25740,310_3_1
154904,Exit,26520,105_3_1
148275,Boarding,26160,305_3_1
148275,Exit,26520,105_3_1
26,Boarding,25800,101_1_1
26,Exit,26520,103_1_1
36480,Boarding,25860,111_1_0
36480,Transfer,26100,113_1_0
36480,Boarding,26160,113_2_1
36480,Exit,26520,210_2_1
194016,Boarding,25380,909_4_1
194016,Exit,26520,922_4_1
194017,Boarding,25380,909_4_1
194017,Exit,26520,922_4_1
194022,Boarding,25380,909_4_1
194022,Exit,26520,922_4_1
26126,Boarding,25560,108_4_1
26126,Exit,26520,922_4_1
207315,Boarding,25680,918_4_1
207315,Exit,26520,922_4_1
207314,Boarding,25680,918_4_1
207314,Exit,26520,922_4_1
214012,Boarding,25920,919_4_1
214012,Exit,26520,922_4_1
214017,Boarding,25920,919_4_1
214017,Exit,26520,922_4_1
214016,Boarding,25920,919_4_1
214016,Exit,26520,922_4_1
202018,Boarding,26400,918_4_0
202018,Exit,26520,108_4_0
200875,Boarding,25080,913_4_0
200875,Exit,26520,925_4_0
153967,Boarding,25560,305_4_0
153967,Exit,26520,925_4_0
214227,Boarding,25680,919_4_0
214227,Exit,26520,925_4_0
214223,Boarding,25680,919_4_0
214223,Exit,26520,925_4_0
6993,Boarding,25800,103_1_1
6993,Exit,26520,108_1_1
6996,Boarding,25800,103_1_1
6996,Exit,26520,108_1_1
6998,Boarding,25800,103_1_1
6998,Exit,26520,108_1_1
6997,Boarding,25800,103_1_1
6997,Exit,26520,108_1_1
13861,Boarding,26220,105_1_1
13861,Exit,26520,108_1_1
6815,Boarding,26160,103_1_0
6815,Exit,26520,105_1_0
6818,Boarding,26160,103_1_0
6818,Exit,26520,105_1_0
6814,Boarding,26160,103_1_0
6814,Exit,26520,105_1_0
6816,Boarding,26160,103_1_0
6816,Exit,26520,105_1_0
117255,Boarding,24990,213_2_0
117255,Exit,26550,210_2_0
117254,Boarding,24990,213_2_0
117254,Exit,26550,210_2_0
90168,Boarding,25530,204_2_0
90168,Exit,26550,210_2_0
90167,Boarding,25530,204_2_0
90167,Exit,26550,210_2_0
90172,Boarding,25530,204_2_0
90172,Exit,26550,210_2_0
96766,Boarding,25830,206_2_0
96766,Exit,26550,210_2_0
96760,Boarding,25830,206_2_0
96760,Exit,26550,210_2_0
96763,Boarding,25830,206_2_0
96763,Exit,26550,210_2_0
144111,Boarding,24780,303_3_0
144111,Transfer,26220,208_3_0
144111,Boarding,26190,208_2_0
144111,Exit,26550,210_2_0
193832,Boarding,25920,909_4_1
193832,Exit,26580,921_4_1
207144,Boarding,26220,918_4_1
207144,Exit,26580,921_4_1
207149,Boarding,26220,918_4_1
207149,Exit,26580,921_4_1
213841,Boarding,26460,919_4_1
213841,Exit,26580,921_4_1
213844,Boarding,26460,919_4_1
213844,Exit,26580,921_4_1
14999,Boarding,24240,105_1_0
14999,Exit,26580,122_1_0
156158,Boarding,24660,310_3_0
156158,Transfer,25740,116_3_0
156158,Boarding,25680,116_1_0
156158,Exit,26580,122_1_0
95675,Boarding,24930,206_2_0
95675,Transfer,25290,208_2_0
95675,Boarding,25320,208_3_0
95675,Transfer,25740,116_3_0
95675,Boarding,25680,116_1_0
95675,Exit,26580,122_1_0
48707,Boarding,25680,116_1_0
48707,Exit,26580,122_1_0
48709,Boarding,25680,116_1_0
48709,Exit,26580,122_1_0
48708,Boarding,25680,116_1_0
48708,Exit,26580,122_1_0
48711,Boarding,25680,116_1_0
48711,Exit,26580,122_1_0
55274,Boarding,26100,119_1_0
55274,Exit,26580,122_1_0
55273,Boarding,26100,119_1_0
55273,Exit,26580,122_1_0
55280,Boarding,26100,119_1_0
55280,Exit,26580,122_1_0
97142,Boarding,25380,206_2_0
97142,Exit,26580,214_2_0
97138,Boarding,25380,206_2_0
97138,Exit,26580,214_2_0
110684,Boarding,26100,210_2_0
110684,Exit,26580,214_2_0
110687,Boarding,26100,210_2_0
110687,Exit,26580,214_2_0
41744,Boarding,25680,113_1_1
41744,Exit,26580,119_1_1
160456,Boarding,25740,310_3_1
160456,Transfer,26160,305_3_1
160456,Boarding,26100,305_4_0
160456,Exit,26580,922_4_0
153765,Boarding,26100,305_4_0
153765,Exit,26580,922_4_0
153763,Boarding,26100,305_4_0
153763,Exit,26580,922_4_0
153766,Boarding,26100,305_4_0
153766,Exit,26580,922_4_0
153761,Boarding,26100,305_4_0
153761,Exit,26580,922_4_0
214014,Boarding,26220,919_4_0
214014,Exit,26580,922_4_0
220787,Boarding,26460,921_4_0
220787,Exit,26580,922_4_0
10433,Boarding,25440,103_1_0
10433,Transfer,25800,105_1_0
10433,Boarding,26160,105_3_0
10433,Exit,26580,303_3_0
83721,Boarding,25260,202_2_1
83721,Exit,26580,213_2_1
96964,Boarding,25920,206_2_1
96964,Exit,26580,213_2_1
96965,Boarding,25920,206_2_1
96965,Exit,26580,213_2_1
103820,Boarding,26280,208_2_1
103820,Exit,26580,213_2_1
6995,Boarding,25830,103_1_0
6995,Exit,26610,108_1_0
158619,Boarding,26190,310_3_1
158619,Exit,26610,305_3_1
145428,Boarding,26130,303_3_0
145428,Exit,26610,316_3_0
145427,Boarding,26130,303_3_0
145427,Exit,26610,316_3_0
145430,Boarding,26130,303_3_0
145430,Exit,26610,316_3_0
145827,Boarding,23430,303_3_0
145827,Exit,26610,325_3_0
159130,Boarding,24210,310_3_0
159130,Exit,26610,325_3_0
172545,Boarding,26010,321_3_0
172545,Exit,26610,325_3_0
172543,Boarding,26010,321_3_0
172543,Exit,26610,325_3_0
172537,Boarding,26010,321_3_0
172537,Exit,26610,325_3_0
172542,Boarding,26010,321_3_0
172542,Exit,26610,325_3_0
172544,Boarding,26010,321_3_0
172544,Exit,26610,325_3_0
172541,Boarding,26010,321_3_0
172541,Exit,26610,325_3_0
157265,Boarding,25290,310_3_1
157265,Exit,26610,208_3_1
157261,Boarding,25290,310_3_1
157261,Exit,26610,208_3_1
150688,Boarding,25710,305_3_1
150688,Exit,26610,208_3_1
150690,Boarding,25710,305_3_1
150690,Exit,26610,208_3_1
16151,Boarding,26070,105_3_1
16151,Exit,26610,208_3_1
16149,Boarding,26070,105_3_1
16149,Exit,26610,208_3_1
16155,Boarding,26070,105_3_1
16155,Exit,26610,208_3_1
28934,Boarding,25350,110_1_0
28934,Transfer,25710,113_1_0
28934,Boarding,25710,113_2_1
28934,Exit,26610,202_2_1
28933,Boarding,25350,110_1_0
28933,Transfer,25710,113_1_0
28933,Boarding,25710,113_2_1
28933,Exit,26610,202_2_1
28937,Boarding,25350,110_1_0
28937,Transfer,25710,113_1_0
28937,Boarding,25710,113_2_1
28937,Exit,26610,202_2_1
35724,Boarding,25470,111_1_0
35724,Transfer,25710,113_1_0
35724,Boarding,25710,113_2_1
35724,Exit,26610,202_2_1
35723,Boarding,25470,111_1_0
35723,Transfer,25710,113_1_0
35723,Boarding,25710,113_2_1
35723,Exit,26610,202_2_1
109801,Boarding,26070,210_2_1
109801,Exit,26610,202_2_1
109800,Boarding,26070,210_2_1
109800,Exit,26610,202_2_1
109796,Boarding,26070,210_2_1
109796,Exit,26610,202_2_1
155784,Boarding,24840,310_3_1
155784,Exit,26640,116_3_1
142462,Boarding,25860,303_3_1
142462,Exit,26640,116_3_1
102070,Boarding,26160,208_3_1
102070,Exit,26640,116_3_1
102074,Boarding,26160,208_3_1
102074,Exit,26640,116_3_1
148440,Boarding,25260,305_4_1
148440,Exit,26640,108_4_1
188611,Boarding,26460,909_4_1
188611,Exit,26640,108_4_1
188614,Boarding,26460,909_4_1
188614,Exit,26640,108_4_1
188621,Boarding,26460,909_4_1
188621,Exit,26640,108_4_1
188619,Boarding,26460,909_4_1
188619,Exit,26640,108_4_1
188618,Boarding,26460,909_4_1
188618,Exit,26640,108_4_1
573,Boarding,25440,101_1_1
573,Exit,26640,110_1_1
7178,Boarding,25800,103_1_1
7178,Exit,26640,110_1_1
20754,Boarding,26520,108_1_1
20754,Exit,26640,110_1_1
205437,Boarding,25320,918_4_0
205437,Exit,26640,305_4_0
205434,Boarding,25320,918_4_0
205434,Exit,26640,305_4_0
198854,Boarding,26160,913_4_0
198854,Exit,26640,305_4_0
198853,Boarding,26160,913_4_0
198853,Exit,26640,305_4_0
142459,Boarding,24780,303_3_0
142459,Exit,26640,116_3_0
155787,Boarding,25560,310_3_0
155787,Exit,26640,116_3_0
155789,Boarding,25560,310_3_0
155789,Exit,26640,116_3_0
155788,Boarding,25560,310_3_0
155788,Exit,26640,116_3_0
196050,Boarding,25080,913_4_0
196050,Transfer,25560,305_4_0
196050,Boarding,25800,305_3_0
196050,Exit,26640,116_3_0
149186,Boarding,25800,305_3_0
149186,Exit,26640,116_3_0
149188,Boarding,25800,305_3_0
149188,Exit,26640,116_3_0
88722,Boarding,25530,204_2_0
88722,Transfer,26190,208_2_0
88722,Boarding,26220,208_3_0
88722,Exit,26640,116_3_0
88720,Boarding,25530,204_2_0
88720,Transfer,26190,208_2_0
88720,Boarding,26220,208_3_0
88720,Exit,26640,116_3_0
88721,Boarding,25530,204_2_0
88721,Transfer,26190,208_2_0
88721,Boarding,26220,208_3_0
88721,Exit,26640,116_3_0
95315,Boarding,25830,206_2_0
95315,Transfer,26190,208_2_0
95315,Boarding,26220,208_3_0
95315,Exit,26640,116_3_0
95316,Boarding,25830,206_2_0
95316,Transfer,26190,208_2_0
95316,Boarding,26220,208_3_0
95316,Exit,26640,116_3_0
43115,Boarding,25260,113_2_0
43115,Exit,26640,208_2_0
43116,Boarding,25260,113_2_0
43116,Exit,26640,208_2_0
117065,Boarding,25440,213_2_0
117065,Exit,26640,208_2_0
89979,Boarding,25980,204_2_0
89979,Exit,26640,208_2_0
89981,Boarding,25980,204_2_0
89981,Exit,26640,208_2_0
89978,Boarding,25980,204_2_0
89978,Exit,26640,208_2_0
89980,Boarding,25980,204_2_0
89980,Exit,26640,208_2_0
96596,Boarding,26280,206_2_0
96596,Exit,26640,208_2_0
96599,Boarding,26280,206_2_0
96599,Exit,26640,208_2_0
96601,Boarding,26280,206_2_0
96601,Exit,26640,208_2_0
96603,Boarding,26280,206_2_0
96603,Exit,26640,208_2_0
96604,Boarding,26280,206_2_0
96604,Exit,26640,208_2_0
27598,Boarding,26520,110_1_0
27598,Exit,26640,111_1_0
27601,Boarding,26520,110_1_0
27601,Exit,26640,111_1_0
164121,Boarding,25710,316_3_0
164121,Exit,26670,208_3_0
164127,Boarding,25710,316_3_0
164127,Exit,26670,208_3_0
197526,Boarding,25620,913_4_0
197526,Transfer,26100,305_4_0
197526,Boarding,26250,305_3_0
197526,Exit,26670,208_3_0
197529,Boarding,25620,913_4_0
197529,Transfer,26100,305_4_0
197529,Boarding,26250,305_3_0
197529,Exit,26670,208_3_0
197528,Boarding,25620,913_4_0
197528,Transfer,26100,305_4_0
197528,Boarding,26250,305_3_0
197528,Exit,26670,208_3_0
28537,Boarding,24570,110_1_0
28537,Exit,26670,125_1_0
28539,Boarding,24570,110_1_0
28539,Exit,26670,125_1_0
143009,Boarding,23430,303_3_0
143009,Transfer,25290,116_3_0
143009,Boarding,25290,116_1_0
143009,Exit,26670,125_1_0
95870,Boarding,24480,206_2_0
95870,Transfer,24840,208_2_0
95870,Boarding,24870,208_3_0
95870,Transfer,25290,116_3_0
95870,Boarding,25290,116_1_0
95870,Exit,26670,125_1_0
25,Boarding,25950,101_1_1
25,Exit,26670,103_1_1
1480,Boarding,23490,101_1_1
1480,Exit,26670,122_1_1
35320,Boarding,24540,111_1_1
35320,Exit,26700,125_1_1
62278,Boarding,26280,122_1_1
62278,Exit,26700,125_1_1
206744,Boarding,25860,918_4_0
206744,Exit,26700,913_4_0
25398,Boarding,25980,108_4_0
25398,Exit,26700,913_4_0
25396,Boarding,25980,108_4_0
25396,Exit,26700,913_4_0
145054,Boarding,25680,303_3_0
145054,Exit,26700,305_3_0
145057,Boarding,25680,303_3_0
145057,Exit,26700,305_3_0
158616,Boarding,26460,310_3_0
158616,Exit,26700,305_3_0
158618,Boarding,26460,310_3_0
158618,Exit,26700,305_3_0
26314,Boarding,25560,108_4_1
26314,Exit,26700,925_4_1
207481,Boarding,25680,918_4_1
207481,Exit,26700,925_4_1
207476,Boarding,25680,918_4_1
207476,Exit,26700,925_4_1
214225,Boarding,25920,919_4_1
214225,Exit,26700,925_4_1
214224,Boarding,25920,919_4_1
214224,Exit,26700,925_4_1
214402,Boarding,25680,919_4_0
214402,Exit,26700,926_4_0
214399,Boarding,25680,919_4_0
214399,Exit,26700,926_4_0
214398,Boarding,25680,919_4_0
214398,Exit,26700,926_4_0
214395,Boarding,25680,919_4_0
214395,Exit,26700,926_4_0
221175,Boarding,25920,921_4_0
221175,Exit,26700,926_4_0
221178,Boarding,25920,921_4_0
221178,Exit,26700,926_4_0
227800,Boarding,26040,922_4_0
227800,Exit,26700,926_4_0
227804,Boarding,26040,922_4_0
227804,Exit,26700,926_4_0
234450,Boarding,26520,925_4_0
234450,Exit,26700,926_4_0
234455,Boarding,26520,925_4_0
234455,Exit,26700,926_4_0
156523,Boarding,23760,310_3_0
156523,Transfer,24840,116_3_0
156523,Boarding,24900,116_1_0
156523,Exit,26700,128_1_0
156520,Boarding,23760,310_3_0
156520,Transfer,24840,116_3_0
156520,Boarding,24900,116_1_0
156520,Exit,26700,128_1_0
55621,Boarding,25320,119_1_0
55621,Exit,26700,128_1_0
62463,Boarding,25800,122_1_0
62463,Exit,26700,128_1_0
62457,Boarding,25800,122_1_0
62457,Exit,26700,128_1_0
62460,Boarding,25800,122_1_0
62460,Exit,26700,128_1_0
69232,Boarding,26280,125_1_0
69232,Exit,26700,128_1_0
69231,Boarding,26280,125_1_0
69231,Exit,26700,128_1_0
69233,Boarding,26280,125_1_0
69233,Exit,26700,128_1_0
116885,Boarding,25890,213_2_0
116885,Exit,26730,206_2_0
116883,Boarding,25890,213_2_0
116883,Exit,26730,206_2_0
89803,Boarding,26430,204_2_0
89803,Exit,26730,206_2_0
89806,Boarding,26430,204_2_0
89806,Exit,26730,206_2_0
89810,Boarding,26430,204_2_0
89810,Exit,26730,206_2_0
89807,Boarding,26430,204_2_0
89807,Exit,26730,206_2_0
89808,Boarding,26430,204_2_0
89808,Exit,26730,206_2_0
89809,Boarding,26430,204_2_0
89809,Exit,26730,206_2_0
89812,Boarding,26430,204_2_0
89812,Exit,26730,206_2_0
83316,Boarding,25710,202_2_1
83316,Exit,26730,208_2_1
83318,Boarding,25710,202_2_1
83318,Exit,26730,208_2_1
158429,Boarding,25740,310_3_1
158429,Exit,26760,303_3_1
158430,Boarding,25740,310_3_1
158430,Exit,26760,303_3_1
158425,Boarding,25740,310_3_1
158425,Exit,26760,303_3_1
198649,Boarding,25620,913_4_0
198649,Transfer,26100,305_4_0
198649,Boarding,26160,305_3_1
198649,Exit,26760,303_3_1
198646,Boarding,25620,913_4_0
198646,Transfer,26100,305_4_0
198646,Boarding,26160,305_3_1
198646,Exit,26760,303_3_1
198647,Boarding,25620,913_4_0
198647,Transfer,26100,305_4_0
198647,Boarding,26160,305_3_1
198647,Exit,26760,303_3_1
198645,Boarding,25620,913_4_0
198645,Transfer,26100,305_4_0
198645,Boarding,26160,305_3_1
198645,Exit,26760,303_3_1
153232,Boarding,25260,305_4_1
153232,Exit,26760,918_4_1
200144,Boarding,25740,913_4_1
200144,Exit,26760,918_4_1
200140,Boarding,25740,913_4_1
200140,Exit,26760,918_4_1
193448,Boarding,26460,909_4_1
193448,Exit,26760,918_4_1
193452,Boarding,26460,909_4_1
193452,Exit,26760,918_4_1
193455,Boarding,26460,909_4_1
193455,Exit,26760,918_4_1
206954,Boarding,25320,918_4_0
206954,Exit,26760,919_4_0
19094,Boarding,25020,105_1_0
19094,Transfer,25440,108_1_0
19094,Boarding,25440,108_4_0
19094,Exit,26760,919_4_0
200337,Boarding,26160,913_4_0
200337,Exit,26760,919_4_0
200338,Boarding,26160,913_4_0
200338,Exit,26760,919_4_0
200343,Boarding,26160,913_4_0
200343,Exit,26760,919_4_0
146765,Boarding,25230,303_3_0
146765,Transfer,26250,305_3_0
146765,Boarding,26640,305_4_0
146765,Exit,26760,919_4_0
29860,Boarding,26130,110_1_0
29860,Transfer,26490,113_1_0
29860,Boarding,26610,113_2_0
29860,Exit,26790,213_2_0
29859,Boarding,26130,110_1_0
29859,Transfer,26490,113_1_0
29859,Boarding,26610,113_2_0
29859,Exit,26790,213_2_0
29856,Boarding,26130,110_1_0
29856,Transfer,26490,113_1_0
29856,Boarding,26610,113_2_0
29856,Exit,26790,213_2_0
29857,Boarding,26130,110_1_0
29857,Transfer,26490,113_1_0
29857,Boarding,26610,113_2_0
29857,Exit,26790,213_2_0
36689,Boarding,26250,111_1_0
36689,Transfer,26490,113_1_0
36689,Boarding,26610,113_2_0
36689,Exit,26790,213_2_0
36682,Boarding,26250,111_1_0
36682,Transfer,26490,113_1_0
36682,Boarding,26610,113_2_0
36682,Exit,26790,213_2_0
43457,Boarding,26610,113_2_0
43457,Exit,26790,213_2_0
43455,Boarding,26610,113_2_0
43455,Exit,26790,213_2_0
43458,Boarding,26610,113_2_0
43458,Exit,26790,213_2_0
43456,Boarding,26610,113_2_0
43456,Exit,26790,213_2_0
110151,Boarding,25620,210_2_1
110151,Exit,26820,206_2_1
110152,Boarding,25620,210_2_1
110152,Exit,26820,206_2_1
110155,Boarding,25620,210_2_1
110155,Exit,26820,206_2_1
110150,Boarding,25620,210_2_1
110150,Exit,26820,206_2_1
110154,Boarding,25620,210_2_1
110154,Exit,26820,206_2_1
83136,Boarding,26160,202_2_1
83136,Exit,26820,206_2_1
199759,Boarding,23460,913_4_0
199759,Transfer,23940,305_4_0
199759,Boarding,24000,305_3_0
199759,Exit,26820,329_3_0
98863,Boarding,24030,206_2_0
98863,Transfer,24390,208_2_0
98863,Boarding,24420,208_3_0
98863,Exit,26820,329_3_0
18373,Boarding,23070,105_1_0
18373,Transfer,24510,116_1_0
18373,Boarding,24840,116_3_0
18373,Exit,26820,329_3_0
38565,Boarding,24300,111_1_0
38565,Transfer,24900,116_1_0
38565,Boarding,24840,116_3_0
38565,Exit,26820,329_3_0
172723,Boarding,25560,321_3_0
172723,Exit,26820,329_3_0
172724,Boarding,25560,321_3_0
172724,Exit,26820,329_3_0
179571,Boarding,26160,325_3_0
179571,Exit,26820,329_3_0
179567,Boarding,26160,325_3_0
179567,Exit,26820,329_3_0
6821,Boarding,26460,103_1_0
6821,Exit,26820,105_1_0
27,Boarding,26100,101_1_1
27,Exit,26820,103_1_1
33,Boarding,26460,101_1_1
33,Exit,26820,103_1_1
35,Boarding,26460,101_1_1
35,Exit,26820,103_1_1
7545,Boarding,25410,103_1_1
7545,Exit,26850,113_1_1
7544,Boarding,25410,103_1_1
7544,Exit,26850,113_1_1
21150,Boarding,26130,108_1_1
21150,Exit,26850,113_1_1
34603,Boarding,26490,111_1_1
34603,Exit,26850,113_1_1
115437,Boarding,24990,213_2_0
115437,Exit,26850,113_2_0
88546,Boarding,25530,204_2_0
88546,Exit,26850,113_2_0
95132,Boarding,25830,206_2_0
95132,Exit,26850,113_2_0
95135,Boarding,25830,206_2_0
95135,Exit,26850,113_2_0
108707,Boarding,26550,210_2_0
108707,Exit,26850,113_2_0
108697,Boarding,25170,210_2_1
108697,Exit,26850,113_2_1
108698,Boarding,25170,210_2_1
108698,Exit,26850,113_2_1
81896,Boarding,25710,202_2_1
81896,Exit,26850,113_2_1
81890,Boarding,25710,202_2_1
81890,Exit,26850,113_2_1
81893,Boarding,25710,202_2_1
81893,Exit,26850,113_2_1
81894,Boarding,25710,202_2_1
81894,Exit,26850,113_2_1
81892,Boarding,25710,202_2_1
81892,Exit,26850,113_2_1
88544,Boarding,26010,204_2_1
88544,Exit,26850,113_2_1
88550,Boarding,26010,204_2_1
88550,Exit,26850,113_2_1
95139,Boarding,26370,206_2_1
95139,Exit,26850,113_2_1
95138,Boarding,26370,206_2_1
95138,Exit,26850,113_2_1
14640,Boarding,25410,105_1_0
14640,Exit,26850,116_1_0
14647,Boarding,25410,105_1_0
14647,Exit,26850,116_1_0
14642,Boarding,25410,105_1_0
14642,Exit,26850,116_1_0
21323,Boarding,25830,108_1_0
21323,Exit,26850,116_1_0
21329,Boarding,25830,108_1_0
21329,Exit,26850,116_1_0
27950,Boarding,26130,110_1_0
27950,Exit,26850,116_1_0
27949,Boarding,26130,110_1_0
27949,Exit,26850,116_1_0
34795,Boarding,26250,111_1_0
34795,Exit,26850,116_1_0
97140,Boarding,25920,206_2_1
97140,Exit,26880,214_2_1
740,Boarding,25440,101_1_1
740,Exit,26880,111_1_1
7357,Boarding,25800,103_1_1
7357,Exit,26880,111_1_1
7358,Boarding,25800,103_1_1
7358,Exit,26880,111_1_1
20957,Boarding,26520,108_1_1
20957,Exit,26880,111_1_1
20958,Boarding,26520,108_1_1
20958,Exit,26880,111_1_1
20956,Boarding,26520,108_1_1
20956,Exit,26880,111_1_1
20955,Boarding,26520,108_1_1
20955,Exit,26880,111_1_1
20962,Boarding,26520,108_1_1
20962,Exit,26880,111_1_1
27599,Boarding,26640,110_1_1
27599,Exit,26880,111_1_1
28132,Boarding,25740,110_1_0
28132,Exit,26880,119_1_0
28136,Boarding,25740,110_1_0
28136,Exit,26880,119_1_0
28135,Boarding,25740,110_1_0
28135,Exit,26880,119_1_0
34962,Boarding,25860,111_1_0
34962,Exit,26880,119_1_0
95506,Boarding,25380,206_2_0
95506,Transfer,25740,208_2_0
95506,Boarding,25770,208_3_0
95506,Transfer,26190,116_3_0
95506,Boarding,26460,116_1_0
95506,Exit,26880,119_1_0
95505,Boarding,25380,206_2_0
95505,Transfer,25740,208_2_0
95505,Boarding,25770,208_3_0
95505,Transfer,26190,116_3_0
95505,Boarding,26460,116_1_0
95505,Exit,26880,119_1_0
48493,Boarding,26460,116_1_0
48493,Exit,26880,119_1_0
48499,Boarding,26460,116_1_0
48499,Exit,26880,119_1_0
48497,Boarding,26460,116_1_0
48497,Exit,26880,119_1_0
48498,Boarding,26460,116_1_0
48498,Exit,26880,119_1_0
14437,Boarding,25800,105_1_0
14437,Exit,26880,113_1_0
21156,Boarding,26220,108_1_0
21156,Exit,26880,113_1_0
27774,Boarding,26520,110_1_0
27774,Exit,26880,113_1_0
27772,Boarding,26520,110_1_0
27772,Exit,26880,113_1_0
27773,Boarding,26520,110_1_0
27773,Exit,26880,113_1_0
34602,Boarding,26640,111_1_0
34602,Exit,26880,113_1_0
116707,Boarding,26340,213_2_0
116707,Exit,26880,204_2_0
116704,Boarding,26340,213_2_0
116704,Exit,26880,204_2_0
116703,Boarding,26340,213_2_0
116703,Exit,26880,204_2_0
14641,Boarding,25440,105_1_1
14641,Exit,26880,116_1_1
21325,Boarding,25740,108_1_1
21325,Exit,26880,116_1_1
27947,Boarding,25860,110_1_1
27947,Exit,26880,116_1_1
27948,Boarding,25860,110_1_1
27948,Exit,26880,116_1_1
34787,Boarding,26100,111_1_1
34787,Exit,26880,116_1_1
34789,Boarding,26100,111_1_1
34789,Exit,26880,116_1_1
110863,Boarding,26100,210_2_0
110863,Exit,26880,216_2_0
43807,Boarding,26400,113_2_0
43807,Exit,26880,216_2_0
43809,Boarding,26400,113_2_0
43809,Exit,26880,216_2_0
43812,Boarding,26400,113_2_0
43812,Exit,26880,216_2_0
43808,Boarding,26400,113_2_0
43808,Exit,26880,216_2_0
124319,Boarding,26580,214_2_0
124319,Exit,26880,216_2_0
124320,Boarding,26580,214_2_0
124320,Exit,26880,216_2_0
105096,Boarding,25710,208_3_1
105096,Exit,26910,316_3_1
105095,Boarding,25710,208_3_1
105095,Exit,26910,316_3_1
105099,Boarding,25710,208_3_1
105099,Exit,26910,316_3_1
105094,Boarding,25710,208_3_1
105094,Exit,26910,316_3_1
117825,Boarding,24090,213_2_0
117825,Exit,26910,219_2_0
90900,Boarding,24630,204_2_0
90900,Exit,26910,219_2_0
111043,Boarding,25650,210_2_0
111043,Exit,26910,219_2_0
124500,Boarding,26130,214_2_0
124500,Exit,26910,219_2_0
124497,Boarding,26130,214_2_0
124497,Exit,26910,219_2_0
131212,Boarding,26430,216_2_0
131212,Exit,26910,219_2_0
14065,Boarding,26190,105_1_0
14065,Exit,26910,110_1_0
20755,Boarding,26610,108_1_0
20755,Exit,26910,110_1_0
29118,Boarding,25350,110_1_0
29118,Transfer,25710,113_1_0
29118,Boarding,25710,113_2_1
29118,Exit,26910,204_2_1
109975,Boarding,26070,210_2_1
109975,Exit,26910,204_2_1
82942,Boarding,26610,202_2_1
82942,Exit,26910,204_2_1
82940,Boarding,26610,202_2_1
82940,Exit,26910,204_2_1
82939,Boarding,26610,202_2_1
82939,Exit,26910,204_2_1
82941,Boarding,26610,202_2_1
82941,Exit,26910,204_2_1
17611,Boarding,25710,105_3_0
17611,Exit,26910,310_3_0
145221,Boarding,26130,303_3_0
145221,Exit,26910,310_3_0
145223,Boarding,26130,303_3_0
145223,Exit,26910,310_3_0
43794,Boarding,23910,113_2_1
43794,Exit,26910,216_2_1
43802,Boarding,25950,113_2_1
43802,Exit,26910,216_2_1
43803,Boarding,25950,113_2_1
43803,Exit,26910,216_2_1
124321,Boarding,26430,214_2_1
124321,Exit,26910,216_2_1
124314,Boarding,26430,214_2_1
124314,Exit,26910,216_2_1
124313,Boarding,26430,214_2_1
124313,Exit,26910,216_2_1
124318,Boarding,26430,214_2_1
124318,Exit,26910,216_2_1
124315,Boarding,26430,214_2_1
124315,Exit,26910,216_2_1
124311,Boarding,26430,214_2_1
124311,Exit,26910,216_2_1
145622,Boarding,24330,303_3_0
145622,Exit,26910,321_3_0
152339,Boarding,25350,305_3_0
152339,Exit,26910,321_3_0
31428,Boarding,25350,110_1_0
31428,Transfer,26070,116_1_0
31428,Boarding,26190,116_3_0
31428,Exit,26910,321_3_0
31430,Boarding,25350,110_1_0
31430,Transfer,26070,116_1_0
31430,Boarding,26190,116_3_0
31430,Exit,26910,321_3_0
38215,Boarding,25470,111_1_0
38215,Transfer,26070,116_1_0
38215,Boarding,26190,116_3_0
38215,Exit,26910,321_3_0
216,Boarding,26160,101_1_1
216,Exit,26940,105_1_1
6820,Boarding,26520,103_1_1
6820,Exit,26940,105_1_1
12225,Boarding,25830,103_1_0
12225,Transfer,26610,108_1_0
12225,Boarding,26700,108_4_0
12225,Exit,26940,918_4_0
25589,Boarding,26700,108_4_0
25589,Exit,26940,918_4_0
25590,Boarding,26700,108_4_0
25590,Exit,26940,918_4_0
13867,Boarding,26520,105_1_0
13867,Exit,26940,108_1_0
13860,Boarding,26520,105_1_0
13860,Exit,26940,108_1_0
148270,Boarding,26610,305_3_1
148270,Exit,26970,105_3_1
148272,Boarding,26610,305_3_1
148272,Exit,26970,105_3_1
28326,Boarding,25350,110_1_0
28326,Exit,26970,122_1_0
35149,Boarding,25470,111_1_0
35149,Exit,26970,122_1_0
109222,Boarding,25200,210_2_0
109222,Transfer,25500,113_2_0
109222,Boarding,25710,113_1_0
109222,Exit,26970,122_1_0
48710,Boarding,26070,116_1_0
48710,Exit,26970,122_1_0
48713,Boarding,26070,116_1_0
48713,Exit,26970,122_1_0
48712,Boarding,26070,116_1_0
48712,Exit,26970,122_1_0
48706,Boarding,26070,116_1_0
48706,Exit,26970,122_1_0
55281,Boarding,26490,119_1_0
55281,Exit,26970,122_1_0
223,Boarding,26250,101_1_0
223,Exit,26970,105_1_0
215,Boarding,26250,101_1_0
215,Exit,26970,105_1_0
7919,Boarding,24630,103_1_1
7919,Exit,26970,119_1_1
28129,Boarding,25470,110_1_1
28129,Exit,26970,119_1_1
28133,Boarding,25470,110_1_1
28133,Exit,26970,119_1_1
28130,Boarding,25470,110_1_1
28130,Exit,26970,119_1_1
34963,Boarding,25710,111_1_1
34963,Exit,26970,119_1_1
22980,Boarding,25830,108_1_0
22980,Transfer,26490,113_1_0
22980,Boarding,26610,113_2_1
22980,Exit,26970,210_2_1
29695,Boarding,26130,110_1_0
29695,Transfer,26490,113_1_0
29695,Boarding,26610,113_2_1
29695,Exit,26970,210_2_1
29693,Boarding,26130,110_1_0
29693,Transfer,26490,113_1_0
29693,Boarding,26610,113_2_1
29693,Exit,26970,210_2_1
29694,Boarding,26130,110_1_0
29694,Transfer,26490,113_1_0
29694,Boarding,26610,113_2_1
29694,Exit,26970,210_2_1
29697,Boarding,26130,110_1_0
29697,Transfer,26490,113_1_0
29697,Boarding,26610,113_2_1
29697,Exit,26970,210_2_1
36485,Boarding,26250,111_1_0
36485,Transfer,26490,113_1_0
36485,Boarding,26610,113_2_1
36485,Exit,26970,210_2_1
193631,Boarding,26460,909_4_1
193631,Exit,27000,919_4_1
193633,Boarding,26460,909_4_1
193633,Exit,27000,919_4_1
206956,Boarding,26760,918_4_1
206956,Exit,27000,919_4_1
159489,Boarding,25290,310_3_1
159489,Transfer,25710,305_3_1
159489,Boarding,25800,305_4_1
159489,Exit,27000,909_4_1
159491,Boarding,25290,310_3_1
159491,Transfer,25710,305_3_1
159491,Boarding,25800,305_4_1
159491,Exit,27000,909_4_1
199957,Boarding,26280,913_4_1
199957,Exit,27000,909_4_1
194364,Boarding,25380,909_4_1
194364,Exit,27000,926_4_1
194366,Boarding,25380,909_4_1
194366,Exit,27000,926_4_1
194369,Boarding,25380,909_4_1
194369,Exit,27000,926_4_1
207677,Boarding,25680,918_4_1
207677,Exit,27000,926_4_1
214394,Boarding,25920,919_4_1
214394,Exit,27000,926_4_1
214401,Boarding,25920,919_4_1
214401,Exit,27000,926_4_1
214393,Boarding,25920,919_4_1
214393,Exit,27000,926_4_1
221176,Boarding,26040,921_4_1
221176,Exit,27000,926_4_1
221179,Boarding,26040,921_4_1
221179,Exit,27000,926_4_1
227813,Boarding,26520,922_4_1
227813,Exit,27000,926_4_1
227810,Boarding,26520,922_4_1
227810,Exit,27000,926_4_1
234453,Boarding,26700,925_4_1
234453,Exit,27000,926_4_1
234454,Boarding,26700,925_4_1
234454,Exit,27000,926_4_1
234457,Boarding,26700,925_4_1
234457,Exit,27000,926_4_1
207145,Boarding,25320,918_4_0
207145,Exit,27000,921_4_0
25942,Boarding,25440,108_4_0
25942,Exit,27000,921_4_0
200518,Boarding,26160,913_4_0
200518,Exit,27000,921_4_0
200516,Boarding,26160,913_4_0
200516,Exit,27000,921_4_0
200515,Boarding,26160,913_4_0
200515,Exit,27000,921_4_0
160253,Boarding,26190,310_3_1
160253,Transfer,26610,305_3_1
160253,Boarding,26640,305_4_0
160253,Exit,27000,921_4_0
146953,Boarding,25680,303_3_0
146953,Transfer,26700,305_3_0
146953,Boarding,26640,305_4_0
146953,Exit,27000,921_4_0
146944,Boarding,25680,303_3_0
146944,Transfer,26700,305_3_0
146944,Boarding,26640,305_4_0
146944,Exit,27000,921_4_0
146948,Boarding,25680,303_3_0
146948,Transfer,26700,305_3_0
146948,Boarding,26640,305_4_0
146948,Exit,27000,921_4_0
153599,Boarding,26640,305_4_0
153599,Exit,27000,921_4_0
213842,Boarding,26760,919_4_0
213842,Exit,27000,921_4_0
213845,Boarding,26760,919_4_0
213845,Exit,27000,921_4_0
201262,Boarding,25080,913_4_0
201262,Exit,27000,928_4_0
201261,Boarding,25080,913_4_0
201261,Exit,27000,928_4_0
160992,Boarding,24840,310_3_1
160992,Transfer,25260,305_3_1
160992,Boarding,25560,305_4_0
160992,Exit,27000,928_4_0
154320,Boarding,25560,305_4_0
154320,Exit,27000,928_4_0
154317,Boarding,25560,305_4_0
154317,Exit,27000,928_4_0
214570,Boarding,25680,919_4_0
214570,Exit,27000,928_4_0
214571,Boarding,25680,919_4_0
214571,Exit,27000,928_4_0
214572,Boarding,25680,919_4_0
214572,Exit,27000,928_4_0
221340,Boarding,25920,921_4_0
221340,Exit,27000,928_4_0
221343,Boarding,25920,921_4_0
221343,Exit,27000,928_4_0
221342,Boarding,25920,921_4_0
221342,Exit,27000,928_4_0
228006,Boarding,26040,922_4_0
228006,Exit,27000,928_4_0
234640,Boarding,26520,925_4_0
234640,Exit,27000,928_4_0
234636,Boarding,26520,925_4_0
234636,Exit,27000,928_4_0
234633,Boarding,26520,925_4_0
234633,Exit,27000,928_4_0
234637,Boarding,26520,925_4_0
234637,Exit,27000,928_4_0
241486,Boarding,26700,926_4_0
241486,Exit,27000,928_4_0
117257,Boarding,25440,213_2_0
117257,Exit,27000,210_2_0
117260,Boarding,25440,213_2_0
117260,Exit,27000,210_2_0
90169,Boarding,25980,204_2_0
90169,Exit,27000,210_2_0
96764,Boarding,26280,206_2_0
96764,Exit,27000,210_2_0
96767,Boarding,26280,206_2_0
96767,Exit,27000,210_2_0
157412,Boarding,25290,310_3_1
157412,Transfer,26610,208_3_1
157412,Boarding,26640,208_2_0
157412,Exit,27000,210_2_0
157410,Boarding,25290,310_3_1
157410,Transfer,26610,208_3_1
157410,Boarding,26640,208_2_0
157410,Exit,27000,210_2_0
144113,Boarding,25230,303_3_0
144113,Transfer,26670,208_3_0
144113,Boarding,26640,208_2_0
144113,Exit,27000,210_2_0
197699,Boarding,25620,913_4_0
197699,Transfer,26100,305_4_0
197699,Boarding,26250,305_3_0
197699,Transfer,26670,208_3_0
197699,Boarding,26640,208_2_0
197699,Exit,27000,210_2_0
197698,Boarding,25620,913_4_0
197698,Transfer,26100,305_4_0
197698,Boarding,26250,305_3_0
197698,Transfer,26670,208_3_0
197698,Boarding,26640,208_2_0
197698,Exit,27000,210_2_0
150879,Boarding,26250,305_3_0
150879,Transfer,26670,208_3_0
150879,Boarding,26640,208_2_0
150879,Exit,27000,210_2_0
103634,Boarding,26640,208_2_0
103634,Exit,27000,210_2_0
83722,Boarding,25710,202_2_1
83722,Exit,27030,213_2_1
83719,Boarding,25710,202_2_1
83719,Exit,27030,213_2_1
83718,Boarding,25710,202_2_1
83718,Exit,27030,213_2_1
83720,Boarding,25710,202_2_1
83720,Exit,27030,213_2_1
83723,Boarding,25710,202_2_1
83723,Exit,27030,213_2_1
10436,Boarding,26160,103_1_0
10436,Transfer,26520,105_1_0
10436,Boarding,26610,105_3_0
10436,Exit,27030,303_3_0
10432,Boarding,26160,103_1_0
10432,Transfer,26520,105_1_0
10432,Boarding,26610,105_3_0
10432,Exit,27030,303_3_0
7181,Boarding,26190,103_1_1
7181,Exit,27030,110_1_1
20753,Boarding,26910,108_1_1
20753,Exit,27030,110_1_1
117454,Boarding,24990,213_2_0
117454,Exit,27030,214_2_0
90537,Boarding,25530,204_2_0
90537,Exit,27030,214_2_0
90541,Boarding,25530,204_2_0
90541,Exit,27030,214_2_0
97141,Boarding,25830,206_2_0
97141,Exit,27030,214_2_0
97139,Boarding,25830,206_2_0
97139,Exit,27030,214_2_0
97143,Boarding,25830,206_2_0
97143,Exit,27030,214_2_0
97137,Boarding,25830,206_2_0
97137,Exit,27030,214_2_0
30039,Boarding,26520,110_1_0
30039,Transfer,26880,113_1_0
30039,Boarding,26850,113_2_0
30039,Exit,27030,214_2_0
30041,Boarding,26520,110_1_0
30041,Transfer,26880,113_1_0
30041,Boarding,26850,113_2_0
30041,Exit,27030,214_2_0
30038,Boarding,26520,110_1_0
30038,Transfer,26880,113_1_0
30038,Boarding,26850,113_2_0
30038,Exit,27030,214_2_0
30043,Boarding,26520,110_1_0
30043,Transfer,26880,113_1_0
30043,Boarding,26850,113_2_0
30043,Exit,27030,214_2_0
36879,Boarding,26640,111_1_0
36879,Transfer,26880,113_1_0
36879,Boarding,26850,113_2_0
36879,Exit,27030,214_2_0
36881,Boarding,26640,111_1_0
36881,Transfer,26880,113_1_0
36881,Boarding,26850,113_2_0
36881,Exit,27030,214_2_0
51666,Boarding,25740,116_3_1
51666,Exit,27060,321_3_1
165765,Boarding,26460,316_3_1
165765,Exit,27060,321_3_1
165763,Boarding,26460,316_3_1
165763,Exit,27060,321_3_1
150693,Boarding,26160,305_3_1
150693,Exit,27060,208_3_1
19646,Boarding,24240,105_1_0
19646,Transfer,24660,108_1_0
19646,Boarding,24900,108_4_0
19646,Exit,27060,925_4_0
200877,Boarding,25620,913_4_0
200877,Exit,27060,925_4_0
200881,Boarding,25620,913_4_0
200881,Exit,27060,925_4_0
200878,Boarding,25620,913_4_0
200878,Exit,27060,925_4_0
200880,Boarding,25620,913_4_0
200880,Exit,27060,925_4_0
160643,Boarding,25290,310_3_1
160643,Transfer,25710,305_3_1
160643,Boarding,26100,305_4_0
160643,Exit,27060,925_4_0
147311,Boarding,24780,303_3_0
147311,Transfer,25800,305_3_0
147311,Boarding,26100,305_4_0
147311,Exit,27060,925_4_0
153966,Boarding,26100,305_4_0
153966,Exit,27060,925_4_0
153969,Boarding,26100,305_4_0
153969,Exit,27060,925_4_0
153968,Boarding,26100,305_4_0
153968,Exit,27060,925_4_0
214230,Boarding,26220,919_4_0
214230,Exit,27060,925_4_0
220972,Boarding,26460,921_4_0
220972,Exit,27060,925_4_0
1482,Boarding,23880,101_1_1
1482,Exit,27060,122_1_1
35148,Boarding,25320,111_1_1
35148,Exit,27060,122_1_1
41938,Boarding,25680,113_1_1
41938,Exit,27060,122_1_1
55284,Boarding,26580,119_1_1
55284,Exit,27060,122_1_1
55285,Boarding,26580,119_1_1
55285,Exit,27060,122_1_1
158620,Boarding,26640,310_3_1
158620,Exit,27060,305_3_1
145438,Boarding,26580,303_3_0
145438,Exit,27060,316_3_0
15175,Boarding,24240,105_1_0
15175,Exit,27060,125_1_0
15176,Boarding,24240,105_1_0
15176,Exit,27060,125_1_0
28540,Boarding,24960,110_1_0
28540,Exit,27060,125_1_0
35321,Boarding,25080,111_1_0
35321,Exit,27060,125_1_0
95869,Boarding,24930,206_2_0
95869,Transfer,25290,208_2_0
95869,Boarding,25320,208_3_0
95869,Transfer,25740,116_3_0
95869,Boarding,25680,116_1_0
95869,Exit,27060,125_1_0
48913,Boarding,25680,116_1_0
48913,Exit,27060,125_1_0
55452,Boarding,26100,119_1_0
55452,Exit,27060,125_1_0
55454,Boarding,26100,119_1_0
55454,Exit,27060,125_1_0
62277,Boarding,26580,122_1_0
62277,Exit,27060,125_1_0
28936,Boarding,25740,110_1_0
28936,Transfer,26100,113_1_0
28936,Boarding,26160,113_2_1
28936,Exit,27060,202_2_1
35725,Boarding,25860,111_1_0
35725,Transfer,26100,113_1_0
35725,Boarding,26160,113_2_1
35725,Exit,27060,202_2_1
153760,Boarding,24720,305_4_1
153760,Exit,27060,922_4_1
200691,Boarding,25200,913_4_1
200691,Exit,27060,922_4_1
194020,Boarding,25920,909_4_1
194020,Exit,27060,922_4_1
194019,Boarding,25920,909_4_1
194019,Exit,27060,922_4_1
214019,Boarding,26460,919_4_1
214019,Exit,27060,922_4_1
214021,Boarding,26460,919_4_1
214021,Exit,27060,922_4_1
220784,Boarding,26580,921_4_1
220784,Exit,27060,922_4_1
220786,Boarding,26580,921_4_1
220786,Exit,27060,922_4_1
220790,Boarding,26580,921_4_1
220790,Exit,27060,922_4_1
220789,Boarding,26580,921_4_1
220789,Exit,27060,922_4_1
165942,Boarding,24360,316_3_0
165942,Exit,27060,325_3_0
152525,Boarding,24900,305_3_0
152525,Exit,27060,325_3_0
18179,Boarding,24240,105_1_0
18179,Transfer,25680,116_1_0
18179,Boarding,25740,116_3_0
18179,Exit,27060,325_3_0
18178,Boarding,24240,105_1_0
18178,Transfer,25680,116_1_0
18178,Boarding,25740,116_3_0
18178,Exit,27060,325_3_0
24836,Boarding,24660,108_1_0
24836,Transfer,25680,116_1_0
24836,Boarding,25740,116_3_0
24836,Exit,27060,325_3_0
172546,Boarding,26460,321_3_0
172546,Exit,27060,325_3_0
89983,Boarding,26430,204_2_0
89983,Exit,27090,208_2_0
89987,Boarding,26430,204_2_0
89987,Exit,27090,208_2_0
89988,Boarding,26430,204_2_0
89988,Exit,27090,208_2_0
89985,Boarding,26430,204_2_0
89985,Exit,27090,208_2_0
96602,Boarding,26730,206_2_0
96602,Exit,27090,208_2_0
6819,Boarding,26670,103_1_1
6819,Exit,27090,105_1_1
8348,Boarding,23850,103_1_1
8348,Exit,27090,125_1_1
28538,Boarding,24690,110_1_1
28538,Exit,27090,125_1_1
42136,Boarding,25290,113_1_1
42136,Exit,27090,125_1_1
48918,Boarding,25710,116_1_1
48918,Exit,27090,125_1_1
62279,Boarding,26670,122_1_1
62279,Exit,27090,125_1_1
89426,Boarding,24180,204_2_0
89426,Transfer,24840,208_2_0
89426,Boarding,24870,208_3_0
89426,Transfer,25290,116_3_0
89426,Boarding,25290,116_1_0
89426,Exit,27090,128_1_0
96061,Boarding,24480,206_2_0
96061,Transfer,24840,208_2_0
96061,Boarding,24870,208_3_0
96061,Transfer,25290,116_3_0
96061,Boarding,25290,116_1_0
96061,Exit,27090,128_1_0
55629,Boarding,25710,119_1_0
55629,Exit,27090,128_1_0
55627,Boarding,25710,119_1_0
55627,Exit,27090,128_1_0
55628,Boarding,25710,119_1_0
55628,Exit,27090,128_1_0
62465,Boarding,26190,122_1_0
62465,Exit,27090,128_1_0
69230,Boarding,26670,125_1_0
69230,Exit,27090,128_1_0
149185,Boarding,25710,305_3_1
149185,Exit,27090,116_3_1
142474,Boarding,26310,303_3_1
142474,Exit,27090,116_3_1
142467,Boarding,26310,303_3_1
142467,Exit,27090,116_3_1
142469,Boarding,26310,303_3_1
142469,Exit,27090,116_3_1
102079,Boarding,26610,208_3_1
102079,Exit,27090,116_3_1
102082,Boarding,26610,208_3_1
102082,Exit,27090,116_3_1
102078,Boarding,26610,208_3_1
102078,Exit,27090,116_3_1
102081,Boarding,26610,208_3_1
102081,Exit,27090,116_3_1
102080,Boarding,26610,208_3_1
102080,Exit,27090,116_3_1
142460,Boarding,25230,303_3_0
142460,Exit,27090,116_3_0
162485,Boarding,25710,316_3_0
162485,Exit,27090,116_3_0
155785,Boarding,26010,310_3_0
155785,Exit,27090,116_3_0
196054,Boarding,25620,913_4_0
196054,Transfer,26100,305_4_0
196054,Boarding,26250,305_3_0
196054,Exit,27090,116_3_0
196056,Boarding,25620,913_4_0
196056,Transfer,26100,305_4_0
196056,Boarding,26250,305_3_0
196056,Exit,27090,116_3_0
149190,Boarding,26250,305_3_0
149190,Exit,27090,116_3_0
149194,Boarding,26250,305_3_0
149194,Exit,27090,116_3_0
88725,Boarding,25980,204_2_0
88725,Transfer,26640,208_2_0
88725,Boarding,26670,208_3_0
88725,Exit,27090,116_3_0
88724,Boarding,25980,204_2_0
88724,Transfer,26640,208_2_0
88724,Boarding,26670,208_3_0
88724,Exit,27090,116_3_0
88726,Boarding,25980,204_2_0
88726,Transfer,26640,208_2_0
88726,Boarding,26670,208_3_0
88726,Exit,27090,116_3_0
95318,Boarding,26280,206_2_0
95318,Transfer,26640,208_2_0
95318,Boarding,26670,208_3_0
95318,Exit,27090,116_3_0
95320,Boarding,26280,206_2_0
95320,Transfer,26640,208_2_0
95320,Boarding,26670,208_3_0
95320,Exit,27090,116_3_0
95319,Boarding,26280,206_2_0
95319,Transfer,26640,208_2_0
95319,Boarding,26670,208_3_0
95319,Exit,27090,116_3_0
13863,Boarding,26670,105_1_0
13863,Exit,27090,108_1_0
153595,Boarding,25260,305_4_1
153595,Exit,27120,921_4_1
153593,Boarding,25260,305_4_1
153593,Exit,27120,921_4_1
200517,Boarding,25740,913_4_1
200517,Exit,27120,921_4_1
193833,Boarding,26460,909_4_1
193833,Exit,27120,921_4_1
193834,Boarding,26460,909_4_1
193834,Exit,27120,921_4_1
193838,Boarding,26460,909_4_1
193838,Exit,27120,921_4_1
193837,Boarding,26460,909_4_1
193837,Exit,27120,921_4_1
207148,Boarding,26760,918_4_1
207148,Exit,27120,921_4_1
207154,Boarding,26760,918_4_1
207154,Exit,27120,921_4_1
207153,Boarding,26760,918_4_1
207153,Exit,27120,921_4_1
213843,Boarding,27000,919_4_1
213843,Exit,27120,921_4_1
31,Boarding,26400,101_1_1
31,Exit,27120,103_1_1
30,Boarding,26400,101_1_1
30,Exit,27120,103_1_1
32,Boarding,26760,101_1_1
32,Exit,27120,103_1_1
164125,Boarding,26160,316_3_0
164125,Exit,27120,208_3_0
164120,Boarding,26160,316_3_0
164120,Exit,27120,208_3_0
157267,Boarding,26460,310_3_0
157267,Exit,27120,208_3_0
22788,Boarding,26160,108_4_1
22788,Transfer,26340,305_4_1
22788,Boarding,26700,305_3_0
22788,Exit,27120,208_3_0
197522,Boarding,26160,913_4_0
197522,Transfer,26640,305_4_0
197522,Boarding,26700,305_3_0
197522,Exit,27120,208_3_0
197524,Boarding,26160,913_4_0
197524,Transfer,26640,305_4_0
197524,Boarding,26700,305_3_0
197524,Exit,27120,208_3_0
197523,Boarding,26160,913_4_0
197523,Transfer,26640,305_4_0
197523,Boarding,26700,305_3_0
197523,Exit,27120,208_3_0
197525,Boarding,26160,913_4_0
197525,Transfer,26640,305_4_0
197525,Boarding,26700,305_3_0
197525,Exit,27120,208_3_0
197527,Boarding,26160,913_4_0
197527,Transfer,26640,305_4_0
197527,Boarding,26700,305_3_0
197527,Exit,27120,208_3_0
150695,Boarding,26700,305_3_0
150695,Exit,27120,208_3_0
150697,Boarding,26700,305_3_0
150697,Exit,27120,208_3_0
150698,Boarding,26700,305_3_0
150698,Exit,27120,208_3_0
19469,Boarding,24630,105_1_0
19469,Transfer,25050,108_1_0
19469,Boarding,25080,108_4_0
19469,Exit,27120,922_4_0
200694,Boarding,26160,913_4_0
200694,Exit,27120,922_4_0
200693,Boarding,26160,913_4_0
200693,Exit,27120,922_4_0
200696,Boarding,26160,913_4_0
200696,Exit,27120,922_4_0
200695,Boarding,26160,913_4_0
200695,Exit,27120,922_4_0
147147,Boarding,25230,303_3_0
147147,Transfer,26250,305_3_0
147147,Boarding,26640,305_4_0
147147,Exit,27120,922_4_0
160459,Boarding,26190,310_3_1
160459,Transfer,26610,305_3_1
160459,Boarding,26640,305_4_0
160459,Exit,27120,922_4_0
160462,Boarding,26190,310_3_1
160462,Transfer,26610,305_3_1
160462,Boarding,26640,305_4_0
160462,Exit,27120,922_4_0
147154,Boarding,25680,303_3_0
147154,Transfer,26700,305_3_0
147154,Boarding,26640,305_4_0
147154,Exit,27120,922_4_0
147151,Boarding,25680,303_3_0
147151,Transfer,26700,305_3_0
147151,Boarding,26640,305_4_0
147151,Exit,27120,922_4_0
220785,Boarding,27000,921_4_0
220785,Exit,27120,922_4_0
220791,Boarding,27000,921_4_0
220791,Exit,27120,922_4_0
220788,Boarding,27000,921_4_0
220788,Exit,27120,922_4_0
6822,Boarding,26760,103_1_0
6822,Exit,27120,105_1_0
145055,Boarding,26130,303_3_0
145055,Exit,27150,305_3_0
165413,Boarding,26610,316_3_0
165413,Exit,27150,305_3_0
158617,Boarding,26910,310_3_0
158617,Exit,27150,305_3_0
188620,Boarding,27000,909_4_1
188620,Exit,27180,108_4_1
116896,Boarding,26340,213_2_0
116896,Exit,27180,206_2_0
116892,Boarding,26340,213_2_0
116892,Exit,27180,206_2_0
116894,Boarding,26340,213_2_0
116894,Exit,27180,206_2_0
89811,Boarding,26880,204_2_0
89811,Exit,27180,206_2_0
110351,Boarding,25620,210_2_1
110351,Exit,27180,208_2_1
110350,Boarding,25620,210_2_1
110350,Exit,27180,208_2_1
110355,Boarding,25620,210_2_1
110355,Exit,27180,208_2_1
110354,Boarding,25620,210_2_1
110354,Exit,27180,208_2_1
83315,Boarding,26160,202_2_1
83315,Exit,27180,208_2_1
83317,Boarding,26160,202_2_1
83317,Exit,27180,208_2_1
83314,Boarding,26160,202_2_1
83314,Exit,27180,208_2_1
83313,Boarding,26160,202_2_1
83313,Exit,27180,208_2_1
83319,Boarding,26160,202_2_1
83319,Exit,27180,208_2_1
83324,Boarding,26160,202_2_1
83324,Exit,27180,208_2_1
205436,Boarding,25860,918_4_0
205436,Exit,27180,305_4_0
24122,Boarding,25980,108_4_0
24122,Exit,27180,305_4_0
158424,Boarding,26190,310_3_1
158424,Exit,27210,303_3_1
158432,Boarding,26190,310_3_1
158432,Exit,27210,303_3_1
23961,Boarding,26160,108_4_1
23961,Transfer,26340,305_4_1
23961,Boarding,26610,305_3_1
23961,Exit,27210,303_3_1
23964,Boarding,26160,108_4_1
23964,Transfer,26340,305_4_1
23964,Boarding,26610,305_3_1
23964,Exit,27210,303_3_1
198644,Boarding,26160,913_4_0
198644,Transfer,26640,305_4_0
198644,Boarding,26610,305_3_1
198644,Exit,27210,303_3_1
198643,Boarding,26160,913_4_0
198643,Transfer,26640,305_4_0
198643,Boarding,26610,305_3_1
198643,Exit,27210,303_3_1
151794,Boarding,26610,305_3_1
151794,Exit,27210,303_3_1
13862,Boarding,26820,105_1_0
13862,Exit,27240,108_1_0
911,Boarding,25440,101_1_1
911,Exit,27240,113_1_1
912,Boarding,25440,101_1_1
912,Exit,27240,113_1_1
910,Boarding,25440,101_1_1
910,Exit,27240,113_1_1
915,Boarding,25440,101_1_1
915,Exit,27240,113_1_1
916,Boarding,25440,101_1_1
916,Exit,27240,113_1_1
7543,Boarding,25800,103_1_1
7543,Exit,27240,113_1_1
34601,Boarding,26880,111_1_1
34601,Exit,27240,113_1_1
34606,Boarding,26880,111_1_1
34606,Exit,27240,113_1_1
34605,Boarding,26880,111_1_1
34605,Exit,27240,113_1_1
206748,Boarding,26400,918_4_0
206748,Exit,27240,913_4_0
7732,Boarding,25440,103_1_0
7732,Exit,27240,116_1_0
27955,Boarding,26520,110_1_0
27955,Exit,27240,116_1_0
27956,Boarding,26520,110_1_0
27956,Exit,27240,116_1_0
27954,Boarding,26520,110_1_0
27954,Exit,27240,116_1_0
19843,Boarding,24240,105_1_0
19843,Transfer,24660,108_1_0
19843,Boarding,24900,108_4_0
19843,Exit,27240,926_4_0
26512,Boarding,24900,108_4_0
26512,Exit,27240,926_4_0
201067,Boarding,25620,913_4_0
201067,Exit,27240,926_4_0
201059,Boarding,25620,913_4_0
201059,Exit,27240,926_4_0
201071,Boarding,25620,913_4_0
201071,Exit,27240,926_4_0
201068,Boarding,25620,913_4_0
201068,Exit,27240,926_4_0
201070,Boarding,25620,913_4_0
201070,Exit,27240,926_4_0
160824,Boarding,25740,310_3_1
160824,Transfer,26160,305_3_1
160824,Boarding,26100,305_4_0
160824,Exit,27240,926_4_0
154154,Boarding,26100,305_4_0
154154,Exit,27240,926_4_0
154153,Boarding,26100,305_4_0
154153,Exit,27240,926_4_0
214400,Boarding,26220,919_4_0
214400,Exit,27240,926_4_0
214396,Boarding,26220,919_4_0
214396,Exit,27240,926_4_0
221182,Boarding,26460,921_4_0
221182,Exit,27240,926_4_0
221184,Boarding,26460,921_4_0
221184,Exit,27240,926_4_0
221183,Boarding,26460,921_4_0
221183,Exit,27240,926_4_0
227808,Boarding,26580,922_4_0
227808,Exit,27240,926_4_0
234452,Boarding,27060,925_4_0
234452,Exit,27240,926_4_0
234451,Boarding,27060,925_4_0
234451,Exit,27240,926_4_0
234456,Boarding,27060,925_4_0
234456,Exit,27240,926_4_0
214,Boarding,26100,101_1_1
214,Exit,27240,105_1_1
222,Boarding,26460,101_1_1
222,Exit,27240,105_1_1
7177,Boarding,26160,103_1_0
7177,Exit,27240,110_1_0
14061,Boarding,26520,105_1_0
14061,Exit,27240,110_1_0
14062,Boarding,26520,105_1_0
14062,Exit,27240,110_1_0
14064,Boarding,26520,105_1_0
14064,Exit,27240,110_1_0
194181,Boarding,25920,909_4_1
194181,Exit,27240,925_4_1
194182,Boarding,25920,909_4_1
194182,Exit,27240,925_4_1
26315,Boarding,26100,108_4_1
26315,Exit,27240,925_4_1
207479,Boarding,26220,918_4_1
207479,Exit,27240,925_4_1
207480,Boarding,26220,918_4_1
207480,Exit,27240,925_4_1
214232,Boarding,26460,919_4_1
214232,Exit,27240,925_4_1
220971,Boarding,26580,921_4_1
220971,Exit,27240,925_4_1
227618,Boarding,27060,922_4_1
227618,Exit,27240,925_4_1
227617,Boarding,27060,922_4_1
227617,Exit,27240,925_4_1
400,Boarding,25800,101_1_1
400,Exit,27240,108_1_1
402,Boarding,25800,101_1_1
402,Exit,27240,108_1_1
7004,Boarding,26520,103_1_1
7004,Exit,27240,108_1_1
13864,Boarding,26940,105_1_1
13864,Exit,27240,108_1_1
199760,Boarding,24000,913_4_0
199760,Transfer,24480,305_4_0
199760,Boarding,24450,305_3_0
199760,Exit,27270,329_3_0
92165,Boarding,24180,204_2_0
92165,Transfer,24840,208_2_0
92165,Boarding,24870,208_3_0
92165,Exit,27270,329_3_0
98864,Boarding,24480,206_2_0
98864,Transfer,24840,208_2_0
98864,Boarding,24870,208_3_0
98864,Exit,27270,329_3_0
179574,Boarding,26610,325_3_0
179574,Exit,27270,329_3_0
179575,Boarding,26610,325_3_0
179575,Exit,27270,329_3_0
179572,Boarding,26610,325_3_0
179572,Exit,27270,329_3_0
14842,Boarding,25410,105_1_0
14842,Exit,27270,119_1_0
28134,Boarding,26130,110_1_0
28134,Exit,27270,119_1_0
28131,Boarding,26130,110_1_0
28131,Exit,27270,119_1_0
34964,Boarding,26250,111_1_0
34964,Exit,27270,119_1_0
34967,Boarding,26250,111_1_0
34967,Exit,27270,119_1_0
155981,Boarding,25560,310_3_0
155981,Transfer,26640,116_3_0
155981,Boarding,26850,116_1_0
155981,Exit,27270,119_1_0
155978,Boarding,25560,310_3_0
155978,Transfer,26640,116_3_0
155978,Boarding,26850,116_1_0
155978,Exit,27270,119_1_0
155972,Boarding,25560,310_3_0
155972,Transfer,26640,116_3_0
155972,Boarding,26850,116_1_0
155972,Exit,27270,119_1_0
155980,Boarding,25560,310_3_0
155980,Transfer,26640,116_3_0
155980,Boarding,26850,116_1_0
155980,Exit,27270,119_1_0
88916,Boarding,25530,204_2_0
88916,Transfer,26190,208_2_0
88916,Boarding,26220,208_3_0
88916,Transfer,26640,116_3_0
88916,Boarding,26850,116_1_0
88916,Exit,27270,119_1_0
88913,Boarding,25530,204_2_0
88913,Transfer,26190,208_2_0
88913,Boarding,26220,208_3_0
88913,Transfer,26640,116_3_0
88913,Boarding,26850,116_1_0
88913,Exit,27270,119_1_0
95507,Boarding,25830,206_2_0
95507,Transfer,26190,208_2_0
95507,Boarding,26220,208_3_0
95507,Transfer,26640,116_3_0
95507,Boarding,26850,116_1_0
95507,Exit,27270,119_1_0
95503,Boarding,25830,206_2_0
95503,Transfer,26190,208_2_0
95503,Boarding,26220,208_3_0
95503,Transfer,26640,116_3_0
95503,Boarding,26850,116_1_0
95503,Exit,27270,119_1_0
48495,Boarding,26850,116_1_0
48495,Exit,27270,119_1_0
744,Boarding,25830,101_1_1
744,Exit,27270,111_1_1
20959,Boarding,26910,108_1_1
20959,Exit,27270,111_1_1
51832,Boarding,25290,116_3_1
51832,Exit,27270,325_3_1
51827,Boarding,25290,116_3_1
51827,Exit,27270,325_3_1
51830,Boarding,25290,116_3_1
51830,Exit,27270,325_3_1
165947,Boarding,26010,316_3_1
165947,Exit,27270,325_3_1
165945,Boarding,26010,316_3_1
165945,Exit,27270,325_3_1
165943,Boarding,26010,316_3_1
165943,Exit,27270,325_3_1
110153,Boarding,26070,210_2_1
110153,Exit,27270,206_2_1
110156,Boarding,26070,210_2_1
110156,Exit,27270,206_2_1
1093,Boarding,25050,101_1_1
1093,Exit,27270,116_1_1
7729,Boarding,25410,103_1_1
7729,Exit,27270,116_1_1
7737,Boarding,25410,103_1_1
7737,Exit,27270,116_1_1
206952,Boarding,25860,918_4_0
206952,Exit,27300,919_4_0
206953,Boarding,25860,918_4_0
206953,Exit,27300,919_4_0
25766,Boarding,25980,108_4_0
25766,Exit,27300,919_4_0
25767,Boarding,25980,108_4_0
25767,Exit,27300,919_4_0
160055,Boarding,26640,310_3_1
160055,Transfer,27060,305_3_1
160055,Boarding,27180,305_4_0
160055,Exit,27300,919_4_0
146767,Boarding,26130,303_3_0
146767,Transfer,27150,305_3_0
146767,Boarding,27180,305_4_0
146767,Exit,27300,919_4_0
146771,Boarding,26130,303_3_0
146771,Transfer,27150,305_3_0
146771,Boarding,27180,305_4_0
146771,Exit,27300,919_4_0
146770,Boarding,26130,303_3_0
146770,Transfer,27150,305_3_0
146770,Boarding,27180,305_4_0
146770,Exit,27300,919_4_0
146768,Boarding,26130,303_3_0
146768,Transfer,27150,305_3_0
146768,Boarding,27180,305_4_0
146768,Exit,27300,919_4_0
115440,Boarding,25440,213_2_0
115440,Exit,27300,113_2_0
88545,Boarding,25980,204_2_0
88545,Exit,27300,113_2_0
88549,Boarding,25980,204_2_0
88549,Exit,27300,113_2_0
88551,Boarding,25980,204_2_0
88551,Exit,27300,113_2_0
88548,Boarding,25980,204_2_0
88548,Exit,27300,113_2_0
88547,Boarding,25980,204_2_0
88547,Exit,27300,113_2_0
95127,Boarding,26280,206_2_0
95127,Exit,27300,113_2_0
95134,Boarding,26280,206_2_0
95134,Exit,27300,113_2_0
95129,Boarding,26280,206_2_0
95129,Exit,27300,113_2_0
193450,Boarding,27000,909_4_1
193450,Exit,27300,918_4_1
193449,Boarding,27000,909_4_1
193449,Exit,27300,918_4_1
193454,Boarding,27000,909_4_1
193454,Exit,27300,918_4_1
193453,Boarding,27000,909_4_1
193453,Exit,27300,918_4_1
193451,Boarding,27000,909_4_1
193451,Exit,27300,918_4_1
108702,Boarding,25620,210_2_1
108702,Exit,27300,113_2_1
108701,Boarding,25620,210_2_1
108701,Exit,27300,113_2_1
108700,Boarding,25620,210_2_1
108700,Exit,27300,113_2_1
81897,Boarding,26160,202_2_1
81897,Exit,27300,113_2_1
81898,Boarding,26160,202_2_1
81898,Exit,27300,113_2_1
81891,Boarding,26160,202_2_1
81891,Exit,27300,113_2_1
81902,Boarding,26160,202_2_1
81902,Exit,27300,113_2_1
95136,Boarding,26820,206_2_1
95136,Exit,27300,113_2_1
101910,Boarding,27180,208_2_1
101910,Exit,27300,113_2_1
83904,Boarding,25710,202_2_1
83904,Exit,27330,214_2_1
90539,Boarding,26010,204_2_1
90539,Exit,27330,214_2_1
43650,Boarding,26850,113_2_1
43650,Exit,27330,214_2_1
43649,Boarding,26850,113_2_1
43649,Exit,27330,214_2_1
117463,Boarding,27030,213_2_1
117463,Exit,27330,214_2_1
117461,Boarding,27030,213_2_1
117461,Exit,27330,214_2_1
116705,Boarding,26790,213_2_0
116705,Exit,27330,204_2_0
90712,Boarding,25530,204_2_0
90712,Exit,27330,216_2_0
90714,Boarding,25530,204_2_0
90714,Exit,27330,216_2_0
97357,Boarding,25830,206_2_0
97357,Exit,27330,216_2_0
97361,Boarding,25830,206_2_0
97361,Exit,27330,216_2_0
97359,Boarding,25830,206_2_0
97359,Exit,27330,216_2_0
23567,Boarding,26220,108_1_0
23567,Transfer,26880,113_1_0
23567,Boarding,26850,113_2_0
23567,Exit,27330,216_2_0
30249,Boarding,26520,110_1_0
30249,Transfer,26880,113_1_0
30249,Boarding,26850,113_2_0
30249,Exit,27330,216_2_0
37069,Boarding,26640,111_1_0
37069,Transfer,26880,113_1_0
37069,Boarding,26850,113_2_0
37069,Exit,27330,216_2_0
29,Boarding,27000,101_1_0
29,Exit,27360,103_1_0
28331,Boarding,25740,110_1_0
28331,Exit,27360,122_1_0
28334,Boarding,25740,110_1_0
28334,Exit,27360,122_1_0
109226,Boarding,25650,210_2_0
109226,Transfer,25950,113_2_0
109226,Boarding,26100,113_1_0
109226,Exit,27360,122_1_0
149580,Boarding,25350,305_3_0
149580,Transfer,26190,116_3_0
149580,Boarding,26460,116_1_0
149580,Exit,27360,122_1_0
89087,Boarding,25080,204_2_0
89087,Transfer,25740,208_2_0
89087,Boarding,25770,208_3_0
89087,Transfer,26190,116_3_0
89087,Boarding,26460,116_1_0
89087,Exit,27360,122_1_0
48715,Boarding,26460,116_1_0
48715,Exit,27360,122_1_0
48718,Boarding,26460,116_1_0
48718,Exit,27360,122_1_0
48716,Boarding,26460,116_1_0
48716,Exit,27360,122_1_0
55283,Boarding,26880,119_1_0
55283,Exit,27360,122_1_0
55282,Boarding,26880,119_1_0
55282,Exit,27360,122_1_0
145227,Boarding,26580,303_3_0
145227,Exit,27360,310_3_0
145225,Boarding,26580,303_3_0
145225,Exit,27360,310_3_0
145224,Boarding,26580,303_3_0
145224,Exit,27360,310_3_0
7360,Boarding,26160,103_1_0
7360,Exit,27360,111_1_0
14255,Boarding,26520,105_1_0
14255,Exit,27360,111_1_0
575,Boarding,25800,101_1_1
575,Exit,27360,110_1_1
577,Boarding,25800,101_1_1
577,Exit,27360,110_1_1
572,Boarding,25800,101_1_1
572,Exit,27360,110_1_1
579,Boarding,26160,101_1_1
579,Exit,27360,110_1_1
7183,Boarding,26520,103_1_1
7183,Exit,27360,110_1_1
7180,Boarding,26520,103_1_1
7180,Exit,27360,110_1_1
97556,Boarding,25380,206_2_0
97556,Exit,27360,219_2_0
97555,Boarding,25380,206_2_0
97555,Exit,27360,219_2_0
97560,Boarding,25380,206_2_0
97560,Exit,27360,219_2_0
131213,Boarding,26880,216_2_0
131213,Exit,27360,219_2_0
131211,Boarding,26880,216_2_0
131211,Exit,27360,219_2_0
158975,Boarding,25560,310_3_0
158975,Exit,27360,321_3_0
91800,Boarding,25530,204_2_0
91800,Transfer,26190,208_2_0
91800,Boarding,26220,208_3_0
91800,Exit,27360,321_3_0
91803,Boarding,25530,204_2_0
91803,Transfer,26190,208_2_0
91803,Boarding,26220,208_3_0
91803,Exit,27360,321_3_0
98503,Boarding,25830,206_2_0
98503,Transfer,26190,208_2_0
98503,Boarding,26220,208_3_0
98503,Exit,27360,321_3_0
31429,Boarding,25740,110_1_0
31429,Transfer,26460,116_1_0
31429,Boarding,26640,116_3_0
31429,Exit,27360,321_3_0
38213,Boarding,25860,111_1_0
38213,Transfer,26460,116_1_0
38213,Boarding,26640,116_3_0
38213,Exit,27360,321_3_0
51674,Boarding,26640,116_3_0
51674,Exit,27360,321_3_0
14839,Boarding,25440,105_1_1
14839,Exit,27360,119_1_1
21516,Boarding,25740,108_1_1
21516,Exit,27360,119_1_1
41753,Boarding,26460,113_1_1
41753,Exit,27360,119_1_1
145429,Boarding,25860,303_3_1
145429,Exit,27360,316_3_1
145426,Boarding,25860,303_3_1
145426,Exit,27360,316_3_1
105098,Boarding,26160,208_3_1
105098,Exit,27360,316_3_1
105101,Boarding,26160,208_3_1
105101,Exit,27360,316_3_1
105104,Boarding,26160,208_3_1
105104,Exit,27360,316_3_1
159677,Boarding,26190,310_3_1
159677,Transfer,26610,305_3_1
159677,Boarding,26880,305_4_1
159677,Exit,27360,913_4_1
146404,Boarding,25680,303_3_0
146404,Transfer,26700,305_3_0
146404,Boarding,26880,305_4_1
146404,Exit,27360,913_4_1
146399,Boarding,25680,303_3_0
146399,Transfer,26700,305_3_0
146399,Boarding,26880,305_4_1
146399,Exit,27360,913_4_1
153066,Boarding,26880,305_4_1
153066,Exit,27360,913_4_1
109981,Boarding,26520,210_2_1
109981,Exit,27360,204_2_1
110853,Boarding,24720,210_2_1
110853,Exit,27360,216_2_1
110857,Boarding,24720,210_2_1
110857,Exit,27360,216_2_1
97358,Boarding,25920,206_2_1
97358,Exit,27360,216_2_1
117653,Boarding,26580,213_2_1
117653,Exit,27360,216_2_1
117658,Boarding,26580,213_2_1
117658,Exit,27360,216_2_1
117656,Boarding,26580,213_2_1
117656,Exit,27360,216_2_1
124317,Boarding,26880,214_2_1
124317,Exit,27360,216_2_1
124316,Boarding,26880,214_2_1
124316,Exit,27360,216_2_1
124312,Boarding,26880,214_2_1
124312,Exit,27360,216_2_1
7185,Boarding,26310,103_1_0
7185,Exit,27390,110_1_0
401,Boarding,25950,101_1_1
401,Exit,27390,108_1_1
403,Boarding,26310,101_1_1
403,Exit,27390,108_1_1
406,Boarding,26310,101_1_1
406,Exit,27390,108_1_1
13871,Boarding,27090,105_1_1
13871,Exit,27390,108_1_1
28,Boarding,26700,101_1_1
28,Exit,27420,103_1_1
154909,Boarding,26640,310_3_1
154909,Exit,27420,105_3_1
154905,Boarding,26640,310_3_1
154905,Exit,27420,105_3_1
117259,Boarding,25890,213_2_0
117259,Exit,27450,210_2_0
90170,Boarding,26430,204_2_0
90170,Exit,27450,210_2_0
90171,Boarding,26430,204_2_0
90171,Exit,27450,210_2_0
90180,Boarding,26430,204_2_0
90180,Exit,27450,210_2_0
90173,Boarding,26430,204_2_0
90173,Exit,27450,210_2_0
90175,Boarding,26430,204_2_0
90175,Exit,27450,210_2_0
96770,Boarding,26730,206_2_0
96770,Exit,27450,210_2_0
157413,Boarding,25740,310_3_1
157413,Transfer,27060,208_3_1
157413,Boarding,27090,208_2_0
157413,Exit,27450,210_2_0
144119,Boarding,25680,303_3_0
144119,Transfer,27120,208_3_0
144119,Boarding,27090,208_2_0
144119,Exit,27450,210_2_0
144123,Boarding,25680,303_3_0
144123,Transfer,27120,208_3_0
144123,Boarding,27090,208_2_0
144123,Exit,27450,210_2_0
144122,Boarding,25680,303_3_0
144122,Transfer,27120,208_3_0
144122,Boarding,27090,208_2_0
144122,Exit,27450,210_2_0
197696,Boarding,26160,913_4_0
197696,Transfer,26640,305_4_0
197696,Boarding,26700,305_3_0
197696,Transfer,27120,208_3_0
197696,Boarding,27090,208_2_0
197696,Exit,27450,210_2_0
197697,Boarding,26160,913_4_0
197697,Transfer,26640,305_4_0
197697,Boarding,26700,305_3_0
197697,Transfer,27120,208_3_0
197697,Boarding,27090,208_2_0
197697,Exit,27450,210_2_0
197694,Boarding,26160,913_4_0
197694,Transfer,26640,305_4_0
197694,Boarding,26700,305_3_0
197694,Transfer,27120,208_3_0
197694,Boarding,27090,208_2_0
197694,Exit,27450,210_2_0
197706,Boarding,26160,913_4_0
197706,Transfer,26640,305_4_0
197706,Boarding,26700,305_3_0
197706,Transfer,27120,208_3_0
197706,Boarding,27090,208_2_0
197706,Exit,27450,210_2_0
197710,Boarding,26160,913_4_0
197710,Transfer,26640,305_4_0
197710,Boarding,26700,305_3_0
197710,Transfer,27120,208_3_0
197710,Boarding,27090,208_2_0
197710,Exit,27450,210_2_0
197708,Boarding,26160,913_4_0
197708,Transfer,26640,305_4_0
197708,Boarding,26700,305_3_0
197708,Transfer,27120,208_3_0
197708,Boarding,27090,208_2_0
197708,Exit,27450,210_2_0
103641,Boarding,27090,208_2_0
103641,Exit,27450,210_2_0
8133,Boarding,24630,103_1_1
8133,Exit,27450,122_1_1
21697,Boarding,25350,108_1_1
21697,Exit,27450,122_1_1
21705,Boarding,25350,108_1_1
21705,Exit,27450,122_1_1
28335,Boarding,25470,110_1_1
28335,Exit,27450,122_1_1
28327,Boarding,25470,110_1_1
28327,Exit,27450,122_1_1
35147,Boarding,25710,111_1_1
35147,Exit,27450,122_1_1
55286,Boarding,26970,119_1_1
55286,Exit,27450,122_1_1
8349,Boarding,24270,103_1_0
8349,Exit,27450,125_1_0
28541,Boarding,25350,110_1_0
28541,Exit,27450,125_1_0
109427,Boarding,25200,210_2_0
109427,Transfer,25500,113_2_0
109427,Boarding,25710,113_1_0
109427,Exit,27450,125_1_0
48914,Boarding,26070,116_1_0
48914,Exit,27450,125_1_0
48911,Boarding,26070,116_1_0
48911,Exit,27450,125_1_0
48912,Boarding,26070,116_1_0
48912,Exit,27450,125_1_0
48910,Boarding,26070,116_1_0
48910,Exit,27450,125_1_0
48917,Boarding,26070,116_1_0
48917,Exit,27450,125_1_0
55456,Boarding,26490,119_1_0
55456,Exit,27450,125_1_0
62276,Boarding,26970,122_1_0
62276,Exit,27450,125_1_0
62281,Boarding,26970,122_1_0
62281,Exit,27450,125_1_0
62280,Boarding,26970,122_1_0
62280,Exit,27450,125_1_0
30028,Boarding,24960,110_1_0
30028,Transfer,25320,113_1_0
30028,Boarding,25260,113_2_0
30028,Exit,27480,214_2_0
30027,Boarding,24960,110_1_0
30027,Transfer,25320,113_1_0
30027,Boarding,25260,113_2_0
30027,Exit,27480,214_2_0
117459,Boarding,25440,213_2_0
117459,Exit,27480,214_2_0
90538,Boarding,25980,204_2_0
90538,Exit,27480,214_2_0
90542,Boarding,25980,204_2_0
90542,Exit,27480,214_2_0
90540,Boarding,25980,204_2_0
90540,Exit,27480,214_2_0
90543,Boarding,25980,204_2_0
90543,Exit,27480,214_2_0
97144,Boarding,26280,206_2_0
97144,Exit,27480,214_2_0
23369,Boarding,26610,108_1_0
23369,Transfer,27270,113_1_0
23369,Boarding,27300,113_2_0
23369,Exit,27480,214_2_0
30042,Boarding,26910,110_1_0
30042,Transfer,27270,113_1_0
30042,Boarding,27300,113_2_0
30042,Exit,27480,214_2_0
30044,Boarding,26910,110_1_0
30044,Transfer,27270,113_1_0
30044,Boarding,27300,113_2_0
30044,Exit,27480,214_2_0
36877,Boarding,27030,111_1_0
36877,Transfer,27270,113_1_0
36877,Boarding,27300,113_2_0
36877,Exit,27480,214_2_0
36870,Boarding,27030,111_1_0
36870,Transfer,27270,113_1_0
36870,Boarding,27300,113_2_0
36870,Exit,27480,214_2_0
15352,Boarding,24240,105_1_0
15352,Exit,27480,128_1_0
143185,Boarding,23880,303_3_0
143185,Transfer,25740,116_3_0
143185,Boarding,25680,116_1_0
143185,Exit,27480,128_1_0
49075,Boarding,25680,116_1_0
49075,Exit,27480,128_1_0
49074,Boarding,25680,116_1_0
49074,Exit,27480,128_1_0
55623,Boarding,26100,119_1_0
55623,Exit,27480,128_1_0
55625,Boarding,26100,119_1_0
55625,Exit,27480,128_1_0
55626,Boarding,26100,119_1_0
55626,Exit,27480,128_1_0
55622,Boarding,26100,119_1_0
55622,Exit,27480,128_1_0
62466,Boarding,26580,122_1_0
62466,Exit,27480,128_1_0
69229,Boarding,27060,125_1_0
69229,Exit,27480,128_1_0
12230,Boarding,26460,103_1_0
12230,Transfer,27240,108_1_0
12230,Boarding,27240,108_4_0
12230,Exit,27480,918_4_0
42134,Boarding,25680,113_1_1
42134,Exit,27480,125_1_1
42133,Boarding,25680,113_1_1
42133,Exit,27480,125_1_1
48919,Boarding,26100,116_1_1
48919,Exit,27480,125_1_1
55460,Boarding,26580,119_1_1
55460,Exit,27480,125_1_1
10442,Boarding,26310,103_1_0
10442,Transfer,26670,105_1_0
10442,Boarding,27060,105_3_0
10442,Exit,27480,303_3_0
10447,Boarding,26610,103_1_0
10447,Transfer,26970,105_1_0
10447,Boarding,27060,105_3_0
10447,Exit,27480,303_3_0
10445,Boarding,26610,103_1_0
10445,Transfer,26970,105_1_0
10445,Boarding,27060,105_3_0
10445,Exit,27480,303_3_0
17272,Boarding,27060,105_3_0
17272,Exit,27480,303_3_0
17273,Boarding,27060,105_3_0
17273,Exit,27480,303_3_0
110520,Boarding,25620,210_2_1
110520,Exit,27480,213_2_1
103828,Boarding,27180,208_2_1
103828,Exit,27480,213_2_1
103829,Boarding,27180,208_2_1
103829,Exit,27480,213_2_1
158615,Boarding,27090,310_3_1
158615,Exit,27510,305_3_1
17818,Boarding,26610,105_3_0
17818,Exit,27510,316_3_0
145434,Boarding,27030,303_3_0
145434,Exit,27510,316_3_0
145431,Boarding,27030,303_3_0
145431,Exit,27510,316_3_0
7364,Boarding,26310,103_1_0
7364,Exit,27510,111_1_0
7362,Boarding,26310,103_1_0
7362,Exit,27510,111_1_0
20968,Boarding,27090,108_1_0
20968,Exit,27510,111_1_0
20964,Boarding,27090,108_1_0
20964,Exit,27510,111_1_0
18177,Boarding,23910,105_3_0
18177,Exit,27510,325_3_0
145826,Boarding,24330,303_3_0
145826,Exit,27510,325_3_0
152528,Boarding,25350,305_3_0
152528,Exit,27510,325_3_0
98684,Boarding,25380,206_2_0
98684,Transfer,25740,208_2_0
98684,Boarding,25770,208_3_0
98684,Exit,27510,325_3_0
98685,Boarding,25380,206_2_0
98685,Transfer,25740,208_2_0
98685,Boarding,25770,208_3_0
98685,Exit,27510,325_3_0
98686,Boarding,25380,206_2_0
98686,Transfer,25740,208_2_0
98686,Boarding,25770,208_3_0
98686,Exit,27510,325_3_0
31622,Boarding,25350,110_1_0
31622,Transfer,26070,116_1_0
31622,Boarding,26190,116_3_0
31622,Exit,27510,325_3_0
38372,Boarding,25470,111_1_0
38372,Transfer,26070,116_1_0
38372,Boarding,26190,116_3_0
38372,Exit,27510,325_3_0
172548,Boarding,26910,321_3_0
172548,Exit,27510,325_3_0
157263,Boarding,26190,310_3_1
157263,Exit,27510,208_3_1
109802,Boarding,26970,210_2_1
109802,Exit,27510,202_2_1
109804,Boarding,26970,210_2_1
109804,Exit,27510,202_2_1
109803,Boarding,26970,210_2_1
109803,Exit,27510,202_2_1
571,Boarding,25950,101_1_1
571,Exit,27510,110_1_1
145630,Boarding,25410,303_3_1
145630,Exit,27510,321_3_1
145624,Boarding,25410,303_3_1
145624,Exit,27510,321_3_1
105286,Boarding,25710,208_3_1
105286,Exit,27510,321_3_1
51676,Boarding,26190,116_3_1
51676,Exit,27510,321_3_1
165764,Boarding,26910,316_3_1
165764,Exit,27510,321_3_1
165766,Boarding,26910,316_3_1
165766,Exit,27510,321_3_1
165761,Boarding,26910,316_3_1
165761,Exit,27510,321_3_1
165760,Boarding,26910,316_3_1
165760,Exit,27510,321_3_1
207146,Boarding,25860,918_4_0
207146,Exit,27540,921_4_0
19288,Boarding,25410,105_1_0
19288,Transfer,25830,108_1_0
19288,Boarding,25980,108_4_0
19288,Exit,27540,921_4_0
25944,Boarding,25980,108_4_0
25944,Exit,27540,921_4_0
200521,Boarding,26700,913_4_0
200521,Exit,27540,921_4_0
200523,Boarding,26700,913_4_0
200523,Exit,27540,921_4_0
160251,Boarding,26640,310_3_1
160251,Transfer,27060,305_3_1
160251,Boarding,27180,305_4_0
160251,Exit,27540,921_4_0
160250,Boarding,26640,310_3_1
160250,Transfer,27060,305_3_1
160250,Boarding,27180,305_4_0
160250,Exit,27540,921_4_0
146946,Boarding,26130,303_3_0
146946,Transfer,27150,305_3_0
146946,Boarding,27180,305_4_0
146946,Exit,27540,921_4_0
146952,Boarding,26130,303_3_0
146952,Transfer,27150,305_3_0
146952,Boarding,27180,305_4_0
146952,Exit,27540,921_4_0
146950,Boarding,26130,303_3_0
146950,Transfer,27150,305_3_0
146950,Boarding,27180,305_4_0
146950,Exit,27540,921_4_0
146951,Boarding,26130,303_3_0
146951,Transfer,27150,305_3_0
146951,Boarding,27180,305_4_0
146951,Exit,27540,921_4_0
153604,Boarding,27180,305_4_0
153604,Exit,27540,921_4_0
213846,Boarding,27300,919_4_0
213846,Exit,27540,921_4_0
213853,Boarding,27300,919_4_0
213853,Exit,27540,921_4_0
213852,Boarding,27300,919_4_0
213852,Exit,27540,921_4_0
213847,Boarding,27300,919_4_0
213847,Exit,27540,921_4_0
142464,Boarding,25680,303_3_0
142464,Exit,27540,116_3_0
142461,Boarding,25680,303_3_0
142461,Exit,27540,116_3_0
196052,Boarding,26160,913_4_0
196052,Transfer,26640,305_4_0
196052,Boarding,26700,305_3_0
196052,Exit,27540,116_3_0
196053,Boarding,26160,913_4_0
196053,Transfer,26640,305_4_0
196053,Boarding,26700,305_3_0
196053,Exit,27540,116_3_0
196051,Boarding,26160,913_4_0
196051,Transfer,26640,305_4_0
196051,Boarding,26700,305_3_0
196051,Exit,27540,116_3_0
196055,Boarding,26160,913_4_0
196055,Transfer,26640,305_4_0
196055,Boarding,26700,305_3_0
196055,Exit,27540,116_3_0
196057,Boarding,26160,913_4_0
196057,Transfer,26640,305_4_0
196057,Boarding,26700,305_3_0
196057,Exit,27540,116_3_0
88723,Boarding,26430,204_2_0
88723,Transfer,27090,208_2_0
88723,Boarding,27120,208_3_0
88723,Exit,27540,116_3_0
88728,Boarding,26430,204_2_0
88728,Transfer,27090,208_2_0
88728,Boarding,27120,208_3_0
88728,Exit,27540,116_3_0
95324,Boarding,26730,206_2_0
95324,Transfer,27090,208_2_0
95324,Boarding,27120,208_3_0
95324,Exit,27540,116_3_0
95321,Boarding,26730,206_2_0
95321,Transfer,27090,208_2_0
95321,Boarding,27120,208_3_0
95321,Exit,27540,116_3_0
95323,Boarding,26730,206_2_0
95323,Transfer,27090,208_2_0
95323,Boarding,27120,208_3_0
95323,Exit,27540,116_3_0
221,Boarding,26400,101_1_1
221,Exit,27540,105_1_1
217,Boarding,26760,101_1_1
217,Exit,27540,105_1_1
224,Boarding,26760,101_1_1
224,Exit,27540,105_1_1
4993,Boarding,25080,101_1_0
4993,Transfer,26220,108_1_0
4993,Boarding,26160,108_4_1
4993,Exit,27540,909_4_1
18554,Boarding,25800,105_1_0
18554,Transfer,26220,108_1_0
18554,Boarding,26160,108_4_1
18554,Exit,27540,909_4_1
18549,Boarding,25800,105_1_0
18549,Transfer,26220,108_1_0
18549,Boarding,26160,108_4_1
18549,Exit,27540,909_4_1
18550,Boarding,25800,105_1_0
18550,Transfer,26220,108_1_0
18550,Boarding,26160,108_4_1
18550,Exit,27540,909_4_1
193637,Boarding,27000,909_4_1
193637,Exit,27540,919_4_1
206969,Boarding,27300,918_4_1
206969,Exit,27540,919_4_1
206967,Boarding,27300,918_4_1
206967,Exit,27540,919_4_1
206963,Boarding,27300,918_4_1
206963,Exit,27540,919_4_1
14063,Boarding,26820,105_1_0
14063,Exit,27540,110_1_0
14060,Boarding,26820,105_1_0
14060,Exit,27540,110_1_0
155786,Boarding,25740,310_3_1
155786,Exit,27540,116_3_1
142472,Boarding,26760,303_3_1
142472,Exit,27540,116_3_1
7003,Boarding,26760,103_1_0
7003,Exit,27540,108_1_0
7000,Boarding,26760,103_1_0
7000,Exit,27540,108_1_0
7002,Boarding,26760,103_1_0
7002,Exit,27540,108_1_0
20018,Boarding,24240,105_1_0
20018,Transfer,24660,108_1_0
20018,Boarding,24900,108_4_0
20018,Exit,27540,928_4_0
26680,Boarding,24900,108_4_0
26680,Exit,27540,928_4_0
201268,Boarding,25620,913_4_0
201268,Exit,27540,928_4_0
201264,Boarding,25620,913_4_0
201264,Exit,27540,928_4_0
160998,Boarding,25290,310_3_1
160998,Transfer,25710,305_3_1
160998,Boarding,26100,305_4_0
160998,Exit,27540,928_4_0
160994,Boarding,25740,310_3_1
160994,Transfer,26160,305_3_1
160994,Boarding,26100,305_4_0
160994,Exit,27540,928_4_0
160997,Boarding,25740,310_3_1
160997,Transfer,26160,305_3_1
160997,Boarding,26100,305_4_0
160997,Exit,27540,928_4_0
160995,Boarding,25740,310_3_1
160995,Transfer,26160,305_3_1
160995,Boarding,26100,305_4_0
160995,Exit,27540,928_4_0
154316,Boarding,26100,305_4_0
154316,Exit,27540,928_4_0
154318,Boarding,26100,305_4_0
154318,Exit,27540,928_4_0
154321,Boarding,26100,305_4_0
154321,Exit,27540,928_4_0
214567,Boarding,26220,919_4_0
214567,Exit,27540,928_4_0
214569,Boarding,26220,919_4_0
214569,Exit,27540,928_4_0
221349,Boarding,26460,921_4_0
221349,Exit,27540,928_4_0
221355,Boarding,26460,921_4_0
221355,Exit,27540,928_4_0
221347,Boarding,26460,921_4_0
221347,Exit,27540,928_4_0
221346,Boarding,26460,921_4_0
221346,Exit,27540,928_4_0
234632,Boarding,27060,925_4_0
234632,Exit,27540,928_4_0
234638,Boarding,27060,925_4_0
234638,Exit,27540,928_4_0
234634,Boarding,27060,925_4_0
234634,Exit,27540,928_4_0
241489,Boarding,27240,926_4_0
241489,Exit,27540,928_4_0
154151,Boarding,24720,305_4_1
154151,Exit,27540,926_4_1
194367,Boarding,25920,909_4_1
194367,Exit,27540,926_4_1
194370,Boarding,25920,909_4_1
194370,Exit,27540,926_4_1
194368,Boarding,25920,909_4_1
194368,Exit,27540,926_4_1
207679,Boarding,26220,918_4_1
207679,Exit,27540,926_4_1
207678,Boarding,26220,918_4_1
207678,Exit,27540,926_4_1
207685,Boarding,26220,918_4_1
207685,Exit,27540,926_4_1
214407,Boarding,26460,919_4_1
214407,Exit,27540,926_4_1
227809,Boarding,27060,922_4_1
227809,Exit,27540,926_4_1
227811,Boarding,27060,922_4_1
227811,Exit,27540,926_4_1
227812,Boarding,27060,922_4_1
227812,Exit,27540,926_4_1
227807,Boarding,27060,922_4_1
227807,Exit,27540,926_4_1
13870,Boarding,27240,105_1_1
13870,Exit,27540,108_1_1
43118,Boarding,26160,113_2_0
43118,Exit,27540,208_2_0
117066,Boarding,26340,213_2_0
117066,Exit,27540,208_2_0
117075,Boarding,26340,213_2_0
117075,Exit,27540,208_2_0
117074,Boarding,26340,213_2_0
117074,Exit,27540,208_2_0
117078,Boarding,26340,213_2_0
117078,Exit,27540,208_2_0
89990,Boarding,26880,204_2_0
89990,Exit,27540,208_2_0
89992,Boarding,26880,204_2_0
89992,Exit,27540,208_2_0
89991,Boarding,26880,204_2_0
89991,Exit,27540,208_2_0
89986,Boarding,26880,204_2_0
89986,Exit,27540,208_2_0
89993,Boarding,26880,204_2_0
89993,Exit,27540,208_2_0
89989,Boarding,26880,204_2_0
89989,Exit,27540,208_2_0
96609,Boarding,27180,206_2_0
96609,Exit,27540,208_2_0
96606,Boarding,27180,206_2_0
96606,Exit,27540,208_2_0
96608,Boarding,27180,206_2_0
96608,Exit,27540,208_2_0
34,Boarding,26850,101_1_1
34,Exit,27570,103_1_1
37,Boarding,27210,101_1_1
37,Exit,27570,103_1_1
39,Boarding,27210,101_1_1
39,Exit,27570,103_1_1
6827,Boarding,27210,103_1_0
6827,Exit,27570,105_1_0
143957,Boarding,26130,303_3_0
143957,Exit,27570,208_3_0
143952,Boarding,26130,303_3_0
143952,Exit,27570,208_3_0
164131,Boarding,26610,316_3_0
164131,Exit,27570,208_3_0
157266,Boarding,26910,310_3_0
157266,Exit,27570,208_3_0
197533,Boarding,26700,913_4_0
197533,Transfer,27180,305_4_0
197533,Boarding,27150,305_3_0
197533,Exit,27570,208_3_0
197531,Boarding,26700,913_4_0
197531,Transfer,27180,305_4_0
197531,Boarding,27150,305_3_0
197531,Exit,27570,208_3_0
150700,Boarding,27150,305_3_0
150700,Exit,27570,208_3_0
150701,Boarding,27150,305_3_0
150701,Exit,27570,208_3_0
26313,Boarding,25440,108_4_0
26313,Exit,27600,925_4_0
147316,Boarding,25230,303_3_0
147316,Transfer,26250,305_3_0
147316,Boarding,26640,305_4_0
147316,Exit,27600,925_4_0
145061,Boarding,26580,303_3_0
145061,Exit,27600,305_3_0
165419,Boarding,27060,316_3_0
165419,Exit,27600,305_3_0
158623,Boarding,27360,310_3_0
158623,Exit,27600,305_3_0
158622,Boarding,27360,310_3_0
158622,Exit,27600,305_3_0
158627,Boarding,27360,310_3_0
158627,Exit,27600,305_3_0
158621,Boarding,27360,310_3_0
158621,Exit,27600,305_3_0
202023,Boarding,27480,918_4_0
202023,Exit,27600,108_4_0
7547,Boarding,26160,103_1_0
7547,Exit,27600,113_1_0
14444,Boarding,26520,105_1_0
14444,Exit,27600,113_1_0
27778,Boarding,27240,110_1_0
27778,Exit,27600,113_1_0
194021,Boarding,26460,909_4_1
194021,Exit,27600,922_4_1
194023,Boarding,26460,909_4_1
194023,Exit,27600,922_4_1
194024,Boarding,26460,909_4_1
194024,Exit,27600,922_4_1
194028,Boarding,26460,909_4_1
194028,Exit,27600,922_4_1
194025,Boarding,26460,909_4_1
194025,Exit,27600,922_4_1
194026,Boarding,26460,909_4_1
194026,Exit,27600,922_4_1
207321,Boarding,26760,918_4_1
207321,Exit,27600,922_4_1
207320,Boarding,26760,918_4_1
207320,Exit,27600,922_4_1
214024,Boarding,27000,919_4_1
214024,Exit,27600,922_4_1
214020,Boarding,27000,919_4_1
214020,Exit,27600,922_4_1
214022,Boarding,27000,919_4_1
214022,Exit,27600,922_4_1
214023,Boarding,27000,919_4_1
214023,Exit,27600,922_4_1
220792,Boarding,27120,921_4_1
220792,Exit,27600,922_4_1
220795,Boarding,27120,921_4_1
220795,Exit,27600,922_4_1
741,Boarding,25800,101_1_1
741,Exit,27600,111_1_1
742,Boarding,25800,101_1_1
742,Exit,27600,111_1_1
748,Boarding,26160,101_1_1
748,Exit,27600,111_1_1
27959,Boarding,26910,110_1_0
27959,Exit,27630,116_1_0
27958,Boarding,26910,110_1_0
27958,Exit,27630,116_1_0
27953,Boarding,26910,110_1_0
27953,Exit,27630,116_1_0
34797,Boarding,27030,111_1_0
34797,Exit,27630,116_1_0
21154,Boarding,26910,108_1_1
21154,Exit,27630,113_1_1
21155,Boarding,26910,108_1_1
21155,Exit,27630,113_1_1
21153,Boarding,26910,108_1_1
21153,Exit,27630,113_1_1
21151,Boarding,26910,108_1_1
21151,Exit,27630,113_1_1
21152,Boarding,26910,108_1_1
21152,Exit,27630,113_1_1
27776,Boarding,27030,110_1_1
27776,Exit,27630,113_1_1
34609,Boarding,27270,111_1_1
34609,Exit,27630,113_1_1
34611,Boarding,27270,111_1_1
34611,Exit,27630,113_1_1
34612,Boarding,27270,111_1_1
34612,Exit,27630,113_1_1
34610,Boarding,27270,111_1_1
34610,Exit,27630,113_1_1
89820,Boarding,27330,204_2_0
89820,Exit,27630,206_2_0
89821,Boarding,27330,204_2_0
89821,Exit,27630,206_2_0
89813,Boarding,27330,204_2_0
89813,Exit,27630,206_2_0
89814,Boarding,27330,204_2_0
89814,Exit,27630,206_2_0
110353,Boarding,26070,210_2_1
110353,Exit,27630,208_2_1
110349,Boarding,26070,210_2_1
110349,Exit,27630,208_2_1
110352,Boarding,26070,210_2_1
110352,Exit,27630,208_2_1
110356,Boarding,26070,210_2_1
110356,Exit,27630,208_2_1
83321,Boarding,26610,202_2_1
83321,Exit,27630,208_2_1
83322,Boarding,26610,202_2_1
83322,Exit,27630,208_2_1
200520,Boarding,26280,913_4_1
200520,Exit,27660,921_4_1
193836,Boarding,27000,909_4_1
193836,Exit,27660,921_4_1
193840,Boarding,27000,909_4_1
193840,Exit,27660,921_4_1
193839,Boarding,27000,909_4_1
193839,Exit,27660,921_4_1
193835,Boarding,27000,909_4_1
193835,Exit,27660,921_4_1
25950,Boarding,27180,108_4_1
25950,Exit,27660,921_4_1
213848,Boarding,27540,919_4_1
213848,Exit,27660,921_4_1
17264,Boarding,26160,105_3_1
17264,Exit,27660,303_3_1
158435,Boarding,26640,310_3_1
158435,Exit,27660,303_3_1
158434,Boarding,26640,310_3_1
158434,Exit,27660,303_3_1
158439,Boarding,26640,310_3_1
158439,Exit,27660,303_3_1
151800,Boarding,27060,305_3_1
151800,Exit,27660,303_3_1
19474,Boarding,25410,105_1_0
19474,Transfer,25830,108_1_0
19474,Boarding,25980,108_4_0
19474,Exit,27660,922_4_0
26129,Boarding,25980,108_4_0
26129,Exit,27660,922_4_0
26128,Boarding,25980,108_4_0
26128,Exit,27660,922_4_0
26127,Boarding,25980,108_4_0
26127,Exit,27660,922_4_0
26125,Boarding,25980,108_4_0
26125,Exit,27660,922_4_0
26124,Boarding,25980,108_4_0
26124,Exit,27660,922_4_0
200700,Boarding,26700,913_4_0
200700,Exit,27660,922_4_0
200697,Boarding,26700,913_4_0
200697,Exit,27660,922_4_0
160457,Boarding,26640,310_3_1
160457,Transfer,27060,305_3_1
160457,Boarding,27180,305_4_0
160457,Exit,27660,922_4_0
160461,Boarding,26640,310_3_1
160461,Transfer,27060,305_3_1
160461,Boarding,27180,305_4_0
160461,Exit,27660,922_4_0
160458,Boarding,26640,310_3_1
160458,Transfer,27060,305_3_1
160458,Boarding,27180,305_4_0
160458,Exit,27660,922_4_0
147148,Boarding,26130,303_3_0
147148,Transfer,27150,305_3_0
147148,Boarding,27180,305_4_0
147148,Exit,27660,922_4_0
147153,Boarding,26130,303_3_0
147153,Transfer,27150,305_3_0
147153,Boarding,27180,305_4_0
147153,Exit,27660,922_4_0
147149,Boarding,26130,303_3_0
147149,Transfer,27150,305_3_0
147149,Boarding,27180,305_4_0
147149,Exit,27660,922_4_0
147152,Boarding,26130,303_3_0
147152,Transfer,27150,305_3_0
147152,Boarding,27180,305_4_0
147152,Exit,27660,922_4_0
147159,Boarding,26130,303_3_0
147159,Transfer,27150,305_3_0
147159,Boarding,27180,305_4_0
147159,Exit,27660,922_4_0
214030,Boarding,27300,919_4_0
214030,Exit,27660,922_4_0
214028,Boarding,27300,919_4_0
214028,Exit,27660,922_4_0
214027,Boarding,27300,919_4_0
214027,Exit,27660,922_4_0
214026,Boarding,27300,919_4_0
214026,Exit,27660,922_4_0
214025,Boarding,27300,919_4_0
214025,Exit,27660,922_4_0
220794,Boarding,27540,921_4_0
220794,Exit,27660,922_4_0
220793,Boarding,27540,921_4_0
220793,Exit,27660,922_4_0
1100,Boarding,25440,101_1_1
1100,Exit,27660,116_1_1
1095,Boarding,25440,101_1_1
1095,Exit,27660,116_1_1
1094,Boarding,25440,101_1_1
1094,Exit,27660,116_1_1
7738,Boarding,25800,103_1_1
7738,Exit,27660,116_1_1
7730,Boarding,25800,103_1_1
7730,Exit,27660,116_1_1
7734,Boarding,25800,103_1_1
7734,Exit,27660,116_1_1
7736,Boarding,25800,103_1_1
7736,Exit,27660,116_1_1
7733,Boarding,25800,103_1_1
7733,Exit,27660,116_1_1
21331,Boarding,26520,108_1_1
21331,Exit,27660,116_1_1
21332,Boarding,26520,108_1_1
21332,Exit,27660,116_1_1
34796,Boarding,26880,111_1_1
34796,Exit,27660,116_1_1
41566,Boarding,27240,113_1_1
41566,Exit,27660,116_1_1
1299,Boarding,25080,101_1_0
1299,Exit,27660,119_1_0
28137,Boarding,26520,110_1_0
28137,Exit,27660,119_1_0
109051,Boarding,26550,210_2_0
109051,Transfer,26850,113_2_0
109051,Boarding,26880,113_1_0
109051,Exit,27660,119_1_0
155983,Boarding,26010,310_3_0
155983,Transfer,27090,116_3_0
155983,Boarding,27240,116_1_0
155983,Exit,27660,119_1_0
155976,Boarding,26010,310_3_0
155976,Transfer,27090,116_3_0
155976,Boarding,27240,116_1_0
155976,Exit,27660,119_1_0
155977,Boarding,26010,310_3_0
155977,Transfer,27090,116_3_0
155977,Boarding,27240,116_1_0
155977,Exit,27660,119_1_0
155973,Boarding,26010,310_3_0
155973,Transfer,27090,116_3_0
155973,Boarding,27240,116_1_0
155973,Exit,27660,119_1_0
88918,Boarding,25980,204_2_0
88918,Transfer,26640,208_2_0
88918,Boarding,26670,208_3_0
88918,Transfer,27090,116_3_0
88918,Boarding,27240,116_1_0
88918,Exit,27660,119_1_0
88914,Boarding,25980,204_2_0
88914,Transfer,26640,208_2_0
88914,Boarding,26670,208_3_0
88914,Transfer,27090,116_3_0
88914,Boarding,27240,116_1_0
88914,Exit,27660,119_1_0
88919,Boarding,25980,204_2_0
88919,Transfer,26640,208_2_0
88919,Boarding,26670,208_3_0
88919,Transfer,27090,116_3_0
88919,Boarding,27240,116_1_0
88919,Exit,27660,119_1_0
88915,Boarding,25980,204_2_0
88915,Transfer,26640,208_2_0
88915,Boarding,26670,208_3_0
88915,Transfer,27090,116_3_0
88915,Boarding,27240,116_1_0
88915,Exit,27660,119_1_0
88917,Boarding,25980,204_2_0
88917,Transfer,26640,208_2_0
88917,Boarding,26670,208_3_0
88917,Transfer,27090,116_3_0
88917,Boarding,27240,116_1_0
88917,Exit,27660,119_1_0
95504,Boarding,26280,206_2_0
95504,Transfer,26640,208_2_0
95504,Boarding,26670,208_3_0
95504,Transfer,27090,116_3_0
95504,Boarding,27240,116_1_0
95504,Exit,27660,119_1_0
574,Boarding,26100,101_1_1
574,Exit,27660,110_1_1
576,Boarding,26100,101_1_1
576,Exit,27660,110_1_1
7363,Boarding,26460,103_1_0
7363,Exit,27660,111_1_0
407,Boarding,26610,101_1_1
407,Exit,27690,108_1_1
7001,Boarding,26970,103_1_1
7001,Exit,27690,108_1_1
13868,Boarding,27390,105_1_1
13868,Exit,27690,108_1_1
13874,Boarding,27390,105_1_1
13874,Exit,27690,108_1_1
6826,Boarding,27270,103_1_1
6826,Exit,27690,105_1_1
20758,Boarding,27390,108_1_0
20758,Exit,27690,110_1_0
152523,Boarding,24360,305_3_1
152523,Exit,27720,325_3_1
152526,Boarding,24360,305_3_1
152526,Exit,27720,325_3_1
152524,Boarding,24360,305_3_1
152524,Exit,27720,325_3_1
105487,Boarding,25260,208_3_1
105487,Exit,27720,325_3_1
105488,Boarding,25260,208_3_1
105488,Exit,27720,325_3_1
105495,Boarding,25260,208_3_1
105495,Exit,27720,325_3_1
165948,Boarding,26460,316_3_1
165948,Exit,27720,325_3_1
165950,Boarding,26460,316_3_1
165950,Exit,27720,325_3_1
172547,Boarding,27060,321_3_1
172547,Exit,27720,325_3_1
220,Boarding,27000,101_1_0
220,Exit,27720,105_1_0
172725,Boarding,26460,321_3_0
172725,Exit,27720,329_3_0
172730,Boarding,26460,321_3_0
172730,Exit,27720,329_3_0
172726,Boarding,26460,321_3_0
172726,Exit,27720,329_3_0
179577,Boarding,27060,325_3_0
179577,Exit,27720,329_3_0
179587,Boarding,27060,325_3_0
179587,Exit,27720,329_3_0
179580,Boarding,27060,325_3_0
179580,Exit,27720,329_3_0
205449,Boarding,26400,918_4_0
205449,Exit,27720,305_4_0
198860,Boarding,27240,913_4_0
198860,Exit,27720,305_4_0
148444,Boarding,26340,305_4_1
148444,Exit,27720,108_4_1
188626,Boarding,27540,909_4_1
188626,Exit,27720,108_4_1
188625,Boarding,27540,909_4_1
188625,Exit,27720,108_4_1
29304,Boarding,25740,110_1_0
29304,Transfer,26100,113_1_0
29304,Boarding,26160,113_2_1
29304,Exit,27720,206_2_1
29307,Boarding,25740,110_1_0
29307,Transfer,26100,113_1_0
29307,Boarding,26160,113_2_1
29307,Exit,27720,206_2_1
36141,Boarding,25860,111_1_0
36141,Transfer,26100,113_1_0
36141,Boarding,26160,113_2_1
36141,Exit,27720,206_2_1
110157,Boarding,26520,210_2_1
110157,Exit,27720,206_2_1
110158,Boarding,26520,210_2_1
110158,Exit,27720,206_2_1
110165,Boarding,26520,210_2_1
110165,Exit,27720,206_2_1
110164,Boarding,26520,210_2_1
110164,Exit,27720,206_2_1
110162,Boarding,26520,210_2_1
110162,Exit,27720,206_2_1
83143,Boarding,27060,202_2_1
83143,Exit,27720,206_2_1
83142,Boarding,27060,202_2_1
83142,Exit,27720,206_2_1
83145,Boarding,27060,202_2_1
83145,Exit,27720,206_2_1
83146,Boarding,27060,202_2_1
83146,Exit,27720,206_2_1
83148,Boarding,27060,202_2_1
83148,Exit,27720,206_2_1
83149,Boarding,27060,202_2_1
83149,Exit,27720,206_2_1
115443,Boarding,25890,213_2_0
115443,Exit,27750,113_2_0
115438,Boarding,25890,213_2_0
115438,Exit,27750,113_2_0
95140,Boarding,26730,206_2_0
95140,Exit,27750,113_2_0
95137,Boarding,26730,206_2_0
95137,Exit,27750,113_2_0
101914,Boarding,27090,208_2_0
101914,Exit,27750,113_2_0
101911,Boarding,27090,208_2_0
101911,Exit,27750,113_2_0
108699,Boarding,26070,210_2_1
108699,Exit,27750,113_2_1
108703,Boarding,26070,210_2_1
108703,Exit,27750,113_2_1
81904,Boarding,26610,202_2_1
81904,Exit,27750,113_2_1
95144,Boarding,27270,206_2_1
95144,Exit,27750,113_2_1
95143,Boarding,27270,206_2_1
95143,Exit,27750,113_2_1
101915,Boarding,27630,208_2_1
101915,Exit,27750,113_2_1
27775,Boarding,27390,110_1_0
27775,Exit,27750,113_1_0
34608,Boarding,27510,111_1_0
34608,Exit,27750,113_1_0
34607,Boarding,27510,111_1_0
34607,Exit,27750,113_1_0
14257,Boarding,27090,105_1_1
14257,Exit,27750,111_1_1
27602,Boarding,27510,110_1_1
27602,Exit,27750,111_1_1
15004,Boarding,25410,105_1_0
15004,Exit,27750,122_1_0
21704,Boarding,25830,108_1_0
21704,Exit,27750,122_1_0
28330,Boarding,26130,110_1_0
28330,Exit,27750,122_1_0
28329,Boarding,26130,110_1_0
28329,Exit,27750,122_1_0
28333,Boarding,26130,110_1_0
28333,Exit,27750,122_1_0
142842,Boarding,24780,303_3_0
142842,Transfer,26640,116_3_0
142842,Boarding,26850,116_1_0
142842,Exit,27750,122_1_0
156163,Boarding,25560,310_3_0
156163,Transfer,26640,116_3_0
156163,Boarding,26850,116_1_0
156163,Exit,27750,122_1_0
89088,Boarding,25530,204_2_0
89088,Transfer,26190,208_2_0
89088,Boarding,26220,208_3_0
89088,Transfer,26640,116_3_0
89088,Boarding,26850,116_1_0
89088,Exit,27750,122_1_0
55288,Boarding,27270,119_1_0
55288,Exit,27750,122_1_0
55290,Boarding,27270,119_1_0
55290,Exit,27750,122_1_0
55291,Boarding,27270,119_1_0
55291,Exit,27750,122_1_0
7922,Boarding,25410,103_1_1
7922,Exit,27750,119_1_1
7924,Boarding,25410,103_1_1
7924,Exit,27750,119_1_1
7926,Boarding,25410,103_1_1
7926,Exit,27750,119_1_1
7920,Boarding,25410,103_1_1
7920,Exit,27750,119_1_1
28139,Boarding,26250,110_1_1
28139,Exit,27750,119_1_1
34966,Boarding,26490,111_1_1
34966,Exit,27750,119_1_1
34965,Boarding,26490,111_1_1
34965,Exit,27750,119_1_1
153970,Boarding,25260,305_4_1
153970,Exit,27780,925_4_1
200876,Boarding,25740,913_4_1
200876,Exit,27780,925_4_1
200879,Boarding,25740,913_4_1
200879,Exit,27780,925_4_1
194183,Boarding,26460,909_4_1
194183,Exit,27780,925_4_1
194184,Boarding,26460,909_4_1
194184,Exit,27780,925_4_1
194185,Boarding,26460,909_4_1
194185,Exit,27780,925_4_1
207490,Boarding,26760,918_4_1
207490,Exit,27780,925_4_1
207489,Boarding,26760,918_4_1
207489,Exit,27780,925_4_1
207484,Boarding,26760,918_4_1
207484,Exit,27780,925_4_1
207486,Boarding,26760,918_4_1
207486,Exit,27780,925_4_1
214229,Boarding,27000,919_4_1
214229,Exit,27780,925_4_1
214231,Boarding,27000,919_4_1
214231,Exit,27780,925_4_1
220973,Boarding,27120,921_4_1
220973,Exit,27780,925_4_1
220976,Boarding,27120,921_4_1
220976,Exit,27780,925_4_1
227623,Boarding,27600,922_4_1
227623,Exit,27780,925_4_1
227620,Boarding,27600,922_4_1
227620,Exit,27780,925_4_1
227622,Boarding,27600,922_4_1
227622,Exit,27780,925_4_1
227621,Boarding,27600,922_4_1
227621,Exit,27780,925_4_1
227624,Boarding,27600,922_4_1
227624,Exit,27780,925_4_1
206749,Boarding,26940,918_4_0
206749,Exit,27780,913_4_0
206750,Boarding,26940,918_4_0
206750,Exit,27780,913_4_0
110689,Boarding,25620,210_2_1
110689,Exit,27780,214_2_1
110685,Boarding,25620,210_2_1
110685,Exit,27780,214_2_1
110686,Boarding,25620,210_2_1
110686,Exit,27780,214_2_1
83905,Boarding,26160,202_2_1
83905,Exit,27780,214_2_1
83906,Boarding,26160,202_2_1
83906,Exit,27780,214_2_1
97147,Boarding,26820,206_2_1
97147,Exit,27780,214_2_1
104008,Boarding,27180,208_2_1
104008,Exit,27780,214_2_1
207676,Boarding,25320,918_4_0
207676,Exit,27780,926_4_0
201069,Boarding,26160,913_4_0
201069,Exit,27780,926_4_0
201065,Boarding,26160,913_4_0
201065,Exit,27780,926_4_0
201062,Boarding,26160,913_4_0
201062,Exit,27780,926_4_0
201063,Boarding,26160,913_4_0
201063,Exit,27780,926_4_0
201061,Boarding,26160,913_4_0
201061,Exit,27780,926_4_0
147516,Boarding,25680,303_3_0
147516,Transfer,26700,305_3_0
147516,Boarding,26640,305_4_0
147516,Exit,27780,926_4_0
147517,Boarding,25680,303_3_0
147517,Transfer,26700,305_3_0
147517,Boarding,26640,305_4_0
147517,Exit,27780,926_4_0
154155,Boarding,26640,305_4_0
154155,Exit,27780,926_4_0
154156,Boarding,26640,305_4_0
154156,Exit,27780,926_4_0
214405,Boarding,26760,919_4_0
214405,Exit,27780,926_4_0
214403,Boarding,26760,919_4_0
214403,Exit,27780,926_4_0
214406,Boarding,26760,919_4_0
214406,Exit,27780,926_4_0
214404,Boarding,26760,919_4_0
214404,Exit,27780,926_4_0
221185,Boarding,27000,921_4_0
221185,Exit,27780,926_4_0
221181,Boarding,27000,921_4_0
221181,Exit,27780,926_4_0
221180,Boarding,27000,921_4_0
221180,Exit,27780,926_4_0
227816,Boarding,27120,922_4_0
227816,Exit,27780,926_4_0
234463,Boarding,27600,925_4_0
234463,Exit,27780,926_4_0
234464,Boarding,27600,925_4_0
234464,Exit,27780,926_4_0
234466,Boarding,27600,925_4_0
234466,Exit,27780,926_4_0
234461,Boarding,27600,925_4_0
234461,Exit,27780,926_4_0
234459,Boarding,27600,925_4_0
234459,Exit,27780,926_4_0
16873,Boarding,24240,105_1_0
16873,Transfer,25320,113_1_0
16873,Boarding,25260,113_2_0
16873,Exit,27780,216_2_0
37059,Boarding,25080,111_1_0
37059,Transfer,25320,113_1_0
37059,Boarding,25260,113_2_0
37059,Exit,27780,216_2_0
37057,Boarding,25080,111_1_0
37057,Transfer,25320,113_1_0
37057,Boarding,25260,113_2_0
37057,Exit,27780,216_2_0
117652,Boarding,25440,213_2_0
117652,Exit,27780,216_2_0
90713,Boarding,25980,204_2_0
90713,Exit,27780,216_2_0
97360,Boarding,26280,206_2_0
97360,Exit,27780,216_2_0
97368,Boarding,26280,206_2_0
97368,Exit,27780,216_2_0
97364,Boarding,26280,206_2_0
97364,Exit,27780,216_2_0
23569,Boarding,26610,108_1_0
23569,Transfer,27270,113_1_0
23569,Boarding,27300,113_2_0
23569,Exit,27780,216_2_0
30248,Boarding,26910,110_1_0
30248,Transfer,27270,113_1_0
30248,Boarding,27300,113_2_0
30248,Exit,27780,216_2_0
37070,Boarding,27030,111_1_0
37070,Transfer,27270,113_1_0
37070,Boarding,27300,113_2_0
37070,Exit,27780,216_2_0
124326,Boarding,27480,214_2_0
124326,Exit,27780,216_2_0
10820,Boarding,26160,103_1_0
10820,Transfer,26520,105_1_0
10820,Boarding,26610,105_3_0
10820,Exit,27810,310_3_0
145226,Boarding,27030,303_3_0
145226,Exit,27810,310_3_0
165589,Boarding,27510,316_3_0
165589,Exit,27810,310_3_0
117830,Boarding,24990,213_2_0
117830,Exit,27810,219_2_0
117829,Boarding,24990,213_2_0
117829,Exit,27810,219_2_0
90901,Boarding,25530,204_2_0
90901,Exit,27810,219_2_0
90902,Boarding,25530,204_2_0
90902,Exit,27810,219_2_0
97558,Boarding,25830,206_2_0
97558,Exit,27810,219_2_0
97557,Boarding,25830,206_2_0
97557,Exit,27810,219_2_0
97559,Boarding,25830,206_2_0
97559,Exit,27810,219_2_0
10272,Boarding,25440,103_1_0
10272,Transfer,26880,113_1_0
10272,Boarding,26850,113_2_0
10272,Exit,27810,219_2_0
17064,Boarding,25800,105_1_0
17064,Transfer,26880,113_1_0
17064,Boarding,26850,113_2_0
17064,Exit,27810,219_2_0
17070,Boarding,25800,105_1_0
17070,Transfer,26880,113_1_0
17070,Boarding,26850,113_2_0
17070,Exit,27810,219_2_0
23776,Boarding,26220,108_1_0
23776,Transfer,26880,113_1_0
23776,Boarding,26850,113_2_0
23776,Exit,27810,219_2_0
30428,Boarding,26520,110_1_0
30428,Transfer,26880,113_1_0
30428,Boarding,26850,113_2_0
30428,Exit,27810,219_2_0
37243,Boarding,26640,111_1_0
37243,Transfer,26880,113_1_0
37243,Boarding,26850,113_2_0
37243,Exit,27810,219_2_0
124507,Boarding,27030,214_2_0
124507,Exit,27810,219_2_0
124505,Boarding,27030,214_2_0
124505,Exit,27810,219_2_0
131218,Boarding,27330,216_2_0
131218,Exit,27810,219_2_0
131216,Boarding,27330,216_2_0
131216,Exit,27810,219_2_0
145629,Boarding,25230,303_3_0
145629,Exit,27810,321_3_0
165758,Boarding,25710,316_3_0
165758,Exit,27810,321_3_0
165757,Boarding,25710,316_3_0
165757,Exit,27810,321_3_0
158974,Boarding,26010,310_3_0
158974,Exit,27810,321_3_0
158976,Boarding,26010,310_3_0
158976,Exit,27810,321_3_0
199394,Boarding,25620,913_4_0
199394,Transfer,26100,305_4_0
199394,Boarding,26250,305_3_0
199394,Exit,27810,321_3_0
152347,Boarding,26250,305_3_0
152347,Exit,27810,321_3_0
152344,Boarding,26250,305_3_0
152344,Exit,27810,321_3_0
91799,Boarding,25980,204_2_0
91799,Transfer,26640,208_2_0
91799,Boarding,26670,208_3_0
91799,Exit,27810,321_3_0
91802,Boarding,25980,204_2_0
91802,Transfer,26640,208_2_0
91802,Boarding,26670,208_3_0
91802,Exit,27810,321_3_0
91801,Boarding,25980,204_2_0
91801,Transfer,26640,208_2_0
91801,Boarding,26670,208_3_0
91801,Exit,27810,321_3_0
98507,Boarding,26280,206_2_0
98507,Transfer,26640,208_2_0
98507,Boarding,26670,208_3_0
98507,Exit,27810,321_3_0
24667,Boarding,25830,108_1_0
24667,Transfer,26850,116_1_0
24667,Boarding,27090,116_3_0
24667,Exit,27810,321_3_0
31432,Boarding,26130,110_1_0
31432,Transfer,26850,116_1_0
31432,Boarding,27090,116_3_0
31432,Exit,27810,321_3_0
38218,Boarding,26250,111_1_0
38218,Transfer,26850,116_1_0
38218,Boarding,27090,116_3_0
38218,Exit,27810,321_3_0
38,Boarding,27450,101_1_0
38,Exit,27810,103_1_0
158783,Boarding,25290,310_3_1
158783,Exit,27810,316_3_1
152132,Boarding,25710,305_3_1
152132,Exit,27810,316_3_1
152134,Boarding,25710,305_3_1
152134,Exit,27810,316_3_1
152131,Boarding,25710,305_3_1
152131,Exit,27810,316_3_1
17812,Boarding,26070,105_3_1
17812,Exit,27810,316_3_1
105106,Boarding,26610,208_3_1
105106,Exit,27810,316_3_1
105102,Boarding,26610,208_3_1
105102,Exit,27810,316_3_1
51508,Boarding,27090,116_3_1
51508,Exit,27810,316_3_1
110855,Boarding,25170,210_2_1
110855,Exit,27810,216_2_1
110856,Boarding,25170,210_2_1
110856,Exit,27810,216_2_1
110854,Boarding,25170,210_2_1
110854,Exit,27810,216_2_1
84100,Boarding,25710,202_2_1
84100,Exit,27810,216_2_1
84098,Boarding,25710,202_2_1
84098,Exit,27810,216_2_1
84099,Boarding,25710,202_2_1
84099,Exit,27810,216_2_1
97367,Boarding,26370,206_2_1
97367,Exit,27810,216_2_1
97363,Boarding,26370,206_2_1
97363,Exit,27810,216_2_1
97365,Boarding,26370,206_2_1
97365,Exit,27810,216_2_1
43810,Boarding,26850,113_2_1
43810,Exit,27810,216_2_1
124325,Boarding,27330,214_2_1
124325,Exit,27810,216_2_1
124322,Boarding,27330,214_2_1
124322,Exit,27810,216_2_1
29121,Boarding,26130,110_1_0
29121,Transfer,26490,113_1_0
29121,Boarding,26610,113_2_1
29121,Exit,27810,204_2_1
29119,Boarding,26130,110_1_0
29119,Transfer,26490,113_1_0
29119,Boarding,26610,113_2_1
29119,Exit,27810,204_2_1
35932,Boarding,26250,111_1_0
35932,Transfer,26490,113_1_0
35932,Boarding,26610,113_2_1
35932,Exit,27810,204_2_1
109980,Boarding,26970,210_2_1
109980,Exit,27810,204_2_1
109983,Boarding,26970,210_2_1
109983,Exit,27810,204_2_1
109984,Boarding,26970,210_2_1
109984,Exit,27810,204_2_1
82949,Boarding,27510,202_2_1
82949,Exit,27810,204_2_1
82950,Boarding,27510,202_2_1
82950,Exit,27810,204_2_1
82945,Boarding,27510,202_2_1
82945,Exit,27810,204_2_1
9655,Boarding,26160,103_1_0
9655,Transfer,27600,113_1_0
9655,Boarding,27660,113_2_0
9655,Exit,27840,213_2_0
9654,Boarding,26160,103_1_0
9654,Transfer,27600,113_1_0
9654,Boarding,27660,113_2_0
9654,Exit,27840,213_2_0
9660,Boarding,26160,103_1_0
9660,Transfer,27600,113_1_0
9660,Boarding,27660,113_2_0
9660,Exit,27840,213_2_0
16541,Boarding,26520,105_1_0
16541,Transfer,27600,113_1_0
16541,Boarding,27660,113_2_0
16541,Exit,27840,213_2_0
36691,Boarding,27360,111_1_0
36691,Transfer,27600,113_1_0
36691,Boarding,27660,113_2_0
36691,Exit,27840,213_2_0
43465,Boarding,27660,113_2_0
43465,Exit,27840,213_2_0
28543,Boarding,25740,110_1_0
28543,Exit,27840,125_1_0
28546,Boarding,25740,110_1_0
28546,Exit,27840,125_1_0
28542,Boarding,25740,110_1_0
28542,Exit,27840,125_1_0
28544,Boarding,25740,110_1_0
28544,Exit,27840,125_1_0
95868,Boarding,25380,206_2_0
95868,Transfer,25740,208_2_0
95868,Boarding,25770,208_3_0
95868,Transfer,26190,116_3_0
95868,Boarding,26460,116_1_0
95868,Exit,27840,125_1_0
95873,Boarding,25380,206_2_0
95873,Transfer,25740,208_2_0
95873,Boarding,25770,208_3_0
95873,Transfer,26190,116_3_0
95873,Boarding,26460,116_1_0
95873,Exit,27840,125_1_0
95871,Boarding,25380,206_2_0
95871,Transfer,25740,208_2_0
95871,Boarding,25770,208_3_0
95871,Transfer,26190,116_3_0
95871,Boarding,26460,116_1_0
95871,Exit,27840,125_1_0
95876,Boarding,25380,206_2_0
95876,Transfer,25740,208_2_0
95876,Boarding,25770,208_3_0
95876,Transfer,26190,116_3_0
95876,Boarding,26460,116_1_0
95876,Exit,27840,125_1_0
102656,Boarding,25770,208_3_0
102656,Transfer,26190,116_3_0
102656,Boarding,26460,116_1_0
102656,Exit,27840,125_1_0
48921,Boarding,26460,116_1_0
48921,Exit,27840,125_1_0
55458,Boarding,26880,119_1_0
55458,Exit,27840,125_1_0
55462,Boarding,26880,119_1_0
55462,Exit,27840,125_1_0
62284,Boarding,27360,122_1_0
62284,Exit,27840,125_1_0
200151,Boarding,26820,913_4_1
200151,Exit,27840,918_4_1
193458,Boarding,27540,909_4_1
193458,Exit,27840,918_4_1
193461,Boarding,27540,909_4_1
193461,Exit,27840,918_4_1
193462,Boarding,27540,909_4_1
193462,Exit,27840,918_4_1
193456,Boarding,27540,909_4_1
193456,Exit,27840,918_4_1
193459,Boarding,27540,909_4_1
193459,Exit,27840,918_4_1
25597,Boarding,27720,108_4_1
25597,Exit,27840,918_4_1
21701,Boarding,25740,108_1_1
21701,Exit,27840,122_1_1
21702,Boarding,25740,108_1_1
21702,Exit,27840,122_1_1
21703,Boarding,25740,108_1_1
21703,Exit,27840,122_1_1
21700,Boarding,25740,108_1_1
21700,Exit,27840,122_1_1
21698,Boarding,25740,108_1_1
21698,Exit,27840,122_1_1
21706,Boarding,25740,108_1_1
21706,Exit,27840,122_1_1
28332,Boarding,25860,110_1_1
28332,Exit,27840,122_1_1
28328,Boarding,25860,110_1_1
28328,Exit,27840,122_1_1
19100,Boarding,25800,105_1_0
19100,Transfer,26220,108_1_0
19100,Boarding,26160,108_4_0
19100,Exit,27840,919_4_0
206961,Boarding,26400,918_4_0
206961,Exit,27840,919_4_0
206957,Boarding,26400,918_4_0
206957,Exit,27840,919_4_0
200341,Boarding,27240,913_4_0
200341,Exit,27840,919_4_0
200342,Boarding,27240,913_4_0
200342,Exit,27840,919_4_0
200344,Boarding,27240,913_4_0
200344,Exit,27840,919_4_0
160060,Boarding,27090,310_3_1
160060,Transfer,27510,305_3_1
160060,Boarding,27720,305_4_0
160060,Exit,27840,919_4_0
160061,Boarding,27090,310_3_1
160061,Transfer,27510,305_3_1
160061,Boarding,27720,305_4_0
160061,Exit,27840,919_4_0
146773,Boarding,26580,303_3_0
146773,Transfer,27600,305_3_0
146773,Boarding,27720,305_4_0
146773,Exit,27840,919_4_0
146775,Boarding,26580,303_3_0
146775,Transfer,27600,305_3_0
146775,Boarding,27720,305_4_0
146775,Exit,27840,919_4_0
153430,Boarding,27720,305_4_0
153430,Exit,27840,919_4_0
153435,Boarding,27720,305_4_0
153435,Exit,27840,919_4_0
153432,Boarding,27720,305_4_0
153432,Exit,27840,919_4_0
153436,Boarding,27720,305_4_0
153436,Exit,27840,919_4_0
6999,Boarding,27060,103_1_0
6999,Exit,27840,108_1_0
218,Boarding,26700,101_1_1
218,Exit,27840,105_1_1
219,Boarding,26700,101_1_1
219,Exit,27840,105_1_1
226,Boarding,27060,101_1_1
226,Exit,27840,105_1_1
7186,Boarding,26760,103_1_0
7186,Exit,27840,110_1_0
409,Boarding,26760,101_1_1
409,Exit,27840,108_1_1
408,Boarding,26760,101_1_1
408,Exit,27840,108_1_1
13873,Boarding,27540,105_1_1
13873,Exit,27840,108_1_1
228,Boarding,27150,101_1_0
228,Exit,27870,105_1_0
6825,Boarding,27510,103_1_0
6825,Exit,27870,105_1_0
6823,Boarding,27510,103_1_0
6823,Exit,27870,105_1_0
35514,Boarding,25470,111_1_0
35514,Exit,27870,128_1_0
35515,Boarding,25470,111_1_0
35515,Exit,27870,128_1_0
49077,Boarding,26070,116_1_0
49077,Exit,27870,128_1_0
49076,Boarding,26070,116_1_0
49076,Exit,27870,128_1_0
49073,Boarding,26070,116_1_0
49073,Exit,27870,128_1_0
1647,Boarding,24270,101_1_1
1647,Exit,27870,125_1_1
8350,Boarding,24630,103_1_1
8350,Exit,27870,125_1_1
8351,Boarding,24630,103_1_1
8351,Exit,27870,125_1_1
21882,Boarding,25350,108_1_1
21882,Exit,27870,125_1_1
28545,Boarding,25470,110_1_1
28545,Exit,27870,125_1_1
35323,Boarding,25710,111_1_1
35323,Exit,27870,125_1_1
48922,Boarding,26490,116_1_1
48922,Exit,27870,125_1_1
55457,Boarding,26970,119_1_1
55457,Exit,27870,125_1_1
55461,Boarding,26970,119_1_1
55461,Exit,27870,125_1_1
55459,Boarding,26970,119_1_1
55459,Exit,27870,125_1_1
55463,Boarding,26970,119_1_1
55463,Exit,27870,125_1_1
62285,Boarding,27450,122_1_1
62285,Exit,27870,125_1_1
62283,Boarding,27450,122_1_1
62283,Exit,27870,125_1_1
148280,Boarding,27510,305_3_1
148280,Exit,27870,105_3_1
743,Boarding,26100,101_1_1
743,Exit,27900,111_1_1
745,Boarding,26460,101_1_1
745,Exit,27900,111_1_1
14259,Boarding,27240,105_1_1
14259,Exit,27900,111_1_1
20966,Boarding,27540,108_1_1
20966,Exit,27900,111_1_1
27603,Boarding,27660,110_1_1
27603,Exit,27900,111_1_1
43292,Boarding,26160,113_2_0
43292,Exit,27900,210_2_0
117266,Boarding,26340,213_2_0
117266,Exit,27900,210_2_0
90176,Boarding,26880,204_2_0
90176,Exit,27900,210_2_0
90174,Boarding,26880,204_2_0
90174,Exit,27900,210_2_0
90179,Boarding,26880,204_2_0
90179,Exit,27900,210_2_0
96780,Boarding,27180,206_2_0
96780,Exit,27900,210_2_0
96781,Boarding,27180,206_2_0
96781,Exit,27900,210_2_0
96782,Boarding,27180,206_2_0
96782,Exit,27900,210_2_0
96776,Boarding,27180,206_2_0
96776,Exit,27900,210_2_0
157417,Boarding,26190,310_3_1
157417,Transfer,27510,208_3_1
157417,Boarding,27540,208_2_0
157417,Exit,27900,210_2_0
144114,Boarding,26130,303_3_0
144114,Transfer,27570,208_3_0
144114,Boarding,27540,208_2_0
144114,Exit,27900,210_2_0
144120,Boarding,26130,303_3_0
144120,Transfer,27570,208_3_0
144120,Boarding,27540,208_2_0
144120,Exit,27900,210_2_0
144117,Boarding,26130,303_3_0
144117,Transfer,27570,208_3_0
144117,Boarding,27540,208_2_0
144117,Exit,27900,210_2_0
197714,Boarding,26700,913_4_0
197714,Transfer,27180,305_4_0
197714,Boarding,27150,305_3_0
197714,Transfer,27570,208_3_0
197714,Boarding,27540,208_2_0
197714,Exit,27900,210_2_0
197709,Boarding,26700,913_4_0
197709,Transfer,27180,305_4_0
197709,Boarding,27150,305_3_0
197709,Transfer,27570,208_3_0
197709,Boarding,27540,208_2_0
197709,Exit,27900,210_2_0
197702,Boarding,26700,913_4_0
197702,Transfer,27180,305_4_0
197702,Boarding,27150,305_3_0
197702,Transfer,27570,208_3_0
197702,Boarding,27540,208_2_0
197702,Exit,27900,210_2_0
197707,Boarding,26700,913_4_0
197707,Transfer,27180,305_4_0
197707,Boarding,27150,305_3_0
197707,Transfer,27570,208_3_0
197707,Boarding,27540,208_2_0
197707,Exit,27900,210_2_0
197704,Boarding,26700,913_4_0
197704,Transfer,27180,305_4_0
197704,Boarding,27150,305_3_0
197704,Transfer,27570,208_3_0
197704,Boarding,27540,208_2_0
197704,Exit,27900,210_2_0
197705,Boarding,26700,913_4_0
197705,Transfer,27180,305_4_0
197705,Boarding,27150,305_3_0
197705,Transfer,27570,208_3_0
197705,Boarding,27540,208_2_0
197705,Exit,27900,210_2_0
150886,Boarding,27150,305_3_0
150886,Transfer,27570,208_3_0
150886,Boarding,27540,208_2_0
150886,Exit,27900,210_2_0
150881,Boarding,27150,305_3_0
150881,Transfer,27570,208_3_0
150881,Boarding,27540,208_2_0
150881,Exit,27900,210_2_0
159680,Boarding,26640,310_3_1
159680,Transfer,27060,305_3_1
159680,Boarding,27420,305_4_1
159680,Exit,27900,913_4_1
159681,Boarding,26640,310_3_1
159681,Transfer,27060,305_3_1
159681,Boarding,27420,305_4_1
159681,Exit,27900,913_4_1
146400,Boarding,26130,303_3_0
146400,Transfer,27150,305_3_0
146400,Boarding,27420,305_4_1
146400,Exit,27900,913_4_1
146402,Boarding,26130,303_3_0
146402,Transfer,27150,305_3_0
146402,Boarding,27420,305_4_1
146402,Exit,27900,913_4_1
153070,Boarding,27420,305_4_1
153070,Exit,27900,913_4_1
153068,Boarding,27420,305_4_1
153068,Exit,27900,913_4_1
14443,Boarding,26820,105_1_0
14443,Exit,27900,113_1_0
24143,Boarding,27750,108_4_1
24143,Exit,27930,305_4_1
30030,Boarding,25350,110_1_0
30030,Transfer,25710,113_1_0
30030,Boarding,25710,113_2_0
30030,Exit,27930,214_2_0
30035,Boarding,25350,110_1_0
30035,Transfer,25710,113_1_0
30035,Boarding,25710,113_2_0
30035,Exit,27930,214_2_0
30034,Boarding,25350,110_1_0
30034,Transfer,25710,113_1_0
30034,Boarding,25710,113_2_0
30034,Exit,27930,214_2_0
36864,Boarding,25470,111_1_0
36864,Transfer,25710,113_1_0
36864,Boarding,25710,113_2_0
36864,Exit,27930,214_2_0
43642,Boarding,25710,113_2_0
43642,Exit,27930,214_2_0
90544,Boarding,26430,204_2_0
90544,Exit,27930,214_2_0
90545,Boarding,26430,204_2_0
90545,Exit,27930,214_2_0
97148,Boarding,26730,206_2_0
97148,Exit,27930,214_2_0
97151,Boarding,26730,206_2_0
97151,Exit,27930,214_2_0
97149,Boarding,26730,206_2_0
97149,Exit,27930,214_2_0
36884,Boarding,27510,111_1_0
36884,Transfer,27750,113_1_0
36884,Boarding,27750,113_2_0
36884,Exit,27930,214_2_0
110524,Boarding,26070,210_2_1
110524,Exit,27930,213_2_1
110523,Boarding,26070,210_2_1
110523,Exit,27930,213_2_1
110521,Boarding,26070,210_2_1
110521,Exit,27930,213_2_1
110522,Boarding,26070,210_2_1
110522,Exit,27930,213_2_1
83724,Boarding,26610,202_2_1
83724,Exit,27930,213_2_1
83726,Boarding,26610,202_2_1
83726,Exit,27930,213_2_1
83725,Boarding,26610,202_2_1
83725,Exit,27930,213_2_1
96983,Boarding,27270,206_2_1
96983,Exit,27930,213_2_1
96981,Boarding,27270,206_2_1
96981,Exit,27930,213_2_1
96977,Boarding,27270,206_2_1
96977,Exit,27930,213_2_1
103822,Boarding,27630,208_2_1
103822,Exit,27930,213_2_1
103827,Boarding,27630,208_2_1
103827,Exit,27930,213_2_1
42555,Boarding,27060,113_2_1
42555,Exit,27960,202_2_1
109805,Boarding,27420,210_2_1
109805,Exit,27960,202_2_1
109806,Boarding,27420,210_2_1
109806,Exit,27960,202_2_1
109809,Boarding,27420,210_2_1
109809,Exit,27960,202_2_1
109807,Boarding,27420,210_2_1
109807,Exit,27960,202_2_1
581,Boarding,26400,101_1_1
581,Exit,27960,110_1_1
7193,Boarding,27120,103_1_1
7193,Exit,27960,110_1_1
7190,Boarding,27120,103_1_1
7190,Exit,27960,110_1_1
14068,Boarding,27540,105_1_1
14068,Exit,27960,110_1_1
913,Boarding,25800,101_1_1
913,Exit,27960,113_1_1
914,Boarding,25800,101_1_1
914,Exit,27960,113_1_1
917,Boarding,25800,101_1_1
917,Exit,27960,113_1_1
21159,Boarding,27240,108_1_1
21159,Exit,27960,113_1_1
145828,Boarding,24780,303_3_0
145828,Exit,27960,325_3_0
165946,Boarding,25260,316_3_0
165946,Exit,27960,325_3_0
159134,Boarding,25560,310_3_0
159134,Exit,27960,325_3_0
91964,Boarding,25530,204_2_0
91964,Transfer,26190,208_2_0
91964,Boarding,26220,208_3_0
91964,Exit,27960,325_3_0
91970,Boarding,25530,204_2_0
91970,Transfer,26190,208_2_0
91970,Boarding,26220,208_3_0
91970,Exit,27960,325_3_0
91968,Boarding,25530,204_2_0
91968,Transfer,26190,208_2_0
91968,Boarding,26220,208_3_0
91968,Exit,27960,325_3_0
91966,Boarding,25530,204_2_0
91966,Transfer,26190,208_2_0
91966,Boarding,26220,208_3_0
91966,Exit,27960,325_3_0
98681,Boarding,25830,206_2_0
98681,Transfer,26190,208_2_0
98681,Boarding,26220,208_3_0
98681,Exit,27960,325_3_0
98677,Boarding,25830,206_2_0
98677,Transfer,26190,208_2_0
98677,Boarding,26220,208_3_0
98677,Exit,27960,325_3_0
105500,Boarding,26220,208_3_0
105500,Exit,27960,325_3_0
31623,Boarding,25740,110_1_0
31623,Transfer,26460,116_1_0
31623,Boarding,26640,116_3_0
31623,Exit,27960,325_3_0
31625,Boarding,25740,110_1_0
31625,Transfer,26460,116_1_0
31625,Boarding,26640,116_3_0
31625,Exit,27960,325_3_0
38373,Boarding,25860,111_1_0
38373,Transfer,26460,116_1_0
38373,Boarding,26640,116_3_0
38373,Exit,27960,325_3_0
38375,Boarding,25860,111_1_0
38375,Transfer,26460,116_1_0
38375,Boarding,26640,116_3_0
38375,Exit,27960,325_3_0
51834,Boarding,26640,116_3_0
51834,Exit,27960,325_3_0
172551,Boarding,27360,321_3_0
172551,Exit,27960,325_3_0
172549,Boarding,27360,321_3_0
172549,Exit,27960,325_3_0
150694,Boarding,27060,305_3_1
150694,Exit,27960,208_3_1
17989,Boarding,25620,105_3_1
17989,Exit,27960,321_3_1
105287,Boarding,26160,208_3_1
105287,Exit,27960,321_3_1
105288,Boarding,26160,208_3_1
105288,Exit,27960,321_3_1
105289,Boarding,26160,208_3_1
105289,Exit,27960,321_3_1
165768,Boarding,27360,316_3_1
165768,Exit,27960,321_3_1
7735,Boarding,26160,103_1_0
7735,Exit,27960,116_1_0
7731,Boarding,26160,103_1_0
7731,Exit,27960,116_1_0
7741,Boarding,26160,103_1_0
7741,Exit,27960,116_1_0
14650,Boarding,26520,105_1_0
14650,Exit,27960,116_1_0
14648,Boarding,26520,105_1_0
14648,Exit,27960,116_1_0
14649,Boarding,26520,105_1_0
14649,Exit,27960,116_1_0
27964,Boarding,27240,110_1_0
27964,Exit,27960,116_1_0
41567,Boarding,27600,113_1_0
41567,Exit,27960,116_1_0
155791,Boarding,26190,310_3_1
155791,Exit,27990,116_3_1
149191,Boarding,26610,305_3_1
149191,Exit,27990,116_3_1
149193,Boarding,26610,305_3_1
149193,Exit,27990,116_3_1
102084,Boarding,27510,208_3_1
102084,Exit,27990,116_3_1
102086,Boarding,27510,208_3_1
102086,Exit,27990,116_3_1
43121,Boarding,26610,113_2_0
43121,Exit,27990,208_2_0
117072,Boarding,26790,213_2_0
117072,Exit,27990,208_2_0
89999,Boarding,27330,204_2_0
89999,Exit,27990,208_2_0
90003,Boarding,27330,204_2_0
90003,Exit,27990,208_2_0
90004,Boarding,27330,204_2_0
90004,Exit,27990,208_2_0
89998,Boarding,27330,204_2_0
89998,Exit,27990,208_2_0
90001,Boarding,27330,204_2_0
90001,Exit,27990,208_2_0
7184,Boarding,26910,103_1_0
7184,Exit,27990,110_1_0
7182,Boarding,26910,103_1_0
7182,Exit,27990,110_1_0
13872,Boarding,27570,105_1_0
13872,Exit,27990,108_1_0
229,Boarding,27210,101_1_1
229,Exit,27990,105_1_1
142466,Boarding,26130,303_3_0
142466,Exit,27990,116_3_0
142465,Boarding,26130,303_3_0
142465,Exit,27990,116_3_0
162489,Boarding,26610,316_3_0
162489,Exit,27990,116_3_0
155792,Boarding,26910,310_3_0
155792,Exit,27990,116_3_0
196059,Boarding,26700,913_4_0
196059,Transfer,27180,305_4_0
196059,Boarding,27150,305_3_0
196059,Exit,27990,116_3_0
88732,Boarding,26880,204_2_0
88732,Transfer,27540,208_2_0
88732,Boarding,27570,208_3_0
88732,Exit,27990,116_3_0
88730,Boarding,26880,204_2_0
88730,Transfer,27540,208_2_0
88730,Boarding,27570,208_3_0
88730,Exit,27990,116_3_0
88727,Boarding,26880,204_2_0
88727,Transfer,27540,208_2_0
88727,Boarding,27570,208_3_0
88727,Exit,27990,116_3_0
88729,Boarding,26880,204_2_0
88729,Transfer,27540,208_2_0
88729,Boarding,27570,208_3_0
88729,Exit,27990,116_3_0
88731,Boarding,26880,204_2_0
88731,Transfer,27540,208_2_0
88731,Boarding,27570,208_3_0
88731,Exit,27990,116_3_0
95322,Boarding,27180,206_2_0
95322,Transfer,27540,208_2_0
95322,Boarding,27570,208_3_0
95322,Exit,27990,116_3_0
95329,Boarding,27180,206_2_0
95329,Transfer,27540,208_2_0
95329,Boarding,27570,208_3_0
95329,Exit,27990,116_3_0
9466,Boarding,26160,103_1_0
9466,Transfer,27600,113_1_0
9466,Boarding,27660,113_2_1
9466,Exit,28020,210_2_1
9468,Boarding,26160,103_1_0
9468,Transfer,27600,113_1_0
9468,Boarding,27660,113_2_1
9468,Exit,28020,210_2_1
9464,Boarding,26160,103_1_0
9464,Transfer,27600,113_1_0
9464,Boarding,27660,113_2_1
9464,Exit,28020,210_2_1
9471,Boarding,26160,103_1_0
9471,Transfer,27600,113_1_0
9471,Boarding,27660,113_2_1
9471,Exit,28020,210_2_1
29702,Boarding,27240,110_1_0
29702,Transfer,27600,113_1_0
29702,Boarding,27660,113_2_1
29702,Exit,28020,210_2_1
29704,Boarding,27240,110_1_0
29704,Transfer,27600,113_1_0
29704,Boarding,27660,113_2_1
29704,Exit,28020,210_2_1
143959,Boarding,26580,303_3_0
143959,Exit,28020,208_3_0
157269,Boarding,27360,310_3_0
157269,Exit,28020,208_3_0
150703,Boarding,27600,305_3_0
150703,Exit,28020,208_3_0
921,Boarding,26250,101_1_0
921,Exit,28050,113_1_0
925,Boarding,26250,101_1_0
925,Exit,28050,113_1_0
21160,Boarding,27390,108_1_0
21160,Exit,28050,113_1_0
27777,Boarding,27690,110_1_0
27777,Exit,28050,113_1_0
1098,Boarding,25830,101_1_1
1098,Exit,28050,116_1_1
1105,Boarding,25830,101_1_1
1105,Exit,28050,116_1_1
27957,Boarding,27030,110_1_1
27957,Exit,28050,116_1_1
145068,Boarding,27030,303_3_0
145068,Exit,28050,305_3_0
145063,Boarding,27030,303_3_0
145063,Exit,28050,305_3_0
145062,Boarding,27030,303_3_0
145062,Exit,28050,305_3_0
165421,Boarding,27510,316_3_0
165421,Exit,28050,305_3_0
165422,Boarding,27510,316_3_0
165422,Exit,28050,305_3_0
158624,Boarding,27810,310_3_0
158624,Exit,28050,305_3_0
158626,Boarding,27810,310_3_0
158626,Exit,28050,305_3_0
21521,Boarding,26610,108_1_0
21521,Exit,28050,119_1_0
28142,Boarding,26910,110_1_0
28142,Exit,28050,119_1_0
28144,Boarding,26910,110_1_0
28144,Exit,28050,119_1_0
28140,Boarding,26910,110_1_0
28140,Exit,28050,119_1_0
28138,Boarding,26910,110_1_0
28138,Exit,28050,119_1_0
28143,Boarding,26910,110_1_0
28143,Exit,28050,119_1_0
155985,Boarding,26460,310_3_0
155985,Transfer,27540,116_3_0
155985,Boarding,27630,116_1_0
155985,Exit,28050,119_1_0
155987,Boarding,26460,310_3_0
155987,Transfer,27540,116_3_0
155987,Boarding,27630,116_1_0
155987,Exit,28050,119_1_0
155986,Boarding,26460,310_3_0
155986,Transfer,27540,116_3_0
155986,Boarding,27630,116_1_0
155986,Exit,28050,119_1_0
155988,Boarding,26460,310_3_0
155988,Transfer,27540,116_3_0
155988,Boarding,27630,116_1_0
155988,Exit,28050,119_1_0
155989,Boarding,26460,310_3_0
155989,Transfer,27540,116_3_0
155989,Boarding,27630,116_1_0
155989,Exit,28050,119_1_0
88925,Boarding,26430,204_2_0
88925,Transfer,27090,208_2_0
88925,Boarding,27120,208_3_0
88925,Transfer,27540,116_3_0
88925,Boarding,27630,116_1_0
88925,Exit,28050,119_1_0
88922,Boarding,26430,204_2_0
88922,Transfer,27090,208_2_0
88922,Boarding,27120,208_3_0
88922,Transfer,27540,116_3_0
88922,Boarding,27630,116_1_0
88922,Exit,28050,119_1_0
95511,Boarding,26730,206_2_0
95511,Transfer,27090,208_2_0
95511,Boarding,27120,208_3_0
95511,Transfer,27540,116_3_0
95511,Boarding,27630,116_1_0
95511,Exit,28050,119_1_0
95510,Boarding,26730,206_2_0
95510,Transfer,27090,208_2_0
95510,Boarding,27120,208_3_0
95510,Transfer,27540,116_3_0
95510,Boarding,27630,116_1_0
95510,Exit,28050,119_1_0
95508,Boarding,26730,206_2_0
95508,Transfer,27090,208_2_0
95508,Boarding,27120,208_3_0
95508,Transfer,27540,116_3_0
95508,Boarding,27630,116_1_0
95508,Exit,28050,119_1_0
95512,Boarding,26730,206_2_0
95512,Transfer,27090,208_2_0
95512,Boarding,27120,208_3_0
95512,Transfer,27540,116_3_0
95512,Boarding,27630,116_1_0
95512,Exit,28050,119_1_0
95509,Boarding,26730,206_2_0
95509,Transfer,27090,208_2_0
95509,Boarding,27120,208_3_0
95509,Transfer,27540,116_3_0
95509,Boarding,27630,116_1_0
95509,Exit,28050,119_1_0
48500,Boarding,27630,116_1_0
48500,Exit,28050,119_1_0
747,Boarding,26610,101_1_1
747,Exit,28050,111_1_1
7361,Boarding,26970,103_1_1
7361,Exit,28050,111_1_1
12238,Boarding,27060,103_1_0
12238,Transfer,27840,108_1_0
12238,Boarding,27820,108_4_0
12238,Exit,28060,918_4_0
25601,Boarding,27820,108_4_0
25601,Exit,28060,918_4_0
202028,Boarding,27950,918_4_0
202028,Exit,28070,108_4_0
26685,Boarding,25440,108_4_0
26685,Exit,28080,928_4_0
201270,Boarding,26160,913_4_0
201270,Exit,28080,928_4_0
201267,Boarding,26160,913_4_0
201267,Exit,28080,928_4_0
201266,Boarding,26160,913_4_0
201266,Exit,28080,928_4_0
201269,Boarding,26160,913_4_0
201269,Exit,28080,928_4_0
147708,Boarding,25230,303_3_0
147708,Transfer,26250,305_3_0
147708,Boarding,26640,305_4_0
147708,Exit,28080,928_4_0
147717,Boarding,25230,303_3_0
147717,Transfer,26250,305_3_0
147717,Boarding,26640,305_4_0
147717,Exit,28080,928_4_0
147712,Boarding,25680,303_3_0
147712,Transfer,26700,305_3_0
147712,Boarding,26640,305_4_0
147712,Exit,28080,928_4_0
147718,Boarding,25680,303_3_0
147718,Transfer,26700,305_3_0
147718,Boarding,26640,305_4_0
147718,Exit,28080,928_4_0
147715,Boarding,25680,303_3_0
147715,Transfer,26700,305_3_0
147715,Boarding,26640,305_4_0
147715,Exit,28080,928_4_0
214574,Boarding,26760,919_4_0
214574,Exit,28080,928_4_0
221352,Boarding,27000,921_4_0
221352,Exit,28080,928_4_0
221354,Boarding,27000,921_4_0
221354,Exit,28080,928_4_0
221356,Boarding,27000,921_4_0
221356,Exit,28080,928_4_0
221348,Boarding,27000,921_4_0
221348,Exit,28080,928_4_0
234641,Boarding,27600,925_4_0
234641,Exit,28080,928_4_0
234642,Boarding,27600,925_4_0
234642,Exit,28080,928_4_0
234643,Boarding,27600,925_4_0
234643,Exit,28080,928_4_0
241492,Boarding,27780,926_4_0
241492,Exit,28080,928_4_0
241487,Boarding,27780,926_4_0
241487,Exit,28080,928_4_0
89816,Boarding,27780,204_2_0
89816,Exit,28080,206_2_0
89818,Boarding,27780,204_2_0
89818,Exit,28080,206_2_0
201064,Boarding,25740,913_4_1
201064,Exit,28080,926_4_1
201060,Boarding,25740,913_4_1
201060,Exit,28080,926_4_1
201066,Boarding,25740,913_4_1
201066,Exit,28080,926_4_1
194373,Boarding,26460,909_4_1
194373,Exit,28080,926_4_1
194374,Boarding,26460,909_4_1
194374,Exit,28080,926_4_1
194377,Boarding,26460,909_4_1
194377,Exit,28080,926_4_1
207687,Boarding,26760,918_4_1
207687,Exit,28080,926_4_1
207683,Boarding,26760,918_4_1
207683,Exit,28080,926_4_1
207680,Boarding,26760,918_4_1
207680,Exit,28080,926_4_1
207689,Boarding,26760,918_4_1
207689,Exit,28080,926_4_1
227821,Boarding,27600,922_4_1
227821,Exit,28080,926_4_1
227819,Boarding,27600,922_4_1
227819,Exit,28080,926_4_1
227815,Boarding,27600,922_4_1
227815,Exit,28080,926_4_1
227817,Boarding,27600,922_4_1
227817,Exit,28080,926_4_1
234460,Boarding,27780,925_4_1
234460,Exit,28080,926_4_1
159494,Boarding,26190,310_3_1
159494,Transfer,26610,305_3_1
159494,Boarding,26880,305_4_1
159494,Exit,28080,909_4_1
146224,Boarding,25680,303_3_0
146224,Transfer,26700,305_3_0
146224,Boarding,26880,305_4_1
146224,Exit,28080,909_4_1
152894,Boarding,26880,305_4_1
152894,Exit,28080,909_4_1
19285,Boarding,25800,105_1_0
19285,Transfer,26220,108_1_0
19285,Boarding,26160,108_4_0
19285,Exit,28080,921_4_0
19280,Boarding,25800,105_1_0
19280,Transfer,26220,108_1_0
19280,Boarding,26160,108_4_0
19280,Exit,28080,921_4_0
207151,Boarding,26400,918_4_0
207151,Exit,28080,921_4_0
207152,Boarding,26400,918_4_0
207152,Exit,28080,921_4_0
200522,Boarding,27240,913_4_0
200522,Exit,28080,921_4_0
200524,Boarding,27240,913_4_0
200524,Exit,28080,921_4_0
160257,Boarding,27090,310_3_1
160257,Transfer,27510,305_3_1
160257,Boarding,27720,305_4_0
160257,Exit,28080,921_4_0
146955,Boarding,26580,303_3_0
146955,Transfer,27600,305_3_0
146955,Boarding,27720,305_4_0
146955,Exit,28080,921_4_0
153608,Boarding,27720,305_4_0
153608,Exit,28080,921_4_0
213850,Boarding,27840,919_4_0
213850,Exit,28080,921_4_0
213851,Boarding,27840,919_4_0
213851,Exit,28080,921_4_0
213854,Boarding,27840,919_4_0
213854,Exit,28080,921_4_0
213849,Boarding,27840,919_4_0
213849,Exit,28080,921_4_0
200340,Boarding,26820,913_4_1
200340,Exit,28080,919_4_1
193646,Boarding,27540,909_4_1
193646,Exit,28080,919_4_1
193640,Boarding,27540,909_4_1
193640,Exit,28080,919_4_1
193642,Boarding,27540,909_4_1
193642,Exit,28080,919_4_1
193644,Boarding,27540,909_4_1
193644,Exit,28080,919_4_1
193638,Boarding,27540,909_4_1
193638,Exit,28080,919_4_1
193643,Boarding,27540,909_4_1
193643,Exit,28080,919_4_1
206965,Boarding,27840,918_4_1
206965,Exit,28080,919_4_1
206964,Boarding,27840,918_4_1
206964,Exit,28080,919_4_1
206966,Boarding,27840,918_4_1
206966,Exit,28080,919_4_1
10629,Boarding,27060,103_1_0
10629,Transfer,27840,108_1_0
10629,Boarding,27900,108_4_1
10629,Exit,28080,305_4_1
36293,Boarding,25860,111_1_0
36293,Transfer,26100,113_1_0
36293,Boarding,26160,113_2_1
36293,Exit,28080,208_2_1
110358,Boarding,26520,210_2_1
110358,Exit,28080,208_2_1
83320,Boarding,27060,202_2_1
83320,Exit,28080,208_2_1
83323,Boarding,27060,202_2_1
83323,Exit,28080,208_2_1
96610,Boarding,27720,206_2_1
96610,Exit,28080,208_2_1
34799,Boarding,27510,111_1_0
34799,Exit,28110,116_1_0
34798,Boarding,27510,111_1_0
34798,Exit,28110,116_1_0
7359,Boarding,26910,103_1_0
7359,Exit,28110,111_1_0
14258,Boarding,27270,105_1_0
14258,Exit,28110,111_1_0
20963,Boarding,27690,108_1_0
20963,Exit,28110,111_1_0
7188,Boarding,27270,103_1_1
7188,Exit,28110,110_1_1
14069,Boarding,27690,105_1_1
14069,Exit,28110,110_1_1
918,Boarding,26310,101_1_1
918,Exit,28110,113_1_1
7546,Boarding,26670,103_1_1
7546,Exit,28110,113_1_1
27779,Boarding,27510,110_1_1
27779,Exit,28110,113_1_1
158445,Boarding,27090,310_3_1
158445,Exit,28110,303_3_1
198654,Boarding,26700,913_4_0
198654,Transfer,27180,305_4_0
198654,Boarding,27510,305_3_1
198654,Exit,28110,303_3_1
198652,Boarding,26700,913_4_0
198652,Transfer,27180,305_4_0
198652,Boarding,27510,305_3_1
198652,Exit,28110,303_3_1
207478,Boarding,25860,918_4_0
207478,Exit,28140,925_4_0
207482,Boarding,25860,918_4_0
207482,Exit,28140,925_4_0
207477,Boarding,25860,918_4_0
207477,Exit,28140,925_4_0
26312,Boarding,25980,108_4_0
26312,Exit,28140,925_4_0
200886,Boarding,26700,913_4_0
200886,Exit,28140,925_4_0
200885,Boarding,26700,913_4_0
200885,Exit,28140,925_4_0
200884,Boarding,26700,913_4_0
200884,Exit,28140,925_4_0
200883,Boarding,26700,913_4_0
200883,Exit,28140,925_4_0
200882,Boarding,26700,913_4_0
200882,Exit,28140,925_4_0
160651,Boarding,26640,310_3_1
160651,Transfer,27060,305_3_1
160651,Boarding,27180,305_4_0
160651,Exit,28140,925_4_0
147313,Boarding,26130,303_3_0
147313,Transfer,27150,305_3_0
147313,Boarding,27180,305_4_0
147313,Exit,28140,925_4_0
214234,Boarding,27300,919_4_0
214234,Exit,28140,925_4_0
220975,Boarding,27540,921_4_0
220975,Exit,28140,925_4_0
220977,Boarding,27540,921_4_0
220977,Exit,28140,925_4_0
227619,Boarding,27660,922_4_0
227619,Exit,28140,925_4_0
404,Boarding,27000,101_1_0
404,Exit,28140,108_1_0
21708,Boarding,26220,108_1_0
21708,Exit,28140,122_1_0
35151,Boarding,26640,111_1_0
35151,Exit,28140,122_1_0
41946,Boarding,26880,113_1_0
41946,Exit,28140,122_1_0
156159,Boarding,26010,310_3_0
156159,Transfer,27090,116_3_0
156159,Boarding,27240,116_1_0
156159,Exit,28140,122_1_0
156162,Boarding,26010,310_3_0
156162,Transfer,27090,116_3_0
156162,Boarding,27240,116_1_0
156162,Exit,28140,122_1_0
156161,Boarding,26010,310_3_0
156161,Transfer,27090,116_3_0
156161,Boarding,27240,116_1_0
156161,Exit,28140,122_1_0
149583,Boarding,26250,305_3_0
149583,Transfer,27090,116_3_0
149583,Boarding,27240,116_1_0
149583,Exit,28140,122_1_0
149587,Boarding,26250,305_3_0
149587,Transfer,27090,116_3_0
149587,Boarding,27240,116_1_0
149587,Exit,28140,122_1_0
89089,Boarding,25980,204_2_0
89089,Transfer,26640,208_2_0
89089,Boarding,26670,208_3_0
89089,Transfer,27090,116_3_0
89089,Boarding,27240,116_1_0
89089,Exit,28140,122_1_0
89090,Boarding,25980,204_2_0
89090,Transfer,26640,208_2_0
89090,Boarding,26670,208_3_0
89090,Transfer,27090,116_3_0
89090,Boarding,27240,116_1_0
89090,Exit,28140,122_1_0
89091,Boarding,25980,204_2_0
89091,Transfer,26640,208_2_0
89091,Boarding,26670,208_3_0
89091,Transfer,27090,116_3_0
89091,Boarding,27240,116_1_0
89091,Exit,28140,122_1_0
89093,Boarding,25980,204_2_0
89093,Transfer,26640,208_2_0
89093,Boarding,26670,208_3_0
89093,Transfer,27090,116_3_0
89093,Boarding,27240,116_1_0
89093,Exit,28140,122_1_0
95677,Boarding,26280,206_2_0
95677,Transfer,26640,208_2_0
95677,Boarding,26670,208_3_0
95677,Transfer,27090,116_3_0
95677,Boarding,27240,116_1_0
95677,Exit,28140,122_1_0
95676,Boarding,26280,206_2_0
95676,Transfer,26640,208_2_0
95676,Boarding,26670,208_3_0
95676,Transfer,27090,116_3_0
95676,Boarding,27240,116_1_0
95676,Exit,28140,122_1_0
95682,Boarding,26280,206_2_0
95682,Transfer,26640,208_2_0
95682,Boarding,26670,208_3_0
95682,Transfer,27090,116_3_0
95682,Boarding,27240,116_1_0
95682,Exit,28140,122_1_0
48721,Boarding,27240,116_1_0
48721,Exit,28140,122_1_0
48726,Boarding,27240,116_1_0
48726,Exit,28140,122_1_0
55287,Boarding,27660,119_1_0
55287,Exit,28140,122_1_0
200703,Boarding,26280,913_4_1
200703,Exit,28140,922_4_1
200699,Boarding,26280,913_4_1
200699,Exit,28140,922_4_1
194027,Boarding,27000,909_4_1
194027,Exit,28140,922_4_1
26139,Boarding,27180,108_4_1
26139,Exit,28140,922_4_1
207327,Boarding,27300,918_4_1
207327,Exit,28140,922_4_1
207328,Boarding,27300,918_4_1
207328,Exit,28140,922_4_1
207330,Boarding,27300,918_4_1
207330,Exit,28140,922_4_1
207329,Boarding,27300,918_4_1
207329,Exit,28140,922_4_1
207331,Boarding,27300,918_4_1
207331,Exit,28140,922_4_1
207324,Boarding,27300,918_4_1
207324,Exit,28140,922_4_1
207322,Boarding,27300,918_4_1
207322,Exit,28140,922_4_1
214031,Boarding,27540,919_4_1
214031,Exit,28140,922_4_1
220796,Boarding,27660,921_4_1
220796,Exit,28140,922_4_1
220797,Boarding,27660,921_4_1
220797,Exit,28140,922_4_1
405,Boarding,26700,101_1_1
405,Exit,28140,108_1_1
411,Boarding,27060,101_1_1
411,Exit,28140,108_1_1
7005,Boarding,27420,103_1_1
7005,Exit,28140,108_1_1
13869,Boarding,27840,105_1_1
13869,Exit,28140,108_1_1
9658,Boarding,26460,103_1_0
9658,Transfer,27900,113_1_0
9658,Boarding,27960,113_2_0
9658,Exit,28140,213_2_0
16542,Boarding,26820,105_1_0
16542,Transfer,27900,113_1_0
16542,Boarding,27960,113_2_0
16542,Exit,28140,213_2_0
16543,Boarding,26820,105_1_0
16543,Transfer,27900,113_1_0
16543,Boarding,27960,113_2_0
16543,Exit,28140,213_2_0
43469,Boarding,27960,113_2_0
43469,Exit,28140,213_2_0
7191,Boarding,27060,103_1_0
7191,Exit,28140,110_1_0
7198,Boarding,27060,103_1_0
7198,Exit,28140,110_1_0
1305,Boarding,25440,101_1_1
1305,Exit,28140,119_1_1
1308,Boarding,25440,101_1_1
1308,Exit,28140,119_1_1
1306,Boarding,25440,101_1_1
1306,Exit,28140,119_1_1
1309,Boarding,25440,101_1_1
1309,Exit,28140,119_1_1
1300,Boarding,25440,101_1_1
1300,Exit,28140,119_1_1
7927,Boarding,25800,103_1_1
7927,Exit,28140,119_1_1
7923,Boarding,25800,103_1_1
7923,Exit,28140,119_1_1
7921,Boarding,25800,103_1_1
7921,Exit,28140,119_1_1
21526,Boarding,26520,108_1_1
21526,Exit,28140,119_1_1
21523,Boarding,26520,108_1_1
21523,Exit,28140,119_1_1
21525,Boarding,26520,108_1_1
21525,Exit,28140,119_1_1
21520,Boarding,26520,108_1_1
21520,Exit,28140,119_1_1
28141,Boarding,26640,110_1_1
28141,Exit,28140,119_1_1
34968,Boarding,26880,111_1_1
34968,Exit,28140,119_1_1
41758,Boarding,27240,113_1_1
41758,Exit,28140,119_1_1
41757,Boarding,27240,113_1_1
41757,Exit,28140,119_1_1
48504,Boarding,27660,116_1_1
48504,Exit,28140,119_1_1
29308,Boarding,26130,110_1_0
29308,Transfer,26490,113_1_0
29308,Boarding,26610,113_2_1
29308,Exit,28170,206_2_1
36144,Boarding,26250,111_1_0
36144,Transfer,26490,113_1_0
36144,Boarding,26610,113_2_1
36144,Exit,28170,206_2_1
110161,Boarding,26970,210_2_1
110161,Exit,28170,206_2_1
110159,Boarding,26970,210_2_1
110159,Exit,28170,206_2_1
110163,Boarding,26970,210_2_1
110163,Exit,28170,206_2_1
110160,Boarding,26970,210_2_1
110160,Exit,28170,206_2_1
83147,Boarding,27510,202_2_1
83147,Exit,28170,206_2_1
83144,Boarding,27510,202_2_1
83144,Exit,28170,206_2_1
199761,Boarding,24540,913_4_0
199761,Transfer,25020,305_4_0
199761,Boarding,25350,305_3_0
199761,Exit,28170,329_3_0
199762,Boarding,24540,913_4_0
199762,Transfer,25020,305_4_0
199762,Boarding,25350,305_3_0
199762,Exit,28170,329_3_0
92166,Boarding,25080,204_2_0
92166,Transfer,25740,208_2_0
92166,Boarding,25770,208_3_0
92166,Exit,28170,329_3_0
98868,Boarding,25380,206_2_0
98868,Transfer,25740,208_2_0
98868,Boarding,25770,208_3_0
98868,Exit,28170,329_3_0
25034,Boarding,25050,108_1_0
25034,Transfer,26070,116_1_0
25034,Boarding,26190,116_3_0
25034,Exit,28170,329_3_0
31781,Boarding,25350,110_1_0
31781,Transfer,26070,116_1_0
31781,Boarding,26190,116_3_0
31781,Exit,28170,329_3_0
31790,Boarding,25350,110_1_0
31790,Transfer,26070,116_1_0
31790,Boarding,26190,116_3_0
31790,Exit,28170,329_3_0
31782,Boarding,25350,110_1_0
31782,Transfer,26070,116_1_0
31782,Boarding,26190,116_3_0
31782,Exit,28170,329_3_0
31784,Boarding,25350,110_1_0
31784,Transfer,26070,116_1_0
31784,Boarding,26190,116_3_0
31784,Exit,28170,329_3_0
31783,Boarding,25350,110_1_0
31783,Transfer,26070,116_1_0
31783,Boarding,26190,116_3_0
31783,Exit,28170,329_3_0
172729,Boarding,26910,321_3_0
172729,Exit,28170,329_3_0
172728,Boarding,26910,321_3_0
172728,Exit,28170,329_3_0
179584,Boarding,27510,325_3_0
179584,Exit,28170,329_3_0
179579,Boarding,27510,325_3_0
179579,Exit,28170,329_3_0
179582,Boarding,27510,325_3_0
179582,Exit,28170,329_3_0
145830,Boarding,25410,303_3_1
145830,Exit,28170,325_3_1
105492,Boarding,25710,208_3_1
105492,Exit,28170,325_3_1
105497,Boarding,25710,208_3_1
105497,Exit,28170,325_3_1
105490,Boarding,25710,208_3_1
105490,Exit,28170,325_3_1
105489,Boarding,25710,208_3_1
105489,Exit,28170,325_3_1
165949,Boarding,26910,316_3_1
165949,Exit,28170,325_3_1
165953,Boarding,26910,316_3_1
165953,Exit,28170,325_3_1
165952,Boarding,26910,316_3_1
165952,Exit,28170,325_3_1
165951,Boarding,26910,316_3_1
165951,Exit,28170,325_3_1
6824,Boarding,27810,103_1_0
6824,Exit,28170,105_1_0
207319,Boarding,26400,918_4_0
207319,Exit,28200,922_4_0
207316,Boarding,26400,918_4_0
207316,Exit,28200,922_4_0
200698,Boarding,27240,913_4_0
200698,Exit,28200,922_4_0
200701,Boarding,27240,913_4_0
200701,Exit,28200,922_4_0
200705,Boarding,27240,913_4_0
200705,Exit,28200,922_4_0
200706,Boarding,27240,913_4_0
200706,Exit,28200,922_4_0
147157,Boarding,26580,303_3_0
147157,Transfer,27600,305_3_0
147157,Boarding,27720,305_4_0
147157,Exit,28200,922_4_0
147158,Boarding,26580,303_3_0
147158,Transfer,27600,305_3_0
147158,Boarding,27720,305_4_0
147158,Exit,28200,922_4_0
147155,Boarding,26580,303_3_0
147155,Transfer,27600,305_3_0
147155,Boarding,27720,305_4_0
147155,Exit,28200,922_4_0
153776,Boarding,27720,305_4_0
153776,Exit,28200,922_4_0
220805,Boarding,28080,921_4_0
220805,Exit,28200,922_4_0
220800,Boarding,28080,921_4_0
220800,Exit,28200,922_4_0
220804,Boarding,28080,921_4_0
220804,Exit,28200,922_4_0
7369,Boarding,27120,103_1_1
7369,Exit,28200,111_1_1
20967,Boarding,27840,108_1_1
20967,Exit,28200,111_1_1
193844,Boarding,27540,909_4_1
193844,Exit,28200,921_4_1
193841,Boarding,27540,909_4_1
193841,Exit,28200,921_4_1
193843,Boarding,27540,909_4_1
193843,Exit,28200,921_4_1
207155,Boarding,27840,918_4_1
207155,Exit,28200,921_4_1
207156,Boarding,27840,918_4_1
207156,Exit,28200,921_4_1
213855,Boarding,28080,919_4_1
213855,Exit,28200,921_4_1
213858,Boarding,28080,919_4_1
213858,Exit,28200,921_4_1
213861,Boarding,28080,919_4_1
213861,Exit,28200,921_4_1
108704,Boarding,26520,210_2_1
108704,Exit,28200,113_2_1
108709,Boarding,26520,210_2_1
108709,Exit,28200,113_2_1
108706,Boarding,26520,210_2_1
108706,Exit,28200,113_2_1
81899,Boarding,27060,202_2_1
81899,Exit,28200,113_2_1
81900,Boarding,27060,202_2_1
81900,Exit,28200,113_2_1
81903,Boarding,27060,202_2_1
81903,Exit,28200,113_2_1
81905,Boarding,27060,202_2_1
81905,Exit,28200,113_2_1
81901,Boarding,27060,202_2_1
81901,Exit,28200,113_2_1
115450,Boarding,26340,213_2_0
115450,Exit,28200,113_2_0
88557,Boarding,26880,204_2_0
88557,Exit,28200,113_2_0
88558,Boarding,26880,204_2_0
88558,Exit,28200,113_2_0
88555,Boarding,26880,204_2_0
88555,Exit,28200,113_2_0
88556,Boarding,26880,204_2_0
88556,Exit,28200,113_2_0
88552,Boarding,26880,204_2_0
88552,Exit,28200,113_2_0
88554,Boarding,26880,204_2_0
88554,Exit,28200,113_2_0
88553,Boarding,26880,204_2_0
88553,Exit,28200,113_2_0
95141,Boarding,27180,206_2_0
95141,Exit,28200,113_2_0
95146,Boarding,27180,206_2_0
95146,Exit,28200,113_2_0
108713,Boarding,27900,210_2_0
108713,Exit,28200,113_2_0
108710,Boarding,27900,210_2_0
108710,Exit,28200,113_2_0
108712,Boarding,27900,210_2_0
108712,Exit,28200,113_2_0
108714,Boarding,27900,210_2_0
108714,Exit,28200,113_2_0
8136,Boarding,25410,103_1_1
8136,Exit,28230,122_1_1
8140,Boarding,25410,103_1_1
8140,Exit,28230,122_1_1
15005,Boarding,25830,105_1_1
15005,Exit,28230,122_1_1
35152,Boarding,26490,111_1_1
35152,Exit,28230,122_1_1
110683,Boarding,26070,210_2_1
110683,Exit,28230,214_2_1
110688,Boarding,26070,210_2_1
110688,Exit,28230,214_2_1
83908,Boarding,26610,202_2_1
83908,Exit,28230,214_2_1
83907,Boarding,26610,202_2_1
83907,Exit,28230,214_2_1
30245,Boarding,25350,110_1_0
30245,Transfer,25710,113_1_0
30245,Boarding,25710,113_2_0
30245,Exit,28230,216_2_0
30246,Boarding,25350,110_1_0
30246,Transfer,25710,113_1_0
30246,Boarding,25710,113_2_0
30246,Exit,28230,216_2_0
30244,Boarding,25350,110_1_0
30244,Transfer,25710,113_1_0
30244,Boarding,25710,113_2_0
30244,Exit,28230,216_2_0
43797,Boarding,25710,113_2_0
43797,Exit,28230,216_2_0
90716,Boarding,26430,204_2_0
90716,Exit,28230,216_2_0
90718,Boarding,26430,204_2_0
90718,Exit,28230,216_2_0
97366,Boarding,26730,206_2_0
97366,Exit,28230,216_2_0
124324,Boarding,27930,214_2_0
124324,Exit,28230,216_2_0
124327,Boarding,27930,214_2_0
124327,Exit,28230,216_2_0
15184,Boarding,25410,105_1_0
15184,Exit,28230,125_1_0
21875,Boarding,25830,108_1_0
21875,Exit,28230,125_1_0
109429,Boarding,26100,210_2_0
109429,Transfer,26400,113_2_0
109429,Boarding,26490,113_1_0
109429,Exit,28230,125_1_0
156329,Boarding,25560,310_3_0
156329,Transfer,26640,116_3_0
156329,Boarding,26850,116_1_0
156329,Exit,28230,125_1_0
156336,Boarding,25560,310_3_0
156336,Transfer,26640,116_3_0
156336,Boarding,26850,116_1_0
156336,Exit,28230,125_1_0
156331,Boarding,25560,310_3_0
156331,Transfer,26640,116_3_0
156331,Boarding,26850,116_1_0
156331,Exit,28230,125_1_0
156335,Boarding,25560,310_3_0
156335,Transfer,26640,116_3_0
156335,Boarding,26850,116_1_0
156335,Exit,28230,125_1_0
89250,Boarding,25530,204_2_0
89250,Transfer,26190,208_2_0
89250,Boarding,26220,208_3_0
89250,Transfer,26640,116_3_0
89250,Boarding,26850,116_1_0
89250,Exit,28230,125_1_0
89251,Boarding,25530,204_2_0
89251,Transfer,26190,208_2_0
89251,Boarding,26220,208_3_0
89251,Transfer,26640,116_3_0
89251,Boarding,26850,116_1_0
89251,Exit,28230,125_1_0
89248,Boarding,25530,204_2_0
89248,Transfer,26190,208_2_0
89248,Boarding,26220,208_3_0
89248,Transfer,26640,116_3_0
89248,Boarding,26850,116_1_0
89248,Exit,28230,125_1_0
95875,Boarding,25830,206_2_0
95875,Transfer,26190,208_2_0
95875,Boarding,26220,208_3_0
95875,Transfer,26640,116_3_0
95875,Boarding,26850,116_1_0
95875,Exit,28230,125_1_0
95878,Boarding,25830,206_2_0
95878,Transfer,26190,208_2_0
95878,Boarding,26220,208_3_0
95878,Transfer,26640,116_3_0
95878,Boarding,26850,116_1_0
95878,Exit,28230,125_1_0
95874,Boarding,25830,206_2_0
95874,Transfer,26190,208_2_0
95874,Boarding,26220,208_3_0
95874,Transfer,26640,116_3_0
95874,Boarding,26850,116_1_0
95874,Exit,28230,125_1_0
48925,Boarding,26850,116_1_0
48925,Exit,28230,125_1_0
48924,Boarding,26850,116_1_0
48924,Exit,28230,125_1_0
48923,Boarding,26850,116_1_0
48923,Exit,28230,125_1_0
55467,Boarding,27270,119_1_0
55467,Exit,28230,125_1_0
62282,Boarding,27750,122_1_0
62282,Exit,28230,125_1_0
62286,Boarding,27750,122_1_0
62286,Exit,28230,125_1_0
10825,Boarding,26310,103_1_0
10825,Transfer,26670,105_1_0
10825,Boarding,27060,105_3_0
10825,Exit,28260,310_3_0
10824,Boarding,26460,103_1_0
10824,Transfer,26820,105_1_0
10824,Boarding,27060,105_3_0
10824,Exit,28260,310_3_0
4110,Boarding,26250,101_1_0
4110,Transfer,26970,105_1_0
4110,Boarding,27060,105_3_0
4110,Exit,28260,310_3_0
17617,Boarding,27060,105_3_0
17617,Exit,28260,310_3_0
165585,Boarding,27960,316_3_0
165585,Exit,28260,310_3_0
205440,Boarding,26940,918_4_0
205440,Exit,28260,305_4_0
205450,Boarding,26940,918_4_0
205450,Exit,28260,305_4_0
205448,Boarding,26940,918_4_0
205448,Exit,28260,305_4_0
24141,Boarding,27060,108_4_0
24141,Exit,28260,305_4_0
198864,Boarding,27780,913_4_0
198864,Exit,28260,305_4_0
198863,Boarding,27780,913_4_0
198863,Exit,28260,305_4_0
8352,Boarding,25020,103_1_1
8352,Exit,28260,125_1_1
8353,Boarding,25020,103_1_1
8353,Exit,28260,125_1_1
28547,Boarding,25860,110_1_1
28547,Exit,28260,125_1_1
35324,Boarding,26100,111_1_1
35324,Exit,28260,125_1_1
35322,Boarding,26100,111_1_1
35322,Exit,28260,125_1_1
35325,Boarding,26100,111_1_1
35325,Exit,28260,125_1_1
919,Boarding,26460,101_1_1
919,Exit,28260,113_1_1
21157,Boarding,27540,108_1_1
21157,Exit,28260,113_1_1
21161,Boarding,27540,108_1_1
21161,Exit,28260,113_1_1
152140,Boarding,26160,305_3_1
152140,Exit,28260,316_3_1
145435,Boarding,26760,303_3_1
145435,Exit,28260,316_3_1
145437,Boarding,26760,303_3_1
145437,Exit,28260,316_3_1
145432,Boarding,26760,303_3_1
145432,Exit,28260,316_3_1
145433,Boarding,26760,303_3_1
145433,Exit,28260,316_3_1
145436,Boarding,26760,303_3_1
145436,Exit,28260,316_3_1
105103,Boarding,27060,208_3_1
105103,Exit,28260,316_3_1
105110,Boarding,27060,208_3_1
105110,Exit,28260,316_3_1
105111,Boarding,27060,208_3_1
105111,Exit,28260,316_3_1
51512,Boarding,27540,116_3_1
51512,Exit,28260,316_3_1
7366,Boarding,27060,103_1_0
7366,Exit,28260,111_1_0
27604,Boarding,28140,110_1_0
27604,Exit,28260,111_1_0
188624,Boarding,28080,909_4_1
188624,Exit,28260,108_4_1
188628,Boarding,28080,909_4_1
188628,Exit,28260,108_4_1
188622,Boarding,28080,909_4_1
188622,Exit,28260,108_4_1
188623,Boarding,28080,909_4_1
188623,Exit,28260,108_4_1
188627,Boarding,28080,909_4_1
188627,Exit,28260,108_4_1
188629,Boarding,28080,909_4_1
188629,Exit,28260,108_4_1
14066,Boarding,27840,105_1_1
14066,Exit,28260,110_1_1
14067,Boarding,27840,105_1_1
14067,Exit,28260,110_1_1
145627,Boarding,25680,303_3_0
145627,Exit,28260,321_3_0
145628,Boarding,25680,303_3_0
145628,Exit,28260,321_3_0
158978,Boarding,26460,310_3_0
158978,Exit,28260,321_3_0
199389,Boarding,26160,913_4_0
199389,Transfer,26640,305_4_0
199389,Boarding,26700,305_3_0
199389,Exit,28260,321_3_0
199388,Boarding,26160,913_4_0
199388,Transfer,26640,305_4_0
199388,Boarding,26700,305_3_0
199388,Exit,28260,321_3_0
199391,Boarding,26160,913_4_0
199391,Transfer,26640,305_4_0
199391,Boarding,26700,305_3_0
199391,Exit,28260,321_3_0
199393,Boarding,26160,913_4_0
199393,Transfer,26640,305_4_0
199393,Boarding,26700,305_3_0
199393,Exit,28260,321_3_0
199395,Boarding,26160,913_4_0
199395,Transfer,26640,305_4_0
199395,Boarding,26700,305_3_0
199395,Exit,28260,321_3_0
91807,Boarding,26430,204_2_0
91807,Transfer,27090,208_2_0
91807,Boarding,27120,208_3_0
91807,Exit,28260,321_3_0
91804,Boarding,26430,204_2_0
91804,Transfer,27090,208_2_0
91804,Boarding,27120,208_3_0
91804,Exit,28260,321_3_0
91805,Boarding,26430,204_2_0
91805,Transfer,27090,208_2_0
91805,Boarding,27120,208_3_0
91805,Exit,28260,321_3_0
98509,Boarding,26730,206_2_0
98509,Transfer,27090,208_2_0
98509,Boarding,27120,208_3_0
98509,Exit,28260,321_3_0
98504,Boarding,26730,206_2_0
98504,Transfer,27090,208_2_0
98504,Boarding,27120,208_3_0
98504,Exit,28260,321_3_0
98505,Boarding,26730,206_2_0
98505,Transfer,27090,208_2_0
98505,Boarding,27120,208_3_0
98505,Exit,28260,321_3_0
98506,Boarding,26730,206_2_0
98506,Transfer,27090,208_2_0
98506,Boarding,27120,208_3_0
98506,Exit,28260,321_3_0
4458,Boarding,25080,101_1_0
4458,Transfer,27240,116_1_0
4458,Boarding,27540,116_3_0
4458,Exit,28260,321_3_0
17988,Boarding,25800,105_1_0
17988,Transfer,27240,116_1_0
17988,Boarding,27540,116_3_0
17988,Exit,28260,321_3_0
38219,Boarding,26640,111_1_0
38219,Transfer,27240,116_1_0
38219,Boarding,27540,116_3_0
38219,Exit,28260,321_3_0
38216,Boarding,26640,111_1_0
38216,Transfer,27240,116_1_0
38216,Boarding,27540,116_3_0
38216,Exit,28260,321_3_0
44956,Boarding,26880,113_1_0
44956,Transfer,27240,116_1_0
44956,Boarding,27540,116_3_0
44956,Exit,28260,321_3_0
8542,Boarding,24660,103_1_0
8542,Exit,28260,128_1_0
8540,Boarding,24660,103_1_0
8540,Exit,28260,128_1_0
15353,Boarding,25020,105_1_0
15353,Exit,28260,128_1_0
28747,Boarding,25740,110_1_0
28747,Exit,28260,128_1_0
28745,Boarding,25740,110_1_0
28745,Exit,28260,128_1_0
28748,Boarding,25740,110_1_0
28748,Exit,28260,128_1_0
35517,Boarding,25860,111_1_0
35517,Exit,28260,128_1_0
156524,Boarding,25110,310_3_0
156524,Transfer,26190,116_3_0
156524,Boarding,26460,116_1_0
156524,Exit,28260,128_1_0
89427,Boarding,25080,204_2_0
89427,Transfer,25740,208_2_0
89427,Boarding,25770,208_3_0
89427,Transfer,26190,116_3_0
89427,Boarding,26460,116_1_0
89427,Exit,28260,128_1_0
96070,Boarding,25380,206_2_0
96070,Transfer,25740,208_2_0
96070,Boarding,25770,208_3_0
96070,Transfer,26190,116_3_0
96070,Boarding,26460,116_1_0
96070,Exit,28260,128_1_0
96069,Boarding,25380,206_2_0
96069,Transfer,25740,208_2_0
96069,Boarding,25770,208_3_0
96069,Transfer,26190,116_3_0
96069,Boarding,26460,116_1_0
96069,Exit,28260,128_1_0
96063,Boarding,25380,206_2_0
96063,Transfer,25740,208_2_0
96063,Boarding,25770,208_3_0
96063,Transfer,26190,116_3_0
96063,Boarding,26460,116_1_0
96063,Exit,28260,128_1_0
55631,Boarding,26880,119_1_0
55631,Exit,28260,128_1_0
62469,Boarding,27360,122_1_0
62469,Exit,28260,128_1_0
62468,Boarding,27360,122_1_0
62468,Exit,28260,128_1_0
62470,Boarding,27360,122_1_0
62470,Exit,28260,128_1_0
62472,Boarding,27360,122_1_0
62472,Exit,28260,128_1_0
62467,Boarding,27360,122_1_0
62467,Exit,28260,128_1_0
69237,Boarding,27840,125_1_0
69237,Exit,28260,128_1_0
69234,Boarding,27840,125_1_0
69234,Exit,28260,128_1_0
69236,Boarding,27840,125_1_0
69236,Exit,28260,128_1_0
110862,Boarding,25620,210_2_1
110862,Exit,28260,216_2_1
110859,Boarding,25620,210_2_1
110859,Exit,28260,216_2_1
110858,Boarding,25620,210_2_1
110858,Exit,28260,216_2_1
84101,Boarding,26160,202_2_1
84101,Exit,28260,216_2_1
104197,Boarding,27180,208_2_1
104197,Exit,28260,216_2_1
104198,Boarding,27180,208_2_1
104198,Exit,28260,216_2_1
117665,Boarding,27480,213_2_1
117665,Exit,28260,216_2_1
117667,Boarding,27480,213_2_1
117667,Exit,28260,216_2_1
117668,Boarding,27480,213_2_1
117668,Exit,28260,216_2_1
117666,Boarding,27480,213_2_1
117666,Exit,28260,216_2_1
117664,Boarding,27480,213_2_1
117664,Exit,28260,216_2_1
117661,Boarding,27480,213_2_1
117661,Exit,28260,216_2_1
124323,Boarding,27780,214_2_1
124323,Exit,28260,216_2_1
42732,Boarding,27060,113_2_1
42732,Exit,28260,204_2_1
42730,Boarding,27060,113_2_1
42730,Exit,28260,204_2_1
82947,Boarding,27960,202_2_1
82947,Exit,28260,204_2_1
82951,Boarding,27960,202_2_1
82951,Exit,28260,204_2_1
82944,Boarding,27960,202_2_1
82944,Exit,28260,204_2_1
82946,Boarding,27960,202_2_1
82946,Exit,28260,204_2_1
82948,Boarding,27960,202_2_1
82948,Exit,28260,204_2_1
34800,Boarding,27660,111_1_0
34800,Exit,28260,116_1_0
41569,Boarding,27900,113_1_0
41569,Exit,28260,116_1_0
117834,Boarding,25440,213_2_0
117834,Exit,28260,219_2_0
104380,Boarding,26640,208_2_0
104380,Exit,28260,219_2_0
111049,Boarding,27000,210_2_0
111049,Exit,28260,219_2_0
17074,Boarding,26190,105_1_0
17074,Transfer,27270,113_1_0
17074,Boarding,27300,113_2_0
17074,Exit,28260,219_2_0
30429,Boarding,26910,110_1_0
30429,Transfer,27270,113_1_0
30429,Boarding,27300,113_2_0
30429,Exit,28260,219_2_0
30431,Boarding,26910,110_1_0
30431,Transfer,27270,113_1_0
30431,Boarding,27300,113_2_0
30431,Exit,28260,219_2_0
37244,Boarding,27030,111_1_0
37244,Transfer,27270,113_1_0
37244,Boarding,27300,113_2_0
37244,Exit,28260,219_2_0
124510,Boarding,27480,214_2_0
124510,Exit,28260,219_2_0
124511,Boarding,27480,214_2_0
124511,Exit,28260,219_2_0
131215,Boarding,27780,216_2_0
131215,Exit,28260,219_2_0
131214,Boarding,27780,216_2_0
131214,Exit,28260,219_2_0
131217,Boarding,27780,216_2_0
131217,Exit,28260,219_2_0
23185,Boarding,27390,108_1_0
23185,Transfer,28050,113_1_0
23185,Boarding,28110,113_2_0
23185,Exit,28290,213_2_0
36693,Boarding,27810,111_1_0
36693,Transfer,28050,113_1_0
36693,Boarding,28110,113_2_0
36693,Exit,28290,213_2_0
7194,Boarding,27210,103_1_0
7194,Exit,28290,110_1_0
230,Boarding,27510,101_1_1
230,Exit,28290,105_1_1
225,Boarding,27510,101_1_1
225,Exit,28290,105_1_1
10444,Boarding,26760,103_1_0
10444,Transfer,27120,105_1_0
10444,Boarding,27885,105_3_0
10444,Exit,28305,303_3_0
10452,Boarding,27210,103_1_0
10452,Transfer,27570,105_1_0
10452,Boarding,27885,105_3_0
10452,Exit,28305,303_3_0
206755,Boarding,27480,918_4_0
206755,Exit,28320,913_4_0
206760,Boarding,27480,918_4_0
206760,Exit,28320,913_4_0
206753,Boarding,27480,918_4_0
206753,Exit,28320,913_4_0
206754,Boarding,27480,918_4_0
206754,Exit,28320,913_4_0
206756,Boarding,27480,918_4_0
206756,Exit,28320,913_4_0
25403,Boarding,27600,108_4_0
25403,Exit,28320,913_4_0
26316,Boarding,25620,108_4_1
26316,Exit,28320,925_4_1
194186,Boarding,27000,909_4_1
194186,Exit,28320,925_4_1
26326,Boarding,27180,108_4_1
26326,Exit,28320,925_4_1
207496,Boarding,27300,918_4_1
207496,Exit,28320,925_4_1
207498,Boarding,27300,918_4_1
207498,Exit,28320,925_4_1
207495,Boarding,27300,918_4_1
207495,Exit,28320,925_4_1
207494,Boarding,27300,918_4_1
207494,Exit,28320,925_4_1
214236,Boarding,27540,919_4_1
214236,Exit,28320,925_4_1
214238,Boarding,27540,919_4_1
214238,Exit,28320,925_4_1
214235,Boarding,27540,919_4_1
214235,Exit,28320,925_4_1
214239,Boarding,27540,919_4_1
214239,Exit,28320,925_4_1
220974,Boarding,27660,921_4_1
220974,Exit,28320,925_4_1
227625,Boarding,28140,922_4_1
227625,Exit,28320,925_4_1
227628,Boarding,28140,922_4_1
227628,Exit,28320,925_4_1
227629,Boarding,28140,922_4_1
227629,Exit,28320,925_4_1
227630,Boarding,28140,922_4_1
227630,Exit,28320,925_4_1
19850,Boarding,25410,105_1_0
19850,Transfer,25830,108_1_0
19850,Boarding,25980,108_4_0
19850,Exit,28320,926_4_0
19847,Boarding,25410,105_1_0
19847,Transfer,25830,108_1_0
19847,Boarding,25980,108_4_0
19847,Exit,28320,926_4_0
201073,Boarding,26700,913_4_0
201073,Exit,28320,926_4_0
201077,Boarding,26700,913_4_0
201077,Exit,28320,926_4_0
201072,Boarding,26700,913_4_0
201072,Exit,28320,926_4_0
160827,Boarding,26640,310_3_1
160827,Transfer,27060,305_3_1
160827,Boarding,27180,305_4_0
160827,Exit,28320,926_4_0
147515,Boarding,26130,303_3_0
147515,Transfer,27150,305_3_0
147515,Boarding,27180,305_4_0
147515,Exit,28320,926_4_0
147524,Boarding,26130,303_3_0
147524,Transfer,27150,305_3_0
147524,Boarding,27180,305_4_0
147524,Exit,28320,926_4_0
214408,Boarding,27300,919_4_0
214408,Exit,28320,926_4_0
214412,Boarding,27300,919_4_0
214412,Exit,28320,926_4_0
221187,Boarding,27540,921_4_0
221187,Exit,28320,926_4_0
221189,Boarding,27540,921_4_0
221189,Exit,28320,926_4_0
227814,Boarding,27660,922_4_0
227814,Exit,28320,926_4_0
234462,Boarding,28140,925_4_0
234462,Exit,28320,926_4_0
234465,Boarding,28140,925_4_0
234465,Exit,28320,926_4_0
234467,Boarding,28140,925_4_0
234467,Exit,28320,926_4_0
41,Boarding,27960,101_1_1
41,Exit,28320,103_1_1
36501,Boarding,27660,111_1_0
36501,Transfer,27900,113_1_0
36501,Boarding,27960,113_2_1
36501,Exit,28320,210_2_1
117264,Boarding,26790,213_2_0
117264,Exit,28350,210_2_0
90177,Boarding,27330,204_2_0
90177,Exit,28350,210_2_0
90178,Boarding,27330,204_2_0
90178,Exit,28350,210_2_0
90183,Boarding,27330,204_2_0
90183,Exit,28350,210_2_0
96779,Boarding,27630,206_2_0
96779,Exit,28350,210_2_0
96774,Boarding,27630,206_2_0
96774,Exit,28350,210_2_0
96775,Boarding,27630,206_2_0
96775,Exit,28350,210_2_0
144126,Boarding,26580,303_3_0
144126,Transfer,28020,208_3_0
144126,Boarding,27990,208_2_0
144126,Exit,28350,210_2_0
150882,Boarding,27600,305_3_0
150882,Transfer,28020,208_3_0
150882,Boarding,27990,208_2_0
150882,Exit,28350,210_2_0
7548,Boarding,26910,103_1_0
7548,Exit,28350,113_1_0
34614,Boarding,28110,111_1_0
34614,Exit,28350,113_1_0
34621,Boarding,28110,111_1_0
34621,Exit,28350,113_1_0
7368,Boarding,27270,103_1_1
7368,Exit,28350,111_1_1
7925,Boarding,26160,103_1_0
7925,Exit,28380,119_1_0
14846,Boarding,26520,105_1_0
14846,Exit,28380,119_1_0
28145,Boarding,27240,110_1_0
28145,Exit,28380,119_1_0
28150,Boarding,27240,110_1_0
28150,Exit,28380,119_1_0
41755,Boarding,27600,113_1_0
41755,Exit,28380,119_1_0
41760,Boarding,27600,113_1_0
41760,Exit,28380,119_1_0
142659,Boarding,26130,303_3_0
142659,Transfer,27990,116_3_0
142659,Boarding,27960,116_1_0
142659,Exit,28380,119_1_0
155991,Boarding,26910,310_3_0
155991,Transfer,27990,116_3_0
155991,Boarding,27960,116_1_0
155991,Exit,28380,119_1_0
149411,Boarding,27150,305_3_0
149411,Transfer,27990,116_3_0
149411,Boarding,27960,116_1_0
149411,Exit,28380,119_1_0
88924,Boarding,26880,204_2_0
88924,Transfer,27540,208_2_0
88924,Boarding,27570,208_3_0
88924,Transfer,27990,116_3_0
88924,Boarding,27960,116_1_0
88924,Exit,28380,119_1_0
88921,Boarding,26880,204_2_0
88921,Transfer,27540,208_2_0
88921,Boarding,27570,208_3_0
88921,Transfer,27990,116_3_0
88921,Boarding,27960,116_1_0
88921,Exit,28380,119_1_0
88923,Boarding,26880,204_2_0
88923,Transfer,27540,208_2_0
88923,Boarding,27570,208_3_0
88923,Transfer,27990,116_3_0
88923,Boarding,27960,116_1_0
88923,Exit,28380,119_1_0
88920,Boarding,26880,204_2_0
88920,Transfer,27540,208_2_0
88920,Boarding,27570,208_3_0
88920,Transfer,27990,116_3_0
88920,Boarding,27960,116_1_0
88920,Exit,28380,119_1_0
95513,Boarding,27180,206_2_0
95513,Transfer,27540,208_2_0
95513,Boarding,27570,208_3_0
95513,Transfer,27990,116_3_0
95513,Boarding,27960,116_1_0
95513,Exit,28380,119_1_0
95518,Boarding,27180,206_2_0
95518,Transfer,27540,208_2_0
95518,Boarding,27570,208_3_0
95518,Transfer,27990,116_3_0
95518,Boarding,27960,116_1_0
95518,Exit,28380,119_1_0
48501,Boarding,27960,116_1_0
48501,Exit,28380,119_1_0
48503,Boarding,27960,116_1_0
48503,Exit,28380,119_1_0
48502,Boarding,27960,116_1_0
48502,Exit,28380,119_1_0
30036,Boarding,25740,110_1_0
30036,Transfer,26100,113_1_0
30036,Boarding,26160,113_2_0
30036,Exit,28380,214_2_0
36866,Boarding,25860,111_1_0
36866,Transfer,26100,113_1_0
36866,Boarding,26160,113_2_0
36866,Exit,28380,214_2_0
117462,Boarding,26340,213_2_0
117462,Exit,28380,214_2_0
97146,Boarding,27180,206_2_0
97146,Exit,28380,214_2_0
97145,Boarding,27180,206_2_0
97145,Exit,28380,214_2_0
97152,Boarding,27180,206_2_0
97152,Exit,28380,214_2_0
97150,Boarding,27180,206_2_0
97150,Exit,28380,214_2_0
97155,Boarding,27180,206_2_0
97155,Exit,28380,214_2_0
110696,Boarding,27900,210_2_0
110696,Exit,28380,214_2_0
110692,Boarding,27900,210_2_0
110692,Exit,28380,214_2_0
110691,Boarding,27900,210_2_0
110691,Exit,28380,214_2_0
110695,Boarding,27900,210_2_0
110695,Exit,28380,214_2_0
9875,Boarding,26760,103_1_0
9875,Transfer,28200,113_1_0
9875,Boarding,28200,113_2_0
9875,Exit,28380,214_2_0
206958,Boarding,26940,918_4_0
206958,Exit,28380,919_4_0
206962,Boarding,26940,918_4_0
206962,Exit,28380,919_4_0
12409,Boarding,26160,103_1_0
12409,Transfer,26940,108_1_0
12409,Boarding,27060,108_4_0
12409,Exit,28380,919_4_0
19102,Boarding,26520,105_1_0
19102,Transfer,26940,108_1_0
19102,Boarding,27060,108_4_0
19102,Exit,28380,919_4_0
19107,Boarding,26520,105_1_0
19107,Transfer,26940,108_1_0
19107,Boarding,27060,108_4_0
19107,Exit,28380,919_4_0
19105,Boarding,26520,105_1_0
19105,Transfer,26940,108_1_0
19105,Boarding,27060,108_4_0
19105,Exit,28380,919_4_0
19104,Boarding,26670,105_1_0
19104,Transfer,27090,108_1_0
19104,Boarding,27060,108_4_0
19104,Exit,28380,919_4_0
25786,Boarding,27060,108_4_0
25786,Exit,28380,919_4_0
200345,Boarding,27780,913_4_0
200345,Exit,28380,919_4_0
200346,Boarding,27780,913_4_0
200346,Exit,28380,919_4_0
146776,Boarding,27030,303_3_0
146776,Transfer,28050,305_3_0
146776,Boarding,28260,305_4_0
146776,Exit,28380,919_4_0
146778,Boarding,27030,303_3_0
146778,Transfer,28050,305_3_0
146778,Boarding,28260,305_4_0
146778,Exit,28380,919_4_0
153234,Boarding,26880,305_4_1
153234,Exit,28380,918_4_1
193460,Boarding,28080,909_4_1
193460,Exit,28380,918_4_1
193463,Boarding,28080,909_4_1
193463,Exit,28380,918_4_1
193457,Boarding,28080,909_4_1
193457,Exit,28380,918_4_1
193467,Boarding,28080,909_4_1
193467,Exit,28380,918_4_1
193470,Boarding,28080,909_4_1
193470,Exit,28380,918_4_1
193466,Boarding,28080,909_4_1
193466,Exit,28380,918_4_1
1099,Boarding,25800,101_1_1
1099,Exit,28380,116_1_1
1096,Boarding,25800,101_1_1
1096,Exit,28380,116_1_1
1102,Boarding,25800,101_1_1
1102,Exit,28380,116_1_1
27961,Boarding,27360,110_1_1
27961,Exit,28380,116_1_1
27963,Boarding,27360,110_1_1
27963,Exit,28380,116_1_1
116708,Boarding,27840,213_2_0
116708,Exit,28380,204_2_0
110526,Boarding,26520,210_2_1
110526,Exit,28380,213_2_1
110531,Boarding,26520,210_2_1
110531,Exit,28380,213_2_1
110527,Boarding,26520,210_2_1
110527,Exit,28380,213_2_1
96976,Boarding,27720,206_2_1
96976,Exit,28380,213_2_1
96982,Boarding,27720,206_2_1
96982,Exit,28380,213_2_1
3916,Boarding,27000,101_1_0
3916,Transfer,28140,108_1_0
3916,Boarding,28200,108_4_1
3916,Exit,28380,305_4_1
202026,Boarding,28280,918_4_0
202026,Exit,28400,108_4_0
165944,Boarding,25710,316_3_0
165944,Exit,28410,325_3_0
159135,Boarding,26010,310_3_0
159135,Exit,28410,325_3_0
199558,Boarding,25620,913_4_0
199558,Transfer,26100,305_4_0
199558,Boarding,26250,305_3_0
199558,Exit,28410,325_3_0
199557,Boarding,25620,913_4_0
199557,Transfer,26100,305_4_0
199557,Boarding,26250,305_3_0
199557,Exit,28410,325_3_0
199556,Boarding,25620,913_4_0
199556,Transfer,26100,305_4_0
199556,Boarding,26250,305_3_0
199556,Exit,28410,325_3_0
199561,Boarding,25620,913_4_0
199561,Transfer,26100,305_4_0
199561,Boarding,26250,305_3_0
199561,Exit,28410,325_3_0
91967,Boarding,25980,204_2_0
91967,Transfer,26640,208_2_0
91967,Boarding,26670,208_3_0
91967,Exit,28410,325_3_0
91971,Boarding,25980,204_2_0
91971,Transfer,26640,208_2_0
91971,Boarding,26670,208_3_0
91971,Exit,28410,325_3_0
91963,Boarding,25980,204_2_0
91963,Transfer,26640,208_2_0
91963,Boarding,26670,208_3_0
91963,Exit,28410,325_3_0
91969,Boarding,25980,204_2_0
91969,Transfer,26640,208_2_0
91969,Boarding,26670,208_3_0
91969,Exit,28410,325_3_0
98679,Boarding,26280,206_2_0
98679,Transfer,26640,208_2_0
98679,Boarding,26670,208_3_0
98679,Exit,28410,325_3_0
98687,Boarding,26280,206_2_0
98687,Transfer,26640,208_2_0
98687,Boarding,26670,208_3_0
98687,Exit,28410,325_3_0
98682,Boarding,26280,206_2_0
98682,Transfer,26640,208_2_0
98682,Boarding,26670,208_3_0
98682,Exit,28410,325_3_0
98683,Boarding,26280,206_2_0
98683,Transfer,26640,208_2_0
98683,Boarding,26670,208_3_0
98683,Exit,28410,325_3_0
18183,Boarding,25410,105_1_0
18183,Transfer,26850,116_1_0
18183,Boarding,27090,116_3_0
18183,Exit,28410,325_3_0
18185,Boarding,25410,105_1_0
18185,Transfer,26850,116_1_0
18185,Boarding,27090,116_3_0
18185,Exit,28410,325_3_0
24837,Boarding,25830,108_1_0
24837,Transfer,26850,116_1_0
24837,Boarding,27090,116_3_0
24837,Exit,28410,325_3_0
24841,Boarding,25830,108_1_0
24841,Transfer,26850,116_1_0
24841,Boarding,27090,116_3_0
24841,Exit,28410,325_3_0
38384,Boarding,26250,111_1_0
38384,Transfer,26850,116_1_0
38384,Boarding,27090,116_3_0
38384,Exit,28410,325_3_0
172550,Boarding,27810,321_3_0
172550,Exit,28410,325_3_0
7370,Boarding,27210,103_1_0
7370,Exit,28410,111_1_0
14261,Boarding,27570,105_1_0
14261,Exit,28410,111_1_0
578,Boarding,26850,101_1_1
578,Exit,28410,110_1_1
7549,Boarding,26970,103_1_1
7549,Exit,28410,113_1_1
14446,Boarding,27390,105_1_1
14446,Exit,28410,113_1_1
34623,Boarding,28050,111_1_1
34623,Exit,28410,113_1_1
34625,Boarding,28050,111_1_1
34625,Exit,28410,113_1_1
158973,Boarding,25290,310_3_1
158973,Exit,28410,321_3_1
152340,Boarding,25710,305_3_1
152340,Exit,28410,321_3_1
152341,Boarding,25710,305_3_1
152341,Exit,28410,321_3_1
17990,Boarding,26070,105_3_1
17990,Exit,28410,321_3_1
17987,Boarding,26070,105_3_1
17987,Exit,28410,321_3_1
145632,Boarding,26310,303_3_1
145632,Exit,28410,321_3_1
105291,Boarding,26610,208_3_1
105291,Exit,28410,321_3_1
105292,Boarding,26610,208_3_1
105292,Exit,28410,321_3_1
165769,Boarding,27810,316_3_1
165769,Exit,28410,321_3_1
150705,Boarding,27510,305_3_1
150705,Exit,28410,208_3_1
143963,Boarding,28110,303_3_1
143963,Exit,28410,208_3_1
143965,Boarding,28110,303_3_1
143965,Exit,28410,208_3_1
1110,Boarding,26250,101_1_0
1110,Exit,28410,116_1_0
27967,Boarding,27690,110_1_0
27967,Exit,28410,116_1_0
41571,Boarding,28050,113_1_0
41571,Exit,28410,116_1_0
159689,Boarding,27090,310_3_1
159689,Transfer,27510,305_3_1
159689,Boarding,27930,305_4_1
159689,Exit,28410,913_4_1
146411,Boarding,26580,303_3_0
146411,Transfer,27600,305_3_0
146411,Boarding,27930,305_4_1
146411,Exit,28410,913_4_1
146412,Boarding,26580,303_3_0
146412,Transfer,27600,305_3_0
146412,Boarding,27930,305_4_1
146412,Exit,28410,913_4_1
117081,Boarding,27240,213_2_0
117081,Exit,28440,208_2_0
89997,Boarding,27780,204_2_0
89997,Exit,28440,208_2_0
90000,Boarding,27780,204_2_0
90000,Exit,28440,208_2_0
89994,Boarding,27780,204_2_0
89994,Exit,28440,208_2_0
90005,Boarding,27780,204_2_0
90005,Exit,28440,208_2_0
96605,Boarding,28080,206_2_0
96605,Exit,28440,208_2_0
96607,Boarding,28080,206_2_0
96607,Exit,28440,208_2_0
155793,Boarding,26640,310_3_1
155793,Exit,28440,116_3_1
155790,Boarding,26640,310_3_1
155790,Exit,28440,116_3_1
149195,Boarding,27060,305_3_1
149195,Exit,28440,116_3_1
142476,Boarding,27660,303_3_1
142476,Exit,28440,116_3_1
102088,Boarding,27960,208_3_1
102088,Exit,28440,116_3_1
102087,Boarding,27960,208_3_1
102087,Exit,28440,116_3_1
102089,Boarding,27960,208_3_1
102089,Exit,28440,116_3_1
102085,Boarding,27960,208_3_1
102085,Exit,28440,116_3_1
102094,Boarding,27960,208_3_1
102094,Exit,28440,116_3_1
580,Boarding,27000,101_1_0
580,Exit,28440,110_1_0
582,Boarding,27000,101_1_0
582,Exit,28440,110_1_0
7197,Boarding,27360,103_1_0
7197,Exit,28440,110_1_0
142468,Boarding,26580,303_3_0
142468,Exit,28440,116_3_0
142471,Boarding,26580,303_3_0
142471,Exit,28440,116_3_0
142473,Boarding,26580,303_3_0
142473,Exit,28440,116_3_0
142470,Boarding,26580,303_3_0
142470,Exit,28440,116_3_0
162490,Boarding,27060,316_3_0
162490,Exit,28440,116_3_0
155795,Boarding,27360,310_3_0
155795,Exit,28440,116_3_0
155797,Boarding,27360,310_3_0
155797,Exit,28440,116_3_0
155798,Boarding,27360,310_3_0
155798,Exit,28440,116_3_0
88736,Boarding,27330,204_2_0
88736,Transfer,27990,208_2_0
88736,Boarding,28020,208_3_0
88736,Exit,28440,116_3_0
88737,Boarding,27330,204_2_0
88737,Transfer,27990,208_2_0
88737,Boarding,28020,208_3_0
88737,Exit,28440,116_3_0
88733,Boarding,27330,204_2_0
88733,Transfer,27990,208_2_0
88733,Boarding,28020,208_3_0
88733,Exit,28440,116_3_0
95325,Boarding,27630,206_2_0
95325,Transfer,27990,208_2_0
95325,Boarding,28020,208_3_0
95325,Exit,28440,116_3_0
95326,Boarding,27630,206_2_0
95326,Transfer,27990,208_2_0
95326,Boarding,28020,208_3_0
95326,Exit,28440,116_3_0
95331,Boarding,27630,206_2_0
95331,Transfer,27990,208_2_0
95331,Boarding,28020,208_3_0
95331,Exit,28440,116_3_0
95327,Boarding,27630,206_2_0
95327,Transfer,27990,208_2_0
95327,Boarding,28020,208_3_0
95327,Exit,28440,116_3_0
13875,Boarding,28020,105_1_0
13875,Exit,28440,108_1_0
9285,Boarding,26160,103_1_0
9285,Transfer,26520,105_1_0
9285,Boarding,26610,105_3_0
9285,Exit,28470,208_3_0
143958,Boarding,27030,303_3_0
143958,Exit,28470,208_3_0
164142,Boarding,27510,316_3_0
164142,Exit,28470,208_3_0
157268,Boarding,27810,310_3_0
157268,Exit,28470,208_3_0
157271,Boarding,27810,310_3_0
157271,Exit,28470,208_3_0
197530,Boarding,27240,913_4_0
197530,Transfer,27720,305_4_0
197530,Boarding,28050,305_3_0
197530,Exit,28470,208_3_0
197539,Boarding,27240,913_4_0
197539,Transfer,27720,305_4_0
197539,Boarding,28050,305_3_0
197539,Exit,28470,208_3_0
197538,Boarding,27240,913_4_0
197538,Transfer,27720,305_4_0
197538,Boarding,28050,305_3_0
197538,Exit,28470,208_3_0
2791,Boarding,26250,101_1_0
2791,Transfer,28050,113_1_0
2791,Boarding,28110,113_2_1
2791,Exit,28470,210_2_1
9475,Boarding,26610,103_1_0
9475,Transfer,28050,113_1_0
9475,Boarding,28110,113_2_1
9475,Exit,28470,210_2_1
22994,Boarding,27390,108_1_0
22994,Transfer,28050,113_1_0
22994,Boarding,28110,113_2_1
22994,Exit,28470,210_2_1
36498,Boarding,27810,111_1_0
36498,Transfer,28050,113_1_0
36498,Boarding,28110,113_2_1
36498,Exit,28470,210_2_1
227,Boarding,27750,101_1_0
227,Exit,28470,105_1_0
34626,Boarding,28260,111_1_0
34626,Exit,28500,113_1_0
145069,Boarding,27480,303_3_0
145069,Exit,28500,305_3_0
145071,Boarding,27480,303_3_0
145071,Exit,28500,305_3_0
746,Boarding,26700,101_1_1
746,Exit,28500,111_1_1
749,Boarding,26700,101_1_1
749,Exit,28500,111_1_1
14256,Boarding,27840,105_1_1
14256,Exit,28500,111_1_1
14260,Boarding,27840,105_1_1
14260,Exit,28500,111_1_1
27605,Boarding,28260,110_1_1
27605,Exit,28500,111_1_1
21712,Boarding,26610,108_1_0
21712,Exit,28530,122_1_0
35150,Boarding,27030,111_1_0
35150,Exit,28530,122_1_0
109236,Boarding,27000,210_2_0
109236,Transfer,27300,113_2_0
109236,Boarding,27270,113_1_0
109236,Exit,28530,122_1_0
142844,Boarding,25680,303_3_0
142844,Transfer,27540,116_3_0
142844,Boarding,27630,116_1_0
142844,Exit,28530,122_1_0
89094,Boarding,26430,204_2_0
89094,Transfer,27090,208_2_0
89094,Boarding,27120,208_3_0
89094,Transfer,27540,116_3_0
89094,Boarding,27630,116_1_0
89094,Exit,28530,122_1_0
89096,Boarding,26430,204_2_0
89096,Transfer,27090,208_2_0
89096,Boarding,27120,208_3_0
89096,Transfer,27540,116_3_0
89096,Boarding,27630,116_1_0
89096,Exit,28530,122_1_0
95679,Boarding,26730,206_2_0
95679,Transfer,27090,208_2_0
95679,Boarding,27120,208_3_0
95679,Transfer,27540,116_3_0
95679,Boarding,27630,116_1_0
95679,Exit,28530,122_1_0
95680,Boarding,26730,206_2_0
95680,Transfer,27090,208_2_0
95680,Boarding,27120,208_3_0
95680,Transfer,27540,116_3_0
95680,Boarding,27630,116_1_0
95680,Exit,28530,122_1_0
95678,Boarding,26730,206_2_0
95678,Transfer,27090,208_2_0
95678,Boarding,27120,208_3_0
95678,Transfer,27540,116_3_0
95678,Boarding,27630,116_1_0
95678,Exit,28530,122_1_0
48727,Boarding,27630,116_1_0
48727,Exit,28530,122_1_0
48728,Boarding,27630,116_1_0
48728,Exit,28530,122_1_0
55289,Boarding,28050,119_1_0
55289,Exit,28530,122_1_0
55300,Boarding,28050,119_1_0
55300,Exit,28530,122_1_0
55292,Boarding,28050,119_1_0
55292,Exit,28530,122_1_0
36294,Boarding,26250,111_1_0
36294,Transfer,26490,113_1_0
36294,Boarding,26610,113_2_1
36294,Exit,28530,208_2_1
110357,Boarding,26970,210_2_1
110357,Exit,28530,208_2_1
83327,Boarding,27510,202_2_1
83327,Exit,28530,208_2_1
83328,Boarding,27510,202_2_1
83328,Exit,28530,208_2_1
89995,Boarding,27810,204_2_1
89995,Exit,28530,208_2_1
24147,Boarding,28350,108_4_1
24147,Exit,28530,305_4_1
7929,Boarding,26310,103_1_0
7929,Exit,28530,119_1_0
7935,Boarding,26310,103_1_0
7935,Exit,28530,119_1_0
21529,Boarding,27090,108_1_0
21529,Exit,28530,119_1_0
109055,Boarding,27450,210_2_0
109055,Transfer,27750,113_2_0
109055,Boarding,27750,113_1_0
109055,Exit,28530,119_1_0
48510,Boarding,28110,116_1_0
48510,Exit,28530,119_1_0
7936,Boarding,26190,103_1_1
7936,Exit,28530,119_1_1
21524,Boarding,26910,108_1_1
21524,Exit,28530,119_1_1
34970,Boarding,27270,111_1_1
34970,Exit,28530,119_1_1
34971,Boarding,27270,111_1_1
34971,Exit,28530,119_1_1
48506,Boarding,28050,116_1_1
48506,Exit,28530,119_1_1
1104,Boarding,25950,101_1_1
1104,Exit,28530,116_1_1
1097,Boarding,25950,101_1_1
1097,Exit,28530,116_1_1
7740,Boarding,26670,103_1_1
7740,Exit,28530,116_1_1
27962,Boarding,27510,110_1_1
27962,Exit,28530,116_1_1
41570,Boarding,28110,113_1_1
41570,Exit,28530,116_1_1
41575,Boarding,28110,113_1_1
41575,Exit,28530,116_1_1
923,Boarding,26400,101_1_1
923,Exit,28560,113_1_1
7550,Boarding,27120,103_1_1
7550,Exit,28560,113_1_1
27783,Boarding,27960,110_1_1
27783,Exit,28560,113_1_1
34617,Boarding,28200,111_1_1
34617,Exit,28560,113_1_1
34622,Boarding,28200,111_1_1
34622,Exit,28560,113_1_1
34615,Boarding,28200,111_1_1
34615,Exit,28560,113_1_1
14651,Boarding,27120,105_1_0
14651,Exit,28560,116_1_0
108885,Boarding,27900,210_2_0
108885,Transfer,28200,113_2_0
108885,Boarding,28200,113_1_0
108885,Exit,28560,116_1_0
108880,Boarding,27900,210_2_0
108880,Transfer,28200,113_2_0
108880,Boarding,28200,113_1_0
108880,Exit,28560,116_1_0
108882,Boarding,27900,210_2_0
108882,Transfer,28200,113_2_0
108882,Boarding,28200,113_1_0
108882,Exit,28560,116_1_0
108881,Boarding,27900,210_2_0
108881,Transfer,28200,113_2_0
108881,Boarding,28200,113_1_0
108881,Exit,28560,116_1_0
41572,Boarding,28200,113_1_0
41572,Exit,28560,116_1_0
28944,Boarding,27240,110_1_0
28944,Transfer,27600,113_1_0
28944,Boarding,27660,113_2_1
28944,Exit,28560,202_2_1
28949,Boarding,27240,110_1_0
28949,Transfer,27600,113_1_0
28949,Boarding,27660,113_2_1
28949,Exit,28560,202_2_1
35736,Boarding,27360,111_1_0
35736,Transfer,27600,113_1_0
35736,Boarding,27660,113_2_1
35736,Exit,28560,202_2_1
109813,Boarding,28020,210_2_1
109813,Exit,28560,202_2_1
109812,Boarding,28020,210_2_1
109812,Exit,28560,202_2_1
109811,Boarding,28020,210_2_1
109811,Exit,28560,202_2_1
18755,Boarding,27420,105_1_0
18755,Transfer,27840,108_1_0
18755,Boarding,27900,108_4_1
18755,Exit,28560,913_4_1
146407,Boarding,27030,303_3_0
146407,Transfer,28050,305_3_0
146407,Boarding,28080,305_4_1
146407,Exit,28560,913_4_1
146409,Boarding,27030,303_3_0
146409,Transfer,28050,305_3_0
146409,Boarding,28080,305_4_1
146409,Exit,28560,913_4_1
146410,Boarding,27030,303_3_0
146410,Transfer,28050,305_3_0
146410,Boarding,28080,305_4_1
146410,Exit,28560,913_4_1
14074,Boarding,28140,105_1_1
14074,Exit,28560,110_1_1
14073,Boarding,28140,105_1_1
14073,Exit,28560,110_1_1
158442,Boarding,27540,310_3_1
158442,Exit,28560,303_3_1
158441,Boarding,27540,310_3_1
158441,Exit,28560,303_3_1
158440,Boarding,27540,310_3_1
158440,Exit,28560,303_3_1
198651,Boarding,27240,913_4_0
198651,Transfer,27720,305_4_0
198651,Boarding,27960,305_3_1
198651,Exit,28560,303_3_1
198656,Boarding,27240,913_4_0
198656,Transfer,27720,305_4_0
198656,Boarding,27960,305_3_1
198656,Exit,28560,303_3_1
198658,Boarding,27240,913_4_0
198658,Transfer,27720,305_4_0
198658,Boarding,27960,305_3_1
198658,Exit,28560,303_3_1
583,Boarding,27150,101_1_0
583,Exit,28590,110_1_0
412,Boarding,27450,101_1_0
412,Exit,28590,108_1_0
16551,Boarding,27270,105_1_0
16551,Transfer,28350,113_1_0
16551,Boarding,28410,113_2_0
16551,Exit,28590,213_2_0
207150,Boarding,26940,918_4_0
207150,Exit,28620,921_4_0
12566,Boarding,26160,103_1_0
12566,Transfer,26940,108_1_0
12566,Boarding,27060,108_4_0
12566,Exit,28620,921_4_0
19291,Boarding,26520,105_1_0
19291,Transfer,26940,108_1_0
19291,Boarding,27060,108_4_0
19291,Exit,28620,921_4_0
19295,Boarding,26520,105_1_0
19295,Transfer,26940,108_1_0
19295,Boarding,27060,108_4_0
19295,Exit,28620,921_4_0
19294,Boarding,26520,105_1_0
19294,Transfer,26940,108_1_0
19294,Boarding,27060,108_4_0
19294,Exit,28620,921_4_0
12568,Boarding,26310,103_1_0
12568,Transfer,27090,108_1_0
12568,Boarding,27060,108_4_0
12568,Exit,28620,921_4_0
19292,Boarding,26670,105_1_0
19292,Transfer,27090,108_1_0
19292,Boarding,27060,108_4_0
19292,Exit,28620,921_4_0
19289,Boarding,26670,105_1_0
19289,Transfer,27090,108_1_0
19289,Boarding,27060,108_4_0
19289,Exit,28620,921_4_0
19290,Boarding,26670,105_1_0
19290,Transfer,27090,108_1_0
19290,Boarding,27060,108_4_0
19290,Exit,28620,921_4_0
200530,Boarding,27780,913_4_0
200530,Exit,28620,921_4_0
200529,Boarding,27780,913_4_0
200529,Exit,28620,921_4_0
200525,Boarding,27780,913_4_0
200525,Exit,28620,921_4_0
146961,Boarding,27030,303_3_0
146961,Transfer,28050,305_3_0
146961,Boarding,28260,305_4_0
146961,Exit,28620,921_4_0
146956,Boarding,27030,303_3_0
146956,Transfer,28050,305_3_0
146956,Boarding,28260,305_4_0
146956,Exit,28620,921_4_0
146967,Boarding,27030,303_3_0
146967,Transfer,28050,305_3_0
146967,Boarding,28260,305_4_0
146967,Exit,28620,921_4_0
153612,Boarding,28260,305_4_0
153612,Exit,28620,921_4_0
213860,Boarding,28380,919_4_0
213860,Exit,28620,921_4_0
213862,Boarding,28380,919_4_0
213862,Exit,28620,921_4_0
6828,Boarding,28260,103_1_0
6828,Exit,28620,105_1_0
6831,Boarding,28260,103_1_0
6831,Exit,28620,105_1_0
26518,Boarding,25620,108_4_1
26518,Exit,28620,926_4_1
201074,Boarding,26280,913_4_1
201074,Exit,28620,926_4_1
201078,Boarding,26280,913_4_1
201078,Exit,28620,926_4_1
194376,Boarding,27000,909_4_1
194376,Exit,28620,926_4_1
194372,Boarding,27000,909_4_1
194372,Exit,28620,926_4_1
194375,Boarding,27000,909_4_1
194375,Exit,28620,926_4_1
194371,Boarding,27000,909_4_1
194371,Exit,28620,926_4_1
194378,Boarding,27000,909_4_1
194378,Exit,28620,926_4_1
207691,Boarding,27300,918_4_1
207691,Exit,28620,926_4_1
214413,Boarding,27540,919_4_1
214413,Exit,28620,926_4_1
214409,Boarding,27540,919_4_1
214409,Exit,28620,926_4_1
221188,Boarding,27660,921_4_1
221188,Exit,28620,926_4_1
227818,Boarding,28140,922_4_1
227818,Exit,28620,926_4_1
227822,Boarding,28140,922_4_1
227822,Exit,28620,926_4_1
227820,Boarding,28140,922_4_1
227820,Exit,28620,926_4_1
227827,Boarding,28140,922_4_1
227827,Exit,28620,926_4_1
227831,Boarding,28140,922_4_1
227831,Exit,28620,926_4_1
227823,Boarding,28140,922_4_1
227823,Exit,28620,926_4_1
202025,Boarding,28500,918_4_0
202025,Exit,28620,108_4_0
1486,Boarding,25440,101_1_1
1486,Exit,28620,122_1_1
8139,Boarding,25800,103_1_1
8139,Exit,28620,122_1_1
8134,Boarding,25800,103_1_1
8134,Exit,28620,122_1_1
21707,Boarding,26520,108_1_1
21707,Exit,28620,122_1_1
21711,Boarding,26520,108_1_1
21711,Exit,28620,122_1_1
21713,Boarding,26520,108_1_1
21713,Exit,28620,122_1_1
21709,Boarding,26520,108_1_1
21709,Exit,28620,122_1_1
28336,Boarding,26640,110_1_1
28336,Exit,28620,122_1_1
55295,Boarding,28140,119_1_1
55295,Exit,28620,122_1_1
15178,Boarding,25800,105_1_0
15178,Exit,28620,125_1_0
21884,Boarding,26220,108_1_0
21884,Exit,28620,125_1_0
35326,Boarding,26640,111_1_0
35326,Exit,28620,125_1_0
35330,Boarding,26640,111_1_0
35330,Exit,28620,125_1_0
143010,Boarding,25230,303_3_0
143010,Transfer,27090,116_3_0
143010,Boarding,27240,116_1_0
143010,Exit,28620,125_1_0
156334,Boarding,26010,310_3_0
156334,Transfer,27090,116_3_0
156334,Boarding,27240,116_1_0
156334,Exit,28620,125_1_0
156332,Boarding,26010,310_3_0
156332,Transfer,27090,116_3_0
156332,Boarding,27240,116_1_0
156332,Exit,28620,125_1_0
156327,Boarding,26010,310_3_0
156327,Transfer,27090,116_3_0
156327,Boarding,27240,116_1_0
156327,Exit,28620,125_1_0
156328,Boarding,26010,310_3_0
156328,Transfer,27090,116_3_0
156328,Boarding,27240,116_1_0
156328,Exit,28620,125_1_0
89249,Boarding,25980,204_2_0
89249,Transfer,26640,208_2_0
89249,Boarding,26670,208_3_0
89249,Transfer,27090,116_3_0
89249,Boarding,27240,116_1_0
89249,Exit,28620,125_1_0
95872,Boarding,26280,206_2_0
95872,Transfer,26640,208_2_0
95872,Boarding,26670,208_3_0
95872,Transfer,27090,116_3_0
95872,Boarding,27240,116_1_0
95872,Exit,28620,125_1_0
48928,Boarding,27240,116_1_0
48928,Exit,28620,125_1_0
55470,Boarding,27660,119_1_0
55470,Exit,28620,125_1_0
55468,Boarding,27660,119_1_0
55468,Exit,28620,125_1_0
55466,Boarding,27660,119_1_0
55466,Exit,28620,125_1_0
55471,Boarding,27660,119_1_0
55471,Exit,28620,125_1_0
55469,Boarding,27660,119_1_0
55469,Exit,28620,125_1_0
55465,Boarding,27660,119_1_0
55465,Exit,28620,125_1_0
62287,Boarding,28140,122_1_0
62287,Exit,28620,125_1_0
62289,Boarding,28140,122_1_0
62289,Exit,28620,125_1_0
62291,Boarding,28140,122_1_0
62291,Exit,28620,125_1_0
159320,Boarding,25560,310_3_0
159320,Exit,28620,329_3_0
159321,Boarding,25560,310_3_0
159321,Exit,28620,329_3_0
159318,Boarding,25560,310_3_0
159318,Exit,28620,329_3_0
92171,Boarding,25530,204_2_0
92171,Transfer,26190,208_2_0
92171,Boarding,26220,208_3_0
92171,Exit,28620,329_3_0
92170,Boarding,25530,204_2_0
92170,Transfer,26190,208_2_0
92170,Boarding,26220,208_3_0
92170,Exit,28620,329_3_0
92172,Boarding,25530,204_2_0
92172,Transfer,26190,208_2_0
92172,Boarding,26220,208_3_0
92172,Exit,28620,329_3_0
92169,Boarding,25530,204_2_0
92169,Transfer,26190,208_2_0
92169,Boarding,26220,208_3_0
92169,Exit,28620,329_3_0
98867,Boarding,25830,206_2_0
98867,Transfer,26190,208_2_0
98867,Boarding,26220,208_3_0
98867,Exit,28620,329_3_0
98866,Boarding,25830,206_2_0
98866,Transfer,26190,208_2_0
98866,Boarding,26220,208_3_0
98866,Exit,28620,329_3_0
31789,Boarding,25740,110_1_0
31789,Transfer,26460,116_1_0
31789,Boarding,26640,116_3_0
31789,Exit,28620,329_3_0
31792,Boarding,25740,110_1_0
31792,Transfer,26460,116_1_0
31792,Boarding,26640,116_3_0
31792,Exit,28620,329_3_0
38567,Boarding,25860,111_1_0
38567,Transfer,26460,116_1_0
38567,Boarding,26640,116_3_0
38567,Exit,28620,329_3_0
52006,Boarding,26640,116_3_0
52006,Exit,28620,329_3_0
52014,Boarding,26640,116_3_0
52014,Exit,28620,329_3_0
172733,Boarding,27360,321_3_0
172733,Exit,28620,329_3_0
172732,Boarding,27360,321_3_0
172732,Exit,28620,329_3_0
207866,Boarding,25860,918_4_0
207866,Exit,28620,928_4_0
207869,Boarding,25860,918_4_0
207869,Exit,28620,928_4_0
20025,Boarding,25410,105_1_0
20025,Transfer,25830,108_1_0
20025,Boarding,25980,108_4_0
20025,Exit,28620,928_4_0
20027,Boarding,25410,105_1_0
20027,Transfer,25830,108_1_0
20027,Boarding,25980,108_4_0
20027,Exit,28620,928_4_0
20029,Boarding,25410,105_1_0
20029,Transfer,25830,108_1_0
20029,Boarding,25980,108_4_0
20029,Exit,28620,928_4_0
20024,Boarding,25410,105_1_0
20024,Transfer,25830,108_1_0
20024,Boarding,25980,108_4_0
20024,Exit,28620,928_4_0
26684,Boarding,25980,108_4_0
26684,Exit,28620,928_4_0
201274,Boarding,26700,913_4_0
201274,Exit,28620,928_4_0
161002,Boarding,26640,310_3_1
161002,Transfer,27060,305_3_1
161002,Boarding,27180,305_4_0
161002,Exit,28620,928_4_0
161004,Boarding,26640,310_3_1
161004,Transfer,27060,305_3_1
161004,Boarding,27180,305_4_0
161004,Exit,28620,928_4_0
161003,Boarding,26640,310_3_1
161003,Transfer,27060,305_3_1
161003,Boarding,27180,305_4_0
161003,Exit,28620,928_4_0
147713,Boarding,26130,303_3_0
147713,Transfer,27150,305_3_0
147713,Boarding,27180,305_4_0
147713,Exit,28620,928_4_0
147719,Boarding,26130,303_3_0
147719,Transfer,27150,305_3_0
147719,Boarding,27180,305_4_0
147719,Exit,28620,928_4_0
147723,Boarding,26130,303_3_0
147723,Transfer,27150,305_3_0
147723,Boarding,27180,305_4_0
147723,Exit,28620,928_4_0
221359,Boarding,27540,921_4_0
221359,Exit,28620,928_4_0
221362,Boarding,27540,921_4_0
221362,Exit,28620,928_4_0
221357,Boarding,27540,921_4_0
221357,Exit,28620,928_4_0
221363,Boarding,27540,921_4_0
221363,Exit,28620,928_4_0
221358,Boarding,27540,921_4_0
221358,Exit,28620,928_4_0
221361,Boarding,27540,921_4_0
221361,Exit,28620,928_4_0
221364,Boarding,27540,921_4_0
221364,Exit,28620,928_4_0
234646,Boarding,28140,925_4_0
234646,Exit,28620,928_4_0
234648,Boarding,28140,925_4_0
234648,Exit,28620,928_4_0
234647,Boarding,28140,925_4_0
234647,Exit,28620,928_4_0
241497,Boarding,28320,926_4_0
241497,Exit,28620,928_4_0
18181,Boarding,25620,105_3_1
18181,Exit,28620,325_3_1
145831,Boarding,25860,303_3_1
145831,Exit,28620,325_3_1
105493,Boarding,26160,208_3_1
105493,Exit,28620,325_3_1
165957,Boarding,27360,316_3_1
165957,Exit,28620,325_3_1
165956,Boarding,27360,316_3_1
165956,Exit,28620,325_3_1
165955,Boarding,27360,316_3_1
165955,Exit,28620,325_3_1
36,Boarding,27900,101_1_1
36,Exit,28620,103_1_1
45,Boarding,28260,101_1_1
45,Exit,28620,103_1_1
43,Boarding,28260,101_1_1
43,Exit,28620,103_1_1
42922,Boarding,27060,113_2_1
42922,Exit,28620,206_2_1
110170,Boarding,27420,210_2_1
110170,Exit,28620,206_2_1
110171,Boarding,27420,210_2_1
110171,Exit,28620,206_2_1
110166,Boarding,27420,210_2_1
110166,Exit,28620,206_2_1
110168,Boarding,27420,210_2_1
110168,Exit,28620,206_2_1
110172,Boarding,27420,210_2_1
110172,Exit,28620,206_2_1
89817,Boarding,28260,204_2_1
89817,Exit,28620,206_2_1
89815,Boarding,28260,204_2_1
89815,Exit,28620,206_2_1
89822,Boarding,28260,204_2_1
89822,Exit,28620,206_2_1
89819,Boarding,28260,204_2_1
89819,Exit,28620,206_2_1
89830,Boarding,28260,204_2_1
89830,Exit,28620,206_2_1
89828,Boarding,28260,204_2_1
89828,Exit,28620,206_2_1
89832,Boarding,28260,204_2_1
89832,Exit,28620,206_2_1
153427,Boarding,26880,305_4_1
153427,Exit,28620,919_4_1
153425,Boarding,26880,305_4_1
153425,Exit,28620,919_4_1
193641,Boarding,28080,909_4_1
193641,Exit,28620,919_4_1
193639,Boarding,28080,909_4_1
193639,Exit,28620,919_4_1
193645,Boarding,28080,909_4_1
193645,Exit,28620,919_4_1
193647,Boarding,28080,909_4_1
193647,Exit,28620,919_4_1
206973,Boarding,28380,918_4_1
206973,Exit,28620,919_4_1
146223,Boarding,26130,303_3_0
146223,Transfer,27150,305_3_0
146223,Boarding,27420,305_4_1
146223,Exit,28620,909_4_1
146222,Boarding,26130,303_3_0
146222,Transfer,27150,305_3_0
146222,Boarding,27420,305_4_1
146222,Exit,28620,909_4_1
152900,Boarding,27420,305_4_1
152900,Exit,28620,909_4_1
152903,Boarding,27420,305_4_1
152903,Exit,28620,909_4_1
17464,Boarding,27735,105_3_1
17464,Exit,28635,305_3_1
158625,Boarding,28215,310_3_1
158625,Exit,28635,305_3_1
158631,Boarding,28215,310_3_1
158631,Exit,28635,305_3_1
158628,Boarding,28215,310_3_1
158628,Exit,28635,305_3_1
108708,Boarding,26970,210_2_1
108708,Exit,28650,113_2_1
108705,Boarding,26970,210_2_1
108705,Exit,28650,113_2_1
81909,Boarding,27510,202_2_1
81909,Exit,28650,113_2_1
81906,Boarding,27510,202_2_1
81906,Exit,28650,113_2_1
81910,Boarding,27510,202_2_1
81910,Exit,28650,113_2_1
81908,Boarding,27510,202_2_1
81908,Exit,28650,113_2_1
750,Boarding,27210,101_1_1
750,Exit,28650,111_1_1
7367,Boarding,27570,103_1_1
7367,Exit,28650,111_1_1
1648,Boarding,25050,101_1_1
1648,Exit,28650,125_1_1
8360,Boarding,25410,103_1_1
8360,Exit,28650,125_1_1
8356,Boarding,25410,103_1_1
8356,Exit,28650,125_1_1
8362,Boarding,25410,103_1_1
8362,Exit,28650,125_1_1
28549,Boarding,26250,110_1_1
28549,Exit,28650,125_1_1
62292,Boarding,28230,122_1_1
62292,Exit,28650,125_1_1
62299,Boarding,28230,122_1_1
62299,Exit,28650,125_1_1
62298,Boarding,28230,122_1_1
62298,Exit,28650,125_1_1
22055,Boarding,25830,108_1_0
22055,Exit,28650,128_1_0
28749,Boarding,26130,110_1_0
28749,Exit,28650,128_1_0
143186,Boarding,24780,303_3_0
143186,Transfer,26640,116_3_0
143186,Boarding,26850,116_1_0
143186,Exit,28650,128_1_0
149945,Boarding,25800,305_3_0
149945,Transfer,26640,116_3_0
149945,Boarding,26850,116_1_0
149945,Exit,28650,128_1_0
89429,Boarding,25530,204_2_0
89429,Transfer,26190,208_2_0
89429,Boarding,26220,208_3_0
89429,Transfer,26640,116_3_0
89429,Boarding,26850,116_1_0
89429,Exit,28650,128_1_0
89432,Boarding,25530,204_2_0
89432,Transfer,26190,208_2_0
89432,Boarding,26220,208_3_0
89432,Transfer,26640,116_3_0
89432,Boarding,26850,116_1_0
89432,Exit,28650,128_1_0
96074,Boarding,25830,206_2_0
96074,Transfer,26190,208_2_0
96074,Boarding,26220,208_3_0
96074,Transfer,26640,116_3_0
96074,Boarding,26850,116_1_0
96074,Exit,28650,128_1_0
96065,Boarding,25830,206_2_0
96065,Transfer,26190,208_2_0
96065,Boarding,26220,208_3_0
96065,Transfer,26640,116_3_0
96065,Boarding,26850,116_1_0
96065,Exit,28650,128_1_0
96075,Boarding,25830,206_2_0
96075,Transfer,26190,208_2_0
96075,Boarding,26220,208_3_0
96075,Transfer,26640,116_3_0
96075,Boarding,26850,116_1_0
96075,Exit,28650,128_1_0
96066,Boarding,25830,206_2_0
96066,Transfer,26190,208_2_0
96066,Boarding,26220,208_3_0
96066,Transfer,26640,116_3_0
96066,Boarding,26850,116_1_0
96066,Exit,28650,128_1_0
96072,Boarding,25830,206_2_0
96072,Transfer,26190,208_2_0
96072,Boarding,26220,208_3_0
96072,Transfer,26640,116_3_0
96072,Boarding,26850,116_1_0
96072,Exit,28650,128_1_0
96062,Boarding,25830,206_2_0
96062,Transfer,26190,208_2_0
96062,Boarding,26220,208_3_0
96062,Transfer,26640,116_3_0
96062,Boarding,26850,116_1_0
96062,Exit,28650,128_1_0
96073,Boarding,25830,206_2_0
96073,Transfer,26190,208_2_0
96073,Boarding,26220,208_3_0
96073,Transfer,26640,116_3_0
96073,Boarding,26850,116_1_0
96073,Exit,28650,128_1_0
96068,Boarding,25830,206_2_0
96068,Transfer,26190,208_2_0
96068,Boarding,26220,208_3_0
96068,Transfer,26640,116_3_0
96068,Boarding,26850,116_1_0
96068,Exit,28650,128_1_0
96067,Boarding,25830,206_2_0
96067,Transfer,26190,208_2_0
96067,Boarding,26220,208_3_0
96067,Transfer,26640,116_3_0
96067,Boarding,26850,116_1_0
96067,Exit,28650,128_1_0
49080,Boarding,26850,116_1_0
49080,Exit,28650,128_1_0
55630,Boarding,27270,119_1_0
55630,Exit,28650,128_1_0
55636,Boarding,27270,119_1_0
55636,Exit,28650,128_1_0
69243,Boarding,28230,125_1_0
69243,Exit,28650,128_1_0
69239,Boarding,28230,125_1_0
69239,Exit,28650,128_1_0
7555,Boarding,27210,103_1_0
7555,Exit,28650,113_1_0
34613,Boarding,28410,111_1_0
34613,Exit,28650,113_1_0
34616,Boarding,28410,111_1_0
34616,Exit,28650,113_1_0
115446,Boarding,26790,213_2_0
115446,Exit,28650,113_2_0
88559,Boarding,27330,204_2_0
88559,Exit,28650,113_2_0
88560,Boarding,27330,204_2_0
88560,Exit,28650,113_2_0
95147,Boarding,27630,206_2_0
95147,Exit,28650,113_2_0
95142,Boarding,27630,206_2_0
95142,Exit,28650,113_2_0
101921,Boarding,27990,208_2_0
101921,Exit,28650,113_2_0
108718,Boarding,28350,210_2_0
108718,Exit,28650,113_2_0
1107,Boarding,26100,101_1_1
1107,Exit,28680,116_1_1
1106,Boarding,26100,101_1_1
1106,Exit,28680,116_1_1
1101,Boarding,26100,101_1_1
1101,Exit,28680,116_1_1
1108,Boarding,26100,101_1_1
1108,Exit,28680,116_1_1
1103,Boarding,26100,101_1_1
1103,Exit,28680,116_1_1
1111,Boarding,26460,101_1_1
1111,Exit,28680,116_1_1
21334,Boarding,27540,108_1_1
21334,Exit,28680,116_1_1
21336,Boarding,27540,108_1_1
21336,Exit,28680,116_1_1
21335,Boarding,27540,108_1_1
21335,Exit,28680,116_1_1
110690,Boarding,26520,210_2_1
110690,Exit,28680,214_2_1
83909,Boarding,27060,202_2_1
83909,Exit,28680,214_2_1
83910,Boarding,27060,202_2_1
83910,Exit,28680,214_2_1
83912,Boarding,27060,202_2_1
83912,Exit,28680,214_2_1
83911,Boarding,27060,202_2_1
83911,Exit,28680,214_2_1
90551,Boarding,27360,204_2_1
90551,Exit,28680,214_2_1
117473,Boarding,28380,213_2_1
117473,Exit,28680,214_2_1
12937,Boarding,25440,103_1_0
12937,Transfer,26220,108_1_0
12937,Boarding,26160,108_4_0
12937,Exit,28680,925_4_0
207487,Boarding,26400,918_4_0
207487,Exit,28680,925_4_0
207488,Boarding,26400,918_4_0
207488,Exit,28680,925_4_0
207491,Boarding,26400,918_4_0
207491,Exit,28680,925_4_0
200892,Boarding,27240,913_4_0
200892,Exit,28680,925_4_0
200891,Boarding,27240,913_4_0
200891,Exit,28680,925_4_0
160649,Boarding,27090,310_3_1
160649,Transfer,27510,305_3_1
160649,Boarding,27720,305_4_0
160649,Exit,28680,925_4_0
147325,Boarding,26580,303_3_0
147325,Transfer,27600,305_3_0
147325,Boarding,27720,305_4_0
147325,Exit,28680,925_4_0
147317,Boarding,26580,303_3_0
147317,Transfer,27600,305_3_0
147317,Boarding,27720,305_4_0
147317,Exit,28680,925_4_0
147319,Boarding,26580,303_3_0
147319,Transfer,27600,305_3_0
147319,Boarding,27720,305_4_0
147319,Exit,28680,925_4_0
147321,Boarding,26580,303_3_0
147321,Transfer,27600,305_3_0
147321,Boarding,27720,305_4_0
147321,Exit,28680,925_4_0
214237,Boarding,27840,919_4_0
214237,Exit,28680,925_4_0
220981,Boarding,28080,921_4_0
220981,Exit,28680,925_4_0
227627,Boarding,28200,922_4_0
227627,Exit,28680,925_4_0
26130,Boarding,26160,108_4_1
26130,Exit,28680,922_4_1
153774,Boarding,26340,305_4_1
153774,Exit,28680,922_4_1
200702,Boarding,26820,913_4_1
200702,Exit,28680,922_4_1
194032,Boarding,27540,909_4_1
194032,Exit,28680,922_4_1
194029,Boarding,27540,909_4_1
194029,Exit,28680,922_4_1
194030,Boarding,27540,909_4_1
194030,Exit,28680,922_4_1
207325,Boarding,27840,918_4_1
207325,Exit,28680,922_4_1
207323,Boarding,27840,918_4_1
207323,Exit,28680,922_4_1
207326,Boarding,27840,918_4_1
207326,Exit,28680,922_4_1
214029,Boarding,28080,919_4_1
214029,Exit,28680,922_4_1
214043,Boarding,28080,919_4_1
214043,Exit,28680,922_4_1
214032,Boarding,28080,919_4_1
214032,Exit,28680,922_4_1
214046,Boarding,28080,919_4_1
214046,Exit,28680,922_4_1
214039,Boarding,28080,919_4_1
214039,Exit,28680,922_4_1
214047,Boarding,28080,919_4_1
214047,Exit,28680,922_4_1
214042,Boarding,28080,919_4_1
214042,Exit,28680,922_4_1
214048,Boarding,28080,919_4_1
214048,Exit,28680,922_4_1
37063,Boarding,25860,111_1_0
37063,Transfer,26100,113_1_0
37063,Boarding,26160,113_2_0
37063,Exit,28680,216_2_0
37066,Boarding,25860,111_1_0
37066,Transfer,26100,113_1_0
37066,Boarding,26160,113_2_0
37066,Exit,28680,216_2_0
37065,Boarding,25860,111_1_0
37065,Transfer,26100,113_1_0
37065,Boarding,26160,113_2_0
37065,Exit,28680,216_2_0
117655,Boarding,26340,213_2_0
117655,Exit,28680,216_2_0
117657,Boarding,26340,213_2_0
117657,Exit,28680,216_2_0
90719,Boarding,26880,204_2_0
90719,Exit,28680,216_2_0
90715,Boarding,26880,204_2_0
90715,Exit,28680,216_2_0
90717,Boarding,26880,204_2_0
90717,Exit,28680,216_2_0
97362,Boarding,27180,206_2_0
97362,Exit,28680,216_2_0
104201,Boarding,27540,208_2_0
104201,Exit,28680,216_2_0
110869,Boarding,27900,210_2_0
110869,Exit,28680,216_2_0
10058,Boarding,26760,103_1_0
10058,Transfer,28200,113_1_0
10058,Boarding,28200,113_2_0
10058,Exit,28680,216_2_0
37074,Boarding,27960,111_1_0
37074,Transfer,28200,113_1_0
37074,Boarding,28200,113_2_0
37074,Exit,28680,216_2_0
10451,Boarding,27810,103_1_0
10451,Transfer,28170,105_1_0
10451,Boarding,28260,105_3_0
10451,Exit,28680,303_3_0
17289,Boarding,28260,105_3_0
17289,Exit,28680,303_3_0
7931,Boarding,26460,103_1_0
7931,Exit,28680,119_1_0
14845,Boarding,26820,105_1_0
14845,Exit,28680,119_1_0
48509,Boarding,28260,116_1_0
48509,Exit,28680,119_1_0
42930,Boarding,27660,113_2_0
42930,Exit,28680,206_2_0
116899,Boarding,27840,213_2_0
116899,Exit,28680,206_2_0
116898,Boarding,27840,213_2_0
116898,Exit,28680,206_2_0
89826,Boarding,28380,204_2_0
89826,Exit,28680,206_2_0
42742,Boarding,27960,113_2_0
42742,Exit,28680,204_2_0
17992,Boarding,25710,105_3_0
17992,Exit,28710,321_3_0
145625,Boarding,26130,303_3_0
145625,Exit,28710,321_3_0
145626,Boarding,26130,303_3_0
145626,Exit,28710,321_3_0
165762,Boarding,26610,316_3_0
165762,Exit,28710,321_3_0
165767,Boarding,26610,316_3_0
165767,Exit,28710,321_3_0
158977,Boarding,26910,310_3_0
158977,Exit,28710,321_3_0
199398,Boarding,26700,913_4_0
199398,Transfer,27180,305_4_0
199398,Boarding,27150,305_3_0
199398,Exit,28710,321_3_0
199396,Boarding,26700,913_4_0
199396,Transfer,27180,305_4_0
199396,Boarding,27150,305_3_0
199396,Exit,28710,321_3_0
199400,Boarding,26700,913_4_0
199400,Transfer,27180,305_4_0
199400,Boarding,27150,305_3_0
199400,Exit,28710,321_3_0
199397,Boarding,26700,913_4_0
199397,Transfer,27180,305_4_0
199397,Boarding,27150,305_3_0
199397,Exit,28710,321_3_0
199403,Boarding,26700,913_4_0
199403,Transfer,27180,305_4_0
199403,Boarding,27150,305_3_0
199403,Exit,28710,321_3_0
91809,Boarding,26880,204_2_0
91809,Transfer,27540,208_2_0
91809,Boarding,27570,208_3_0
91809,Exit,28710,321_3_0
91808,Boarding,26880,204_2_0
91808,Transfer,27540,208_2_0
91808,Boarding,27570,208_3_0
91808,Exit,28710,321_3_0
91806,Boarding,26880,204_2_0
91806,Transfer,27540,208_2_0
91806,Boarding,27570,208_3_0
91806,Exit,28710,321_3_0
98508,Boarding,27180,206_2_0
98508,Transfer,27540,208_2_0
98508,Boarding,27570,208_3_0
98508,Exit,28710,321_3_0
98510,Boarding,27180,206_2_0
98510,Transfer,27540,208_2_0
98510,Boarding,27570,208_3_0
98510,Exit,28710,321_3_0
98511,Boarding,27180,206_2_0
98511,Transfer,27540,208_2_0
98511,Boarding,27570,208_3_0
98511,Exit,28710,321_3_0
98516,Boarding,27180,206_2_0
98516,Transfer,27540,208_2_0
98516,Boarding,27570,208_3_0
98516,Exit,28710,321_3_0
11215,Boarding,25830,103_1_0
11215,Transfer,27630,116_1_0
11215,Boarding,27990,116_3_0
11215,Exit,28710,321_3_0
31433,Boarding,26910,110_1_0
31433,Transfer,27630,116_1_0
31433,Boarding,27990,116_3_0
31433,Exit,28710,321_3_0
31434,Boarding,26910,110_1_0
31434,Transfer,27630,116_1_0
31434,Boarding,27990,116_3_0
31434,Exit,28710,321_3_0
31436,Boarding,26910,110_1_0
31436,Transfer,27630,116_1_0
31436,Boarding,27990,116_3_0
31436,Exit,28710,321_3_0
31435,Boarding,26910,110_1_0
31435,Transfer,27630,116_1_0
31435,Boarding,27990,116_3_0
31435,Exit,28710,321_3_0
38222,Boarding,27030,111_1_0
38222,Transfer,27630,116_1_0
38222,Boarding,27990,116_3_0
38222,Exit,28710,321_3_0
112015,Boarding,27000,210_2_0
112015,Transfer,27300,113_2_0
112015,Boarding,27270,113_1_0
112015,Transfer,27630,116_1_0
112015,Boarding,27990,116_3_0
112015,Exit,28710,321_3_0
11214,Boarding,26160,103_1_0
11214,Transfer,27960,116_1_0
11214,Boarding,27990,116_3_0
11214,Exit,28710,321_3_0
17993,Boarding,26520,105_1_0
17993,Transfer,27960,116_1_0
17993,Boarding,27990,116_3_0
17993,Exit,28710,321_3_0
17998,Boarding,26520,105_1_0
17998,Transfer,27960,116_1_0
17998,Boarding,27990,116_3_0
17998,Exit,28710,321_3_0
31439,Boarding,27240,110_1_0
31439,Transfer,27960,116_1_0
31439,Boarding,27990,116_3_0
31439,Exit,28710,321_3_0
38223,Boarding,27360,111_1_0
38223,Transfer,27960,116_1_0
38223,Boarding,27990,116_3_0
38223,Exit,28710,321_3_0
44961,Boarding,27600,113_1_0
44961,Transfer,27960,116_1_0
44961,Boarding,27990,116_3_0
44961,Exit,28710,321_3_0
7189,Boarding,27870,103_1_1
7189,Exit,28710,110_1_1
20767,Boarding,28590,108_1_1
20767,Exit,28710,110_1_1
158785,Boarding,26190,310_3_1
158785,Exit,28710,316_3_1
158787,Boarding,26190,310_3_1
158787,Exit,28710,316_3_1
158797,Boarding,26190,310_3_1
158797,Exit,28710,316_3_1
158792,Boarding,26190,310_3_1
158792,Exit,28710,316_3_1
152141,Boarding,26610,305_3_1
152141,Exit,28710,316_3_1
152142,Boarding,26610,305_3_1
152142,Exit,28710,316_3_1
152143,Boarding,26610,305_3_1
152143,Exit,28710,316_3_1
152138,Boarding,26610,305_3_1
152138,Exit,28710,316_3_1
17820,Boarding,26970,105_3_1
17820,Exit,28710,316_3_1
145441,Boarding,27210,303_3_1
145441,Exit,28710,316_3_1
110860,Boarding,26070,210_2_1
110860,Exit,28710,216_2_1
110861,Boarding,26070,210_2_1
110861,Exit,28710,216_2_1
84102,Boarding,26610,202_2_1
84102,Exit,28710,216_2_1
84109,Boarding,26610,202_2_1
84109,Exit,28710,216_2_1
84107,Boarding,26610,202_2_1
84107,Exit,28710,216_2_1
84103,Boarding,26610,202_2_1
84103,Exit,28710,216_2_1
84111,Boarding,26610,202_2_1
84111,Exit,28710,216_2_1
84110,Boarding,26610,202_2_1
84110,Exit,28710,216_2_1
84106,Boarding,26610,202_2_1
84106,Exit,28710,216_2_1
117660,Boarding,27930,213_2_1
117660,Exit,28710,216_2_1
117659,Boarding,27930,213_2_1
117659,Exit,28710,216_2_1
117672,Boarding,27930,213_2_1
117672,Exit,28710,216_2_1
124331,Boarding,28230,214_2_1
124331,Exit,28710,216_2_1
124330,Boarding,28230,214_2_1
124330,Exit,28710,216_2_1
926,Boarding,26550,101_1_1
926,Exit,28710,113_1_1
924,Boarding,26910,101_1_1
924,Exit,28710,113_1_1
7552,Boarding,27270,103_1_1
7552,Exit,28710,113_1_1
14447,Boarding,27690,105_1_1
14447,Exit,28710,113_1_1
14449,Boarding,27690,105_1_1
14449,Exit,28710,113_1_1
14450,Boarding,27690,105_1_1
14450,Exit,28710,113_1_1
27780,Boarding,28110,110_1_1
27780,Exit,28710,113_1_1
34618,Boarding,28350,111_1_1
34618,Exit,28710,113_1_1
34619,Boarding,28350,111_1_1
34619,Exit,28710,113_1_1
7742,Boarding,26910,103_1_0
7742,Exit,28710,116_1_0
30424,Boarding,25350,110_1_0
30424,Transfer,25710,113_1_0
30424,Boarding,25710,113_2_0
30424,Exit,28710,219_2_0
90904,Boarding,26430,204_2_0
90904,Exit,28710,219_2_0
90906,Boarding,26430,204_2_0
90906,Exit,28710,219_2_0
97568,Boarding,26730,206_2_0
97568,Exit,28710,219_2_0
97566,Boarding,26730,206_2_0
97566,Exit,28710,219_2_0
97562,Boarding,26730,206_2_0
97562,Exit,28710,219_2_0
97567,Boarding,26730,206_2_0
97567,Exit,28710,219_2_0
97561,Boarding,26730,206_2_0
97561,Exit,28710,219_2_0
97565,Boarding,26730,206_2_0
97565,Exit,28710,219_2_0
37247,Boarding,27510,111_1_0
37247,Transfer,27750,113_1_0
37247,Boarding,27750,113_2_0
37247,Exit,28710,219_2_0
131219,Boarding,28230,216_2_0
131219,Exit,28710,219_2_0
131224,Boarding,28230,216_2_0
131224,Exit,28710,219_2_0
42554,Boarding,27810,113_2_1
42554,Exit,28710,202_2_1
12040,Boarding,27210,103_1_0
12040,Transfer,27990,108_1_0
12040,Boarding,28050,108_4_1
12040,Exit,28710,913_4_1
12042,Boarding,27210,103_1_0
12042,Transfer,27990,108_1_0
12042,Boarding,28050,108_4_1
12042,Exit,28710,913_4_1
153073,Boarding,28230,305_4_1
153073,Exit,28710,913_4_1
153077,Boarding,28230,305_4_1
153077,Exit,28710,913_4_1
7365,Boarding,27510,103_1_0
7365,Exit,28710,111_1_0
25604,Boarding,28480,108_4_0
25604,Exit,28720,918_4_0
202027,Boarding,28610,918_4_0
202027,Exit,28730,108_4_0
6829,Boarding,28320,103_1_1
6829,Exit,28740,105_1_1
7195,Boarding,27660,103_1_0
7195,Exit,28740,110_1_0
7196,Boarding,27660,103_1_0
7196,Exit,28740,110_1_0
26137,Boarding,26700,108_4_0
26137,Exit,28740,922_4_0
207317,Boarding,26940,918_4_0
207317,Exit,28740,922_4_0
207318,Boarding,26940,918_4_0
207318,Exit,28740,922_4_0
12754,Boarding,26160,103_1_0
12754,Transfer,26940,108_1_0
12754,Boarding,27060,108_4_0
12754,Exit,28740,922_4_0
19478,Boarding,26520,105_1_0
19478,Transfer,26940,108_1_0
19478,Boarding,27060,108_4_0
19478,Exit,28740,922_4_0
19483,Boarding,26520,105_1_0
19483,Transfer,26940,108_1_0
19483,Boarding,27060,108_4_0
19483,Exit,28740,922_4_0
19482,Boarding,26520,105_1_0
19482,Transfer,26940,108_1_0
19482,Boarding,27060,108_4_0
19482,Exit,28740,922_4_0
12759,Boarding,26310,103_1_0
12759,Transfer,27090,108_1_0
12759,Boarding,27060,108_4_0
12759,Exit,28740,922_4_0
19480,Boarding,26670,105_1_0
19480,Transfer,27090,108_1_0
19480,Boarding,27060,108_4_0
19480,Exit,28740,922_4_0
26138,Boarding,27060,108_4_0
26138,Exit,28740,922_4_0
200711,Boarding,27780,913_4_0
200711,Exit,28740,922_4_0
200708,Boarding,27780,913_4_0
200708,Exit,28740,922_4_0
200710,Boarding,27780,913_4_0
200710,Exit,28740,922_4_0
200704,Boarding,27780,913_4_0
200704,Exit,28740,922_4_0
160469,Boarding,27540,310_3_1
160469,Transfer,27960,305_3_1
160469,Boarding,28260,305_4_0
160469,Exit,28740,922_4_0
153788,Boarding,28260,305_4_0
153788,Exit,28740,922_4_0
214036,Boarding,28380,919_4_0
214036,Exit,28740,922_4_0
214034,Boarding,28380,919_4_0
214034,Exit,28740,922_4_0
214041,Boarding,28380,919_4_0
214041,Exit,28740,922_4_0
220799,Boarding,28620,921_4_0
220799,Exit,28740,922_4_0
220802,Boarding,28620,921_4_0
220802,Exit,28740,922_4_0
220801,Boarding,28620,921_4_0
220801,Exit,28740,922_4_0
220798,Boarding,28620,921_4_0
220798,Exit,28740,922_4_0
7006,Boarding,28020,103_1_1
7006,Exit,28740,108_1_1
9663,Boarding,27060,103_1_0
9663,Transfer,28500,113_1_0
9663,Boarding,28560,113_2_0
9663,Exit,28740,213_2_0
153600,Boarding,26880,305_4_1
153600,Exit,28740,921_4_1
200531,Boarding,27360,913_4_1
200531,Exit,28740,921_4_1
193842,Boarding,28080,909_4_1
193842,Exit,28740,921_4_1
193849,Boarding,28080,909_4_1
193849,Exit,28740,921_4_1
193845,Boarding,28080,909_4_1
193845,Exit,28740,921_4_1
193850,Boarding,28080,909_4_1
193850,Exit,28740,921_4_1
213859,Boarding,28620,919_4_1
213859,Exit,28740,921_4_1
213856,Boarding,28620,919_4_1
213856,Exit,28740,921_4_1
40,Boarding,28050,101_1_1
40,Exit,28770,103_1_1
9476,Boarding,26910,103_1_0
9476,Transfer,28350,113_1_0
9476,Boarding,28410,113_2_1
9476,Exit,28770,210_2_1
9470,Boarding,26910,103_1_0
9470,Transfer,28350,113_1_0
9470,Boarding,28410,113_2_1
9470,Exit,28770,210_2_1
22997,Boarding,27690,108_1_0
22997,Transfer,28350,113_1_0
22997,Boarding,28410,113_2_1
22997,Exit,28770,210_2_1
145445,Boarding,28305,303_3_0
145445,Exit,28785,316_3_0
206765,Boarding,27950,918_4_0
206765,Exit,28790,913_4_0
117268,Boarding,27240,213_2_0
117268,Exit,28800,210_2_0
117269,Boarding,27240,213_2_0
117269,Exit,28800,210_2_0
117273,Boarding,27240,213_2_0
117273,Exit,28800,210_2_0
117275,Boarding,27240,213_2_0
117275,Exit,28800,210_2_0
90182,Boarding,27780,204_2_0
90182,Exit,28800,210_2_0
90184,Boarding,27780,204_2_0
90184,Exit,28800,210_2_0
90181,Boarding,27780,204_2_0
90181,Exit,28800,210_2_0
96777,Boarding,28080,206_2_0
96777,Exit,28800,210_2_0
96778,Boarding,28080,206_2_0
96778,Exit,28800,210_2_0
96784,Boarding,28080,206_2_0
96784,Exit,28800,210_2_0
96785,Boarding,28080,206_2_0
96785,Exit,28800,210_2_0
157415,Boarding,27090,310_3_1
157415,Transfer,28410,208_3_1
157415,Boarding,28440,208_2_0
157415,Exit,28800,210_2_0
157428,Boarding,27090,310_3_1
157428,Transfer,28410,208_3_1
157428,Boarding,28440,208_2_0
157428,Exit,28800,210_2_0
157422,Boarding,27090,310_3_1
157422,Transfer,28410,208_3_1
157422,Boarding,28440,208_2_0
157422,Exit,28800,210_2_0
144124,Boarding,27030,303_3_0
144124,Transfer,28470,208_3_0
144124,Boarding,28440,208_2_0
144124,Exit,28800,210_2_0
144127,Boarding,27030,303_3_0
144127,Transfer,28470,208_3_0
144127,Boarding,28440,208_2_0
144127,Exit,28800,210_2_0
197700,Boarding,27240,913_4_0
197700,Transfer,27720,305_4_0
197700,Boarding,28050,305_3_0
197700,Transfer,28470,208_3_0
197700,Boarding,28440,208_2_0
197700,Exit,28800,210_2_0
197711,Boarding,27240,913_4_0
197711,Transfer,27720,305_4_0
197711,Boarding,28050,305_3_0
197711,Transfer,28470,208_3_0
197711,Boarding,28440,208_2_0
197711,Exit,28800,210_2_0
197703,Boarding,27240,913_4_0
197703,Transfer,27720,305_4_0
197703,Boarding,28050,305_3_0
197703,Transfer,28470,208_3_0
197703,Boarding,28440,208_2_0
197703,Exit,28800,210_2_0
197713,Boarding,27240,913_4_0
197713,Transfer,27720,305_4_0
197713,Boarding,28050,305_3_0
197713,Transfer,28470,208_3_0
197713,Boarding,28440,208_2_0
197713,Exit,28800,210_2_0
197712,Boarding,27240,913_4_0
197712,Transfer,27720,305_4_0
197712,Boarding,28050,305_3_0
197712,Transfer,28470,208_3_0
197712,Boarding,28440,208_2_0
197712,Exit,28800,210_2_0
14266,Boarding,28140,105_1_1
14266,Exit,28800,111_1_1
148449,Boarding,27420,305_4_1
148449,Exit,28800,108_4_1
188634,Boarding,28620,909_4_1
188634,Exit,28800,108_4_1
188633,Boarding,28620,909_4_1
188633,Exit,28800,108_4_1
188635,Boarding,28620,909_4_1
188635,Exit,28800,108_4_1
188631,Boarding,28620,909_4_1
188631,Exit,28800,108_4_1
7551,Boarding,27360,103_1_0
7551,Exit,28800,113_1_0
34620,Boarding,28560,111_1_0
34620,Exit,28800,113_1_0
205457,Boarding,27480,918_4_0
205457,Exit,28800,305_4_0
24138,Boarding,27600,108_4_0
24138,Exit,28800,305_4_0
198868,Boarding,28320,913_4_0
198868,Exit,28800,305_4_0
198867,Boarding,28320,913_4_0
198867,Exit,28800,305_4_0
198870,Boarding,28320,913_4_0
198870,Exit,28800,305_4_0
198866,Boarding,28320,913_4_0
198866,Exit,28800,305_4_0
110529,Boarding,26970,210_2_1
110529,Exit,28830,213_2_1
110525,Boarding,26970,210_2_1
110525,Exit,28830,213_2_1
110530,Boarding,26970,210_2_1
110530,Exit,28830,213_2_1
110528,Boarding,26970,210_2_1
110528,Exit,28830,213_2_1
83728,Boarding,27510,202_2_1
83728,Exit,28830,213_2_1
83729,Boarding,27510,202_2_1
83729,Exit,28830,213_2_1
83730,Boarding,27510,202_2_1
83730,Exit,28830,213_2_1
83727,Boarding,27510,202_2_1
83727,Exit,28830,213_2_1
83731,Boarding,27510,202_2_1
83731,Exit,28830,213_2_1
1313,Boarding,26250,101_1_0
1313,Exit,28830,119_1_0
7928,Boarding,26610,103_1_0
7928,Exit,28830,119_1_0
21530,Boarding,27390,108_1_0
21530,Exit,28830,119_1_0
41761,Boarding,28050,113_1_0
41761,Exit,28830,119_1_0
41763,Boarding,28050,113_1_0
41763,Exit,28830,119_1_0
41762,Boarding,28050,113_1_0
41762,Exit,28830,119_1_0
142663,Boarding,26580,303_3_0
142663,Transfer,28440,116_3_0
142663,Boarding,28410,116_1_0
142663,Exit,28830,119_1_0
142662,Boarding,26580,303_3_0
142662,Transfer,28440,116_3_0
142662,Boarding,28410,116_1_0
142662,Exit,28830,119_1_0
142665,Boarding,26580,303_3_0
142665,Transfer,28440,116_3_0
142665,Boarding,28410,116_1_0
142665,Exit,28830,119_1_0
155993,Boarding,27360,310_3_0
155993,Transfer,28440,116_3_0
155993,Boarding,28410,116_1_0
155993,Exit,28830,119_1_0
155998,Boarding,27360,310_3_0
155998,Transfer,28440,116_3_0
155998,Boarding,28410,116_1_0
155998,Exit,28830,119_1_0
155999,Boarding,27360,310_3_0
155999,Transfer,28440,116_3_0
155999,Boarding,28410,116_1_0
155999,Exit,28830,119_1_0
155995,Boarding,27360,310_3_0
155995,Transfer,28440,116_3_0
155995,Boarding,28410,116_1_0
155995,Exit,28830,119_1_0
88934,Boarding,27330,204_2_0
88934,Transfer,27990,208_2_0
88934,Boarding,28020,208_3_0
88934,Transfer,28440,116_3_0
88934,Boarding,28410,116_1_0
88934,Exit,28830,119_1_0
88932,Boarding,27330,204_2_0
88932,Transfer,27990,208_2_0
88932,Boarding,28020,208_3_0
88932,Transfer,28440,116_3_0
88932,Boarding,28410,116_1_0
88932,Exit,28830,119_1_0
88926,Boarding,27330,204_2_0
88926,Transfer,27990,208_2_0
88926,Boarding,28020,208_3_0
88926,Transfer,28440,116_3_0
88926,Boarding,28410,116_1_0
88926,Exit,28830,119_1_0
95519,Boarding,27630,206_2_0
95519,Transfer,27990,208_2_0
95519,Boarding,28020,208_3_0
95519,Transfer,28440,116_3_0
95519,Boarding,28410,116_1_0
95519,Exit,28830,119_1_0
95520,Boarding,27630,206_2_0
95520,Transfer,27990,208_2_0
95520,Boarding,28020,208_3_0
95520,Transfer,28440,116_3_0
95520,Boarding,28410,116_1_0
95520,Exit,28830,119_1_0
102287,Boarding,28020,208_3_0
102287,Transfer,28440,116_3_0
102287,Boarding,28410,116_1_0
102287,Exit,28830,119_1_0
116714,Boarding,28290,213_2_0
116714,Exit,28830,204_2_0
1109,Boarding,26610,101_1_1
1109,Exit,28830,116_1_1
7739,Boarding,26970,103_1_1
7739,Exit,28830,116_1_1
14652,Boarding,27390,105_1_1
14652,Exit,28830,116_1_1
27966,Boarding,27810,110_1_1
27966,Exit,28830,116_1_1
27965,Boarding,27810,110_1_1
27965,Exit,28830,116_1_1
16719,Boarding,25410,105_1_0
16719,Transfer,26490,113_1_0
16719,Boarding,26610,113_2_0
16719,Exit,28830,214_2_0
30032,Boarding,26130,110_1_0
30032,Transfer,26490,113_1_0
30032,Boarding,26610,113_2_0
30032,Exit,28830,214_2_0
36871,Boarding,26250,111_1_0
36871,Transfer,26490,113_1_0
36871,Boarding,26610,113_2_0
36871,Exit,28830,214_2_0
43648,Boarding,26610,113_2_0
43648,Exit,28830,214_2_0
117464,Boarding,26790,213_2_0
117464,Exit,28830,214_2_0
117465,Boarding,26790,213_2_0
117465,Exit,28830,214_2_0
90546,Boarding,27330,204_2_0
90546,Exit,28830,214_2_0
90547,Boarding,27330,204_2_0
90547,Exit,28830,214_2_0
97154,Boarding,27630,206_2_0
97154,Exit,28830,214_2_0
97153,Boarding,27630,206_2_0
97153,Exit,28830,214_2_0
104010,Boarding,27990,208_2_0
104010,Exit,28830,214_2_0
9879,Boarding,27210,103_1_0
9879,Transfer,28650,113_1_0
9879,Boarding,28650,113_2_0
9879,Exit,28830,214_2_0
30056,Boarding,28290,110_1_0
30056,Transfer,28650,113_1_0
30056,Boarding,28650,113_2_0
30056,Exit,28830,214_2_0
116900,Boarding,27990,213_2_0
116900,Exit,28830,206_2_0
116905,Boarding,27990,213_2_0
116905,Exit,28830,206_2_0
89825,Boarding,28530,204_2_0
89825,Exit,28830,206_2_0
